uniprot	locus_tag	product
O06672	HLJICIJH_00001	DNA polymerase III beta subunit
O08397	HLJICIJH_00002	Chromosomal replication initiator protein DnaA
A0A0H2US96	HLJICIJH_00003	Chromosome partitioning protein ParB
A0A0H2US63	HLJICIJH_00004	Serine protease%2C DegP/HtrA
P0A4S3	HLJICIJH_00005	23S rRNA (pseudouridine(1915)-N(3))-methyltransferase
	HLJICIJH_00006	tRNA-Arg(tct)
P72507	HLJICIJH_00007	Competence-stimulating peptide precursor ComC
A0A0H2US84	HLJICIJH_00008	Two-component system sensor histidine kinase ComD
A0A0H2USM5	HLJICIJH_00009	Two-component system response regulator ComE
	HLJICIJH_00010	tRNA-Glu(ttc)
	HLJICIJH_00011	tRNA-Asn(gtt)
A0A0H2USD1	HLJICIJH_00012	Transcriptional regulator%2C AcrR family
A0A0H2US91	HLJICIJH_00013	hypothetical protein
	HLJICIJH_00014	hypothetical protein
A0A0H2US56	HLJICIJH_00015	ABC transporter%2C permease protein
A0A0H2US79	HLJICIJH_00016	ABC transporter%2C ATP-binding protein
P67595	HLJICIJH_00017	Tryptophanyl-tRNA synthetase
A0A0H2USM1	HLJICIJH_00018	Inosine-5'-monophosphate dehydrogenase
Q97N44	HLJICIJH_00019	DNA recombination and repair protein RecF
A0A0H2USC7	HLJICIJH_00020	Hypothetical protein
A0A0H2US86	HLJICIJH_00021	Zinc protease
A0A0H2US52	HLJICIJH_00022	Peptidase%2C M16 family
A0A0H2US74	HLJICIJH_00023	Transcriptional regulator
A0A0H2USL8	HLJICIJH_00024	CDP-diacylglycerol--glycerol-3-phosphate 3-phosphatidyltransferase
Q97N50	HLJICIJH_00025	ATPase component of general energizing module of ECF transporter
Q97N51	HLJICIJH_00026	ATPase component of general energizing module of ECF transporter
A0A0H2USC1	HLJICIJH_00027	Transmembrane component of general energizing module of ECF transporter
A0A0H2US81	HLJICIJH_00028	Cell shape-determining protein MreC
A0A0H2US46	HLJICIJH_00029	Cell shape-determining protein MreD
A0A0H2US70	HLJICIJH_00030	Secreted antigen GbpB/SagA/PcsB%2C putative peptidoglycan hydrolase
Q97N56	HLJICIJH_00031	SSU ribosomal protein S2p (SAe)
P0A3B7	HLJICIJH_00032	Translation elongation factor Ts
	HLJICIJH_00033	SpF51_sRNA
A0A0H2UQM4	HLJICIJH_00034	IS66 family transposase Orf2
A0A0H2XDT2	HLJICIJH_00035	IS630 family transposase ISSpn2
	HLJICIJH_00036	hypothetical protein
A0A0H2USL4	HLJICIJH_00037	Cysteine synthase
A0A0H2USB7	HLJICIJH_00038	Protein co-occurring with transport systems
A0A0H2US77	HLJICIJH_00039	DNA transporter ATPase%2C ComF operon protein A
A0A0H2US40	HLJICIJH_00040	Phosphoribosyltransferase domain protein%2C ComF operon protein C
A0A0H2US65	HLJICIJH_00041	Ribosome hibernation promotion factor%2C long form
A0A0H2USK7	HLJICIJH_00042	DHH family phosphoesterase Pde1
P66320	HLJICIJH_00043	LSU ribosomal protein L9p
A0A0H2USB2	HLJICIJH_00044	Replicative DNA helicase DnaC
A0A0H2US72	HLJICIJH_00045	Hypothetical protein
A0A0H2US36	HLJICIJH_00046	Choline-binding protein D
	HLJICIJH_00047	TPP
A0A0H2USK2	HLJICIJH_00048	Cytoplasmic thiamin-binding component of thiamin ABC transporter
A0A0H2USA8	HLJICIJH_00049	Thiamin ABC transporter ThiX%2C transmembrane component
A0A0H2US66	HLJICIJH_00050	Thiamin ABC transporter ThiY%2C substrate-binding component
A0A0H2US32	HLJICIJH_00051	Thiamin ABC transporter ThiZ%2C ATPase component
A0A0H2US55	HLJICIJH_00052	Transcriptional regulator CtsR
A0A0H2USJ7	HLJICIJH_00053	ATP-dependent Clp protease ATP-binding subunit ClpC
A0A0H2USA5	HLJICIJH_00054	Two-component system response regulator
A0A0H2US61	HLJICIJH_00055	Two-component system sensor histidine kinase
A0A0H2US25	HLJICIJH_00056	Rhomboid family integral membrane protein
A0A0H2US50	HLJICIJH_00057	Choline-binding protein A
A0A0H2USJ2	HLJICIJH_00058	tRNA dihydrouridine synthase B
P64403	HLJICIJH_00059	Chaperonin%2C heat shock protein 33
A0A0H2USA2	HLJICIJH_00060	Trans-acting positive regulator
P63742	HLJICIJH_00061	Glycerol kinase
P35596	HLJICIJH_00062	Alpha-glycerophosphate oxidase
P0A3Q7	HLJICIJH_00063	Glycerol uptake facilitator protein
A0A0H2US57	HLJICIJH_00064	hypothetical protein
A0A0H2US20	HLJICIJH_00065	Hypothetical protein
A0A0H2UQI5	HLJICIJH_00066	hypothetical protein
	HLJICIJH_00067	group-II-D1D4-3
	HLJICIJH_00068	group-II-D1D4-1
	HLJICIJH_00069	Group II intron-encoded protein LtrA
	HLJICIJH_00070	hypothetical protein
	HLJICIJH_00071	hypothetical protein
A0A0H2US47	HLJICIJH_00072	hypothetical protein
A0A0H2XDR9	HLJICIJH_00073	Macrolide-efflux protein
P0A398	HLJICIJH_00074	D-alanine--poly(phosphoribitol) ligase subunit 1
A0A0H2US97	HLJICIJH_00075	D-alanyl transfer protein DltB
P63957	HLJICIJH_00076	D-alanine--poly(phosphoribitol) ligase subunit 2
A0A0H2US53	HLJICIJH_00077	Poly(glycerophosphate chain) D-alanine transfer protein DltD
A0A0H2US15	HLJICIJH_00078	Transcriptional repressor AdcR for Zn(2+)-responsive expression
P0A2U6	HLJICIJH_00079	Zinc ABC transporter%2C ATP-binding protein AdcC
A0A0H2US42	HLJICIJH_00080	Zinc ABC transporter%2C permease protein AdcB
O05703	HLJICIJH_00081	Zinc ABC transporter%2C substrate-binding lipoprotein AdcA
	HLJICIJH_00082	SpF66_sRNA
	HLJICIJH_00083	SpF66_sRNA
A0A0H2USI3	HLJICIJH_00084	L-fucose operon activator
A0A0H2US93	HLJICIJH_00085	L-fuculokinase
A0A0H2US48	HLJICIJH_00086	L-fuculose phosphate aldolase
A0A0H2US10	HLJICIJH_00087	L-fucose mutarotase
A0A0H2US38	HLJICIJH_00088	PTS IIA component
A0A0H2USH8	HLJICIJH_00089	PTS IIB component
A0A0H2US88	HLJICIJH_00090	Mannose-specific PTS IIC component
A0A0H2US43	HLJICIJH_00091	Mannose-specific PTS IID component
A0A0H2US05	HLJICIJH_00092	Putative large secreted protein
A0A0H2US34	HLJICIJH_00093	Fucolectin-related protein
Q97N97	HLJICIJH_00094	Bifunctional L-fucose isomerase/D-arabinose ketol-isomerase
A0A0H2USH2	HLJICIJH_00095	Lactaldehyde dehydrogenase involved in fucose or rhamnose utilization
A0A0H2US83	HLJICIJH_00096	Putative stomatin/prohibitin-family membrane protease subunit YbbK
A0A0H2UNT5	HLJICIJH_00097	hypothetical protein
A0A0H2US39	HLJICIJH_00098	Putative Xaa-His dipeptidase
A0A0H2US01	HLJICIJH_00099	Arginine/ornithine antiporter ArcD
A0A0H2US27	HLJICIJH_00100	Carbamate kinase
P65607	HLJICIJH_00101	Ornithine carbamoyltransferase
Q97NA4	HLJICIJH_00102	Arginine deiminase
A0A0H2US78	HLJICIJH_00103	Glycosyl hydrolase family 29 alpha-L-fucosidase
A0A0H2US35	HLJICIJH_00104	Alpha-1%2C2-mannosidase
A0A0H2URZ6	HLJICIJH_00105	Hypothetical protein
A0A0H2US21	HLJICIJH_00106	Alpha-mannosidase
A0A0H2USG4	HLJICIJH_00107	N-acetylmannosamine kinase
A0A0H2US73	HLJICIJH_00108	Glycosyl hydrolase-related protein
A0A0H2URZ2	HLJICIJH_00109	hypothetical protein
A0A0H2US16	HLJICIJH_00110	IS1381 transposase OrfB
A0A0H2UNT3	HLJICIJH_00111	hypothetical protein
	HLJICIJH_00112	hypothetical protein
A0A0H2USF9	HLJICIJH_00113	Choline-binding protein CbpN
P61360	HLJICIJH_00114	LSU ribosomal protein L33p
Q97NB7	HLJICIJH_00115	LSU ribosomal protein L32p
A0A0H2US67	HLJICIJH_00116	Hypothetical protein
A0A0H2US28	HLJICIJH_00117	Membrane protease family protein
A0A0H2URY8	HLJICIJH_00118	Transcription antiterminator%2C BglG family
A0A0H2US11	HLJICIJH_00119	Putative PTS IIB component
A0A0H2USF7	HLJICIJH_00120	Putative transport protein SgaT
A0A0H2US62	HLJICIJH_00121	hypothetical protein
A0A0H2US23	HLJICIJH_00122	hypothetical protein
P65159	HLJICIJH_00123	Dihydroxy-acid dehydratase
A0A0H2UN39	HLJICIJH_00124	Hypothetical protein
A0A0H2URY4	HLJICIJH_00125	Putative aromatic ring hydroxylating enzyme
A0A0H2UQ62	HLJICIJH_00126	Positive transcriptional regulator%2C MutR family
A0A0H2UQ62	HLJICIJH_00127	Positive transcriptional regulator%2C MutR family
A0A0H2USF0	HLJICIJH_00128	Macrolide-efflux protein
Q97NC9	HLJICIJH_00129	Histidyl-tRNA synthetase
A0A0H2UN39	HLJICIJH_00130	Hypothetical protein
A0A0H2US59	HLJICIJH_00131	Hypothetical protein
A0A0H2US18	HLJICIJH_00132	Transcriptional regulator%2C Cro/CI family
A0A0H2URY2	HLJICIJH_00133	Hypothetical protein
A0A0H2US02	HLJICIJH_00134	Hypothetical protein
A0A0H2USE5	HLJICIJH_00135	Membrane-bound protease%2C CAAX family
A0A0H2US54	HLJICIJH_00136	Hypothetical protein
A0A0H2UN39	HLJICIJH_00137	Hypothetical protein
Q97ND6	HLJICIJH_00138	Aspartyl-tRNA synthetase
A0A0H2US13	HLJICIJH_00139	Integral membrane protein
P0A4T1	HLJICIJH_00140	Maltose operon transcriptional repressor MalR%2C LacI family
P59203	HLJICIJH_00141	Maltodextrose utilization protein MalA
P0A4N3	HLJICIJH_00142	Maltose/maltodextrin ABC transporter%2C permease protein MalD
P0A4N1	HLJICIJH_00143	Maltose/maltodextrin ABC transporter%2C permease protein MalC
P59213	HLJICIJH_00144	Maltose/maltodextrin ABC transporter%2C substrate binding periplasmic protein MalX
P0A3Q0	HLJICIJH_00145	4-alpha-glucanotransferase (amylomaltase)
P29849	HLJICIJH_00146	Maltodextrin phosphorylase
	HLJICIJH_00147	Hypothetical protein
A0A0H2URX6	HLJICIJH_00148	Hypothetical protein
A0A0H2USD8	HLJICIJH_00149	23S rRNA (guanine(745)-N(1))-methyltransferase
A0A0H2US49	HLJICIJH_00150	Hypothetical protein
A0A0H2US09	HLJICIJH_00151	Lead%2C cadmium%2C zinc and mercury transporting ATPase
Q97NE3	HLJICIJH_00152	Tyrosyl-tRNA synthetase
A0A0H2URX1	HLJICIJH_00153	Multimodular transpeptidase-transglycosylase%2C penicillin-binding protein 1B
A0A0H2URZ3	HLJICIJH_00154	Drug/metabolite transporter superfamily permease
Q97NE6	HLJICIJH_00155	2%2C3%2C4%2C5-tetrahydropyridine-2%2C6-dicarboxylate N-acetyltransferase
Q97NE7	HLJICIJH_00156	N-acetyl-L%2CL-diaminopimelate deacetylase
A0A0H2USD4	HLJICIJH_00157	5-formyltetrahydrofolate cyclo-ligase
A0A0H2US45	HLJICIJH_00158	Rhomboid family serine protease
A0A0H2UN39	HLJICIJH_00159	Hypothetical protein
	HLJICIJH_00160	CRISPR-DR22
A0A0H2US03	HLJICIJH_00161	hypothetical protein
	HLJICIJH_00162	tracrRNA
P58313	HLJICIJH_00163	UTP--glucose-1-phosphate uridylyltransferase
Q97NF1	HLJICIJH_00164	Glycerol-3-phosphate dehydrogenase [NAD(P)+]
A0A0H2URW8	HLJICIJH_00165	Transcriptional regulator
A0A0H2XFI4	HLJICIJH_00166	IS1380 family transposase ISSpn5
P0A3Y7	HLJICIJH_00167	Phosphate transport system regulatory protein PhoU1
P0A2V8	HLJICIJH_00168	Phosphate transport ATP-binding protein PstB1
A0A0H2URY9	HLJICIJH_00169	Phosphate transport system permease protein PstA1
A0A0H2USC9	HLJICIJH_00170	Phosphate transport system permease protein PstC1
P0C2M5	HLJICIJH_00171	Phosphate ABC transporter periplasmic phosphate-binding protein PstS1
A0A0H2US41	HLJICIJH_00172	Two-component system sensor histidine kinase PnpS
A0A0H2US00	HLJICIJH_00173	Two-component system response regulator PnpR
A0A0H2URW5	HLJICIJH_00174	Putative cupin superfamily protein
A0A0H2URY6	HLJICIJH_00175	IS1381 transposase OrfB
Q54869	HLJICIJH_00176	Arginyl-tRNA synthetase
P0A2Y2	HLJICIJH_00177	Arginine pathway regulatory protein ArgR1
	HLJICIJH_00178	SpR10_sRNA
	HLJICIJH_00178	
P0A3R3	HLJICIJH_00179	DNA mismatch repair protein HexA
	HLJICIJH_00180	patAB
	HLJICIJH_00180	
A0A0H2USC5	HLJICIJH_00181	Multidrug resistance ABC transporter ATP-binding and permease protein
Q97SQ2	HLJICIJH_00182	hypothetical protein
A0A0H2US37	HLJICIJH_00183	Multidrug resistance ABC transporter ATP-binding and permease protein
A0A0H2URZ5	HLJICIJH_00184	Glutamine amidotransferase%2C class I
Q97NG0	HLJICIJH_00185	Glucose-6-phosphate isomerase
Q97NG1	HLJICIJH_00186	Glutamyl-tRNA synthetase
A0A0H2URY0	HLJICIJH_00187	Cytidine/deoxycytidylate deaminase family protein
	HLJICIJH_00188	tRNA-Glu(ttc)
	HLJICIJH_00189	16S ribosomal RNA
	HLJICIJH_00190	tRNA-Ala(tgc)
	HLJICIJH_00191	23S ribosomal RNA
	HLJICIJH_00192	5S ribosomal RNA
	HLJICIJH_00193	tRNA-Val(tac)
	HLJICIJH_00194	tRNA-Gly(tcc)
	HLJICIJH_00195	tRNA-Ile(gat)
	HLJICIJH_00196	tRNA-Ser(tga)
	HLJICIJH_00197	tRNA-Met(cat)
	HLJICIJH_00198	tRNA-Phe(gaa)
	HLJICIJH_00199	tRNA-Tyr(gta)
	HLJICIJH_00200	tRNA-Trp(cca)
	HLJICIJH_00201	tRNA-His(gtg)
	HLJICIJH_00202	tRNA-Gln(ttg)
	HLJICIJH_00203	tRNA-Leu(caa)
A0A0H2USC3	HLJICIJH_00204	Hypothetical protein
A0A0H2US33	HLJICIJH_00205	Threonine synthase
A0A0H2URZ1	HLJICIJH_00206	Multi antimicrobial extrusion family transporter
A0A0H2URV7	HLJICIJH_00207	Hydrolase%2C haloacid dehalogenase-like family
A0A0H2XDT6	HLJICIJH_00208	Surface immunogenic protein
A0A0H2URX7	HLJICIJH_00209	hypothetical protein
A0A0H2USB8	HLJICIJH_00210	Hypothetical protein
Q97NG9	HLJICIJH_00211	Pyrrolidone-carboxylate peptidase
A0A0H2US29	HLJICIJH_00212	Membrane protein
P66907	HLJICIJH_00213	tRNA-guanine transglycosylase
A0A0H2URY7	HLJICIJH_00214	Acyltransferase family protein
A0A0H2URV3	HLJICIJH_00215	N-acetylglucosamine-6-phosphate deacetylase
A0A0H2URX2	HLJICIJH_00216	Putative Zn-dependent alcohol dehydrogenase
A0A0H2USB4	HLJICIJH_00217	DNA-binding protein
A0A0H2US26	HLJICIJH_00218	Late competence protein ComGA
A0A0H2URY3	HLJICIJH_00219	Late competence protein ComGB
A0A0H2URU9	HLJICIJH_00220	Late competence protein ComGC
A0A0H2URW7	HLJICIJH_00221	Late competence protein ComGD
A0A0H2USA9	HLJICIJH_00222	Late competence protein ComGE
A0A0H2US22	HLJICIJH_00223	Late competence protein ComGF
A0A0H2URX9	HLJICIJH_00224	Late competence protein ComGG
	HLJICIJH_00225	hypothetical protein
	HLJICIJH_00226	hypothetical protein
A0A0H2URU7	HLJICIJH_00227	Adenine-specific methyltransferase
P63413	HLJICIJH_00228	Acetate kinase
Q97NI5	HLJICIJH_00229	Ribonuclease P protein component
Q97NI6	HLJICIJH_00230	Inner membrane protein translocase component YidC2
A0A0H2USA3	HLJICIJH_00231	KH domain RNA-binding protein
A0A0H2US17	HLJICIJH_00232	Sakacin A production response regulator
A0A0H2URX5	HLJICIJH_00233	Ascorbate-specific PTS IIC component
A0A0H2URU1	HLJICIJH_00234	Ascorbate-specific PTS IIB component
A0A0H2URW0	HLJICIJH_00235	Ascorbate-specific PTS IIA component
A0A0H2US99	HLJICIJH_00236	3-keto-L-gulonate 6-phosphate decarboxylase
A0A0H2US12	HLJICIJH_00237	L-xylulose 5-phosphate 3-epimerase
A0A0H2URX4	HLJICIJH_00238	L-ribulose-5-phosphate 4-epimerase
A0A0H2URT6	HLJICIJH_00239	Transcriptional antiterminator
A0A0H2URV8	HLJICIJH_00240	Putative L-ascorbate-6-phosphate lactonase UlaG
P22976	HLJICIJH_00241	Transketolase
A0A0H2US94	HLJICIJH_00242	Preprotein translocase subunit YajC
A0A0H2US08	HLJICIJH_00243	Low molecular weight protein tyrosine phosphatase
A0A0H2URX0	HLJICIJH_00244	Hypothetical protein
A0A0H2URT2	HLJICIJH_00245	Bifunctional acetaldehyde dehydrogenase/alcohol dehydrogenase
A0A0H2US90	HLJICIJH_00246	Cellobiose-specific PTS IIA component
A0A0H2US04	HLJICIJH_00247	Cellobiose-specific PTS IIB component
A0A0H2URV4	HLJICIJH_00248	Cellobiose-specific PTS IIC component
A0A0H2URS7	HLJICIJH_00249	6-phospho-beta-glucosidase
A0A0H2URV0	HLJICIJH_00250	Transcriptional regulator%2C GntR family
A0A0H2XDB2	HLJICIJH_00251	hypothetical protein
A0A0H2US85	HLJICIJH_00252	Malonate permease
A0A0H2URZ9	HLJICIJH_00253	Quinolinate phosphoribosyltransferase
A0A0H2URU2	HLJICIJH_00254	IS630 family transposase IS630-Spn1
A0A0H2URS2	HLJICIJH_00255	IS630 family transposase IS630-Spn1
A0A0H2URU8	HLJICIJH_00256	ABC transporter%2C permease protein
A0A0H2US80	HLJICIJH_00257	NAD-dependent glyceraldehyde-3-phosphate dehydrogenase
A0A0H2URZ7	HLJICIJH_00258	RluD-like protein
A0A0H2URT5	HLJICIJH_00259	Multimodular transpeptidase-transglycosylase%2C penicillin-binding protein 2A
A0A0H2URR7	HLJICIJH_00260	Protein translocase subunit SecE
A0A0H2URU6	HLJICIJH_00261	Transcription antitermination protein NusG
A0A0H2UMS0	HLJICIJH_00262	Competence-specific sigma factor ComX
	HLJICIJH_00263	tRNA-Glu(ttc)
	HLJICIJH_00264	16S ribosomal RNA
	HLJICIJH_00265	tRNA-Ala(tgc)
	HLJICIJH_00266	23S ribosomal RNA
	HLJICIJH_00267	5S ribosomal RNA
	HLJICIJH_00268	tRNA-Val(tac)
	HLJICIJH_00269	tRNA-Asp(gtc)
	HLJICIJH_00270	tRNA-Lys(ttt)
	HLJICIJH_00271	tRNA-Leu(tag)
	HLJICIJH_00272	tRNA-Thr(tgt)
	HLJICIJH_00273	tRNA-Gly(gcc)
	HLJICIJH_00274	tRNA-Leu(taa)
	HLJICIJH_00275	tRNA-Arg(acg)
	HLJICIJH_00276	tRNA-Pro(tgg)
A0A0H2URZ4	HLJICIJH_00277	Hypothetical protein
A0A0H2URT1	HLJICIJH_00278	Hypothetical protein
A0A0H2URR2	HLJICIJH_00279	ABC transporter%2C ATP-binding protein
A0A0H2URU4	HLJICIJH_00280	ABC transporter%2C permease protein
A0A0H2US71	HLJICIJH_00281	Two-component system sensor histidine kinase
A0A0H2URZ0	HLJICIJH_00282	Two-component system response regulator
A0A0H2URS9	HLJICIJH_00283	Catabolite control protein A
A0A0H2UN39	HLJICIJH_00284	Hypothetical protein
A0A0H2URQ8	HLJICIJH_00285	L-asparaginase
A0A0H2URU0	HLJICIJH_00286	Hydrolase%2C HAD superfamily
A0A0H2US68	HLJICIJH_00287	Universal stress protein family protein
A0A0H2URY5	HLJICIJH_00288	hypothetical protein
A0A0H2URS4	HLJICIJH_00289	Alanine transaminase
P66256	HLJICIJH_00290	LSU ribosomal protein L34p
A0A0H2URQ5	HLJICIJH_00291	hypothetical protein
A0A0H2URT8	HLJICIJH_00292	Putative deoxyribonuclease TatD
A0A0H2US64	HLJICIJH_00293	Ribonuclease M5
A0A0H2URY1	HLJICIJH_00294	Transcriptional regulator
	HLJICIJH_00295	SpR08_sRNA
	HLJICIJH_00295	
A0A0H2URR8	HLJICIJH_00296	Putative immunity protein
A0A0H2URQ2	HLJICIJH_00297	ABC transporter%2C ATP-binding protein
A0A0H2URT7	HLJICIJH_00298	Hypothetical protein
Q97NN5	HLJICIJH_00299	SSU rRNA (adenine(1518)-N(6)/adenine(1519)-N(6))- dimethyltransferase
P67684	HLJICIJH_00300	Ribosome small subunit-stimulated GTPase RsgA
A0A0H2US58	HLJICIJH_00301	Ribulose-phosphate 3-epimerase
A0A0H2URX8	HLJICIJH_00302	Thiamin pyrophosphokinase
A0A0H2URR5	HLJICIJH_00303	DNA recombination protein RmuC
A0A0H2URP7	HLJICIJH_00304	3'->5' exoribonuclease YhaM
P65832	HLJICIJH_00305	PurR: transcription regulator associated with purine metabolism
A0A0H2URT3	HLJICIJH_00306	Diaminopimelate decarboxylase
A0A0H2URX3	HLJICIJH_00307	Pyruvate formate-lyase activating enzyme
Q97NP5	HLJICIJH_00308	Inner membrane protein translocase component YidC1
A0A0H2URR0	HLJICIJH_00309	Putative nucleoside phosphatase
A0A0H2URP4	HLJICIJH_00310	rRNA methylase
A0A0H2URT0	HLJICIJH_00311	Membrane protein
Q97NQ0	HLJICIJH_00312	Aspartate--ammonia ligase
A0A0H2URW9	HLJICIJH_00313	16S rRNA (guanine(966)-N(2))-methyltransferase
Q97NQ2	HLJICIJH_00314	Phosphopantetheine adenylyltransferase
A0A0H2URQ4	HLJICIJH_00315	Lon-like protease
	HLJICIJH_00316	Hypothetical protein
Q97NQ4	HLJICIJH_00317	UDP-N-acetylglucosamine 1-carboxyvinyltransferase
Q03159	HLJICIJH_00318	Competence-associated EpuA protein
P0A3S3	HLJICIJH_00319	DNA-entry nuclease
A0A0H2URP2	HLJICIJH_00320	Putative hemolysin
	HLJICIJH_00321	tRNA-Cys(gca)
	HLJICIJH_00322	Lacto-rpoB
Q97NQ7	HLJICIJH_00323	DNA-directed RNA polymerase beta subunit
Q97NQ8	HLJICIJH_00324	DNA-directed RNA polymerase beta' subunit
P65536	HLJICIJH_00325	Nucleoside diphosphate kinase
A0A0H2US31	HLJICIJH_00326	hypothetical protein
A0A0H2URW4	HLJICIJH_00327	ABC transporter%2C ATP-binding protein
A0A0H2URQ1	HLJICIJH_00328	Putative immunity protein
A0A0H2URN8	HLJICIJH_00329	Epidermin leader peptide processing serine protease EPIP precursor
A0A0H2XDQ8	HLJICIJH_00330	Epidermin leader peptide processing serine protease EPIP precursor
A0A0H2URS1	HLJICIJH_00331	Toxin secretion ABC transporter%2C ATP-binding/permease protein
A0A0H2US24	HLJICIJH_00332	Hypothetical protein
A0A0H2URW2	HLJICIJH_00333	Putative flavin adenine dinucleotide (FAD)-dependent flavoprotein WrbA
A0A0H2URP9	HLJICIJH_00334	Lanthionine biosynthesis protein LanM
A0A0H2URN6	HLJICIJH_00335	Class II two-component lantibiotic peptide PneA2
A0A0H2URR6	HLJICIJH_00336	Class II two-component lantibiotic peptide PneA1
A0A0H2US19	HLJICIJH_00337	Hypothetical protein
A0A0H2URV9	HLJICIJH_00338	Putative transcriptional regulator PlcR
A0A0H2URP6	HLJICIJH_00339	Immunity factor ComM
A0A0H2URN5	HLJICIJH_00340	TsaE protein%2C required for threonylcarbamoyladenosine t(6)A37 formation in tRNA
A0A0H2URR1	HLJICIJH_00341	Acetyltransferase
A0A0H2US14	HLJICIJH_00342	Transcriptional regulator LytR
P54184	HLJICIJH_00343	Bifunctional ADP-ribose pyrophosphatase/nicotinamide-nucleotide amidase
P0A451	HLJICIJH_00344	DNA recombination/repair protein RecA
A0A0H2URV6	HLJICIJH_00345	MATE efflux family protein DinF
P06653	HLJICIJH_00346	Autolysin/N-acetylmuramoyl-L-alanine amidase LytA
	HLJICIJH_00347	Putative toxin
A0A0H2URQ7	HLJICIJH_00348	Putative toxin
A0A0H2US07	HLJICIJH_00349	hypothetical protein
A0A0H2URV1	HLJICIJH_00350	hypothetical protein
A0A0H2URM2	HLJICIJH_00351	hypothetical protein
A0A0H2URK3	HLJICIJH_00352	Hypothetical protein
A0A0H2URN0	HLJICIJH_00353	Hypothetical protein
A0A0H2URS8	HLJICIJH_00354	IS1381 transposase OrfB
A0A0H2URL8	HLJICIJH_00355	IS5 family transposase ISSpn7
A0A0H2URJ8	HLJICIJH_00356	Hypothetical protein
A0A0H2URM7	HLJICIJH_00357	Hypothetical protein
A0A0H2URV2	HLJICIJH_00358	Hypothetical protein
P0C2J9	HLJICIJH_00359	Pneumolysin
P67186	HLJICIJH_00360	Transcriptional regulatory protein YeeN
A0A0H2URL3	HLJICIJH_00361	hypothetical protein
A0A0H2URJ4	HLJICIJH_00362	Multidrug resistance ABC transporter ATP-binding and permease protein
A0A0H2URM4	HLJICIJH_00363	putative ABC transporter ATP-binding protein
A0A0H2URU5	HLJICIJH_00364	Hypothetical protein
A0A0H2URR9	HLJICIJH_00365	Phosphatidylglycerophosphatase B
A0A0H2URK9	HLJICIJH_00366	Response regulator of the LytR/AlgR family protein
A0A0H2URI9	HLJICIJH_00367	Membrane protein
A0A0H2URM0	HLJICIJH_00368	Hypothetical protein
A0A0H2URU3	HLJICIJH_00369	Thioredoxin
A0A0H2URR3	HLJICIJH_00370	Phenylalanyl-tRNA synthetase domain protein
A0A0H2URK4	HLJICIJH_00371	Short-chain dehydrogenase
A0A0H2XDQ1	HLJICIJH_00372	Single-stranded DNA-binding protein SsbB
Q97NV3	HLJICIJH_00373	Heat shock protein 60 family co-chaperone GroES
P0A335	HLJICIJH_00374	Heat shock protein 60 family chaperone GroEL
A0A0H2UQB1	HLJICIJH_00375	IS1167 transposase Orf2
A0A0H2UQV4	HLJICIJH_00376	IS1167 transposase
	HLJICIJH_00377	Srn266
A0A0H2URI4	HLJICIJH_00378	hypothetical protein
	HLJICIJH_00379	Spy392987
	HLJICIJH_00379	
Q97NV6	HLJICIJH_00380	Cysteinyl-tRNA synthetase related protein
Q97NV7	HLJICIJH_00381	Regulatory protein RecX
Q97NV8	HLJICIJH_00382	RNA methyltransferase%2C TrmA family
	HLJICIJH_00383	tRNA-Glu(ttc)
	HLJICIJH_00384	16S ribosomal RNA
	HLJICIJH_00385	tRNA-Ala(tgc)
	HLJICIJH_00386	23S ribosomal RNA
	HLJICIJH_00387	5S ribosomal RNA
	HLJICIJH_00388	tRNA-Val(tac)
	HLJICIJH_00389	tRNA-Asp(gtc)
	HLJICIJH_00390	tRNA-Lys(ttt)
	HLJICIJH_00391	tRNA-Leu(tag)
	HLJICIJH_00392	tRNA-Thr(tgt)
	HLJICIJH_00393	tRNA-Gly(gcc)
	HLJICIJH_00394	tRNA-Leu(taa)
	HLJICIJH_00395	tRNA-Arg(acg)
	HLJICIJH_00396	tRNA-Pro(tgg)
	HLJICIJH_00397	tRNA-Met(cat)
	HLJICIJH_00398	tRNA-Met(cat)
	HLJICIJH_00399	tRNA-Ser(tga)
	HLJICIJH_00400	tRNA-Met(cat)
	HLJICIJH_00401	tRNA-Phe(gaa)
	HLJICIJH_00402	tRNA-Gly(tcc)
	HLJICIJH_00403	tRNA-Ile(gat)
	HLJICIJH_00404	tRNA-Ser(gct)
A0A0H2URL6	HLJICIJH_00405	Bifunctional biotin operon repressor/Biotin--protein ligase
A0A0H2URT9	HLJICIJH_00406	Multiple sugar metabolism operon regulatory protein MsmR
A0A0H2URQ6	HLJICIJH_00407	Alpha-galactosidase
A0A0H2URJ7	HLJICIJH_00408	Multiple sugar ABC transporter%2C substrate-binding protein MsmE
A0A0H2URH8	HLJICIJH_00409	Multiple sugar ABC transporter%2C membrane-spanning permease protein MsmF
A0A0H2URL2	HLJICIJH_00410	Multiple sugar ABC transporter%2C membrane-spanning permease protein MsmG
A0A0H2URT4	HLJICIJH_00411	Sucrose phosphorylase
A0A0H2URQ0	HLJICIJH_00412	Wall teichoic acid biosynthesis protein RafX
P18791	HLJICIJH_00413	Peptide ABC transporter substrate-binding protein AmiA
P0A4M7	HLJICIJH_00414	Peptide ABC transporter permease AmiC
P0A4M9	HLJICIJH_00415	Peptide ABC transporter permease AmiD
P0A2U8	HLJICIJH_00416	Peptide ABC transporter ATP-binding protein AmiE
P18766	HLJICIJH_00417	Peptide ABC transporter ATP-binding protein AmiF
A0A0H2UR11	HLJICIJH_00418	IS1167 transposase
A0A0H2UQB1	HLJICIJH_00419	hypothetical protein
A0A0H2UQV4	HLJICIJH_00420	IS1167 transposase Orf1
	HLJICIJH_00421	Srn266
A0A0H2URH4	HLJICIJH_00422	Trehalose operon transcriptional repressor
A0A0H2URK8	HLJICIJH_00423	Trehalose-specific PTS IIBCA components
A0A0H2URS6	HLJICIJH_00424	Trehalose-6-phosphate hydrolase
P67293	HLJICIJH_00425	Hypothetical protein
P63640	HLJICIJH_00426	Glutamate racemase
P64310	HLJICIJH_00427	Nucleoside 5-triphosphatase RdgB (dHAPTP%2C dITP%2C XTP-specific)
A0A0H2URP5	HLJICIJH_00428	Phosphoesterase
A0A0H2URI7	HLJICIJH_00429	CBS domain protein
P0A4S9	HLJICIJH_00430	Tyrosine recombinase XerD
Q97NX5	HLJICIJH_00431	Segregation and condensation protein A
Q97NX6	HLJICIJH_00432	Segregation and condensation protein B
A0A0H2URG9	HLJICIJH_00433	Ribosomal large subunit pseudouridine synthase B
Q97NX8	HLJICIJH_00434	Putative membrane protein insertion efficiency factor YidD
A0A0H2URK5	HLJICIJH_00435	Iron compound ABC uptake transporter substrate-binding protein PiuA
A0A0H2URS0	HLJICIJH_00436	Iron compound ABC uptake transporter ATP-binding protein PiuD
A0A0H2URP0	HLJICIJH_00437	Iron compound ABC uptake transporter permease protein PiuC
A0A0H2URI3	HLJICIJH_00438	Iron compound ABC uptake transporter permease protein PiuB
A0A0H2URK0	HLJICIJH_00439	UDP-glucose 4-epimerase
A0A0H2URN4	HLJICIJH_00440	Glutamyl aminopeptidase
A0A0H2URI0	HLJICIJH_00441	Hypothetical protein
A0A0H2URG0	HLJICIJH_00442	Transcriptional regulator%2C MarR family
A0A0H2URJ3	HLJICIJH_00443	Hypothetical protein
A0A0H2URQ9	HLJICIJH_00444	Glycine betaine/L-proline transport ATP-binding protein ProV
A0A0H2URM9	HLJICIJH_00445	Glycine betaine/L-proline transport substrate-binding/permease protein ProWX
A0A0H2URH5	HLJICIJH_00446	Ribosyl nicotinamide transporter PnuC
A0A0H2URF5	HLJICIJH_00447	Transcriptional regulator SczA%2C TetR family
A0A0H2URI8	HLJICIJH_00448	Cobalt-zinc-cadmium resistance protein CzcD
A0A0H2URQ3	HLJICIJH_00449	Transcriptional regulator%2C MerR family
A0A0H2URM6	HLJICIJH_00450	Alcohol dehydrogenase
A0A0H2URH0	HLJICIJH_00451	Galactose operon repressor%2C GalR-LacI family
Q97NZ6	HLJICIJH_00452	Galactokinase
Q97NZ7	HLJICIJH_00453	Galactose-1-phosphate uridylyltransferase
A0A0M3KL39	HLJICIJH_00454	Thioesterase
P0A459	HLJICIJH_00455	Type II restriction-modification system endonuclease DpnC
P0A3T4	HLJICIJH_00456	Type II restriction-modification system component DpnD
A0A0H2URI2	HLJICIJH_00457	Xanthine permease
Q97P00	HLJICIJH_00458	Xanthine phosphoribosyltransferase
	HLJICIJH_00459	Purine
	HLJICIJH_00460	hypothetical protein
	HLJICIJH_00461	hypothetical protein
P0A2X3	HLJICIJH_00462	Exodeoxyribonuclease III
A0A0H2URP8	HLJICIJH_00463	hypothetical protein
A0A0H2URE6	HLJICIJH_00464	hypothetical protein
A0A0H2URH6	HLJICIJH_00465	ABC transporter%2C ATP-binding/permease protein
P35598	HLJICIJH_00466	ABC transporter%2C ATP-binding/permease protein
A0A0H2URP3	HLJICIJH_00467	Sugar transferases involved in lipopolysaccharide synthesis
A0A0H2URM1	HLJICIJH_00468	Putative UDP-4-keto-6-deoxy-D-glucose 4-transaminase AatB
A0A0H2URN9	HLJICIJH_00469	Plasmin- and fibronectin-binding protein PfbA
A0A0H2URL7	HLJICIJH_00470	hypothetical protein
A0A0H2URF6	HLJICIJH_00471	hypothetical protein
A0A0H2URD9	HLJICIJH_00472	Phosphate transport system protein PhoU3
Q97P15	HLJICIJH_00473	Galactose-1-phosphate uridylyltransferase
A0A0H2URG4	HLJICIJH_00474	UDP-glucose 4-epimerase
A0A0H2URN7	HLJICIJH_00475	Hypothetical protein
A0A0H2URL4	HLJICIJH_00476	ABC transporter%2C substrate-binding protein
A0A0H2URF1	HLJICIJH_00477	ABC transporter%2C ATP-binding protein
A0A0H2URD4	HLJICIJH_00478	Iron(III)-transport system permease protein SfuB
A0A0H2URF9	HLJICIJH_00479	Mg(2+)-transport-ATPase-associated protein MgtC
A0A0H2URN3	HLJICIJH_00480	Hypothetical protein
A0A0H2URL0	HLJICIJH_00481	Galactose operon repressor%2C GalR-LacI family
A0A0H2UN39	HLJICIJH_00482	Hypothetical protein
A0A0H2URN1	HLJICIJH_00483	Anthranilate synthase%2C aminase component
A0A0H2URK6	HLJICIJH_00484	Bifunctional anthranilate synthase%2C amidotransferase component/para-aminobenzoate synthase%2Camidotransferase component
P66999	HLJICIJH_00485	Anthranilate phosphoribosyltransferase
Q97P30	HLJICIJH_00486	Indole-3-glycerol phosphate synthase
Q97P31	HLJICIJH_00487	Phosphoribosylanthranilate isomerase
Q97P32	HLJICIJH_00488	Tryptophan synthase beta chain
Q97P33	HLJICIJH_00489	Tryptophan synthase alpha chain
A0A0H2URE1	HLJICIJH_00490	Hypothetical protein
A0A0H2URC4	HLJICIJH_00491	Transcriptional regulator%2C Xre family
A0A0H2URE7	HLJICIJH_00492	Type IV prepilin peptidase
A0A0H2URM8	HLJICIJH_00493	Acetyltransferase
Q97P39	HLJICIJH_00494	Hypothetical protein
A0A0H2URD5	HLJICIJH_00495	General stress protein%2C Gls24 family
A0A0H2URC0	HLJICIJH_00496	Small integral membrane protein
A0A0H2URE2	HLJICIJH_00497	Hypothetical protein
A0A0H2URM3	HLJICIJH_00498	Membrane protein
Q97P44	HLJICIJH_00499	M protein trans-acting positive regulator Mga2
A0A0H2URJ9	HLJICIJH_00500	Multiple sugar metabolism operon regulatory protein
A0A0H2URD0	HLJICIJH_00501	Multiple sugar ABC transporter%2C membrane-spanning permease protein
A0A0H2URB5	HLJICIJH_00502	ABC transporter permease protein
A0A0H2URD6	HLJICIJH_00503	hypothetical protein
A0A0H2URL9	HLJICIJH_00504	Sucrose-6-phosphate hydrolase
A0A0H2URJ5	HLJICIJH_00505	hypothetical protein
A0A0H2URC5	HLJICIJH_00506	hypothetical protein
	HLJICIJH_00507	Srn266
A0A0H2URB0	HLJICIJH_00508	IS1167 transposase
	HLJICIJH_00509	tRNA-Lys(ctt)
A0A0H2URL5	HLJICIJH_00510	Chromosome segregation helicase
A0A0H2URJ1	HLJICIJH_00511	Hypothetical protein
A0A0H2URA5	HLJICIJH_00512	Addiction module toxin HicA
A0A0H2URC7	HLJICIJH_00513	Addiction module antitoxin HicB
A0A0H2URL1	HLJICIJH_00514	Hypothetical protein
A0A0H2URI6	HLJICIJH_00515	Hypothetical protein
A0A0H2URB3	HLJICIJH_00516	7%2C8-dihydro-8-oxoguanine-triphosphatase
Q97P62	HLJICIJH_00517	Ribosomal protein L11 methyltransferase
A0A0H2URA2	HLJICIJH_00518	16S rRNA (uracil(1498)-N(3))-methyltransferase
A0A0H2URC2	HLJICIJH_00519	Oligoendopeptidase F
	HLJICIJH_00520	Putative membrane protein
A0A0H2URK7	HLJICIJH_00521	Hypothetical protein
A0A0H2URI1	HLJICIJH_00522	Aquaporin Z
A0A0H2UN39	HLJICIJH_00523	Hypothetical protein
Q97P67	HLJICIJH_00524	NADPH-dependent 7-cyano-7-deazaguanine reductase
A0A0H2URA9	HLJICIJH_00525	Thioredoxin
A0A0H2UR98	HLJICIJH_00526	Hypothetical protein
A0A0H2URB6	HLJICIJH_00527	Transcriptional regulator%2C MarR family
A0A0H2URU2	HLJICIJH_00528	hypothetical protein
P35598	HLJICIJH_00529	hypothetical protein
A0A0H2URH7	HLJICIJH_00530	UDP-N-acetylglucosamine--peptide N-acetylglucosaminyltransferase stabilizing protein GtfB
A0A0H2URA3	HLJICIJH_00531	Glycosyltransferase GlyE
A0A0H2URH7	HLJICIJH_00532	Glycosyltransferase%2C group 2 family
A0A0H2URH7	HLJICIJH_00533	Glycosyltransferase GlyG
A0A0H2UR93	HLJICIJH_00534	Glucosyltransferase 3
A0A0H2URB1	HLJICIJH_00535	Glycosyltransferase GlyD
A0A0H2URJ6	HLJICIJH_00536	Glycosyltransferase GlyE
A0A0H2URH2	HLJICIJH_00537	Glycosyltransferase GlyE
A0A0H2UR96	HLJICIJH_00538	Glycosyltransferase%2C group 2 family
Q97P79	HLJICIJH_00539	Protein translocase subunit SecY
A0A0H2UR88	HLJICIJH_00540	Accessory Sec system protein Asp1
A0A0H2URA6	HLJICIJH_00541	Accessory Sec system protein Asp2
A0A0H2URJ0	HLJICIJH_00542	Accessory Sec system protein Asp3
Q97P83	HLJICIJH_00543	Protein translocase subunit SecA
A0A0H2URG7	HLJICIJH_00544	UDP-N-acetylglucosamine--peptide N-acetylglucosaminyltransferase GtfA subunit
A0A0H2UR90	HLJICIJH_00545	UDP-N-acetylglucosamine--peptide N-acetylglucosaminyltransferase stabilizing protein GtfB
A0A0H2UR83	HLJICIJH_00546	hypothetical protein
A0A0H2URA1	HLJICIJH_00547	hypothetical protein
A0A0H2UN39	HLJICIJH_00548	Hypothetical protein
A0A0H2URI5	HLJICIJH_00549	Membrane protein
	HLJICIJH_00550	Serine/threonine transporter SstT
A0A0H2URG3	HLJICIJH_00551	Potassium efflux system KefA protein
A0A0H2UR86	HLJICIJH_00552	Magnesium and cobalt transport protein CorA2
A0A0H2UR78	HLJICIJH_00553	Hydrolase%2C HAD subfamily IIIA
A0A0H2UR97	HLJICIJH_00554	GTP-binding protein YqeH%2C required for biogenesis of 30S ribosome subunit
A0A0H2URH9	HLJICIJH_00555	RNA-binding protein
P65504	HLJICIJH_00556	Nicotinate-nucleotide adenylyltransferase
A0A0H2URF8	HLJICIJH_00557	HAD superfamily hydrolase YqeK
A0A0H2UR80	HLJICIJH_00558	Isochorismatase
Q97P97	HLJICIJH_00559	Ribosomal silencing factor RsfA
A0A0H2UR75	HLJICIJH_00560	Methyltransferase
Q97P99	HLJICIJH_00561	hypothetical protein
A0A0H2UR92	HLJICIJH_00562	Antitoxin YefM
A0A0H2URH3	HLJICIJH_00563	YoeB toxin protein
P67282	HLJICIJH_00564	Ribonuclease Y
Q97PA3	HLJICIJH_00565	Guanylate kinase
P66730	HLJICIJH_00566	DNA-directed RNA polymerase omega subunit
A0A0H2URF2	HLJICIJH_00567	Helicase PriA essential for oriC/DnaA-independent DNA replication
Q97PA6	HLJICIJH_00568	Methionyl-tRNA formyltransferase
A0A0H2UR74	HLJICIJH_00569	16S rRNA (cytosine(967)-C(5))-methyltransferase
A0A0H2UR71	HLJICIJH_00570	Protein serine/threonine phosphatase PhpP
Q97PA9	HLJICIJH_00571	Serine/threonine protein kinase StkP
A0A0H2UR87	HLJICIJH_00572	Membrane protein
A0A0H2URG8	HLJICIJH_00573	Putative membrane-spanning protein
A0A0H2XFA7	HLJICIJH_00574	IS5 family transposase ISSpn7
A0A0H2URE8	HLJICIJH_00575	Hypothetical protein
A0A0H2UR69	HLJICIJH_00576	Hydroxymethylglutaryl-CoA synthase
A0A0H2UR66	HLJICIJH_00577	Hydroxymethylglutaryl-CoA reductase
A0A0H2UR82	HLJICIJH_00578	Sucrose operon repressor ScrR%2C LacI family
A0A0H2URG2	HLJICIJH_00579	Sucrose-6-phosphate hydrolase
A0A0H2UR65	HLJICIJH_00580	Sucrose-specific PTS IIBCA components
A0A0H2UR62	HLJICIJH_00581	Fructokinase
A0A0H2UR77	HLJICIJH_00582	Immunoreactive protein Se23.5-like protein
A0A0H2UN39	HLJICIJH_00583	Hypothetical protein
A0A0H2URD8	HLJICIJH_00584	ABC transporter ATP-binding protein - Na+ export
A0A0H2UR60	HLJICIJH_00585	ABC transporter membrane-spanning permease - Na+ export
A0A0H2UR55	HLJICIJH_00586	ABC transporter ATP-binding protein
A0A0H2UR55	HLJICIJH_00587	Multidrug ABC transporter%2C ATP-binding protein
A0A0H2UR70	HLJICIJH_00588	Transcriptional regulator%2C GntR family
P67318	HLJICIJH_00589	Ribonucleotide reductase transcriptional regulator NrdR
A0A0H2URF3	HLJICIJH_00590	Helicase loader DnaB
A0A0H2URD2	HLJICIJH_00591	Helicase loader DnaI
A0A0H2UR56	HLJICIJH_00592	NADPH-flavin oxidoreductase
P64062	HLJICIJH_00593	GTP-binding protein EngA
A0A0H2UR50	HLJICIJH_00594	Hypothetical protein
A0A0H2UR64	HLJICIJH_00595	Hypothetical protein
A0A0H2URE9	HLJICIJH_00596	Hypothetical protein
A0A0H2URC6	HLJICIJH_00597	Hypothetical protein
A0A0H2UR51	HLJICIJH_00598	ABC transporter%2C ATP-binding protein
A0A0H2UR46	HLJICIJH_00599	hypothetical protein
Q97PD6	HLJICIJH_00600	Protein translocase subunit SecA
A0A0H2UR58	HLJICIJH_00601	2-keto-3-deoxy-D-arabino-heptulosonate-7- phosphate synthase I alpha
A0A0H2URE3	HLJICIJH_00602	2-keto-3-deoxy-D-arabino-heptulosonate-7- phosphate synthase I alpha
P0A2W6	HLJICIJH_00603	Holo-[acyl-carrier protein] synthase
P0A2W8	HLJICIJH_00604	Alanine racemase
Q54900	HLJICIJH_00605	ATP-dependent DNA helicase RecG
A0A0H2UR45	HLJICIJH_00606	Bifunctional acetyl xylan esterase 1/cephalosporin-C deacetylase
A0A0H2UR42	HLJICIJH_00607	Hypothetical protein
A0A0H2UQE4	HLJICIJH_00608	Sialidase NanA
	HLJICIJH_00609	hypothetical protein
A0A0H2UQB1	HLJICIJH_00610	IS1167 transposase
	HLJICIJH_00611	Srn266
A0A0H2URH1	HLJICIJH_00612	Hypothetical protein
A0A0H2URD7	HLJICIJH_00613	Putative beta-D-galactosidase
A0A0H2URB7	HLJICIJH_00614	ABC transporter substrate-binding protein - sugar transport
A0A0H2UR38	HLJICIJH_00615	ABC transporter membrane-spanning permease%2C sugar transport YcjO
A0A0H2UR37	HLJICIJH_00616	ABC transporter%2C permease protein
Q54727	HLJICIJH_00617	Sialidase
Q54728	HLJICIJH_00618	Oxidoreductase
P65520	HLJICIJH_00619	N-acetylmannosamine-6-phosphate 2-epimerase
A0A0H2UR48	HLJICIJH_00620	N-acetylglucosamine-specific PTS IIABC components
A0A0H2URD1	HLJICIJH_00621	ABC transporter%2C putative N-acetylneuraminate-binding protein
A0A0H2URB2	HLJICIJH_00622	ABC transporter%2C putative N-acetylneuraminate transport system permease protein 1
A0A0H2UR33	HLJICIJH_00623	ABC transporter%2C putative N-acetylneuraminate transport system permease protein 2
A0A0H2UR35	HLJICIJH_00624	Protein YjgK%2C linked to biofilm formation
A0A0H2UR44	HLJICIJH_00625	Hypothetical protein
A0A0H2URA7	HLJICIJH_00626	hypothetical protein
A0A0H2UR28	HLJICIJH_00627	4-hydroxy-tetrahydrodipicolinate synthase
A0A0H2UR30	HLJICIJH_00628	N-acetylmannosamine kinase
A0A0H2UR40	HLJICIJH_00629	Sialic acid utilization regulator%2C RpiR family
P0A3M5	HLJICIJH_00630	Penicillin-binding protein 2B
P0CB76	HLJICIJH_00631	Recombination protein RecR
P0CB57	HLJICIJH_00632	D-alanine--D-alanine ligase
A0A0H2URC3	HLJICIJH_00633	UDP-N-acetylmuramoyl-tripeptide--D-alanyl-D- alanine ligase
A0A0H2URA0	HLJICIJH_00634	MutT/nudix family protein phosphohydrolase
A0A0H2UR23	HLJICIJH_00635	Putative membrane protein
A0A0H2UR24	HLJICIJH_00636	Cell division protein FtsA
A0A0H2UR32	HLJICIJH_00637	Cell division protein FtsZ
A0A0H2URB8	HLJICIJH_00638	YlmE
P0CB77	HLJICIJH_00639	FtsZ-interacting protein related to cell division YlmF
A0A0H2UR95	HLJICIJH_00640	Cell division integral membrane protein YlmG%2C YGGT family
A0A0H2UR18	HLJICIJH_00641	YlmH
A0A0H2UR19	HLJICIJH_00642	Cell division initiation protein DivIVA
P0CB61	HLJICIJH_00643	Isoleucyl-tRNA synthetase
A0A0H2URB4	HLJICIJH_00644	hypothetical protein
A0A0H2UR13	HLJICIJH_00645	Hypothetical protein
P0A3Y3	HLJICIJH_00646	Phosphoglycerate mutase
A0A0H2UR14	HLJICIJH_00647	Putative large secreted protein
A0A0H2UR21	HLJICIJH_00648	ABC transporter%2C ATP-binding protein
A0A0H2URA8	HLJICIJH_00649	ABC transporter%2C permease protein
P0C2J8	HLJICIJH_00650	Thiol peroxidase%2C Tpx-type
P0A4G2	HLJICIJH_00651	Manganese ABC transporter%2C periplasmic-binding protein PsaA
A0A0H2XF88	HLJICIJH_00652	Manganese ABC transporter%2C inner membrane permease protein PsaC
A0A0H2UR84	HLJICIJH_00653	Manganese ABC transporter%2C ATP-binding protein PsaB
A0A0H2UR08	HLJICIJH_00654	Neutral endopeptidase O
A0A0H2UR09	HLJICIJH_00655	Hydroxyacylglutathione hydrolase
A0A0H2UR16	HLJICIJH_00656	Bifunctional guanosine-3'%2C5'-bis(diphosphate) 3'-pyrophosphohydrolase/(p)ppGpp synthetase II
Q97PH3	HLJICIJH_00657	D-tyrosyl-tRNA(Tyr) deacylase
A0A0H2UR79	HLJICIJH_00658	hypothetical protein
A0A0H2UR03	HLJICIJH_00659	Hypothetical protein
A0A0H2UR05	HLJICIJH_00660	hypothetical protein
	HLJICIJH_00661	Srn266
A0A0H2UR11	HLJICIJH_00662	IS1167 transposase
A0A0H2UR99	HLJICIJH_00663	Mn-dependent transcriptional regulator MntR
A0A0H2UR73	HLJICIJH_00664	Putative diadenosine tetraphosphatase
A0A0H2UQZ8	HLJICIJH_00665	Rrf2 family transcriptional regulator%2C group III
A0A0H2UR00	HLJICIJH_00666	Hypothetical protein
A0A0H2UR06	HLJICIJH_00667	Esterase/lipase
A0A0H2UR94	HLJICIJH_00668	Two-component system response regulator
A0A0H2UR68	HLJICIJH_00669	Two-component system sensor histidine kinase
Q97PI4	HLJICIJH_00670	Threonyl-tRNA synthetase
A0A0H2UQZ3	HLJICIJH_00671	hypothetical protein
A0A0H2UR01	HLJICIJH_00672	Hypothetical protein
A0A0H2UR89	HLJICIJH_00673	Rrf2-linked NADH-flavin reductase
Q97PI9	HLJICIJH_00674	SSU ribosomal protein S15p (S13e)
A0A0H2UR63	HLJICIJH_00675	Cadmium resistance protein CadD
A0A0H2UQY6	HLJICIJH_00676	Acyl-ACP:1-acyl-sn-glycerol-3-phosphate acyltransferase
P35597	HLJICIJH_00677	Cadmium-transporting ATPase
A0A0H2UQ23	HLJICIJH_00678	IS200/IS605 family transposase ISSpn6
A0A0H2XDR3	HLJICIJH_00679	Transcriptional antiterminator of lichenan operon%2C BglG family
A0A0H2UQZ5	HLJICIJH_00680	hypothetical protein
A0A0H2UR85	HLJICIJH_00681	Fructose-specific PTS IIABC components
A0A0H2UR59	HLJICIJH_00682	Fructose-specific PTS IIABC components
A0A0H2UQY1	HLJICIJH_00683	Fructose-specific PTS IIABC components
A0A0H2UQY8	HLJICIJH_00684	Ribulose-phosphate 3-epimerase
A0A0H2XDS8	HLJICIJH_00685	Transketolase
A0A0H2UQW5	HLJICIJH_00686	IS3 family transposase ISSpn11
A0A0H2UQQ8	HLJICIJH_00687	IS3 family transposase ISSpn11
A0A0H2UQQ8	HLJICIJH_00688	IS3 family transposase ISSpn4
A0A0H2UQZ0	HLJICIJH_00689	Lanthionine biosynthesis protein LanL
A0A0H2UR81	HLJICIJH_00690	hypothetical protein
A0A0H2UR54	HLJICIJH_00691	tRNA (adenine(22)-N(1))-methyltransferase
Q97PK0	HLJICIJH_00692	Putative GTP cyclohydrolase 1 type 2 protein YbgI
A0A0H2UQX6	HLJICIJH_00693	Glycine/D-amino acid oxidases family protein
A0A0H2UQY4	HLJICIJH_00694	UDP-glucose 4-epimerase
A0A0H2UQY5	HLJICIJH_00695	Bactoprenol glucosyl transferase
A0A0H2UR76	HLJICIJH_00696	Ferredoxin
A0A0H2UR49	HLJICIJH_00697	Hypothetical protein
Q97PK6	HLJICIJH_00698	Cytidylate kinase
A0A0H2UQW8	HLJICIJH_00699	Protein PhnA
A0A0H2UQX7	HLJICIJH_00700	Hypothetical protein
A0A0H2UQY0	HLJICIJH_00701	Major facilitator superfamily transporter-permease
Q97PL0	HLJICIJH_00702	tRNA pseudouridine synthase A
A0A0H2UR72	HLJICIJH_00703	Pyridoxal kinase%2C thiD family
A0A0H2UR43	HLJICIJH_00704	Substrate-specific component PdxU2 of putative pyridoxin-related ECF transporter
A0A0H2UQW5	HLJICIJH_00705	hypothetical protein
A0A0H2US47	HLJICIJH_00706	IS1380 family transposase ISSpn5
A0A0H2UQQ8	HLJICIJH_00707	IS3 family transposase ISSpn11
A0A0H2UQQ8	HLJICIJH_00708	IS3 family transposase ISSpn1
A0A0H2UR67	HLJICIJH_00709	Xaa-Pro dipeptidase
A0A0H2UR39	HLJICIJH_00710	Putative amidotransferase similar to cobyric acid synthase
A0A0H2UQV8	HLJICIJH_00711	Mur ligase family protein
A0A0H2UQW7	HLJICIJH_00712	Pyridine nucleotide-disulfide oxidoreductase
A0A0H2UQX1	HLJICIJH_00713	Major facilitator oxalate:formate antiporter
P0A4D7	HLJICIJH_00714	DEAD-box ATP-dependent RNA helicase CshA
Q97PM1	HLJICIJH_00715	GTP-sensing transcriptional pleiotropic repressor CodY
A0A0H2UR34	HLJICIJH_00716	Nicotinamidase
	HLJICIJH_00717	tRNA-Leu(aag)
A0A0H2UQV4	HLJICIJH_00718	IS1167 transposase
	HLJICIJH_00719	Srn266
A0A0H2UQW6	HLJICIJH_00720	Multiple sugar ABC transporter%2C ATP-binding protein
A0A0H2UR29	HLJICIJH_00721	SAM-dependent methyltransferase
P63544	HLJICIJH_00722	Adenine phosphoribosyltransferase
Q97PM9	HLJICIJH_00723	Homoserine O-succinyltransferase
A0A0H2UQU9	HLJICIJH_00724	Chromosome replication initiation protein DnaD
P66942	HLJICIJH_00725	Triosephosphate isomerase
A0A0H2XFA2	HLJICIJH_00726	1%2C4-beta-N-acetylmuramidase%2C lyzozyme LytC
A0A0H2UQW0	HLJICIJH_00727	Bifunctional non-specific DNA-binding protein/ferroxidase Dpr
Q54801	HLJICIJH_00728	Dihydrofolate reductase
A0A0H2UQV9	HLJICIJH_00729	Hypothetical protein
P63791	HLJICIJH_00730	ATP-dependent Clp protease ATP-binding subunit ClpX
P64072	HLJICIJH_00731	GTP-binding protein EngB
A0A0H2UR52	HLJICIJH_00732	RidA/YER057c/UK114 superfamily protein
Q97PN7	HLJICIJH_00733	Putative P-loop-containing kinase
Q97PN8	HLJICIJH_00734	LPPG:FO 2-phospho-L-lactate transferase-like protein
Q97PN9	HLJICIJH_00735	Putative cytoplasmic protein
Q97PP0	HLJICIJH_00736	Thioredoxin reductase
A0A0H2UQU4	HLJICIJH_00737	Bacterial checkpoint controller DisA
A0A0H2UQV5	HLJICIJH_00738	Hypothetical protein
Q97PP4	HLJICIJH_00739	Phosphoglucosamine mutase
A0A0H2UQV3	HLJICIJH_00740	Hypothetical protein
Q97PP6	HLJICIJH_00741	DegV family protein
P63895	HLJICIJH_00742	4-hydroxy-tetrahydrodipicolinate reductase
Q97PP9	HLJICIJH_00743	CCA tRNA nucleotidyltransferase
A0A0H2UR20	HLJICIJH_00744	ATPase component of ABC transporter with duplicated ATPase domains
A0A0H2UQT7	HLJICIJH_00745	Cobalt-zinc-cadmium resistance protein
A0A0H2UQU8	HLJICIJH_00746	Calcium-transporting ATPase
A0A0H2UQV0	HLJICIJH_00747	Glutathione S-transferase
A0A0H2UR41	HLJICIJH_00748	Peptide deformylase
A0A0H2UR15	HLJICIJH_00749	Cell shape-determining protein
	HLJICIJH_00750	Hypothetical protein
	HLJICIJH_00751	SpR20_sRNA
Q97PQ6	HLJICIJH_00752	hypothetical protein
A0A0H2UQT2	HLJICIJH_00753	Hypothetical protein
A0A0H2UQU5	HLJICIJH_00754	Hypothetical protein
A0A0H2UQU3	HLJICIJH_00755	Aspartate aminotransferase
	HLJICIJH_00756	Putative lactoylglutathione lyase
Q97PR0	HLJICIJH_00757	Asparaginyl-tRNA synthetase
P66602	HLJICIJH_00758	SSU ribosomal protein S6p
P66854	HLJICIJH_00759	Single-stranded DNA-binding protein
P66472	HLJICIJH_00760	SSU ribosomal protein S18p
A0A0H2UR36	HLJICIJH_00761	Bifunctional lipoprotein rotamase A/peptidyl-prolyl cis-trans isomerase
A0A0H2UR10	HLJICIJH_00762	General stress protein 13
A0A0H2UQS7	HLJICIJH_00763	tRNA(1)(Val) (adenine(37)-N(6))-methyltransferase
Q97PR7	HLJICIJH_00764	Putative endonuclease
P65755	HLJICIJH_00765	Manganese-dependent inorganic pyrophosphatase
A0A0H2UQT9	HLJICIJH_00766	Glutamate synthase [NADPH] large chain
	HLJICIJH_00767	hypothetical protein
A0A0H2UQU0	HLJICIJH_00768	Hypothetical protein
Q97PS1	HLJICIJH_00769	UDP-N-acetylmuramoylalanyl-D-glutamate--L-lysine ligase
A0A0H2UR31	HLJICIJH_00770	Putative cell division protein YtgP
P0A4G0	HLJICIJH_00771	Oligopeptide ABC transporter oligopeptide-binding protein AliB
A0A0H2US37	HLJICIJH_00772	Multidrug resistance ABC transporter ATP-binding/permease protein BmrA
P35598	HLJICIJH_00773	ABC transporter%2C ATP-binding/permease protein
A0A0H2UQS2	HLJICIJH_00774	Cystathionine gamma-synthase
A0A0H2UQT3	HLJICIJH_00775	Bifunctional PLP-dependent beta-cystathionase/maltose regulon repressor
A0A0H2UQT4	HLJICIJH_00776	SWF/SNF family helicase
A0A0H2UR26	HLJICIJH_00777	Hypothetical protein
Q97PS8	HLJICIJH_00778	UDP-N-acetylmuramate--alanine ligase
A0A0H2UQZ7	HLJICIJH_00779	hypothetical protein
A0A0H2UQR7	HLJICIJH_00780	Acetyltransferase%2C GNAT family
A0A0H2UQS8	HLJICIJH_00781	Endolytic murein transglycosylase MltG
Q97PT2	HLJICIJH_00782	Transcription elongation factor GreA
A0A0H2UQS9	HLJICIJH_00783	Acetyltransferase
A0A0H2UPS7	HLJICIJH_00784	hypothetical protein
A0A0H2UPS7	HLJICIJH_00785	ISSpn8 transposase
P0A306	HLJICIJH_00786	ATP synthase F0 sector subunit c
P0A2Y8	HLJICIJH_00787	ATP synthase F0 sector subunit a
P0A2Z2	HLJICIJH_00788	ATP synthase F0 sector subunit b
P0A2Z4	HLJICIJH_00789	ATP synthase F1 sector delta chain
Q97PT4	HLJICIJH_00790	ATP synthase F1 sector alpha chain
Q97PT5	HLJICIJH_00791	ATP synthase F1 sector gamma chain
Q97PT6	HLJICIJH_00792	ATP synthase F1 sector beta chain
P63667	HLJICIJH_00793	ATP synthase F1 sector epsilon chain
A0A0H2UR22	HLJICIJH_00794	6-phosphogluconolactonase
A0A0H2UQZ2	HLJICIJH_00795	Hypothetical protein
A0A0H2UQR2	HLJICIJH_00796	TPR-repeat-containing protein
A0A0H2US47	HLJICIJH_00797	IS1380 family transposase ISSpn5
A0A0H2UQS3	HLJICIJH_00798	Glutamine ABC transporter permease GlnP6
A0A0H2UR17	HLJICIJH_00799	Glutamine ABC transporter ATP-binding protein GlnQ6
A0A0H2UQY7	HLJICIJH_00800	Glutamine ABC transporter substrate-binding protein GlnH6
A0A0H2UQQ7	HLJICIJH_00801	Bacterocin transport accessory protein
A0A0H2UQR8	HLJICIJH_00802	Phosphoglucomutase
A0A0H2UQR9	HLJICIJH_00803	hypothetical protein
A0A0H2UQQ2	HLJICIJH_00804	Hypothetical protein
A0A0H2UQR3	HLJICIJH_00805	Cell wall surface anchor family protein MucB
A0A0H2UQR5	HLJICIJH_00806	Major intrinsic protein family aquaporin
P64030	HLJICIJH_00807	Translation elongation factor Tu
A0A0H2UQP7	HLJICIJH_00808	IS630 family transposase ISSpn2
A0A0H2UQW5	HLJICIJH_00809	IS3 family transposase ISSpn11
A0A0H2UQQ8	HLJICIJH_00810	IS3 family transposase ISSpn11
A0A0H2UPK3	HLJICIJH_00811	IS630 family transposase ISSpn2
A0A0H2UQQ9	HLJICIJH_00812	ATP-dependent RNA helicase YfmL
A0A0H2UR04	HLJICIJH_00813	Oxidoreductase%2C Gfo/Idh/MocA family
A0A0H2UQQ3	HLJICIJH_00814	Peptidoglycan N-acetylglucosamine deacetylase
A0A0H2UQQ5	HLJICIJH_00815	Ooxidoreductase of aldo/keto reductase family%2C subgroup 1
	HLJICIJH_00816	SpR19_sRNA
A0A0H2UQZ9	HLJICIJH_00817	hypothetical protein
A0A0H2UQW9	HLJICIJH_00818	hypothetical protein
Q97PW5	HLJICIJH_00819	Glycyl-tRNA synthetase alpha chain
Q97PW6	HLJICIJH_00820	Glycyl-tRNA synthetase beta chain
Q97PW7	HLJICIJH_00821	Hypothetical protein
A0A0H2UQN8	HLJICIJH_00822	Fumarate reductase%2C flavoprotein subunit precursor
A0A0H2UQP9	HLJICIJH_00823	Fumarate reductase%2C flavoprotein subunit precursor
A0A0H2UQQ0	HLJICIJH_00824	Putative thiamin biosynthesis lipoprotein
A0A0H2UQZ4	HLJICIJH_00825	NADH peroxidase
Q97PX2	HLJICIJH_00826	Pyridoxal 5'-phosphate synthase%2C synthase subunit PdxS
Q97PX3	HLJICIJH_00827	Pyridoxal 5'-phosphate synthase%2C glutaminase subunit PdxT
A0A0H2UQW2	HLJICIJH_00828	Hemolysin III
A0A0H2UQN3	HLJICIJH_00829	Hypothetical protein
A0A0H2UQP5	HLJICIJH_00830	Acetyltransferase
A0A0H2UQP4	HLJICIJH_00831	Methylated-DNA--protein-cysteine methyltransferase
A0A0H2UQY9	HLJICIJH_00832	Arsenate reductase
A0A0H2UQV7	HLJICIJH_00833	Cysteine ABC transporter permease protein
A0A0H2UQM8	HLJICIJH_00834	Cysteine ABC transporter ATP-binding protein
A0A0H2UQP0	HLJICIJH_00835	Hypothetical protein
A0A0H2UQN9	HLJICIJH_00836	Thioredoxin reductase
A0A0H2UQY3	HLJICIJH_00837	23S rRNA (guanosine(2251)-2'-O)-methyltransferase
Q9F2F0	HLJICIJH_00838	Peptide deformylase
A0A0H2UQN5	HLJICIJH_00839	Capsule biosynthesis protein CapA
A0A0H2UQN4	HLJICIJH_00840	hypothetical protein
A0A0H2UQX9	HLJICIJH_00841	HAD superfamily hydrolase
A0A0H2UQU7	HLJICIJH_00842	Bifunctional N-acetylneuraminate cytidylyltransferase/platelet activating factor
A0A0H2UQL8	HLJICIJH_00843	C3-degrading proteinase
A0A0H2UQM9	HLJICIJH_00844	Beta-lactamase%2C class C
A0A0H2UQN1	HLJICIJH_00845	Drug/metabolite transporter superfamily protein
A0A0H2UQX2	HLJICIJH_00846	Transcriptional regulator in cluster with beta-lactamase%2C GntR family
P64297	HLJICIJH_00847	GMP synthase%2C amidotransferase and ATP pyrophosphatase subunits
	HLJICIJH_00848	SpR18_sRNA
A0A0H2UQB1	HLJICIJH_00849	IS1167 transposase
	HLJICIJH_00850	Srn266
A0A0H2UQD5	HLJICIJH_00851	IS66 family transposase Orf1
A0A0H2UQM4	HLJICIJH_00852	IS66 family transposase Orf2
	HLJICIJH_00853	hypothetical protein
	HLJICIJH_00854	hypothetical protein
A0A0H2XFH3	HLJICIJH_00855	Duplicated ATPase component of energizing module of putative ECF transporter
A0A0H2US47	HLJICIJH_00856	IS1380 family transposase ISSpn5
A0A0H2UQX0	HLJICIJH_00857	Duplicated ATPase component of energizing module of putative ECF transporter
A0A0H2UQT8	HLJICIJH_00858	Transmembrane component of energizing module of putative ECF transporter
A0A0H2UQL1	HLJICIJH_00859	Substrate-specific component of putative ECF transporter
A0A0H2UQM0	HLJICIJH_00860	ABC transporter ATP-binding/permease protein
A0A0H2UQM1	HLJICIJH_00861	ABC transporter ATP-binding/permease protein
A0A0H2UQW4	HLJICIJH_00862	Transcriptional regulator%2C AraC family
A0A0H2UQK5	HLJICIJH_00863	Type II restriction-modification system methyltransferase
	HLJICIJH_00864	hypothetical protein
A0A0H2UQX6	HLJICIJH_00865	hypothetical protein
A0A0H2UQL3	HLJICIJH_00866	Peptidase%2C U32 family large subunit (C1)
A0A0H2UQL3	HLJICIJH_00867	Peptidase%2C U32 family large subunit (C1)
A0A0H2UQT0	HLJICIJH_00868	Vitamin B12 import ATP-binding protein BtuD
A0A0H2UQK0	HLJICIJH_00869	Multidrug efflux ABC transporter ATP-binding protein
A0A0H2UQK9	HLJICIJH_00870	Hypothetical protein
A0A0H2UQL0	HLJICIJH_00871	Transcriptional repressor
A0A0H2UQV6	HLJICIJH_00872	Hypothetical protein
A0A0H2UQS6	HLJICIJH_00873	Nicotinate phosphoribosyltransferase
P65508	HLJICIJH_00874	NAD synthetase
A0A0H2UQJ6	HLJICIJH_00875	Acetyltransferase%2C GNAT family
A0A0H2US47	HLJICIJH_00876	IS1380 family transposase ISSpn5
	HLJICIJH_00877	Hypothetical protein
A0A0H2UMZ8	HLJICIJH_00878	Choline-binding protein CbpM
Q97Q15	HLJICIJH_00879	S-adenosylmethionine:tRNA ribosyltransferase-isomerase
Q97Q16	HLJICIJH_00880	Glucosamine-6-phosphate deaminase
P66524	HLJICIJH_00881	SSU ribosomal protein S21p
Q97Q18	HLJICIJH_00882	HPr kinase/phosphorylase
Q97Q19	HLJICIJH_00883	Prolipoprotein diacylglyceryl transferase
A0A0H2UQK6	HLJICIJH_00884	General stress protein
A0A0H2UQV1	HLJICIJH_00885	Hypothetical protein
A0A0H2UQS1	HLJICIJH_00886	Putative radical SAM family enzyme
A0A0H2UQJ1	HLJICIJH_00887	Acyl-ACP thioesterase
A0A0H2UQJ9	HLJICIJH_00888	Putative NagD-like phosphatase
A0A0H2UQK2	HLJICIJH_00889	Integral membrane protein
Q97Q26	HLJICIJH_00890	Transcriptional regulator SpxA1
P67361	HLJICIJH_00891	Hypothetical protein
A0A0H2UQU6	HLJICIJH_00892	Inositol-1-monophosphatase
A0A0H2UQR6	HLJICIJH_00893	tRNA and rRNA cytosine-C5-methylase
	HLJICIJH_00894	Hypothetical protein
Q97Q31	HLJICIJH_00895	Phosphate ABC transporter periplasmic phosphate-binding protein PstS2
A0A0H2UQJ5	HLJICIJH_00896	Phosphate transport system permease protein PstC2
A0A0H2UQJ8	HLJICIJH_00897	Phosphate transport system permease protein PstA2
Q97Q34	HLJICIJH_00898	Phosphate transport ATP-binding protein PstB2_1
P63373	HLJICIJH_00899	Phosphate transport ATP-binding protein PstB2_2
A0A0H2UQU1	HLJICIJH_00900	Phosphate transport system regulatory protein PhoU2
A0A0H2UQR1	HLJICIJH_00901	Amino acid ABC transporter amino acid-binding/permease protein
A0A0H2UQI2	HLJICIJH_00902	Putative transcriptional regulator of pyridoxine metabolism
A0A0H2UQI9	HLJICIJH_00903	Alpha-acetolactate decarboxylase
A0A0H2UQJ2	HLJICIJH_00904	Hypothetical protein
P65466	HLJICIJH_00905	UDP-N-acetylenolpyruvoylglucosamine reductase
Q97Q42	HLJICIJH_00906	Spermidine/putrescine import ABC transporter ATP-binding protein PotA
A0A0H2UQT6	HLJICIJH_00907	Spermidine/putrescine import ABC transporter permease protein PotB
A0A0H2UQQ6	HLJICIJH_00908	Spermidine/putrescine import ABC transporter permease protein PotC
A0A0H2UQH7	HLJICIJH_00909	Spermidine/putrescine import ABC transporter substrate-binding protein PotD
A0A0H2UQI6	HLJICIJH_00910	Hypothetical protein
Q97Q48	HLJICIJH_00911	Alanyl-tRNA synthetase
A0A0H2UQT1	HLJICIJH_00912	Cytoplasmic alpha-amylase
A0A0H2UQQ1	HLJICIJH_00913	ABC transporter ATP-binding protein
A0A0H2UQH3	HLJICIJH_00914	ABC transporter permease
A0A0H2UQI1	HLJICIJH_00915	Putative ribosomal RNA large subunit methyltransferase YwbD
P63588	HLJICIJH_00916	3-dehydroquinate dehydratase I
P63595	HLJICIJH_00917	Shikimate/quinate 5-dehydrogenase I beta
Q97Q56	HLJICIJH_00918	3-dehydroquinate synthase
P0A2Y6	HLJICIJH_00919	Chorismate synthase
A0A0H2UQS5	HLJICIJH_00920	Prephenate dehydrogenase
Q97Q59	HLJICIJH_00921	Transcriptional regulator
Q9S400	HLJICIJH_00922	5-Enolpyruvylshikimate-3-phosphate synthase
A0A0H2UQP6	HLJICIJH_00923	Shikimate kinase I
A0A0H2UQG9	HLJICIJH_00924	Prephenate dehydratase
A0A0H2UQH2	HLJICIJH_00925	LytR-CpsA-Psr subfamily F1 cell envelope-associated transcriptional attenuator
A0A0H2UQH6	HLJICIJH_00926	Lipopolysaccharide cholinephosphotransferase LicD3
A0A0H2UQS0	HLJICIJH_00927	Glycosyltransferase%2C group 1 family
A0A0H2UQP1	HLJICIJH_00928	Glycosyltransferase%2C group 2 family
A0A0H2UQG6	HLJICIJH_00929	Teichoic acid ribitol polymerase
A0A0H2UQG8	HLJICIJH_00930	TarQ
Q97Q68	HLJICIJH_00931	Adaptor protein MecA
A0A0H2UQH0	HLJICIJH_00932	Homoserine dehydrogenase
P0A3L7	HLJICIJH_00933	Homoserine kinase
A0A0H2UN39	HLJICIJH_00934	Hypothetical protein
P0A3Q9	HLJICIJH_00935	Peptide methionine sulfoxide reductase MsrAB1
A0A0H2UQR4	HLJICIJH_00936	ABC transporter ATP-binding/permease protein
A0A0H2UQN6	HLJICIJH_00937	ABC transporter ATP-binding/permease protein
A0A0H2UQG0	HLJICIJH_00938	Methylthioadenosine deaminase
	HLJICIJH_00939	L10_leader
P66050	HLJICIJH_00940	LSU ribosomal protein L10p (P0)
P0A471	HLJICIJH_00941	LSU ribosomal protein L7/L12 (P1/P2)
	HLJICIJH_00942	rli38
A0A0H2US47	HLJICIJH_00943	hypothetical protein
A0A0H2UQR0	HLJICIJH_00944	hypothetical protein
A0A0H2UQN0	HLJICIJH_00945	hypothetical protein
A0A0H2UQF7	HLJICIJH_00946	hypothetical protein
A0A0H2UQF8	HLJICIJH_00947	Tn5253 hypothetical protein
A0A0H2UQF9	HLJICIJH_00948	hypothetical protein
A0A0H2UQQ4	HLJICIJH_00949	Tn5253 putative CAAX amino terminal protease
A0A0H2UQE9	HLJICIJH_00950	Hypothetical protein
A0A0H2UQF3	HLJICIJH_00951	Lanthionine biosynthesis protein LanL
A0A0H2UQF4	HLJICIJH_00952	Protease II
A0A0H2UQF5	HLJICIJH_00953	ABC transporter ATP-binding/membrane spanning protein
A0A0H2UQP8	HLJICIJH_00954	ABC transporter ATP-binding protein
A0A0H2UQM2	HLJICIJH_00955	Hypothetical protein
A0A0H2UQE9	HLJICIJH_00956	Hypothetical protein
A0A0H2US47	HLJICIJH_00957	hypothetical protein
A0A0H2UQP3	HLJICIJH_00958	hypothetical protein
A0A0H2UQE7	HLJICIJH_00959	Tn5253 hypothetical protein
A0A0H2UQE6	HLJICIJH_00960	hypothetical protein
A0A0H2UQE8	HLJICIJH_00961	Tn5253 putative CAAX amino terminal protease
A0A0H2UQN7	HLJICIJH_00962	Sialic acid utilization regulator%2C RpiR family
Q97Q95	HLJICIJH_00963	N-acetylmannosamine-6-phosphate 2-epimerase
A0A0H2UQL2	HLJICIJH_00964	4-hydroxy-tetrahydrodipicolinate synthase
	HLJICIJH_00965	tRNA-Phe(aaa)
	HLJICIJH_00965	
A0A0H2UQE3	HLJICIJH_00966	Putative beta-D-galactosidase
A0A0H2UQE4	HLJICIJH_00967	Sialidase
A0A0H2UQN2	HLJICIJH_00968	Oxidoreductase
A0A0H2UQK7	HLJICIJH_00969	N-acetylmannosamine kinase
A0A0H2UQE2	HLJICIJH_00970	hypothetical protein
A0A0H2UQE0	HLJICIJH_00971	hypothetical protein
A0A0H2UQE1	HLJICIJH_00972	V-type sodium ATPase subunit K
A0A0H2UQM7	HLJICIJH_00973	V-type proton ATPase subunit E
A0A0H2UQK1	HLJICIJH_00974	V-type sodium ATPase subunit C
A0A0H2UQD9	HLJICIJH_00975	V-type sodium ATPase subunit G
Q97QA8	HLJICIJH_00976	V-type sodium ATPase catalytic subunit A
Q97QA9	HLJICIJH_00977	V-type sodium ATPase subunit B
Q97QB0	HLJICIJH_00978	V-type sodium ATPase subunit D
A0A0H2UQD5	HLJICIJH_00979	hypothetical protein
A0A0H2UQM4	HLJICIJH_00980	IS66 family transposase Orf2
	HLJICIJH_00981	IS66 family transposase ISDeal1
	HLJICIJH_00982	hypothetical protein
A0A0H2UQD7	HLJICIJH_00983	IS5 family transposase ISSpn7
A0A0H2URY6	HLJICIJH_00984	IS1381 transposase OrfB
A0A0H2URS1	HLJICIJH_00985	ABC transporter ATP-binding protein
A0A0H2UQL9	HLJICIJH_00986	Hypothetical protein
A0A0H2UQJ7	HLJICIJH_00987	NADP-specific glutamate dehydrogenase
A0A0H2UQL4	HLJICIJH_00988	IS630 family transposase ISSpn2
A0A0H2UQJ3	HLJICIJH_00989	Ferrous iron transport permease EfeU
P66200	HLJICIJH_00990	LSU ribosomal protein L31p
A0A0H2UQD4	HLJICIJH_00991	DHH family phosphoesterase Pde2
A0A0H2UQC6	HLJICIJH_00992	Flavodoxin
A0A0H2UQC7	HLJICIJH_00993	Chorismate mutase I
Q97QC4	HLJICIJH_00994	ClC-type fluoride channel
Q97QC5	HLJICIJH_00995	ClC-type fluoride channel
Q97QC6	HLJICIJH_00996	LSU ribosomal protein L19p
	HLJICIJH_00997	tRNA-Arg(cct)
A0A0H2UQK8	HLJICIJH_00998	hypothetical protein
A0A0H2UQI8	HLJICIJH_00999	Sugar phosphatase YidA
A0A0H2UQC9	HLJICIJH_01000	dNTP triphosphohydrolase
A0A0H2UQC1	HLJICIJH_01001	Hypothetical protein
Q97QD1	HLJICIJH_01002	Signal recognition particle associated protein
A0A0H2UQC2	HLJICIJH_01003	Signal recognition particle protein Ffh
A0A0H2UQK3	HLJICIJH_01004	Uracil permease
	HLJICIJH_01005	SpF44_sRNA
Q97QD4	HLJICIJH_01006	16S rRNA (guanine(527)-N(7))-methyltransferase RsmG
A0A0H2UQI3	HLJICIJH_01007	LemA
Q97QD6	HLJICIJH_01008	Heat shock protein HtpX
A0A0H2UQC5	HLJICIJH_01009	ABC transporter ATP-binding protein
	HLJICIJH_01010	SpF43_sRNA
A0A0H2UQB6	HLJICIJH_01011	BlpT protein
A0A0H2UQB7	HLJICIJH_01012	Protein%2C clustered with ribosomal protein L32p
A0A0H2UQJ4	HLJICIJH_01013	Endonuclease III
	HLJICIJH_01014	PyrR
P65946	HLJICIJH_01015	Bifunctional uracil phosphoribosyltransferase/pyrimidine operon regulatory protein PyrR
Q97QE2	HLJICIJH_01016	Aspartate carbamoyltransferase
P63733	HLJICIJH_01017	Carbamoyl-phosphate synthase small chain CarA
Q97QE4	HLJICIJH_01018	Carbamoyl-phosphate synthase large chain CarB
A0A0H2UQI0	HLJICIJH_01019	Lipopolysaccharide cholinephosphotransferase LicD2
A0A0H2UQC0	HLJICIJH_01020	Lipopolysaccharide cholinephosphotransferase LicD1
A0A0H2UQB0	HLJICIJH_01021	Membrane protein TacF involved in the export of O-antigen and teichoic acid
Q97QE5	HLJICIJH_01022	Ribitol-5-phosphate cytidylyltransferase
A0A0H2UQB3	HLJICIJH_01023	Ribulose-5-phosphate reductase
A0A0H2UQJ0	HLJICIJH_01024	Choline kinase LicA
A0A0H2UQH5	HLJICIJH_01025	Choline permease LicB
A0A0H2UQB5	HLJICIJH_01026	Cholinephosphate cytidylyltransferase LicC
A0A0H2UQA6	HLJICIJH_01027	DNA protecting protein DprA
A0A0H2UQI4	HLJICIJH_01028	Integral membrane protein
A0A0H2UQH1	HLJICIJH_01029	DNA topoisomerase I
A0A0H2UQB1	HLJICIJH_01030	IS1167 transposase
	HLJICIJH_01031	Srn266
A0A0H2UQA4	HLJICIJH_01032	Hypothetical protein related to heme utilization
A0A0H2UQA3	HLJICIJH_01033	Cytoplasmic copper homeostasis protein CutC
A0A0H2UQH8	HLJICIJH_01034	Hypothetical protein
A0A0H2UQG5	HLJICIJH_01035	2-isopropylmalate synthase
	HLJICIJH_01036	3-isopropylmalate dehydrogenase
	HLJICIJH_01037	3-isopropylmalate dehydrogenase
A0A0H2UQA5	HLJICIJH_01038	Putative membrane protein
Q97QF9	HLJICIJH_01039	3-isopropylmalate dehydratase small subunit
A0A0H2UQH4	HLJICIJH_01040	Hypothetical protein
A0A0H2UQG1	HLJICIJH_01041	Endonuclease
A0A0H2UQA2	HLJICIJH_01042	Hypothetical protein
Q97QG5	HLJICIJH_01043	GMP reductase
	HLJICIJH_01044	tRNA-Arg(ccg)
Q97QG6	HLJICIJH_01045	Ribonuclease III
A0A0H2UQ93	HLJICIJH_01046	Chromosome partition protein SMC
A0A0H2UQ94	HLJICIJH_01047	Hydrolase%2C HAD superfamily
A0A0H2UQG7	HLJICIJH_01048	Hydrolase%2C HAD superfamily
A0A0H2UQF6	HLJICIJH_01049	Signal recognition particle receptor FtsY
O54537	HLJICIJH_01050	Glucose-6-phosphate 1-dehydrogenase
A0A0H2UQ97	HLJICIJH_01051	Glutamine transport ATP-binding protein GlnQ
A0A0H2UQ91	HLJICIJH_01052	Glutamine ABC transporter GlnHP5%2C containing substrate-binding and permease domains
A0A0H2UQ92	HLJICIJH_01053	CAAX amino terminal protease family protein
Q54986	HLJICIJH_01054	Excinuclease ABC subunit B
A0A0H2UQG2	HLJICIJH_01055	Acetyltransferase
A0A0H2UQF2	HLJICIJH_01056	Acetyltransferase
A0A0H2UQ81	HLJICIJH_01057	MutT/Nudix family protein
A0A0H2UQ70	HLJICIJH_01058	Transcriptional repressor of NAD biosynthesis
A0A0H2UQ73	HLJICIJH_01059	Substrate-specific component NiaX of putative niacin ECF transporter
A0A0H2UQD6	HLJICIJH_01060	Substrate-specific component PanT of putative pantothenate ECF transporter
A0A0H2UQD2	HLJICIJH_01061	Phosphopantothenoylcysteine decarboxylase
A0A0H2UQ78	HLJICIJH_01062	Phosphopantothenoylcysteine synthetase
Q97QI2	HLJICIJH_01063	Formate--tetrahydrofolate ligase
A0A0H2UQ65	HLJICIJH_01064	A/G-specific adenine glycosylase
A0A0H2UQ68	HLJICIJH_01065	Two-component system response regulator VicR
A0A0H2UQD0	HLJICIJH_01066	Two-component system sensor histidine kinase VicK
A0A0H2UQC8	HLJICIJH_01067	Zn-dependent hydrolase VicX
A0A0H2UQ74	HLJICIJH_01068	Replicon stabilization protein RelB2
A0A0H2UQ60	HLJICIJH_01069	mRNA interferase RelE2
A0A0H2UQ63	HLJICIJH_01070	Type II restriction-modification system methyltransferase
A0A0H2UQC4	HLJICIJH_01071	Type II restriction-modification system endonuclease
P0A3M9	HLJICIJH_01072	L-lactate dehydrogenase
P72524	HLJICIJH_01073	DNA gyrase subunit A
A0A0H2UQC3	HLJICIJH_01074	Sortase SrtA%2C LPXTG specific
A0A0H2UQ58	HLJICIJH_01075	Formate-nitrate transporter
	HLJICIJH_01076	O-acetyl-L-homoserine sulfhydrylase
A0A0H2UQS2	HLJICIJH_01077	Cystathionine gamma-synthase
A0A0H2UQB9	HLJICIJH_01078	Hypothetical protein
Q97QJ3	HLJICIJH_01079	tRNA pseudouridine synthase B
A0A0H2UQB8	HLJICIJH_01080	Hypothetical protein
A0A0H2UQ64	HLJICIJH_01081	Hypothetical protein
P67413	HLJICIJH_01082	Uridine kinase
Q97QJ8	HLJICIJH_01083	Exodeoxyribonuclease VII large subunit
P67465	HLJICIJH_01084	Exodeoxyribonuclease VII small subunit
A0A0H2UQ53	HLJICIJH_01085	(2E%2C6E)-farnesyl diphosphate synthase
A0A0H2UQB2	HLJICIJH_01086	RNA-binding methyltransferase
A0A0H2UQB4	HLJICIJH_01087	Arginine pathway regulatory protein AhrC
A0A0H2UQ59	HLJICIJH_01088	DNA repair protein RecN
A0A0H2UQ46	HLJICIJH_01089	Serine/threonine protein phosphatase
Q97QK5	HLJICIJH_01090	Translation elongation factor LepA
A0A0H2UN39	HLJICIJH_01091	Hypothetical protein
A0A0H2UQA7	HLJICIJH_01092	Galactose-specific PTS IIA component
A0A0H2UQA9	HLJICIJH_01093	Galactose-specific PTS IIB component
A0A0H2UPU7	HLJICIJH_01094	hypothetical protein
A0A0H2UQ54	HLJICIJH_01095	IS1381 transposase OrfB
	HLJICIJH_01096	Aldose epimerase
Q97QL0	HLJICIJH_01097	Galactose-6-phosphate isomerase%2C LacA subunit
Q97QL1	HLJICIJH_01098	Galactose-6-phosphate isomerase%2C LacB subunit
Q97QL2	HLJICIJH_01099	Tagatose-6-phosphate kinase LacC
Q97QL3	HLJICIJH_01100	Tagatose 1%2C6-diphosphate aldolase
A0A0H2UQ42	HLJICIJH_01101	hypothetical protein
A0A0H2UQA0	HLJICIJH_01102	Beta-glucoside bgl operon antiterminator LacT%2C BglG family
A0A0H2UQA1	HLJICIJH_01103	Lactose-specific PTS IIA component
A0A0H2UQ49	HLJICIJH_01104	Lactose-specific PTS IIBC components
Q97QL9	HLJICIJH_01105	6-phospho-beta-galactosidase
A0A0H2UQ38	HLJICIJH_01106	Lactose phosphotransferase system repressor
A0A0H2UQ95	HLJICIJH_01107	Ribonucleotide reductase of class Ib%2C beta subunit
A0A0H2UQ44	HLJICIJH_01108	Ribonucleotide reductase of class Ib%2C alpha subunit
A0A0H2UQ32	HLJICIJH_01109	Glutaredoxin-like protein NrdH
A0A0H2UQ34	HLJICIJH_01110	Phosphotransferase system%2C phosphocarrier protein HPr
A0A0H2UQ90	HLJICIJH_01111	Phosphoenolpyruvate-protein phosphotransferase of PTS
A0A0H2UQ89	HLJICIJH_01112	Pneumococcal histidine triad protein A
A0A0H2UQ39	HLJICIJH_01113	Pneumococcal histidine triad protein D
A0A0H2UQ28	HLJICIJH_01114	PTS-dependent dihydroxyacetone kinase%2C phosphotransferase subunit DhaM
A0A0H2UQ88	HLJICIJH_01115	2-haloalkanoic acid dehalogenase
A0A0H2UQ87	HLJICIJH_01116	Hypothetical protein
P23379	HLJICIJH_01117	Uracil-DNA glycosylase%2C family 1
P41354	HLJICIJH_01118	8-oxo-dGTP diphosphatase MutX
Q97QN4	HLJICIJH_01119	Dihydroorotase
	HLJICIJH_01120	Hypothetical protein
Q97QN5	HLJICIJH_01121	Dihydrolipoamide acetyltransferase
A0A0H2UQ24	HLJICIJH_01122	Acetoin dehydrogenase E1 component alpha-subunit
A0A0H2UQ21	HLJICIJH_01123	Acetoin dehydrogenase E1 component beta-subunit
A0A0H2UQ85	HLJICIJH_01124	Dihydrolipoamide acetyltransferase (E2) component of acetoin dehydrogenase complex
A0A0H2UQ86	HLJICIJH_01125	Dihydrolipoamide dehydrogenase of acetoin dehydrogenase
A0A0H2UQ30	HLJICIJH_01126	Lipoate-protein ligase A
Q97QP2	HLJICIJH_01127	Tyrosine recombinase XerS
A0A0H2UQ16	HLJICIJH_01128	Voltage-gated chloride channel family protein
Q97QP5	HLJICIJH_01129	Ribonuclease HII
A0A0H2UQ83	HLJICIJH_01130	50S ribosomal subunit maturation GTPase RbgA
Q97QP7	HLJICIJH_01131	IgA1 protease ZmpA
	HLJICIJH_01132	hypothetical protein
A0A0H2UQ84	HLJICIJH_01133	Hypothetical protein
Q97QP9	HLJICIJH_01134	ATP-dependent nuclease subunit RexA
Q97QQ0	HLJICIJH_01135	ATP-dependent nuclease subunit RexB
A0A0H2UQ14	HLJICIJH_01136	IS630 family transposase IS630-Spn1
A0A0H2UQ11	HLJICIJH_01137	IS630 family transposase IS630-Spn1
A0A0H2UQ80	HLJICIJH_01138	hypothetical protein
A0A0H2UQ82	HLJICIJH_01139	hypothetical protein
A0A0H2UQ20	HLJICIJH_01140	Antitoxin HigA
A0A0H2UQ08	HLJICIJH_01141	hypothetical protein
	HLJICIJH_01142	SpF41_sRNA
A0A0H2UQ06	HLJICIJH_01143	hypothetical protein
A0A0H2UQ77	HLJICIJH_01144	hypothetical protein
A0A0H2UQ79	HLJICIJH_01145	hypothetical protein
A0A0H2UQ15	HLJICIJH_01146	hypothetical protein
A0A0H2UQ02	HLJICIJH_01147	hypothetical protein
A0A0H2UQ75	HLJICIJH_01148	Chromosome replication initiation protein DnaD
A0A0H2UQ76	HLJICIJH_01149	hypothetical protein
A0A0H2UQ10	HLJICIJH_01150	hypothetical protein
A0A0H2UPZ8	HLJICIJH_01151	hypothetical protein
A0A0H2UPZ9	HLJICIJH_01152	hypothetical protein
A0A0H2UQ71	HLJICIJH_01153	hypothetical protein
A0A0H2UQ72	HLJICIJH_01154	hypothetical protein
A0A0H2UQ05	HLJICIJH_01155	Tyrosine recombinase XerC
	HLJICIJH_01156	SpF01_sRNA
Q97QS2	HLJICIJH_01157	Enolase
A0A0H2UPZ2	HLJICIJH_01158	Hypothetical protein
A0A0H2UPZ5	HLJICIJH_01159	Glycerate kinase
	HLJICIJH_01160	Phosphoserine phosphatase
Q97QS5	HLJICIJH_01161	Glycogen biosynthesis ADP-glucose--glucan transglucosylase GlgA
A0A0H2UQ67	HLJICIJH_01162	Glycogen biosynthesis glucose-1-phosphate adenylyltransferase subunit GlgD
Q97QS7	HLJICIJH_01163	Glycogen biosynthesis glucose-1-phosphate adenylyltransferase subunit GlgC
Q97QS8	HLJICIJH_01164	1%2C4-alpha-glucan-branching enzyme GlgB
A0A0H2UQ00	HLJICIJH_01165	Glyceraldehyde-3-phosphate dehydrogenase (NADP(+))
A0A0H2UPY6	HLJICIJH_01166	Putative glycogen debranching enzyme
Q97QT2	HLJICIJH_01167	DNA ligase (NAD(+))
A0A0H2UPZ0	HLJICIJH_01168	Macrolide efflux ABC transporter membrane-spanning permease
A0A0H2UQ62	HLJICIJH_01169	Positive transcriptional regulator%2C MutR family
A0A0H2UQ61	HLJICIJH_01170	ABC transporter ATP-binding protein
A0A0H2UPZ3	HLJICIJH_01171	DNA-binding protein HlpA
Q97QT7	HLJICIJH_01172	DegV family protein
A0A0H2UPY2	HLJICIJH_01173	Transporter
A0A0H2UPY5	HLJICIJH_01174	Bifunctional FMN adenylyltransferase/riboflavin kinase RibF
P66135	HLJICIJH_01175	LSU ribosomal protein L27p
A0A0H2UPY9	HLJICIJH_01176	Putative ribosomal protein
Q97QU4	HLJICIJH_01177	LSU ribosomal protein L21p
	HLJICIJH_01178	L21_leader
A0A0H2UPX8	HLJICIJH_01179	Hypothetical protein
P67266	HLJICIJH_01180	Hypothetical protein co-occurring with RecR
	HLJICIJH_01181	Srn266
A0A0H2UQB1	HLJICIJH_01182	IS1167 transposase Orf1
A0A0H2URB0	HLJICIJH_01183	hypothetical protein
A0A0H2UR11	HLJICIJH_01184	IS1167 transposase
	HLJICIJH_01185	SpR14_sRNA
A0A0H2UQ52	HLJICIJH_01186	Phosphate acetyltransferase
A0A0H2UQ50	HLJICIJH_01187	RluD-like protein
P65779	HLJICIJH_01188	NAD kinase
A0A0H2UPY1	HLJICIJH_01189	GTP pyrophosphokinase
A0A0H2UPX3	HLJICIJH_01190	Adenylate cyclase
P65241	HLJICIJH_01191	Ribose-phosphate pyrophosphokinase
A0A0H2UPX6	HLJICIJH_01192	Cysteine desulfurase
A0A0H2UQ47	HLJICIJH_01193	Hypothetical protein
A0A0H2UQ45	HLJICIJH_01194	Hypothetical protein
Q97QV8	HLJICIJH_01195	Redox-sensitive transcriptional regulator Rex
A0A0H2UPW6	HLJICIJH_01196	Glutamine amidotransferase%2C class I
Q97QW0	HLJICIJH_01197	DNA repair protein RadC
A0A0H2UPX1	HLJICIJH_01198	ATP-dependent DNA helicase PcrA
A0A0H2UQ41	HLJICIJH_01199	IS1381 transposase OrfB
A0A0H2URL8	HLJICIJH_01200	IS1381 transposase OrfA
A0A0H2UQD7	HLJICIJH_01201	IS5 family transposase ISSpn7
A0A0H2UQD5	HLJICIJH_01202	hypothetical protein
A0A0H2UQ40	HLJICIJH_01203	Methionine aminopeptidase
A0A0H2UPX2	HLJICIJH_01204	Cytosolic protein containing multiple CBS domains
A0A0H2UPW2	HLJICIJH_01205	Ribosomal-protein-S5p-alanine acetyltransferase
Q97QW6	HLJICIJH_01206	UDP-N-acetylglucosamine 1-carboxyvinyltransferase
	HLJICIJH_01207	group-II-D1D4-3
A0A0H2UPW8	HLJICIJH_01208	Hypothetical protein
Q97QW8	HLJICIJH_01209	GTP-binding protein ObgE
A0A0H2UQ37	HLJICIJH_01210	Hypothetical protein
A0A0H2UQ35	HLJICIJH_01211	Hypothetical protein
A0A0H2UPW9	HLJICIJH_01212	1%2C2-diacylglycerol 3-glucosyltransferase LafA
A0A0H2UPV8	HLJICIJH_01213	Diglucosyl diacylglycerol synthase LafB
A0A0H2UPW4	HLJICIJH_01214	Putative aromatic ring hydroxylating enzyme
P0A4I9	HLJICIJH_01215	RNA polymerase sigma factor RpoD
A0A0H2UQ31	HLJICIJH_01216	DNA primase
A0A0H2UQ29	HLJICIJH_01217	ABC transporter ATP-binding protein
A0A0H2UPW3	HLJICIJH_01218	Putative tryptophan-specific ABC transporter permease protein TrpY
A0A0H2UPV6	HLJICIJH_01219	ABC transporter substrate-binding protein
	HLJICIJH_01220	T-box
Q97QX6	HLJICIJH_01221	Phosphoenolpyruvate carboxylase
A0A0H2UPV4	HLJICIJH_01222	Cell division protein FtsW
A0A0H2UQD7	HLJICIJH_01223	IS5 family transposase IS1381A
	HLJICIJH_01224	pemK
A0A0H2URN2	HLJICIJH_01225	Putative repressor protein%2C phage associated
A0A0H2UQ23	HLJICIJH_01226	IS200/IS605 family transposase ISSpn6
A0A0H2UPV9	HLJICIJH_01227	hypothetical protein
A0A0H2UPV1	HLJICIJH_01228	Vitamin B12 import ATP-binding protein BtuD
A0A0H2UPU9	HLJICIJH_01229	hypothetical protein
A0A0H2UQ22	HLJICIJH_01230	hypothetical protein
A0A0H2UQ18	HLJICIJH_01231	hypothetical protein
A0A0H2UPV3	HLJICIJH_01232	hypothetical protein
A0A0H2UPU6	HLJICIJH_01233	Putative transcriptional regulator PlcR
A0A0H2UPU5	HLJICIJH_01234	hypothetical protein
A0A0H2UQ17	HLJICIJH_01235	Tn5252 Orf9 protein
A0A0H2UQ13	HLJICIJH_01236	Tn5252 Orf10 protein
	HLJICIJH_01237	group-II-D1D4-3
Q97QY9	HLJICIJH_01238	putative protein
Q97QZ0	HLJICIJH_01239	putative protein
Q97QZ1	HLJICIJH_01240	Bifunctional UDP-N-acetylglucosamine kinase/zeta toxin PezT
Q97QZ2	HLJICIJH_01241	Antitoxin PezA
A0A0H2UPU1	HLJICIJH_01242	hypothetical protein
A0A0H2UPT9	HLJICIJH_01243	hypothetical protein
Q54796	HLJICIJH_01244	Neopullulanase
	HLJICIJH_01245	Neopullulanase
Q97QZ6	HLJICIJH_01246	Transcriptional regulator
A0A0H2UQ12	HLJICIJH_01247	Putative hydrolase
A0A0H2UQ09	HLJICIJH_01248	Hypothetical protein
A0A0H2UPU3	HLJICIJH_01249	Hypothetical protein
A0A0H2UPT7	HLJICIJH_01250	Hypothetical protein
A0A0H2UPT4	HLJICIJH_01251	Phage integrase
A0A0H2UQ07	HLJICIJH_01252	Hypothetical protein
	HLJICIJH_01253	pemK
A0A0H2UPU0	HLJICIJH_01254	Putative type II restriction endonuclease
A0A0H2UPS9	HLJICIJH_01255	Iron compound ABC uptake transporter ATP-binding protein PiaD
A0A0H2UQ01	HLJICIJH_01256	Iron compound ABC uptake transporter permease protein PiaC
A0A0H2UPZ7	HLJICIJH_01257	Iron compound ABC uptake transporter permease protein PiaB
A0A0H2UPT5	HLJICIJH_01258	Iron compound ABC uptake transporter substrate-binding protein PiaA
A0A0H2UPS4	HLJICIJH_01259	Hypothetical protein
	HLJICIJH_01260	SpF39_sRNA
	HLJICIJH_01260	
	HLJICIJH_01261	SpF61_sRNA
	HLJICIJH_01261	
Q97R12	HLJICIJH_01262	23S rRNA (uracil(1939)-C(5))-methyltransferase
A0A0H2UPZ4	HLJICIJH_01263	Extracellular protein
Q9AHT6	HLJICIJH_01264	Pneumococcal vaccine antigen A
A0A0H2UPT0	HLJICIJH_01265	Pseudouridylate synthase%2C 23S RNA-specific
Q97R16	HLJICIJH_01266	Serine hydroxymethyltransferase
A0A0H2UPS2	HLJICIJH_01267	N-acetyltransferase%2C GCN5-family
A0A0H2UPR9	HLJICIJH_01268	Threonylcarbamoyl-AMP synthase TsaC
A0A0H2UPZ1	HLJICIJH_01269	Peptide chain release factor N(5)-glutamine methyltransferase
Q97R20	HLJICIJH_01270	Peptide chain release factor 1
A0A0H2UPY8	HLJICIJH_01271	Spermine/spermidine acetyltransferase
Q97R22	HLJICIJH_01272	Thymidine kinase
P67530	HLJICIJH_01273	Bifunctional 4-oxalocrotonate tautomerase/xylose transport system permease protein XylH
Q97R24	HLJICIJH_01274	GTPase and tRNA-U34 5-formylation enzyme MnmE
	HLJICIJH_01275	Srn266
A0A0H2UQB1	HLJICIJH_01276	IS1167 transposase Orf1
A0A0H2UQB1	HLJICIJH_01277	IS1167 transposase
Q97R25	HLJICIJH_01278	4-hydroxy-tetrahydrodipicolinate synthase
A0A0H2UPS5	HLJICIJH_01279	Aspartate-semialdehyde dehydrogenase
	HLJICIJH_01280	asd
	HLJICIJH_01281	tRNA-Thr(ggt)
A0A0H2UPR7	HLJICIJH_01282	Substrate-specific component QueT of putative queuosine-regulated ECF transporter
	HLJICIJH_01283	preQ1-II
A0A0H2UPR4	HLJICIJH_01284	GtrA family protein
A0A0H2UPY7	HLJICIJH_01285	Large-conductance mechanosensitive channel MscL
Q97R30	HLJICIJH_01286	Ferrochelatase%2C protoheme ferro-lyase
Q97R31	HLJICIJH_01287	Tripeptide aminopeptidase PepT
A0A0H2UPY4	HLJICIJH_01288	hypothetical protein
A0A0H2UPR3	HLJICIJH_01289	hypothetical protein
A0A0H2UPR3	HLJICIJH_01290	Pneumococcal histidine triad protein E
A0A0H2UPR3	HLJICIJH_01291	Pneumococcal histidine triad protein E
A0A0H2UPR0	HLJICIJH_01292	Pneumococcal histidine triad protein B
A0A0H2UPY0	HLJICIJH_01293	Laminin-binding surface protein
A0A0H2UPX7	HLJICIJH_01294	Cationic amino acid transporter%2C APC Superfamily
	HLJICIJH_01295	SpF36_sRNA
	HLJICIJH_01295	
A0A0H2UPR5	HLJICIJH_01296	Thiol:disulfide oxidoreductase
A0A0H2UPQ8	HLJICIJH_01297	Cytochrome c-type biogenesis protein CcdA-2
A0A0H2UPQ4	HLJICIJH_01298	Hypothetical protein
A0A0H2XDV8	HLJICIJH_01299	IS630 family transposase IS630-Spn1
A0A0H2UPX0	HLJICIJH_01300	Glycerophosphoryl diester phosphodiesterase
A0A0H2UPQ9	HLJICIJH_01301	DNA polymerase III epsilon subunit
A0A0H2UPQ5	HLJICIJH_01302	Transcriptional regulator OrfX
A0A0H2UPP7	HLJICIJH_01303	Bifunctional 5'-methylthioadenosine nucleosidase/S-adenosylhomocysteine nucleosidase
A0A0H2UPX4	HLJICIJH_01304	Hypothetical protein
A0A0H2UPW5	HLJICIJH_01305	ADP-ribose pyrophosphatase
Q97R46	HLJICIJH_01306	Bifunctional N-acetylglucosamine-1-phosphate uridyltransferase/glucosamine-1-phosphate N-acetyltransferase
A0A0H2UPQ2	HLJICIJH_01307	1%2C4-beta-N-acetylmuramidase%2C lyzozyme M1
A0A0H2UPQ1	HLJICIJH_01308	Membrane protein
A0A0H2UPP4	HLJICIJH_01309	Transcriptional regulator
A0A0H2UPW7	HLJICIJH_01310	Phosphoglycerate mutase family 5 protein
A0A0H2UQW5	HLJICIJH_01311	hypothetical protein
A0A0H2UQQ8	HLJICIJH_01312	IS3 family transposase ISSpn1
Q97R51	HLJICIJH_01313	Putative parvulin type peptidyl-prolyl isomerase PrsA
A0A0H2UPW0	HLJICIJH_01314	O-methyltransferase family protein
A0A0H2UPP8	HLJICIJH_01315	Oligoendopeptidase F
A0A0H2UPP6	HLJICIJH_01316	Competence protein CoiA
A0A0H2UPN9	HLJICIJH_01317	Tellurite methyltransferase TehB
Q97R56	HLJICIJH_01318	tmRNA-binding protein SmpB
A0A0H2UPW1	HLJICIJH_01319	3'-to-5' exoribonuclease RNase R
A0A0H2UPV5	HLJICIJH_01320	Protein-export membrane protein SecG
P0A4K4	HLJICIJH_01321	Multidrug resistance efflux pump PmrA
Q97R60	HLJICIJH_01322	Dephospho-CoA kinase
Q97R61	HLJICIJH_01323	Formamidopyrimidine-DNA glycosylase MutM
P0A3C3	HLJICIJH_01324	GTP-binding protein Era
A0A0H2UPP3	HLJICIJH_01325	Diacylglycerol kinase
Q97R63	HLJICIJH_01326	Metal-dependent hydrolase YbeY
A0A0H2UPP0	HLJICIJH_01327	Fibronectin/fibrinogen-binding protein
P59205	HLJICIJH_01328	Endo-beta-N-acetylglucosaminidase LytB
Q97R65	HLJICIJH_01329	Dihydroorotate dehydrogenase (NAD(+))%2C catalytic subunit
Q97R66	HLJICIJH_01330	Dihydroorotate dehydrogenase (NAD(+))%2C electron transfer subunit
A0A0H2UPN2	HLJICIJH_01331	Lactoylglutathione lyase
P66112	HLJICIJH_01332	LSU ribosomal protein L20p
P66278	HLJICIJH_01333	LSU ribosomal protein L35p
P65144	HLJICIJH_01334	Translation initiation factor 3
	HLJICIJH_01335	L20_leader
A0A0H2UPV7	HLJICIJH_01336	Hypothetical protein
A0A0H2UPV0	HLJICIJH_01337	ABC transporter%2C ATP-binding protein
A0A0H2UPN5	HLJICIJH_01338	Late competence DNA transporter ComEC
A0A0H2UPM7	HLJICIJH_01339	Late competence DNA receptor ComEA
A0A0H2UPV2	HLJICIJH_01340	Acetyltransferase%2C GNAT family
	HLJICIJH_01341	Alanine dehydrogenase
	HLJICIJH_01342	Alanine dehydrogenase 2
A0A0H2UPU4	HLJICIJH_01343	hypothetical protein
A0A0H2UPN4	HLJICIJH_01344	Acetyltransferase
A0A0H2UQ41	HLJICIJH_01345	IS1381 transposase OrfB
A0A0H2UNT3	HLJICIJH_01346	IS5 family transposase IS1515
A0A0H2UPM9	HLJICIJH_01347	Phosphate starvation-inducible protein PhoH
Q97R80	HLJICIJH_01348	Hypothetical protein
A0A0H2UPM3	HLJICIJH_01349	S1 RNA-binding domain protein
Q97R82	HLJICIJH_01350	Ribosome-recycling factor
Q97R83	HLJICIJH_01351	Uridine monophosphate kinase
Q97R84	HLJICIJH_01352	Methylenetetrahydrofolate--tRNA-(uracil-5-)- methyltransferase TrmFO
A0A0H2UPU7	HLJICIJH_01353	IS5 family transposase ISSpn7
A0A0H2UPT8	HLJICIJH_01354	IS1381 transposase OrfB
	HLJICIJH_01355	Replication protein
A0A0H2UQN0	HLJICIJH_01356	Replication protein
A0A0H2UPN0	HLJICIJH_01357	hypothetical protein
A0A0H2UPM6	HLJICIJH_01358	16S rRNA (cytidine(1402)-2'-O)-methyltransferase
Q97R89	HLJICIJH_01359	DNA replication initiation control protein YabA
A0A0H2UPL8	HLJICIJH_01360	DNA polymerase III delta prime subunit
Q97R91	HLJICIJH_01361	Thymidylate kinase
A0A0H2UPT1	HLJICIJH_01362	Pyrroline-5-carboxylate reductase
Q97R94	HLJICIJH_01363	Gamma-glutamyl phosphate reductase
Q97R95	HLJICIJH_01364	Glutamate 5-kinase
A0A0H2UPM5	HLJICIJH_01365	Teichoic acid phosphorylcholine esterase%2C choline-binding protein CbpE
A0A0H2UPM0	HLJICIJH_01366	Ribosomal large subunit pseudouridine synthase D
A0A0H2UPL2	HLJICIJH_01367	Lipoprotein signal peptidase
A0A0H2UPT6	HLJICIJH_01368	Cysteine and methionine metabolism regulator CmbR%2C LysR family
A0A0H2UPM1	HLJICIJH_01369	CAAX amino terminal protease family protein
A0A0H2UPL5	HLJICIJH_01370	Hypothetical protein
A0A0H2UPK8	HLJICIJH_01371	Hydrolase%2C HAD superfamily
A0A0H2UPT3	HLJICIJH_01372	N-carbamoylputrescine amidase
Q97RA4	HLJICIJH_01373	Agmatine deiminase
A0A0H2UPS0	HLJICIJH_01374	Carboxynorspermidine decarboxylase
A0A0H2UPL6	HLJICIJH_01375	Carboxynorspermidine synthase
P66835	HLJICIJH_01376	Spermidine synthase
A0A0H2UPL1	HLJICIJH_01377	hypothetical protein
A0A0H2UPK4	HLJICIJH_01378	Arginine decarboxylase
A0A0H2UPS7	HLJICIJH_01379	ISSpn8 transposase
	HLJICIJH_01380	Hypothetical protein
A0A0H2UPR6	HLJICIJH_01381	ABC transporter permease protein
A0A0H2UPL0	HLJICIJH_01382	ABC transporter ATP-binding protein
	HLJICIJH_01383	Hypothetical protein
A0A0H2UPK6	HLJICIJH_01384	Hypothetical protein
	HLJICIJH_01385	Spd-sr07
	HLJICIJH_01385	
A0A0H2UPJ9	HLJICIJH_01386	Putative phage shock protein C
Q97RB5	HLJICIJH_01387	Putative SprT family zinc-dependent metallopeptidase
A0A0H2UPS3	HLJICIJH_01388	Transcription accessory protein
A0A0H2UPR1	HLJICIJH_01389	hypothetical protein
A0A0H2UPK5	HLJICIJH_01390	Hypothetical protein
A0A0H2UPK0	HLJICIJH_01391	Putative permease
A0A0H2UPJ5	HLJICIJH_01392	ABC transporter substrate-binding protein
A0A0H2UPR8	HLJICIJH_01393	Hypothetical protein
A0A0H2UPQ6	HLJICIJH_01394	Hypothetical protein
A0A0H2XFG9	HLJICIJH_01395	IS5 family transposase ISSpn7
A0A0H2UPK1	HLJICIJH_01396	Membrane-associated protein
A0A0H2UPJ3	HLJICIJH_01397	Pyruvate kinase
Q97RC6	HLJICIJH_01398	6-phosphofructokinase
A0A0H2UPJ0	HLJICIJH_01399	DNA polymerase III alpha subunit
Q97RC8	HLJICIJH_01400	Xaa-Pro dipeptidyl-peptidase
A0A0H2UPR2	HLJICIJH_01401	Arginine pathway regulatory protein ArgR2
A0A0H2UPQ0	HLJICIJH_01402	Type I restriction-modification system restriction subunit R
A0A0H2UPJ6	HLJICIJH_01403	hypothetical protein
A0A0H2UPI8	HLJICIJH_01404	Tyrosine recombinase XerC
A0A0H2UPI6	HLJICIJH_01405	hypothetical protein
A0A0H2UPQ7	HLJICIJH_01406	hypothetical protein
A0A0H2UPP5	HLJICIJH_01407	hypothetical protein
A0A0H2UPJ1	HLJICIJH_01408	Type I restriction-modification system DNA-methyltransferase subunit M
A0A0H2UPI3	HLJICIJH_01409	ATP-grasp-domain-containing protein
A0A0H2UPI1	HLJICIJH_01410	hypothetical protein
A0A0H2UPQ3	HLJICIJH_01411	hypothetical protein
A0A0H2UPP1	HLJICIJH_01412	Putative alpha-dextrin endo-1%2C6-alpha-glucosidase
Q97RE1	HLJICIJH_01413	tRNA 4-thiouridine synthase ThiI
A0A0H2UPI4	HLJICIJH_01414	Putative cysteine desulfurase
A0A0H2UPH8	HLJICIJH_01415	Acetyltransferase
P64166	HLJICIJH_01416	DNA translocase FtsK
A0A0H2UPH7	HLJICIJH_01417	Fructose-specific PTS IIABC components
A0A0H2UPP9	HLJICIJH_01418	1-phosphofructokinase
A0A0H2UPN6	HLJICIJH_01419	Transcriptional repressor of the fructose operon%2C DeoR family
	HLJICIJH_01420	tRNA-Ser(gga)
	HLJICIJH_01421	transfer-messenger RNA%2C SsrA
A0A0H2UPH4	HLJICIJH_01422	Coordinator of zonal cell elongation
A0A0H2UPH1	HLJICIJH_01423	D-alanyl-D-alanine carboxypeptidase%2C penicillin-binding protein 3
A0A0H2UPP2	HLJICIJH_01424	Iron-sulfur cluster assembly protein SufB
A0A0H2UPN1	HLJICIJH_01425	Putative iron-sulfur cluster assembly scaffold protein for SUF system SufE2
A0A0H2UPH3	HLJICIJH_01426	Cysteine desulfurase SufS
A0A0H2UPH0	HLJICIJH_01427	Iron-sulfur cluster assembly protein SufD
A0A0H2UPG7	HLJICIJH_01428	Iron-sulfur cluster assembly ATPase protein SufC
A0A0H2UPN7	HLJICIJH_01429	Hypothetical protein
A0A0H2UPM2	HLJICIJH_01430	DNA polymerase III subunits gamma and tau
A0A0H2UPG8	HLJICIJH_01431	GAF domain-containing protein
	HLJICIJH_01432	Srn266
A0A0H2UQB1	HLJICIJH_01433	IS1167 transposase Orf1
A0A0H2UQB1	HLJICIJH_01434	hypothetical protein
A0A0H2UR11	HLJICIJH_01435	IS1167 transposase
A0A0H2UPG5	HLJICIJH_01436	SSU ribosomal protein S1p
	HLJICIJH_01437	tRNA-Gln(ttg)
	HLJICIJH_01438	tRNA-Tyr(gta)
A0A0H2UPG2	HLJICIJH_01439	Hypothetical protein
P65678	HLJICIJH_01440	Pyrrolidone-carboxylate peptidase
A0A0H2UPN3	HLJICIJH_01441	Putative membrane protein
A0A0H2UPL7	HLJICIJH_01442	Hypothetical protein
P0A4G0	HLJICIJH_01443	Oligopeptide ABC transporter substrate-binding protein
A0A0H2UPG4	HLJICIJH_01444	Branched-chain amino acid aminotransferase
P72525	HLJICIJH_01445	Topoisomerase IV subunit A
A0A0H2UPF9	HLJICIJH_01446	Restriction enzyme BcgI alpha chain-like protein
Q59961	HLJICIJH_01447	Topoisomerase IV subunit B
P0A4P9	HLJICIJH_01448	Acyl-phosphate:glycerol-3-phosphate O-acyltransferase PlsY
A0A0H2UQQ8	HLJICIJH_01449	IS3 family transposase ISSpn1
A0A0H2UQQ8	HLJICIJH_01450	IS3 family transposase ISSpn11
A0A0H2UQW5	HLJICIJH_01451	IS3 family transposase ISSpn11
A0A0H2UPM8	HLJICIJH_01452	Putative deoxyribose-specific ABC transporter permease protein
A0A0H2UPL3	HLJICIJH_01453	Putative deoxyribose-specific ABC transporter permease protein
A0A0H2UPF8	HLJICIJH_01454	Putative deoxyribose-specific ABC transporter ATP-binding protein
A0A0H2UPF3	HLJICIJH_01455	Nucleoside-binding protein
A0A0H2UPF4	HLJICIJH_01456	Cytidine deaminase
Q97RH2	HLJICIJH_01457	Deoxyribose-phosphate aldolase
A0A0H2UPM4	HLJICIJH_01458	Pyrimidine-nucleoside phosphorylase
A0A0H2UPK7	HLJICIJH_01459	16S rRNA (guanine(1207)-N(2))-methyltransferase
A0A0H2UPF5	HLJICIJH_01460	Hypothetical protein
Q97RH6	HLJICIJH_01461	Pantothenate kinase
Q97RH7	HLJICIJH_01462	SSU ribosomal protein S20p
A0A0H2UPE8	HLJICIJH_01463	FlaR-related DNA topology modulation protein
	HLJICIJH_01464	Srn266
A0A0H2UPE9	HLJICIJH_01465	IS1167 transposase
A0A0H2UPL9	HLJICIJH_01466	Purine nucleoside phosphorylase
A0A0H2UPK2	HLJICIJH_01467	Thiol-activated cytolysin
A0A0H2UPF0	HLJICIJH_01468	hypothetical protein
A0A0H2UPE3	HLJICIJH_01469	Bifunctional purine nucleoside phosphorylase/N-ribosylnicotinamide phosphorylase
A0A0H2UPL4	HLJICIJH_01470	hypothetical protein
Q97RI6	HLJICIJH_01471	Phosphopentomutase
Q97RI7	HLJICIJH_01472	Ribose 5-phosphate isomerase A
	HLJICIJH_01473	ADP-dependent (S)-NAD(P)H-hydrate dehydratase
	HLJICIJH_01474	ADP-dependent (S)-NAD(P)H-hydrate dehydratase
A0A0H2UPJ7	HLJICIJH_01475	hypothetical protein
Q97RI9	HLJICIJH_01476	Bifunctional methylenetetrahydrofolate dehydrogenase (NADP+)/methenyltetrahydrofolate cyclohydrolase
A0A0H2UPE4	HLJICIJH_01477	Glutamine ABC transporter ATP-binding protein GlnQ4
A0A0H2UPD8	HLJICIJH_01478	Glutamine ABC transporter permease GlnP4
A0A0H2UPE1	HLJICIJH_01479	Hypothetical protein
P35594	HLJICIJH_01480	ATP-dependent Clp protease ATP-binding subunit ClpE
A0A0H2UPJ2	HLJICIJH_01481	IS630 family transposase IS630-Spn1
A0A0H2XDC9	HLJICIJH_01482	IS630 family transposase IS630-Spn1
A0A0H2UPE0	HLJICIJH_01483	MutT/Nudix family protein
A0A0H2UPD4	HLJICIJH_01484	Hypothetical protein
A0A0H2UQQ8	HLJICIJH_01485	IS3 family transposase ISSpn11
A0A0H2UQQ8	HLJICIJH_01486	IS3 family transposase ISSpn11
	HLJICIJH_01487	hypothetical protein
A0A0H2UQW5	HLJICIJH_01488	hypothetical protein
A0A0H2UQM4	HLJICIJH_01489	IS66 family transposase Orf2
A0A0H2UPK3	HLJICIJH_01490	IS630 family transposase ISSpn2
A0A0H2UPI7	HLJICIJH_01491	IS630 family transposase ISSpn2
Q97RK0	HLJICIJH_01492	Septation ring formation regulator EzrA
P0A4L9	HLJICIJH_01493	DNA gyrase subunit B
A0A0H2UPC8	HLJICIJH_01494	Hydrolase%2C haloacid dehalogenase-like family
A0A0H2UPD2	HLJICIJH_01495	4-methyl-5(b-hydroxyethyl)-thiazole monophosphate biosynthesis enzyme
A0A0H2UPJ8	HLJICIJH_01496	Cell shape-determining protein RodA
A0A0H2UPI0	HLJICIJH_01497	Bifunctional DinG family ATP-dependent helicase YoaA/DnaQ family exonuclease
A0A0H2UPD0	HLJICIJH_01498	Protease
A0A0H2UPC3	HLJICIJH_01499	Hypothetical protein
P0A4I5	HLJICIJH_01500	Two-component system sensor histidine kinase CiaH
P0A4H7	HLJICIJH_01501	Two-component system response regulator CiaR
A0A0H2UPC7	HLJICIJH_01502	Lysyl aminopeptidase PepN
A0A0H2UPJ4	HLJICIJH_01503	Hypothetical protein
A0A0H2UPH5	HLJICIJH_01504	PEP-utilizing enzyme family protein
A0A0H2UPC5	HLJICIJH_01505	MutT/Nudix family protein
A0A0H2UPB7	HLJICIJH_01506	3-Ketoacyl-ACP reductase
A0A0H2UPC2	HLJICIJH_01507	Hypothetical protein
A0A0H2UPI9	HLJICIJH_01508	Putative oxidoreductase
A0A0H2UPG9	HLJICIJH_01509	Hypothetical protein
A0A0H2UPC0	HLJICIJH_01510	Transcriptional regulator%2C PadR family
A0A0H2UN39	HLJICIJH_01511	Hypothetical protein
P67580	HLJICIJH_01512	Methionyl-tRNA synthetase
A0A0H2UPB4	HLJICIJH_01513	ABC transporter permease protein
A0A0H2UPB8	HLJICIJH_01514	ABC transporter ATP-binding protein
A0A0H2UPI5	HLJICIJH_01515	Periplasmic component of efflux system
A0A0H2UPG3	HLJICIJH_01516	Glutathione reductase
A0A0H2UPB6	HLJICIJH_01517	Substrate-specific component BioY of biotin ECF transporter
A0A0H2UPA7	HLJICIJH_01518	Hypothetical protein
A0A0H2UPB2	HLJICIJH_01519	Hypothetical protein
A0A0H2XFG1	HLJICIJH_01520	Anaerobic ribonucleoside-triphosphate reductase
Q97RM4	HLJICIJH_01521	tRNA (guanine(37)-N(1))-methyltransferase
Q97RM5	HLJICIJH_01522	16S rRNA processing protein RimM
A0A0H2UPI2	HLJICIJH_01523	hypothetical protein
A0A0H2UPF7	HLJICIJH_01524	KH domain RNA-binding protein
P66444	HLJICIJH_01525	SSU ribosomal protein S16p
A0A0H2UPA9	HLJICIJH_01526	Hypothetical protein
A0A0H2UPH6	HLJICIJH_01527	Peptidyl-prolyl cis-trans isomerase
A0A0H2UPF2	HLJICIJH_01528	ABC transporter ATP-binding protein
A0A0H2UPA5	HLJICIJH_01529	VanZF-related protein
Q97RN5	HLJICIJH_01530	Bifunctional 23S rRNA (adenine(2503)-C(2))-methyltransferase/tRNA (adenine(37)-C(2))-methyltransferase
A0A0H2UPA1	HLJICIJH_01531	hypothetical protein
P0A4J6	HLJICIJH_01532	Manganese superoxide dismutase
A0A0H2UP98	HLJICIJH_01533	DNA polymerase III delta subunit
Q9X9S0	HLJICIJH_01534	Dihydroorotate dehydrogenase (fumarate)
Q97RN9	HLJICIJH_01535	S-adenosylmethionine synthetase
A0A0H2UPE7	HLJICIJH_01536	ATP-dependent RNA helicase YqfR
A0A0H2UPA0	HLJICIJH_01537	Exodeoxyribonuclease III
P35595	HLJICIJH_01538	Maltose- and glucose-specific PTS IICBA components
A0A0H2UP94	HLJICIJH_01539	Cell division protein FtsX
A0A0H2UPG6	HLJICIJH_01540	Cell division transporter%2C ATP-binding protein FtsE
Q2MGI2	HLJICIJH_01541	Peptide chain release factor 2
A0A0H2UPE2	HLJICIJH_01542	CBS domain protein
A0A0H2UP95	HLJICIJH_01543	Branched-chain amino acid transport ATP-binding protein LivF
A0A0H2UP92	HLJICIJH_01544	Branched-chain amino acid transport ATP-binding protein LivG
A0A0H2UP91	HLJICIJH_01545	Branched-chain amino acid transport system permease protein LivM
A0A0H2UPG1	HLJICIJH_01546	High-affinity branched-chain amino acid transport system permease protein LivH
A0A0H2UPD6	HLJICIJH_01547	High-affinity leucine-specific transport system%2C periplasmic binding protein LivJ
Q97RQ1	HLJICIJH_01548	Hypothetical protein
P63787	HLJICIJH_01549	ATP-dependent Clp protease proteolytic subunit ClpP
Q97RQ3	HLJICIJH_01550	Uracil phosphoribosyltransferase
A0A0H2UP87	HLJICIJH_01551	dCMP deaminase
A0A0H2UP86	HLJICIJH_01552	Transcriptional regulator%2C AcrR family
Q97RQ6	HLJICIJH_01553	DegV family protein
A0A0H2UPF6	HLJICIJH_01554	NAD(FAD)-utilizing dehydrogenase
A0A0H2UPD1	HLJICIJH_01555	MutT/Nudix family protein
A0A0H2UP85	HLJICIJH_01556	HTH-type transcriptional activator mta
A0A0H2UP82	HLJICIJH_01557	Sodium-dependent transporter
A0A0H2UP81	HLJICIJH_01558	Sodium-dependent transporter
A0A0H2UPF1	HLJICIJH_01559	Mannose-6-phosphate isomerase
A0A0H2XDU1	HLJICIJH_01560	6-phospho-beta-glucosidase
A0A0H2UP80	HLJICIJH_01561	IS630 family transposase ISSpn2
A0A0H2UPK3	HLJICIJH_01562	hypothetical protein
A0A0H2XDB7	HLJICIJH_01563	IS630 family transposase ISSpn2
A0A0H2UP77	HLJICIJH_01564	Hypothetical protein
Q54970	HLJICIJH_01565	Pyruvate oxidase
A0A0H2UP76	HLJICIJH_01566	Lead%2C cadmium%2C copper%2C zinc and mercury transporting P-type ATPase
A0A0H2UPE6	HLJICIJH_01567	Copper-exporting ATPase
A0A0H2UPC1	HLJICIJH_01568	Negative transcriptional regulator of copper transport operon
	HLJICIJH_01569	TPP
A0A0H2UP75	HLJICIJH_01570	Hydroxymethylpyrimidine phosphate kinase ThiD
P66920	HLJICIJH_01571	Thiamin-phosphate pyrophosphorylase
Q97RR9	HLJICIJH_01572	Hydroxyethylthiazole kinase
A0A0H2UP72	HLJICIJH_01573	Substrate-specific component ThiW of putative thiazole ECF transporter
A0A0H2UP71	HLJICIJH_01574	Thiaminase II TenA
A0A0H2UPD9	HLJICIJH_01575	Transmembrane component YkoC of energizing module of thiamin-regulated ECF transporter for hydroxymethylpyrimidine
A0A0H2UPB5	HLJICIJH_01576	Duplicated ATPase component YkoD of energizing module of thiamin-regulated ECF transporter for hydroxymethylpyrimidine
A0A0H2UP70	HLJICIJH_01577	Substrate-specific component YkoE of thiamin-regulated ECF transporter for hydroxymethylpyrimidine
	HLJICIJH_01578	TPP
Q97RS5	HLJICIJH_01579	Thiamin-phosphate pyrophosphorylase
Q97RS6	HLJICIJH_01580	Hydroxyethylthiazole kinase
A0A0H2UP67	HLJICIJH_01581	Thiaminase II
	HLJICIJH_01582	TPP
A0A0H2UP66	HLJICIJH_01583	L-Lactate 2-monooxygenase
A0A0H2US47	HLJICIJH_01584	IS1380 family transposase ISSpn5
Q97RS9	HLJICIJH_01585	Class II lysyl-tRNA synthetase
A0A0H2XDS3	HLJICIJH_01586	L-Lactate 2-monooxygenase
A0A0H2UPB0	HLJICIJH_01587	Glutamine ABC transporter permease GlnP3a
A0A0H2UP64	HLJICIJH_01588	Glutamine ABC transporter permease GlnP3b
A0A0H2UP63	HLJICIJH_01589	Glutamine ABC transporter ATP-binding protein GlnQ3
A0A0H2UQR1	HLJICIJH_01590	hypothetical protein
A0A0H2UQR1	HLJICIJH_01591	Amino acid ABC transporter amino acid-binding/permease protein
A0A0H2UP62	HLJICIJH_01592	ABC transporter ATP-binding protein
A0A0H2UPC9	HLJICIJH_01593	Hypothetical protein
A0A0H2UPA6	HLJICIJH_01594	Hypothetical protein
A0A0H2UP59	HLJICIJH_01595	Hypothetical protein
A0A0H2UP58	HLJICIJH_01596	Hypothetical protein
P0CB78	HLJICIJH_01597	Orotate phosphoribosyltransferase
P0CB75	HLJICIJH_01598	Orotidine 5'-phosphate decarboxylase
	HLJICIJH_01599	PyrR
A0A0H2UPC4	HLJICIJH_01600	Putative membrane spanning protein
A0A0H2UQM8	HLJICIJH_01601	Fluoroquinolones export ATP-binding protein
	HLJICIJH_01602	Hypothetical protein
A0A0H2UPA2	HLJICIJH_01603	hypothetical protein
A0A0H2UP54	HLJICIJH_01604	Sulfur carrier protein adenylyltransferase
	HLJICIJH_01605	hypothetical protein
A0A0H2UP53	HLJICIJH_01606	hypothetical protein
A0A0H2UPB9	HLJICIJH_01607	Hypothetical protein
A0A0H2UP96	HLJICIJH_01608	Hypothetical protein
Q97RU7	HLJICIJH_01609	Cell division protein DivIB
P0CB60	HLJICIJH_01610	UDP-N-acetylglucosamine--N-acetylmuramyl- (pentapeptide) pyrophosphoryl-undecaprenol N-acetylglucosamine transferase
Q97RU8	HLJICIJH_01611	UDP-N-acetylmuramoylalanine--D-glutamate ligase
A0A0H2UP48	HLJICIJH_01612	ABC transporter ATP-binding protein
A0A0H2UP50	HLJICIJH_01613	Putative immunity protein
A0A0H2UP43	HLJICIJH_01614	Putative membrane protein
A0A0H2UP44	HLJICIJH_01615	GTP-binding protein TypA
A0A0H2UP42	HLJICIJH_01616	Ribosomal small subunit pseudouridine synthase A
A0A0H2UPA8	HLJICIJH_01617	Hypothetical protein
A0A0H2UP83	HLJICIJH_01618	Rhodanese-like domain protein
A0A0H2UP40	HLJICIJH_01619	Hypothetical protein
A0A0H2UP39	HLJICIJH_01620	Methionine biosynthesis and transport regulator MtaR%2C LysR family
A0A0H2UP37	HLJICIJH_01621	Short-chain dehydrogenase
Q97RW2	HLJICIJH_01622	Ribonuclease Z
A0A0H2UPA3	HLJICIJH_01623	Cystathionine beta-lyase
A0A0H2UP78	HLJICIJH_01624	GTP-binding protein HflX
Q97RW5	HLJICIJH_01625	tRNA dimethylallyltransferase MiaA
A0A0H2UP36	HLJICIJH_01626	Hypothetical protein
P67049	HLJICIJH_01627	Thymidylate synthase
A0A0H2UP34	HLJICIJH_01628	Glucokinase
A0A0H2UP31	HLJICIJH_01629	Endo-beta-N-acetylglucosaminidase%2C choline-binding protein CbpL
A0A0H2UP99	HLJICIJH_01630	2-succinyl-6-hydroxy-2%2C4-cyclohexadiene-1-carboxylate synthase
A0A0H2UP73	HLJICIJH_01631	Bifunctional para-aminobenzoate synthase%2C aminase component/aminodeoxychorismate lyase
Q9L7Q2	HLJICIJH_01632	Zinc metalloprotease ZmpB precursor
Q97RX2	HLJICIJH_01633	YwlG
A0A0H2UP30	HLJICIJH_01634	Two-component sensor kinase YesM
A0A0H2UP29	HLJICIJH_01635	Two-component response regulator YesN
P65443	HLJICIJH_01636	Peptide methionine sulfoxide reductase MsrAB2
A0A0H2UP26	HLJICIJH_01637	Thiol:disulfide oxidoreductase
A0A0H2UP93	HLJICIJH_01638	Cytochrome c-type biogenesis protein CcdA-1
A0A0H2UP68	HLJICIJH_01639	Inner membrane protein YihY
A0A0H2UP25	HLJICIJH_01640	Na+/H+ antiporter
A0A0H2UP21	HLJICIJH_01641	Hypothetical protein
A0A0H2UP89	HLJICIJH_01642	Putative rRNA methylase YtqB
A0A0H2UQS7	HLJICIJH_01643	hypothetical protein
	HLJICIJH_01644	hypothetical protein
A0A0H2UP61	HLJICIJH_01645	Hypothetical protein
	HLJICIJH_01646	SpF25_sRNA
	HLJICIJH_01647	hypothetical protein
A0A0H2URK2	HLJICIJH_01648	hypothetical protein
A0A0H2UP19	HLJICIJH_01649	Beta-galactosidase BgaA
A0A0H2UN39	HLJICIJH_01650	Hypothetical protein
A0A0H2UP20	HLJICIJH_01651	Galactose-specific PTS IIC component
A0A0H2UP17	HLJICIJH_01652	Galactose-specific PTS IIB component
A0A0H2UP84	HLJICIJH_01653	Galactose-specific PTS IIA component
	HLJICIJH_01654	hypothetical protein
A0A0H2UP55	HLJICIJH_01655	Serine protease PrtA precursor
A0A0H2URH1	HLJICIJH_01656	Hypothetical protein
A0A0H2UP15	HLJICIJH_01657	hypothetical protein
A0A0H2UP10	HLJICIJH_01658	Multidrug ABC transporter permease protein
A0A0H2UP79	HLJICIJH_01659	Antibiotic ABC transporter permease protein
A0A0H2UP49	HLJICIJH_01660	ABC transporter ATP-binding protein
A0A0H2UP07	HLJICIJH_01661	Hypothetical protein
A0A0H2UN39	HLJICIJH_01662	Hypothetical protein
	HLJICIJH_01663	Intron_gpII
P66095	HLJICIJH_01664	LSU ribosomal protein L1p (L10Ae)
Q97RZ6	HLJICIJH_01665	LSU ribosomal protein L11p (L12e)
A0A0H2UP74	HLJICIJH_01666	L%2CD-carboxypeptidase
A0A0H2UP45	HLJICIJH_01667	Histidine triad family protein
A0A0H2UP05	HLJICIJH_01668	Deblocking aminopeptidase
A0A0H2UP06	HLJICIJH_01669	Branched-chain amino acid transport system carrier protein
	HLJICIJH_01670	SpF22_sRNA
A0A0H2UP83	HLJICIJH_01671	hypothetical protein
A0A0H2UP01	HLJICIJH_01672	Uracil-DNA glycosylase
A0A0H2UP69	HLJICIJH_01673	Dipeptidase PepV
A0A0H2UP38	HLJICIJH_01674	Bifunctional oxygen-insensitive NAD(P)H nitroreductase/dihydropteridine reductase
A0A0H2UP02	HLJICIJH_01675	Cysteine ABC transporter substrate-binding protein
A0A0H2UNZ7	HLJICIJH_01676	Serine/threonine protein phosphatase
Q97S07	HLJICIJH_01677	Excinuclease ABC subunit C
A0A0H2UP65	HLJICIJH_01678	Putative Zn-dependent protease
A0A0H2UP33	HLJICIJH_01679	tRNA-dependent lipid II-Ala--L-alanine ligase MurN
A0A0H2UNZ9	HLJICIJH_01680	tRNA-dependent lipid II--L-alanine/serine ligase MurM
A0A0H2UNZ8	HLJICIJH_01681	Tributyrin esterase
A0A0H2UNZ5	HLJICIJH_01682	Ribonuclease J2
A0A0H2UP28	HLJICIJH_01683	Single-stranded-DNA-specific exonuclease RecJ
A0A0H2UNZ2	HLJICIJH_01684	Glutamine ABC transporter ATP-binding protein GlnQ4
A0A0H2UNZ3	HLJICIJH_01685	Glutamine ABC transporter substrate-binding protein GlnH2
A0A0H2UNZ1	HLJICIJH_01686	Glutamine ABC transporter permease GlnP2a
A0A0H2UP56	HLJICIJH_01687	Glutamine ABC transporter permease GlnP2b
A0A0H2UP22	HLJICIJH_01688	Oxidoreductase
P0A4S1	HLJICIJH_01689	Class II fructose-bisphosphate aldolase
A0A0H2UNY8	HLJICIJH_01690	Two-component system sensor histidine kinase VncS
A0A0H2UNY7	HLJICIJH_01691	Two-component system response regulator VncR
A0A0H2UP51	HLJICIJH_01692	Peptide ABC transporter membrane-spanning permease Vex3
A0A0H2UP16	HLJICIJH_01693	ABC transporter ATP-binding protein Vex2
A0A0H2UNY4	HLJICIJH_01694	Peptide ABC transporter membrane-spanning permease Vex1
A0A0H2UP46	HLJICIJH_01695	hypothetical protein
A0A0H2UP11	HLJICIJH_01696	Leucine rich protein
A0A0H2UNY0	HLJICIJH_01697	Mini-ribonuclease III
Q97S25	HLJICIJH_01698	Cysteinyl-tRNA synthetase
A0A0H2UNX9	HLJICIJH_01699	Acetyltransferase%2C GNAT family
A0A0H2UNY1	HLJICIJH_01700	Serine acetyltransferase
Q97S28	HLJICIJH_01701	Polyribonucleotide nucleotidyltransferase
A0A0H2UP04	HLJICIJH_01702	5%2C10-methylenetetrahydrofolate reductase
Q97S31	HLJICIJH_01703	5-methyltetrahydropteroyltriglutamate-- homocysteine methyltransferase
A0A0H2UNX7	HLJICIJH_01704	Antitoxin HigA
A0A0H2UPS7	HLJICIJH_01705	ISSpn8 transposase
A0A0H2UNX4	HLJICIJH_01706	Putative integral membrane protein
Q97S34	HLJICIJH_01707	Phenylalanyl-tRNA synthetase beta chain
A0A0H2UNX6	HLJICIJH_01708	N1-spermidine/spermine acetyltransferase PaiA
Q97S36	HLJICIJH_01709	Phenylalanyl-tRNA synthetase alpha chain
A0A0H2UP35	HLJICIJH_01710	6-phospho-beta-glucosidase
A0A0H2UP00	HLJICIJH_01711	Beta-glucoside-specific PTS IIBCA components
A0A0H2UNX2	HLJICIJH_01712	Beta-glucoside bgl operon antiterminator BglG
	HLJICIJH_01713	SpF19_sRNA
A0A0H2UNX1	HLJICIJH_01714	hypothetical protein
A0A0H2UNX3	HLJICIJH_01715	hypothetical protein
A0A0H2UP32	HLJICIJH_01716	hypothetical protein
	HLJICIJH_01717	Srn266
A0A0H2UQV4	HLJICIJH_01718	IS1167 transposase Orf1
A0A0H2UQB1	HLJICIJH_01719	hypothetical protein
	HLJICIJH_01720	hypothetical protein
A0A0H2UNZ6	HLJICIJH_01721	Fic domain protein
A0A0H2UNW9	HLJICIJH_01722	hypothetical protein
A0A0H2UNW9	HLJICIJH_01723	hypothetical protein
A0A0H2XF91	HLJICIJH_01724	hypothetical protein
Q97S45	HLJICIJH_01725	Valyl-tRNA synthetase
A0A0H2UNW7	HLJICIJH_01726	hypothetical protein
A0A0H2UNW8	HLJICIJH_01727	Acetyltransferase
A0A0H2UP27	HLJICIJH_01728	Hypothetical protein
A0A0H2UNZ4	HLJICIJH_01729	Hypothetical protein
A0A0H2UNW4	HLJICIJH_01730	Hypothetical protein
A0A0H2UNW3	HLJICIJH_01731	Hypothetical protein
A0A0H2UNW5	HLJICIJH_01732	Glycerate kinase
	HLJICIJH_01733	hypothetical protein
A0A0H2UNZ0	HLJICIJH_01734	Hypothetical protein
A0A0H2UNW0	HLJICIJH_01735	Hypothetical protein
Q97S56	HLJICIJH_01736	Ribosome-binding factor A
Q97S57	HLJICIJH_01737	Translation initiation factor 2
A0A0H2UNV9	HLJICIJH_01738	L7Ae family ribosomal protein
A0A0H2UNW2	HLJICIJH_01739	Putative nucleic-acid-binding protein implicated in transcription termination
A0A0H2UP18	HLJICIJH_01740	Transcription termination/antitermination protein NusA
Q97S61	HLJICIJH_01741	Bacterial ribosome SSU maturation protein RimP
P67506	HLJICIJH_01742	tRNA (guanine46-N7-)-methyltransferase
A0A0H2UNY6	HLJICIJH_01743	Aminoglycoside phosphotransferase family protein
A0A0H2UNV6	HLJICIJH_01744	Putative protease
A0A0H2UNV8	HLJICIJH_01745	Immunity protein BlpZ
A0A0H2UP13	HLJICIJH_01746	Bacteriocin immunity protein BlpY
A0A0H2UNY2	HLJICIJH_01747	hypothetical protein
A0A0H2UNV4	HLJICIJH_01748	hypothetical protein
A0A0H2UP08	HLJICIJH_01749	hypothetical protein
A0A0H2UNX8	HLJICIJH_01750	Bacteriocin lactacin-F subunit LafA
A0A0H2UNT9	HLJICIJH_01751	IS1381 transposase OrfB
A0A0H2UNT3	HLJICIJH_01752	IS5 family transposase ISSpn7
A0A0H2UNT7	HLJICIJH_01753	hypothetical protein
A0A0H2UNX5	HLJICIJH_01754	hypothetical protein
A0A0H2UNT4	HLJICIJH_01755	Bacteriocin BlpU
A0A0H2UNS9	HLJICIJH_01756	hypothetical protein
A0A0H2UNT2	HLJICIJH_01757	hypothetical protein
Q03727	HLJICIJH_01758	Competence-stimulating peptide ABC transporter ATP-binding protein ComA
Q03727	HLJICIJH_01759	Competence-stimulating peptide ABC transporter ATP-binding protein ComA
Q03727	HLJICIJH_01760	Competence-stimulating peptide ABC transporter ATP-binding protein ComA
A0A0H2UNX0	HLJICIJH_01761	Competence-stimulating peptide ABC transporter permease protein ComB
A0A0H2UNU8	HLJICIJH_01762	hypothetical protein
A0A0H2UNS8	HLJICIJH_01763	Two-component system sensor histidine kinase BlpH
A0A0H2UNS4	HLJICIJH_01764	Two-component system response regulator BlpR
A0A0H2UNS6	HLJICIJH_01765	BlpS protein
A0A0H2UNW6	HLJICIJH_01766	BlpT protein
A0A0H2UNU6	HLJICIJH_01767	ABC transporter permease protein EcsB
A0A0H2UNS3	HLJICIJH_01768	ABC transporter ATP-binding protein EcsA
A0A0H2UNS0	HLJICIJH_01769	Histidine triad nucleotide-binding protein
A0A0H2UNR9	HLJICIJH_01770	Hypothetical protein
P95830	HLJICIJH_01771	Chaperone protein DnaJ
	HLJICIJH_01772	SpF14_sRNA
A0A0H2UNW1	HLJICIJH_01773	Hypothetical protein
P95829	HLJICIJH_01774	Chaperone protein DnaK
Q97S73	HLJICIJH_01775	Heat shock protein GrpE
Q9X4R2	HLJICIJH_01776	Heat-inducible transcription repressor HrcA
A0A0H2UNU4	HLJICIJH_01777	Hypothetical protein
A0A0H2UNV7	HLJICIJH_01778	Type I restriction-modification system restriction subunit R
A0A0H2UNU2	HLJICIJH_01779	Type I restriction-modification system DNA-methyltransferase subunit M
A0A0H2UNR3	HLJICIJH_01780	hypothetical protein
A0A0H2UNR3	HLJICIJH_01781	Type I restriction-modification system%2C specificity subunit S component 2.2
A0A0H2UNR1	HLJICIJH_01782	Type I restriction-modification system%2C specificity subunit S type F
A0A0H2UNQ8	HLJICIJH_01783	Integrase/recombinase CreX (XerC/CodV family)
A0A0H2UNV3	HLJICIJH_01784	Type I restriction-modification system%2C specificity subunit S components 1.1-2.1
	HLJICIJH_01785	hypothetical protein
A0A0H2UNQ5	HLJICIJH_01786	Glutamine synthetase type I
A0A0H2UNQ3	HLJICIJH_01787	Transcriptional regulator%2C MerR family
A0A0H2UNU9	HLJICIJH_01788	Hypothetical protein
Q97S89	HLJICIJH_01789	Phosphoglycerate kinase
A0A0H2UNT5	HLJICIJH_01790	Endo-beta-N-acetylglucosaminidase EndoD
A0A0H2UNQ0	HLJICIJH_01791	Sodium-dependent phosphate transporter NptA
A0A0H2US47	HLJICIJH_01792	IS1380 family transposase ISSpn5
Q97S93	HLJICIJH_01793	CTP synthase
P66717	HLJICIJH_01794	DNA-directed RNA polymerase delta subunit
A0A0H2UNU7	HLJICIJH_01795	Hypothetical protein
A0A0H2UNQ1	HLJICIJH_01796	Hypothetical protein
A0A0H2UNP4	HLJICIJH_01797	Membrane-associated phospholipid phosphatase
A0A0H2UNP3	HLJICIJH_01798	Substrate-specific component RibU of riboflavin ECF transporter
	HLJICIJH_01799	FMN
A0A0H2UNS5	HLJICIJH_01800	tRNA (cytidine(34)-2'-O)-methyltransferase
	HLJICIJH_01801	23S-methyl
A0A0H2UNP6	HLJICIJH_01802	Transmembrane component MtsC of energizing module of methionine-regulated ECF transporter
Q97SA3	HLJICIJH_01803	Duplicated ATPase component MtsB of energizing module of methionine-regulated ECF transporter
A0A0H2URH1	HLJICIJH_01804	Hypothetical protein
Q97SA4	HLJICIJH_01805	Substrate-specific component MtsA of methionine-regulated ECF transporter
A0A0H2UNN7	HLJICIJH_01806	Hypothetical protein
A0A0H2UNN9	HLJICIJH_01807	Trk family potassium uptake protein TrkA
A0A0H2UNU3	HLJICIJH_01808	Trk family potassium uptake protein TrkH
A0A0H2UNS1	HLJICIJH_01809	Lactose-specific PTS IIBC components
Q97SA9	HLJICIJH_01810	6-phospho-beta-galactosidase
A0A0H2UNP1	HLJICIJH_01811	Lactose-specific PTS IIA component
A0A0H2UNN2	HLJICIJH_01812	Hypothetical protein
A0A0H2UNN6	HLJICIJH_01813	Cellobiose-specific PTS IIC component
A0A0H2UNU1	HLJICIJH_01814	Xylose repressor protein
	HLJICIJH_01815	Hypothetical protein
A0A0H2UNN4	HLJICIJH_01816	Hypothetical protein
A0A0H2UNM6	HLJICIJH_01817	hypothetical protein
	HLJICIJH_01818	Srn266
A0A0H2UR11	HLJICIJH_01819	IS1167 transposase Orf1
A0A0H2UQB1	HLJICIJH_01820	IS1167 transposase Orf2
A0A0H2UNN1	HLJICIJH_01821	hypothetical protein
A0A0H2UNU0	HLJICIJH_01822	hypothetical protein
A0A0H2UNQ9	HLJICIJH_01823	hypothetical protein
A0A0H2UNM0	HLJICIJH_01824	hypothetical protein
A0A0H2UNM7	HLJICIJH_01825	hypothetical protein
A0A0H2UNT6	HLJICIJH_01826	hypothetical protein
A0A0H2UNQ4	HLJICIJH_01827	hypothetical protein
	HLJICIJH_01828	Srn266
A0A0H2UNM1	HLJICIJH_01829	IS1167 transposase
A0A0H2UNL5	HLJICIJH_01830	Pyruvate formate-lyase
Q97SC7	HLJICIJH_01831	DNA polymerase IV
P60934	HLJICIJH_01832	Undecaprenyl-diphosphatase
A0A0H2UPL1	HLJICIJH_01833	hypothetical protein
A0A0H2UPL1	HLJICIJH_01834	hypothetical protein
A0A0H2UNT1	HLJICIJH_01835	Hypothetical protein
A0A0H2UNP9	HLJICIJH_01836	Glutamine ABC transporter permease GlnHP1
A0A0H2UNL6	HLJICIJH_01837	Glutamine ABC transporter ATP-binding protein GlnQ1
A0A0H2UNL1	HLJICIJH_01838	Hypothetical protein
A0A0H2UNL9	HLJICIJH_01839	Threonine dehydratase
A0A0H2UNS7	HLJICIJH_01840	Hypothetical protein
A0A0H2UNP2	HLJICIJH_01841	hypothetical protein
Q97SD7	HLJICIJH_01842	Ketol-acid reductoisomerase
A0A0H2UNL0	HLJICIJH_01843	Acetolactate synthase small subunit
A0A0H2UNK5	HLJICIJH_01844	Acetolactate synthase large subunit
A0A0H2UNS2	HLJICIJH_01845	Dihydroxyacetone kinase-like protein
A0A0H2UNN8	HLJICIJH_01846	Putative alkaline-shock protein
P66155	HLJICIJH_01847	LSU ribosomal protein L28p
A0A0H2URA3	HLJICIJH_01848	Putative CDP-glycerol:glycerophosphate glycerophosphotransferase
Q97SE4	HLJICIJH_01849	Peptide chain release factor 3
Q97SE5	HLJICIJH_01850	Bifunctional aspartyl-tRNA(Asp) amidotransferase subunit C/glutamyl-tRNA(Glu) amidotransferase subunit C
Q97SE6	HLJICIJH_01851	Bifunctional aspartyl-tRNA(Asp) amidotransferase subunit A/glutamyl-tRNA(Glu) amidotransferase subunit A
Q97SE7	HLJICIJH_01852	Bifunctional aspartyl-tRNA(Asp) amidotransferase subunit B/glutamyl-tRNA(Glu) amidotransferase subunit B
P64042	HLJICIJH_01853	Translation elongation factor P
A0A0H2UNK7	HLJICIJH_01854	Alkaline shock protein
P65582	HLJICIJH_01855	Transcription termination protein NusB
A0A0H2UR11	HLJICIJH_01856	IS1167 transposase
A0A0H2UQB1	HLJICIJH_01857	IS1167 transposase
	HLJICIJH_01858	Srn266
A0A0H2UNK9	HLJICIJH_01859	hypothetical protein
A0A0H2UNR8	HLJICIJH_01860	Hypothetical protein
Q9FBB7	HLJICIJH_01861	Acetyl-coenzyme A carboxyl transferase alpha chain
P0CC08	HLJICIJH_01862	Acetyl-coenzyme A carboxyl transferase beta chain
A0A0H2UNK1	HLJICIJH_01863	Biotin carboxylase of acetyl-CoA carboxylase
P59201	HLJICIJH_01864	3-hydroxyacyl-(acyl-carrier-protein) dehydratase FabZ
A0A0H2UNJ7	HLJICIJH_01865	Biotin carboxyl carrier protein of acetyl-CoA carboxylase
A0A0H2UNK4	HLJICIJH_01866	3-oxoacyl-(acyl-carrier-protein) synthase FabF
A0A0H2UNR2	HLJICIJH_01867	3-oxoacyl-[acyl-carrier protein] reductase FabG1
A0A0H2UNN0	HLJICIJH_01868	Malonyl CoA-acyl carrier protein transacylase FabD
A0A0H2UNJ5	HLJICIJH_01869	Enoyl-(acyl-carrier-protein) reductase FabK
P0A2W0	HLJICIJH_01870	Acyl carrier protein
P0A3C5	HLJICIJH_01871	3-oxoacyl-(acyl-carrier-protein) synthase FabH
A0A0H2UNJ1	HLJICIJH_01872	Transcriptional regulator of fatty acid biosynthesis FabT
A0A0H2UNJ9	HLJICIJH_01873	Trans-2%2Ccis-3-Decenoyl-ACP isomerase
A0A0H2UNM5	HLJICIJH_01874	Aspartokinase
A0A0H2UNI9	HLJICIJH_01875	Putative regulator of the mannose operon ManO
Q97SG0	HLJICIJH_01876	Seryl-tRNA synthetase
A0A0H2UNI7	HLJICIJH_01877	Exfoliative toxin A
A0A0H2UNJ6	HLJICIJH_01878	Macrophage infectivity potentiator protein
A0A0H2UNQ2	HLJICIJH_01879	Sodium/glycine symporter GlyP
	HLJICIJH_01880	Glycine
Q97SG5	HLJICIJH_01881	Recombination inhibitory protein MutS2
A0A0H2UNI6	HLJICIJH_01882	Z-ring positive regulator ZapB
A0A0H2UNI4	HLJICIJH_01883	Z-ring positive regulator ZapA
O07874	HLJICIJH_01884	Ribonuclease HIII
O07344	HLJICIJH_01885	Signal peptidase I
A0A0H2UNJ2	HLJICIJH_01886	RecD-like DNA helicase YrrC
Q97SG9	HLJICIJH_01887	Cell division trigger factor
Q97SH1	HLJICIJH_01888	Mannitol-1-phosphate 5-dehydrogenase
A0A0H2UNL8	HLJICIJH_01889	Mannitol-specific PTS IIA component
A0A0H2UNI1	HLJICIJH_01890	Mannitol operon activator%2C BglG family
Q97SH4	HLJICIJH_01891	Mannitol-specific PTS IIBC components
A0A0H2UQW5	HLJICIJH_01892	hypothetical protein
	HLJICIJH_01893	hypothetical protein
A0A0H2UQQ8	HLJICIJH_01894	hypothetical protein
A0A0H2UQQ8	HLJICIJH_01895	IS3 family transposase ISSpn4
A0A0H2UNH9	HLJICIJH_01896	Choline-binding protein CbpK
A0A0H2UNI2	HLJICIJH_01897	hypothetical protein
A0A0H2UNP5	HLJICIJH_01898	Hypothetical protein
	HLJICIJH_01899	hypothetical protein
A0A0H2UNL2	HLJICIJH_01900	Two-component transcriptional regulator VraR
A0A0H2UNH7	HLJICIJH_01901	Two-component system sensor histidine kinase VraS
A0A0H2UNH4	HLJICIJH_01902	Cell wall-active antibiotics response protein VraT
Q97SH8	HLJICIJH_01903	Isopentenyl-diphosphate delta-isomerase%2C FMN-dependent
A0A0H2UNH6	HLJICIJH_01904	Phosphomevalonate kinase
A0A0H2UNP0	HLJICIJH_01905	Diphosphomevalonate decarboxylase
A0A0H2UNK6	HLJICIJH_01906	Mevalonate kinase
A0A0H2UNH0	HLJICIJH_01907	hypothetical protein
A0A0H2UNH1	HLJICIJH_01908	hypothetical protein
A0A0H2UNG7	HLJICIJH_01909	Macrolide-efflux protein
A0A0H2UNH0	HLJICIJH_01910	Choline-binding protein CbpF
A0A0H2UNN3	HLJICIJH_01911	Choline-binding protein CbpF
A0A0H2UNK2	HLJICIJH_01912	Orphan response regulator RitR
A0A0H2UNG6	HLJICIJH_01913	6-phosphogluconate dehydrogenase%2C decarboxylating
A0A0H2UNG3	HLJICIJH_01914	Mid-cell-anchored protein Z
A0A0H2UNG1	HLJICIJH_01915	23S rRNA (guanine(2445)-N(2))-methyltransferase
	HLJICIJH_01916	RNaseP_bact_b
Q97SI9	HLJICIJH_01917	Cell division protein GpsB
Q97SJ0	HLJICIJH_01918	Hypothetical protein
P0A455	HLJICIJH_01919	RecU Holliday junction resolvase
Q04707	HLJICIJH_01920	Multimodular transpeptidase-transglycosylase%2C penicillin-binding protein 1A
Q2MGH6	HLJICIJH_01921	Endo-alpha-N-acetylgalactosaminidase Eng
P35592	HLJICIJH_01922	Oligopeptide ABC transporter%2C periplasmic oligopeptide-binding protein AliA
A0A0H2UQD5	HLJICIJH_01923	IS66 family transposase Orf1
A0A0H2UQM4	HLJICIJH_01924	IS66 family transposase Orf2
A0A0H2XDB7	HLJICIJH_01925	IS630 family transposase ISSpn2
	HLJICIJH_01926	hypothetical protein
A0A0H2UNJ4	HLJICIJH_01927	UDP-2%2C3-diacetamido-2%2C3-dideoxy-D-glucuronate 2-epimerase
A0A0H2UNG2	HLJICIJH_01928	UDP-2-acetamido-2%2C6-beta-L-arabino-hexul-4-ose reductase
A0A0H2UNF8	HLJICIJH_01929	UDP-glucose 4-epimerase
A0A0H2UNF3	HLJICIJH_01930	UDP-N-acetylglucosamine 2-epimerase
A0A0H2UNM3	HLJICIJH_01931	Putative O-antigen transporter
A0A0H2UNJ0	HLJICIJH_01932	hypothetical protein
A0A0H2UNF7	HLJICIJH_01933	hypothetical protein
A0A0H2UNF4	HLJICIJH_01934	Putative glycosyltransferase EpsF
A0A0H2UNE9	HLJICIJH_01935	hypothetical protein
A0A0H2UNL7	HLJICIJH_01936	hypothetical protein
A0A0H2UNI5	HLJICIJH_01937	Undecaprenyl-phosphate galactosephosphotransferase Cps2E
Q9AHD2	HLJICIJH_01938	Tyrosine-protein kinase Cps2D
Q97SJ6	HLJICIJH_01939	Capsular biosynthesis protein Cps2C
Q9AHD4	HLJICIJH_01940	Tyrosine-protein phosphatase Cps2B
A0A0H2UNF1	HLJICIJH_01941	Exopolysaccharide biosynthesis transcriptional regulator Cps2A
A0A0H2UNB9	HLJICIJH_01942	IS630 family transposase IS630-Spn1
A0A0H2UNE8	HLJICIJH_01943	IS630 family transposase IS630-Spn1
A0A0H2US47	HLJICIJH_01944	IS1380 family transposase ISSpn5
Q54796	HLJICIJH_01945	Glucan 1%2C6-alpha-glucosidase
Q97SJ8	HLJICIJH_01946	ATP-dependent Zn protease
P65334	HLJICIJH_01947	Bifunctional S-ribosylhomocysteine lyase/autoinducer-2 production protein LuxS
A0A0H2UNL3	HLJICIJH_01948	Putative ATP-dependent Clp proteinase ATP-binding subunit ClpL
P0CB59	HLJICIJH_01949	Phospho-N-acetylmuramoyl-pentapeptide- transferase
P14677	HLJICIJH_01950	Penicillin-binding protein 2X
A0A0H2UNI0	HLJICIJH_01951	Cell division protein FtsL
P0CB58	HLJICIJH_01952	16S rRNA (cytosine(1402)-N(4))-methyltransferase MraW
A0A0H2UNE5	HLJICIJH_01953	Transcriptional regulator%2C PbsX family
A0A0H2UNE4	HLJICIJH_01954	hypothetical protein
A0A0H2UNE4	HLJICIJH_01955	Hypothetical protein
A0A0H2XFH7	HLJICIJH_01956	hypothetical protein
A0A0H2UND7	HLJICIJH_01957	Transcriptional regulator RegR
A0A0H2UNK8	HLJICIJH_01958	Oligohyaluronate lyase
A0A0H2US47	HLJICIJH_01959	IS1380 family transposase ISSpn5
A0A0H2UNE0	HLJICIJH_01960	Oligohyaluronate lyase
A0A0H2UND6	HLJICIJH_01961	Preprotein translocase subunit YajC
A0A0H2UND3	HLJICIJH_01962	Hyaluronate-oligosaccharide-specific PTS IID component
A0A0H2UNK3	HLJICIJH_01963	Hyaluronate-oligosaccharide-specific PTS IIC component
A0A0H2UNH3	HLJICIJH_01964	Hyaluronate-oligosaccharide-specific PTS IIB component
A0A0H2UND5	HLJICIJH_01965	Unsaturated chondroitin disaccharide hydrolase
A0A0H2UND1	HLJICIJH_01966	Hyaluronate-oligosaccharide-specific PTS IIA component
A0A0H2UNC9	HLJICIJH_01967	2-deoxy-D-gluconate 3-dehydrogenase
A0A0H2UNJ8	HLJICIJH_01968	Putative 4-deoxy-L-threo-5-hexosulose-uronate ketol-isomerase
A0A0H2UNG9	HLJICIJH_01969	2-dehydro-3-deoxygluconokinase
A0A0H2UNC8	HLJICIJH_01970	Bifunctional 4-hydroxy-2-oxoglutarate aldolase/2-dehydro-3-deoxyphosphogluconate aldolase
A0A0H2UQ23	HLJICIJH_01971	IS200/IS605 family transposase ISStin10
Q54873	HLJICIJH_01972	Hyaluronate lyase precursor SpnHL
A0A0H2UNC4	HLJICIJH_01973	Glutathione peroxidase family protein
	HLJICIJH_01974	SpF11_sRNA
A0A0H2UNJ3	HLJICIJH_01975	Maltodextrin glucosidase
	HLJICIJH_01976	SpF10_sRNA
	HLJICIJH_01976	
	HLJICIJH_01977	hypothetical protein
A0A0H2UNG4	HLJICIJH_01978	Hypothetical protein
A0A0H2UNC6	HLJICIJH_01979	Cellobiose-specific PTS IIC component
A0A0H2UNB8	HLJICIJH_01980	Hypothetical protein
A0A0H2UNC0	HLJICIJH_01981	Cellobiose-specific PTS IIA component
A0A0H2UNI8	HLJICIJH_01982	Transcriptional antiterminator of lichenan operon%2C BglG family
A0A0H2UNF9	HLJICIJH_01983	Transcriptional antiterminator of lichenan operon%2C BglG family
A0A0H2UNC2	HLJICIJH_01984	Cellobiose-specific PTS IIB component
A0A0H2UNB3	HLJICIJH_01985	Hypothetical protein
A0A0H2UNB4	HLJICIJH_01986	6-phospho-beta-glucosidase
A0A0H2UNI3	HLJICIJH_01987	Hypothetical protein
A0A0H2UNF5	HLJICIJH_01988	IS630 family transposase IS630-Spn1
A0A0H2UNB9	HLJICIJH_01989	IS630 family transposase IS630-Spn1
A0A0H2UNA8	HLJICIJH_01990	hypothetical protein
A0A0H2UNH8	HLJICIJH_01991	hypothetical protein
Q97SN4	HLJICIJH_01992	SSU ribosomal protein S9p (S16e)
A0A0H2UNF0	HLJICIJH_01993	LSU ribosomal protein L13p (L13Ae)
	HLJICIJH_01994	L13_leader
A0A0H2UNB6	HLJICIJH_01995	Hypothetical protein
P22291	HLJICIJH_01996	Bifunctional dihydroneopterin aldolase/2-amino-4-hydroxy-6-hydroxymethyldihydropteridine pyrophosphokinase
P51595	HLJICIJH_01997	GTP cyclohydrolase I type 1
A0A0H2UNA3	HLJICIJH_01998	Bifunctional dihydrofolate synthase/folylpolyglutamate synthase
P05382	HLJICIJH_01999	Dihydropteroate synthase
A0A0H2UNA5	HLJICIJH_02000	Membrane-bound protease%2C CAAX family
A0A0H2UNH2	HLJICIJH_02001	Guanine-hypoxanthine permease
A0A0H2UNE6	HLJICIJH_02002	Hydrolase%2C HAD superfamily
A0A0H2UNB1	HLJICIJH_02003	Alcohol dehydrogenase
A0A0H2UN99	HLJICIJH_02004	Mannose-specific PTS IIAB components
A0A0H2UNA0	HLJICIJH_02005	Mannose-specific PTS IIC component
A0A0H2UNG8	HLJICIJH_02006	Mannose-specific PTS IID component
A0A0H2UNE1	HLJICIJH_02007	Aminopeptidase C
A0A0H2UNA4	HLJICIJH_02008	Ribosomal small subunit pseudouridine synthase A
A0A0H2UN94	HLJICIJH_02009	Membrane protein
A0A0H2UN95	HLJICIJH_02010	Aminopeptidase PepS
A0A0H2UNG5	HLJICIJH_02011	Hypothetical protein
A0A0H2UND9	HLJICIJH_02012	mRNA interferase RelE1
A0A0H2UN98	HLJICIJH_02013	Antitoxin RelB1
Q97SQ2	HLJICIJH_02014	DNA polymerase III
P64022	HLJICIJH_02015	Translation elongation factor G
Q97SQ4	HLJICIJH_02016	SSU ribosomal protein S7p (S5e)
P0A4A7	HLJICIJH_02017	SSU ribosomal protein S12p (S23e)
A0A0H2UNG0	HLJICIJH_02018	Pullulanase SpuA
A0A0H2UND4	HLJICIJH_02019	Oxidoreductase
Q97SQ9	HLJICIJH_02020	Glucosamine--fructose-6-phosphate aminotransferase
A0A0H2UN93	HLJICIJH_02021	6-phospho-beta-glucosidase
Q97SR1	HLJICIJH_02022	Prolyl-tRNA synthetase
Q97SR2	HLJICIJH_02023	Intramembrane protease Eep
A0A0H2UN85	HLJICIJH_02024	Phosphatidate cytidylyltransferase
Q97SR4	HLJICIJH_02025	Undecaprenyl diphosphate synthase
	HLJICIJH_02026	csRNA
A0A0H2UN86	HLJICIJH_02027	Hypothetical protein
Q97SR6	HLJICIJH_02028	Holliday junction DNA helicase RuvB
	HLJICIJH_02029	csRNA
	HLJICIJH_02030	hypothetical protein
	HLJICIJH_02031	hypothetical protein
	HLJICIJH_02032	Group II intron-encoded protein LtrA
	HLJICIJH_02033	group-II-D1D4-1
	HLJICIJH_02034	group-II-D1D4-3
	HLJICIJH_02035	csRNA
A0A0H2UND0	HLJICIJH_02036	Acetyltransferase%2C GNAT family
A0A0H2UN87	HLJICIJH_02037	Acetyltransferase%2C GNAT family
Q97SS0	HLJICIJH_02038	Leucyl-tRNA synthetase
A0A0H2UN77	HLJICIJH_02039	Glycerol dehydrogenase
Q97SS2	HLJICIJH_02040	Transaldolase
A0A0H2UN81	HLJICIJH_02041	Pyruvate formate-lyase
A0A0H2UNF2	HLJICIJH_02042	Cellobiose-specific PTS IIC component
A0A0H2UNC3	HLJICIJH_02043	Cellobiose-specific PTS IIB component
A0A0H2UN82	HLJICIJH_02044	Cellobiose-specific PTS IIA component
A0A0H2UN73	HLJICIJH_02045	Transcriptional regulator
A0A0H2UN76	HLJICIJH_02046	Transcriptional regulator%2C DeoR family
A0A0H2UNE7	HLJICIJH_02047	Pyruvate formate-lyase activating enzyme
A0A0H2UN78	HLJICIJH_02048	ABC transporter%2C substrate-binding protein
A0A0H2UN68	HLJICIJH_02049	Ferric iron ABC transporter ATP-binding protein
A0A0H2URD4	HLJICIJH_02050	hypothetical protein
A0A0H2URD4	HLJICIJH_02051	hypothetical protein
	HLJICIJH_02052	hypothetical protein
A0A0H2UN71	HLJICIJH_02053	Phosphoglycerate mutase family protein
	HLJICIJH_02054	csRNA
Q97ST4	HLJICIJH_02055	hypothetical protein
P67382	HLJICIJH_02056	ACT domain-containing transcriptional regulator
	HLJICIJH_02057	L17DE
Q97ST6	HLJICIJH_02058	LSU ribosomal protein L17p
P66708	HLJICIJH_02059	DNA-directed RNA polymerase alpha subunit
P66359	HLJICIJH_02060	SSU ribosomal protein S11p (S14e)
P66392	HLJICIJH_02061	SSU ribosomal protein S13p (S18e)
P0A495	HLJICIJH_02062	LSU ribosomal protein L36p
P65121	HLJICIJH_02063	Translation initiation factor 1
Q97SU1	HLJICIJH_02064	Adenylate kinase
A0A0H2UNE3	HLJICIJH_02065	Protein translocase subunit SecY
Q97SU3	HLJICIJH_02066	LSU ribosomal protein L15p (L27Ae)
Q97SU4	HLJICIJH_02067	LSU ribosomal protein L30p (L7e)
P66581	HLJICIJH_02068	SSU ribosomal protein S5p (S2e)
Q97SU6	HLJICIJH_02069	LSU ribosomal protein L18p (L5e)
Q97SU7	HLJICIJH_02070	LSU ribosomal protein L6p (L9e)
P66632	HLJICIJH_02071	SSU ribosomal protein S8p (S15Ae)
P66419	HLJICIJH_02072	SSU ribosomal protein S14p (S29e)
Q97SV1	HLJICIJH_02073	LSU ribosomal protein L5p (L11e)
P60629	HLJICIJH_02074	LSU ribosomal protein L24p (L26e)
P0A473	HLJICIJH_02075	LSU ribosomal protein L14p (L23e)
P0A4B3	HLJICIJH_02076	SSU ribosomal protein S17p (S11e)
P0A483	HLJICIJH_02077	LSU ribosomal protein L29p (L35e)
P0A475	HLJICIJH_02078	LSU ribosomal protein L16p (L10e)
P0A4C3	HLJICIJH_02079	SSU ribosomal protein S3p (S3e)
P61182	HLJICIJH_02080	LSU ribosomal protein L22p (L17e)
P0A4B5	HLJICIJH_02081	SSU ribosomal protein S19p (S15e)
Q97SV2	HLJICIJH_02082	LSU ribosomal protein L2p (L8e)
Q97SV3	HLJICIJH_02083	LSU ribosomal protein L23p (L23Ae)
Q97SV4	HLJICIJH_02084	LSU ribosomal protein L4p (L1e)
Q97SV5	HLJICIJH_02085	LSU ribosomal protein L3p (L3e)
P66339	HLJICIJH_02086	SSU ribosomal protein S10p (S20e)
A0A0H2UN72	HLJICIJH_02087	Hypothetical protein
A0A0H2UN65	HLJICIJH_02088	Ribonucleotide reductase of class III%2C activating protein
A0A0H2UND8	HLJICIJH_02089	Acetyltransferase
A0A0H2UN67	HLJICIJH_02090	Ribonucleotide reductase of class III%2C large subunit
A0A0H2UN59	HLJICIJH_02091	Competence-damage induced protein
	HLJICIJH_02092	Hypothetical protein
A0A0H2UND2	HLJICIJH_02093	Cardiolipin synthetase
A0A0H2UNA1	HLJICIJH_02094	Hypothetical protein
A0A0H2UN62	HLJICIJH_02095	Bifunctional dihydrofolate synthase/folylpolyglutamate synthase
Q97SX0	HLJICIJH_02096	Hypothetical protein
	HLJICIJH_02097	Putative pre-16S rRNA nuclease YqgF
Q97SX1	HLJICIJH_02098	Hypothetical protein
A0A0H2UNC7	HLJICIJH_02099	Hypothetical protein
A0A0H2UN57	HLJICIJH_02100	Transcriptional regulator SpxA2
A0A0H2UN49	HLJICIJH_02101	MP-%2CMA-%2CMS-%2CAP-%2CNP-specific aminopeptidase YpdF
P63384	HLJICIJH_02102	Excinuclease ABC subunit A UvrA
A0A0H2UNC1	HLJICIJH_02103	Magnesium and cobalt transport protein CorA1
A0A0H2UN91	HLJICIJH_02104	Integral membrane protein
A0A0H2UN46	HLJICIJH_02105	Muramoyltetrapeptide carboxypeptidase
A0A0H2UN44	HLJICIJH_02106	CAAX amino terminal protease family protein
A0A0H2UNB7	HLJICIJH_02107	DNA-3-methyladenine glycosylase
Q97SY4	HLJICIJH_02108	Holliday junction DNA helicase RuvA
	HLJICIJH_02109	FMN
A0A0H2UN84	HLJICIJH_02110	Bifunctional diaminohydroxyphosphoribosylaminopyrimidine deaminase/5-amino-6-(5-phosphoribosylamino)uracil reductase RibD
A0A0H2UN48	HLJICIJH_02111	Riboflavin synthase RibE
A0A0H2UN41	HLJICIJH_02112	Bifunctional 3%2C4-dihydroxy-2-butanone 4-phosphate synthase/GTP cyclohydrolase II RibB
P66040	HLJICIJH_02113	6%2C7-dimethyl-8-ribityllumazine synthase RibH
P0A3R1	HLJICIJH_02114	DNA mismatch repair protein HexB
A0A0H2UN36	HLJICIJH_02115	hypothetical protein
A0A0H2UN34	HLJICIJH_02116	hypothetical protein
A0A0H2UNA7	HLJICIJH_02117	2-[(L-alanin-3-ylcarbamoyl)methyl]-2-hydroxybutanedioate decarboxylase
	HLJICIJH_02118	hypothetical protein
A0A0H2UN75	HLJICIJH_02119	Coenzyme A biosynthesis bifunctional protein CoaBC
A0A0H2UN38	HLJICIJH_02120	hypothetical protein
A0A0H2UN31	HLJICIJH_02121	Putative transcriptional regulator PlcR
	HLJICIJH_02122	SpF56_sRNA
	HLJICIJH_02122	
A0A0H2UNA2	HLJICIJH_02123	DNA-binding protein
A0A0H2UN69	HLJICIJH_02124	Hypothetical protein
A0A0H2UN33	HLJICIJH_02125	NRAMP family Mn2+/Fe2+ transporter
Q97T03	HLJICIJH_02126	Ribonucleotide reduction protein NrdI
A0A0H2UN26	HLJICIJH_02127	Hypothetical protein
A0A0H2UN24	HLJICIJH_02128	Two-component system response regulator
A0A0H2UN97	HLJICIJH_02129	Two-component system sensor histidine kinase
A0A0H2UN63	HLJICIJH_02130	Hypothetical protein
A0A0H2UN28	HLJICIJH_02131	Substrate-specific component of putative ECF transporter
A0A0H2UN20	HLJICIJH_02132	Methionine ABC transporter permease protein
Q97T09	HLJICIJH_02133	Methionine ABC transporter ATP-binding protein
A0A0H2UN21	HLJICIJH_02134	N-acyl-L-amino acid amidohydrolase
A0A0H2UN92	HLJICIJH_02135	Methionine ABC transporter substrate-binding protein
A0A0H2UN58	HLJICIJH_02136	Cysteine ABC transporter substrate-binding protein
A0A0H2UN23	HLJICIJH_02137	hypothetical protein
A0A0H2UN15	HLJICIJH_02138	hypothetical protein
A0A0H2UN39	HLJICIJH_02139	Hypothetical protein
A0A0H2UN17	HLJICIJH_02140	Macrolide-efflux protein
A0A0H2UN88	HLJICIJH_02141	Hypothetical protein
A0A0H2UN53	HLJICIJH_02142	Hypothetical protein
A0A0H2UN18	HLJICIJH_02143	Hypothetical protein
A0A0H2UN11	HLJICIJH_02144	Positive transcriptional regulator%2C MutR family
	HLJICIJH_02145	UDP-glucose 6-dehydrogenase
Q97R24	HLJICIJH_02146	UDP-glucose 6-dehydrogenase
A0A0H2UN12	HLJICIJH_02147	Hypothetical protein
A0A0H2UN83	HLJICIJH_02148	Asparagine synthetase
	HLJICIJH_02149	hypothetical protein
A0A0H2UN47	HLJICIJH_02150	ABC transporter ATP-binding protein
A0A0H2UN13	HLJICIJH_02151	Family 2 glycosyltransferase
A0A0H2UN06	HLJICIJH_02152	Exopolysaccharide biosynthesis glycosyltransferase EpsF
A0A0H2UN79	HLJICIJH_02153	Exopolysaccharide biosynthesis glycosyltransferase EpsF
	HLJICIJH_02154	Srn266
A0A0H2UQV4	HLJICIJH_02155	IS1167 transposase
A0A0H2UQV4	HLJICIJH_02156	hypothetical protein
Q97T27	HLJICIJH_02157	N(6)-L-threonylcarbamoyladenine synthase TsaD
A0A0H2UN42	HLJICIJH_02158	Ribosomal-protein-S18p-alanine acetyltransferase
A0A0H2UN08	HLJICIJH_02159	tRNA threonylcarbamoyladenosine biosynthesis protein TsaB
A0A0H2UN03	HLJICIJH_02160	Two-peptide bacteriocin peptide CibA
A0A0H2UN74	HLJICIJH_02161	Two-peptide bacteriocin peptide CibB
	HLJICIJH_02162	hypothetical protein
Q97T34	HLJICIJH_02163	Hypothetical protein
A0A0H2UN05	HLJICIJH_02164	Ribonuclease J1 (endonuclease and 5' exonuclease)
Q97T36	HLJICIJH_02165	tRNA uridine 5-carboxymethylaminomethyl modification enzyme MnmG
A0A0H2UMZ7	HLJICIJH_02166	MutT/Nudix family protein
	HLJICIJH_02167	Spd-sr37
	HLJICIJH_02167	
Q97T38	HLJICIJH_02168	tRNA-specific 2-thiouridylase MnmA
A0A0H2UMZ8	HLJICIJH_02169	hypothetical protein
	HLJICIJH_02170	hypothetical protein
	HLJICIJH_02171	Bacilli-1
	HLJICIJH_02171	
	HLJICIJH_02172	SpF03_sRNA
A0A0H2UN32	HLJICIJH_02173	Hypothetical protein
	HLJICIJH_02174	Hypothetical protein
A0A0H2XDC4	HLJICIJH_02175	Argininosuccinate synthase
A0A0H2UMZ3	HLJICIJH_02176	Amino acid ABC transporter substrate-binding/permease protein
A0A0H2UMZ2	HLJICIJH_02177	ABC transporter ATP-binding protein
A0A0H2UN66	HLJICIJH_02178	Amino acid ABC transporter membrane-spanning permease
A0A0H2UN27	HLJICIJH_02179	Putative bacteriocin
A0A0H2UMY9	HLJICIJH_02180	Aggregation-promoting factor
A0A0H2UMY7	HLJICIJH_02181	L-serine dehydratase%2C beta subunit
A0A0H2UN60	HLJICIJH_02182	L-serine dehydratase%2C alpha subunit
A0A0H2UN22	HLJICIJH_02183	Phosphoglycolate phosphatase
A0A0H2UN39	HLJICIJH_02184	Hypothetical protein
A0A0H2UMZ0	HLJICIJH_02185	Putative UDP-GlcNAc 4%2C6-dehydratase AatA
A0A0H2UMY4	HLJICIJH_02186	Glycosyltransferase%2C group 2 family
A0A0H2UMY2	HLJICIJH_02187	Cyanate permease
A0A0H2UN55	HLJICIJH_02188	Transcriptional regulator%2C PadR family
A0A0H2UN16	HLJICIJH_02189	Integral membrane protein (putative)
A0A0H2UMY5	HLJICIJH_02190	Putative membrane-associated protein
A0A0H2UMX9	HLJICIJH_02191	Putative membrane protein
A0A0H2UMX7	HLJICIJH_02192	tRNA (5-methylaminomethyl-2-thiouridylate)-methyltransferase
P67330	HLJICIJH_02193	hypothetical protein
A0A0H2UMY0	HLJICIJH_02194	ABC transporter substrate-binding protein
A0A0H2UMX4	HLJICIJH_02195	ABC transporter permease protein
A0A0H2UMX3	HLJICIJH_02196	Multiple sugar ABC transporter%2C membrane-spanning permease protein
A0A0H2UN45	HLJICIJH_02197	Hypothetical protein
A0A0H2UN04	HLJICIJH_02198	Hypothetical protein
	HLJICIJH_02199	SpF01_sRNA
P66565	HLJICIJH_02200	SSU ribosomal protein S4p (S9e)
A0A0H2UMW9	HLJICIJH_02201	Two-component system sensor histidine kinase
A0A0H2UMW8	HLJICIJH_02202	Two-component system response regulator
A0A0H2UN40	HLJICIJH_02203	Cell wall surface anchor family protein PavB
	HLJICIJH_02204	hypothetical protein
A0A0H2UR96	HLJICIJH_02205	hypothetical protein
A0A0H2UMX0	HLJICIJH_02206	Trk family potassium uptake protein CabP
A0A0H2UMW5	HLJICIJH_02207	Trk family potassium uptake protein
A0A0H2UMZ4	HLJICIJH_02208	Uridine phosphorylase
A0A0H2UMW3	HLJICIJH_02209	Maltose O-acetyltransferase
A0A0H2UMW0	HLJICIJH_02210	Glyoxalase family protein
Q97T80	HLJICIJH_02211	hypothetical protein
A0A0H2UMY8	HLJICIJH_02212	Choline-binding protein CbpN
A0A0H2UMV7	HLJICIJH_02213	hypothetical protein
A0A0H2UMV5	HLJICIJH_02214	hypothetical protein
A0A0H2UMV2	HLJICIJH_02215	Aldose 1-epimerase
A0A0H2UN25	HLJICIJH_02216	Galactosamine-6-phosphate isomerase
A0A0H2UMY3	HLJICIJH_02217	Galactosamine-specific PTS IIA component
A0A0H2UMV3	HLJICIJH_02218	Galactosamine-specific PTS IID component
A0A0H2UMV0	HLJICIJH_02219	Galactosamine-specific PTS IIC component
A0A0H2UMU8	HLJICIJH_02220	Galactosamine-specific PTS IIB component
A0A0H2UN19	HLJICIJH_02221	Beta-galactosidase
A0A0H2UMU7	HLJICIJH_02222	Transcriptional regulator%2C GntR family
P49610	HLJICIJH_02223	Beta-hexosaminidase StrH
A0A0H2UMU6	HLJICIJH_02224	Adenylosuccinate lyase
A0A0H2UMU5	HLJICIJH_02225	Hypothetical protein
A0A0H2UN14	HLJICIJH_02226	N5-carboxyaminoimidazole ribonucleotide synthase
A0A0H2UMX2	HLJICIJH_02227	N5-carboxyaminoimidazole ribonucleotide mutase
Q97T98	HLJICIJH_02228	Phosphoribosylamine--glycine ligase
Q97T99	HLJICIJH_02229	Bifunctional inosine monophosphate cyclohydrolase/phosphoribosylaminoimidazolecarboxamide formyltransferase
A0A0H2UMU1	HLJICIJH_02230	Teicoplanin resistance protein VanZ
A0A0H2UKZ6	HLJICIJH_02231	Phosphoribosylglycinamide formyltransferase
Q97TA2	HLJICIJH_02232	Phosphoribosylformylglycinamidine cyclo-ligase
A0A0H2UN09	HLJICIJH_02233	Amidophosphoribosyltransferase
A0A0H2UMW6	HLJICIJH_02234	Phosphoribosylformylglycinamidine synthase%2C synthetase and glutamine amidotransferase subunits
Q07296	HLJICIJH_02235	Phosphoribosylaminoimidazole-succinocarboxamide synthase
P36498	HLJICIJH_02236	Competence-stimulating peptide ABC transporter permease protein ComB
Q03727	HLJICIJH_02237	Competence-stimulating peptide ABC transporter ATP-binding protein ComA
	HLJICIJH_02238	Hypothetical protein
A0A0H2UMT5	HLJICIJH_02239	Bacteriocin BlpU
A0A0H2XFI0	HLJICIJH_02240	IS1381 transposase OrfB
A0A0H2UMT4	HLJICIJH_02241	Acyl carrier protein
Q97TA6	HLJICIJH_02242	Phosphate:acyl-ACP acyltransferase PlsX
Q97TA7	HLJICIJH_02243	DNA recombination and repair protein RecO
A0A0H2UN02	HLJICIJH_02244	N-acetyl-L%2CL-diaminopimelate aminotransferase
Q97TA9	HLJICIJH_02245	Putative membrane protein YeiH
A0A0H2UN39	HLJICIJH_02246	Hypothetical protein
A0A0H2UMW1	HLJICIJH_02247	CoA-binding protein
P59199	HLJICIJH_02248	DNA polymerase I
A0A0H2UMT0	HLJICIJH_02249	hypothetical protein
A0A0H2UMS9	HLJICIJH_02250	hypothetical protein
	HLJICIJH_02251	Srn266
A0A0H2UQB1	HLJICIJH_02252	hypothetical protein
P65239	HLJICIJH_02253	Ribose-phosphate pyrophosphokinase
A0A0H2UMZ6	HLJICIJH_02254	hypothetical protein
A0A0H2UMV6	HLJICIJH_02255	hypothetical protein
A0A0H2UMS5	HLJICIJH_02256	Carbonic anhydrase
A0A0H2UPB8	HLJICIJH_02257	DNA repair protein RadA
A0A0H2UMS6	HLJICIJH_02258	Hypothetical protein
A0A0H2UMS4	HLJICIJH_02259	Deoxyuridine 5'-triphosphate nucleotidohydrolase
	HLJICIJH_02260	Bacteria_small_SRP
A0A0H2UMZ1	HLJICIJH_02261	tRNA-specific adenosine-34 deaminase
	HLJICIJH_02262	csRNA
P65887	HLJICIJH_02263	Adenylosuccinate synthetase
A0A0H2UMV1	HLJICIJH_02264	Competence positive regulator ComW
A0A0H2UQV4	HLJICIJH_02265	IS1167 transposase Orf1
A0A0H2URS2	HLJICIJH_02266	IS630 family transposase IS630-Spn1
A0A0H2UMS1	HLJICIJH_02267	IS630 family transposase IS630-Spn1
	HLJICIJH_02268	tRNA-Asn(gtt)
	HLJICIJH_02269	5S ribosomal RNA
	HLJICIJH_02270	23S ribosomal RNA
	HLJICIJH_02271	tRNA-Ala(tgc)
	HLJICIJH_02272	16S ribosomal RNA
	HLJICIJH_02273	tRNA-Glu(ttc)
A0A0H2UMS0	HLJICIJH_02274	Competence-specific sigma factor ComX
O69076	HLJICIJH_02275	Cell division protein FtsH
Q97TC4	HLJICIJH_02276	Hypoxanthine-guanine phosphoribosyltransferase
Q97TC5	HLJICIJH_02277	tRNA(Ile)-lysidine synthetase TilS
A0A0H2UMY6	HLJICIJH_02278	Hypothetical protein
A0A0H2UMU3	HLJICIJH_02279	Hypothetical protein
A0A0H2UMR4	HLJICIJH_02280	Cell division protein DivIC
P64405	HLJICIJH_02281	Ribosome-associated heat shock protein
A0A0H2UMR6	HLJICIJH_02282	Transcription-repair coupling factor
Q97TD1	HLJICIJH_02283	Peptidyl-tRNA hydrolase
A0A0H2UMR5	HLJICIJH_02284	GTP-binding and nucleic acid-binding protein YchF
A0A0H2UMY1	HLJICIJH_02285	Hypothetical protein
