strain	locus_tag	uniprot	product
LILPNEUHC_19F	NPLHCJEM_00001	A0A0U0I3P5	GTP-binding and nucleic acid-binding protein YchF
LILPNEUHC_19F	NPLHCJEM_00002	C1CNN8	Peptidyl-tRNA hydrolase
LILPNEUHC_19F	NPLHCJEM_00003	A0A559H6F7	Transcription-repair coupling factor
LILPNEUHC_19F	NPLHCJEM_00004	A0A4J1T0I5	Transcription-repair coupling factor
LILPNEUHC_19F	NPLHCJEM_00005	A0A4N2RES5	Transcription-repair coupling factor
LILPNEUHC_19F	NPLHCJEM_00006	A0A6G2DLH9	Transcription-repair coupling factor
LILPNEUHC_19F	NPLHCJEM_00007	P64406	Ribosome-associated heat shock protein
LILPNEUHC_19F	NPLHCJEM_00008	A0AA95IKW2	hypothetical protein
LILPNEUHC_19F	NPLHCJEM_00009	A0A4N2RCS2	Hypothetical protein
LILPNEUHC_19F	NPLHCJEM_00010	A0AA86Y3D3	Hypothetical protein
LILPNEUHC_19F	NPLHCJEM_00011	C1CN76	tRNA(Ile)-lysidine synthetase TilS
LILPNEUHC_19F	NPLHCJEM_00012	Q97TC4	Hypoxanthine-guanine phosphoribosyltransferase
LILPNEUHC_19F	NPLHCJEM_00013	P59652	Cell division protein FtsH
LILPNEUHC_19F	NPLHCJEM_00014	B2IP46	IS1167 transposase Orf2
LILPNEUHC_19F	NPLHCJEM_00015	A0A4J1QHF4	IS1167 transposase
LILPNEUHC_19F	NPLHCJEM_00016		Srn266
LILPNEUHC_19F	NPLHCJEM_00016		
LILPNEUHC_19F	NPLHCJEM_00017	A0A6C7J1A1	Competence-specific sigma factor ComX
LILPNEUHC_19F	NPLHCJEM_00018		tRNA-Glu(ttc)
LILPNEUHC_19F	NPLHCJEM_00018		
LILPNEUHC_19F	NPLHCJEM_00019		16S ribosomal RNA
LILPNEUHC_19F	NPLHCJEM_00019		
LILPNEUHC_19F	NPLHCJEM_00020		tRNA-Ala(tgc)
LILPNEUHC_19F	NPLHCJEM_00020		
LILPNEUHC_19F	NPLHCJEM_00021		23S ribosomal RNA (partial)
LILPNEUHC_19F	NPLHCJEM_00021		
LILPNEUHC_19F	NPLHCJEM_00022		5S ribosomal RNA
LILPNEUHC_19F	NPLHCJEM_00022		
LILPNEUHC_19F	NPLHCJEM_00023		tRNA-Asn(gtt)
LILPNEUHC_19F	NPLHCJEM_00023		
LILPNEUHC_19F	NPLHCJEM_00024	C1C999	IS1167 transposase Orf1
LILPNEUHC_19F	NPLHCJEM_00025	Q8CZD0	Competence positive regulator ComW
LILPNEUHC_19F	NPLHCJEM_00026	C1CHA1	Adenylosuccinate synthetase
LILPNEUHC_19F	NPLHCJEM_00027		csRNA
LILPNEUHC_19F	NPLHCJEM_00027		
LILPNEUHC_19F	NPLHCJEM_00028	C1CHA2	tRNA-specific adenosine-34 deaminase
LILPNEUHC_19F	NPLHCJEM_00029		Bacteria_small_SRP
LILPNEUHC_19F	NPLHCJEM_00029		
LILPNEUHC_19F	NPLHCJEM_00030	A0A0B7M495	Tyrosine recombinase XerC
LILPNEUHC_19F	NPLHCJEM_00031	A0A4N2RS47	hypothetical protein
LILPNEUHC_19F	NPLHCJEM_00032	C1CHA6	hypothetical protein
LILPNEUHC_19F	NPLHCJEM_00033	C1CHA7	mRNA interferase RelE2
LILPNEUHC_19F	NPLHCJEM_00034	C1CHA8	hypothetical protein
LILPNEUHC_19F	NPLHCJEM_00035	C1CHA9	hypothetical protein
LILPNEUHC_19F	NPLHCJEM_00036	C1CHB0	hypothetical protein
LILPNEUHC_19F	NPLHCJEM_00037	A0A0B7MB27	hypothetical protein
LILPNEUHC_19F	NPLHCJEM_00038	C1CHB1	hypothetical protein
LILPNEUHC_19F	NPLHCJEM_00039	C1CHB2	hypothetical protein
LILPNEUHC_19F	NPLHCJEM_00040	C1CHB3	hypothetical protein
LILPNEUHC_19F	NPLHCJEM_00041	C1CHB4	hypothetical protein
LILPNEUHC_19F	NPLHCJEM_00042	A0A4L8MRI6	Autolysin/N-acetylmuramoyl-L-alanine amidase LytA
LILPNEUHC_19F	NPLHCJEM_00043	A0A0B7LZ23	Deoxyuridine 5'-triphosphate nucleotidohydrolase
LILPNEUHC_19F	NPLHCJEM_00044	Q8DRP1	Hypothetical protein
LILPNEUHC_19F	NPLHCJEM_00045	C1C9S1	DNA repair protein RadA
LILPNEUHC_19F	NPLHCJEM_00046	C1CHC1	Carbonic anhydrase
LILPNEUHC_19F	NPLHCJEM_00047	Q8CZC9	hypothetical protein
LILPNEUHC_19F	NPLHCJEM_00048	B2IR17	Ribose-phosphate pyrophosphokinase
LILPNEUHC_19F	NPLHCJEM_00049	A0A0U0IDH7	IS1167 transposase Orf1
LILPNEUHC_19F	NPLHCJEM_00050		Srn266
LILPNEUHC_19F	NPLHCJEM_00050		
LILPNEUHC_19F	NPLHCJEM_00051	A0A0T8B049	hypothetical protein
LILPNEUHC_19F	NPLHCJEM_00052	A0A0U0CRX4	hypothetical protein
LILPNEUHC_19F	NPLHCJEM_00053	A0A0B7MA53	DNA polymerase I
LILPNEUHC_19F	NPLHCJEM_00054	Q8DRN7	CoA-binding protein
LILPNEUHC_19F	NPLHCJEM_00055	A0A4J1XB62	Hypothetical protein
LILPNEUHC_19F	NPLHCJEM_00056	A0A0T8S6U2	Putative membrane protein YeiH
LILPNEUHC_19F	NPLHCJEM_00057	B2IR24	N-acetyl-L%2CL-diaminopimelate aminotransferase
LILPNEUHC_19F	NPLHCJEM_00058	Q97TA7	DNA recombination and repair protein RecO
LILPNEUHC_19F	NPLHCJEM_00059	B8ZJM1	Phosphate:acyl-ACP acyltransferase PlsX
LILPNEUHC_19F	NPLHCJEM_00060	B2IR28	Acyl carrier protein
LILPNEUHC_19F	NPLHCJEM_00061	Q8DRN0	Bacteriocin BlpU
LILPNEUHC_19F	NPLHCJEM_00062	A0A4J1VY07	Competence-stimulating peptide ABC transporter ATP-binding protein ComA
LILPNEUHC_19F	NPLHCJEM_00063	B2IR33	Competence-stimulating peptide ABC transporter permease protein ComB
LILPNEUHC_19F	NPLHCJEM_00064	Q07296	Phosphoribosylaminoimidazole-succinocarboxamide synthase
LILPNEUHC_19F	NPLHCJEM_00065	A0A2L1GV50	Phosphoribosylformylglycinamidine synthase%2C synthetase and glutamine amidotransferase subunits
LILPNEUHC_19F	NPLHCJEM_00066	A0A4N2RUG3	Amidophosphoribosyltransferase
LILPNEUHC_19F	NPLHCJEM_00067	A0A062WPB5	Phosphoribosylformylglycinamidine cyclo-ligase
LILPNEUHC_19F	NPLHCJEM_00068	A0A4N2RQY4	Phosphoribosylglycinamide formyltransferase
LILPNEUHC_19F	NPLHCJEM_00069	Q8DRM2	Teicoplanin resistance protein VanZ
LILPNEUHC_19F	NPLHCJEM_00070	A0A0B7LXN4	Bifunctional inosine monophosphate cyclohydrolase/phosphoribosylaminoimidazolecarboxamide formyltransferase
LILPNEUHC_19F	NPLHCJEM_00071	A0A4N2RUE4	Phosphoribosylamine--glycine ligase
LILPNEUHC_19F	NPLHCJEM_00072	C1CBM9	N5-carboxyaminoimidazole ribonucleotide mutase
LILPNEUHC_19F	NPLHCJEM_00073	A0A4N2RU95	N5-carboxyaminoimidazole ribonucleotide synthase
LILPNEUHC_19F	NPLHCJEM_00074	C1C9V9	Hypothetical protein
LILPNEUHC_19F	NPLHCJEM_00075	C1C9W0	Adenylosuccinate lyase
LILPNEUHC_19F	NPLHCJEM_00076	A0A4N2RU85	Beta-hexosaminidase StrH
LILPNEUHC_19F	NPLHCJEM_00077	A0A0H2UMU7	Transcriptional regulator%2C GntR family
LILPNEUHC_19F	NPLHCJEM_00078	A0A0T9HBE3	Beta-galactosidase
LILPNEUHC_19F	NPLHCJEM_00079	Q8DRL3	Galactosamine-specific PTS IIB component
LILPNEUHC_19F	NPLHCJEM_00080	C1CBN7	Galactosamine-specific PTS IIC component
LILPNEUHC_19F	NPLHCJEM_00081	B2IRE5	Galactosamine-specific PTS IID component
LILPNEUHC_19F	NPLHCJEM_00082	A0A6I3USI5	Galactosamine-specific PTS IIA component
LILPNEUHC_19F	NPLHCJEM_00083	A0A0B7LFP2	Galactosamine-6-phosphate isomerase
LILPNEUHC_19F	NPLHCJEM_00084	A0A5Q5GBX7	Aldose 1-epimerase
LILPNEUHC_19F	NPLHCJEM_00085	C1CBP2	Glyoxalase family protein
LILPNEUHC_19F	NPLHCJEM_00086	B1I7X5	Hypothetical protein
LILPNEUHC_19F	NPLHCJEM_00087	A0A4J1NYB0	Hypothetical protein
LILPNEUHC_19F	NPLHCJEM_00088	B2IRF1	Sulfurtransferase
LILPNEUHC_19F	NPLHCJEM_00089	A0A0B7LLH2	Uridine phosphorylase
LILPNEUHC_19F	NPLHCJEM_00090	A0AA86JCD0	hypothetical protein
LILPNEUHC_19F	NPLHCJEM_00091	Q8DRK5	Trk family potassium uptake protein
LILPNEUHC_19F	NPLHCJEM_00092	Q8DRK4	Trk family potassium uptake protein CabP
LILPNEUHC_19F	NPLHCJEM_00093	A0A0Y0CPT4	hypothetical protein
LILPNEUHC_19F	NPLHCJEM_00094	Q8CZC3	hypothetical protein
LILPNEUHC_19F	NPLHCJEM_00095	A0A4J1RDK5	Cell wall surface anchor family protein PavB
LILPNEUHC_19F	NPLHCJEM_00096	B2IRG2	Two-component system response regulator
LILPNEUHC_19F	NPLHCJEM_00097	Q9S1J1	Two-component system sensor histidine kinase
LILPNEUHC_19F	NPLHCJEM_00098	Q04MZ3	SSU ribosomal protein S4p (S9e)
LILPNEUHC_19F	NPLHCJEM_00099		SpF01_sRNA
LILPNEUHC_19F	NPLHCJEM_00099		
LILPNEUHC_19F	NPLHCJEM_00100	A0AA95IJS5	Hypothetical protein
LILPNEUHC_19F	NPLHCJEM_00101	A0A0B7LF48	Hypothetical protein
LILPNEUHC_19F	NPLHCJEM_00102	Q8DRJ8	Multiple sugar ABC transporter%2C membrane-spanning permease protein
LILPNEUHC_19F	NPLHCJEM_00103	B2IRG9	ABC transporter permease protein
LILPNEUHC_19F	NPLHCJEM_00104	B2IRH0	ABC transporter substrate-binding protein
LILPNEUHC_19F	NPLHCJEM_00105	C1CNW3	hypothetical protein
LILPNEUHC_19F	NPLHCJEM_00106	A0A4N2RSD5	tRNA (5-methylaminomethyl-2-thiouridylate)-methyltransferase
LILPNEUHC_19F	NPLHCJEM_00107	A0A4N2RTX4	Putative membrane protein
LILPNEUHC_19F	NPLHCJEM_00108	B2IRH4	Putative membrane-associated protein
LILPNEUHC_19F	NPLHCJEM_00109	A0A4N2RSC5	Integral membrane protein (putative)
LILPNEUHC_19F	NPLHCJEM_00110	Q8DRJ5	Transcriptional regulator%2C PadR family
LILPNEUHC_19F	NPLHCJEM_00111	A0A4N2RQH6	Cyanate permease
LILPNEUHC_19F	NPLHCJEM_00112	A0A6I3UX79	Glycosyltransferase%2C group 2 family
LILPNEUHC_19F	NPLHCJEM_00113	A0A0B7LBS7	Putative UDP-GlcNAc 4%2C6-dehydratase AatA
LILPNEUHC_19F	NPLHCJEM_00114	A0A111CNH3	Phosphoglycolate phosphatase
LILPNEUHC_19F	NPLHCJEM_00115	Q8DRJ0	L-serine dehydratase%2C alpha subunit
LILPNEUHC_19F	NPLHCJEM_00116	A0A4N2RTZ6	L-serine dehydratase%2C beta subunit
LILPNEUHC_19F	NPLHCJEM_00117	C1CBS3	Aggregation-promoting factor
LILPNEUHC_19F	NPLHCJEM_00118	C1CAC3	Putative bacteriocin
LILPNEUHC_19F	NPLHCJEM_00119	C1CAC4	Amino acid ABC transporter membrane-spanning permease
LILPNEUHC_19F	NPLHCJEM_00120	Q8DRI7	ABC transporter ATP-binding protein
LILPNEUHC_19F	NPLHCJEM_00121	A0A4J1ZJR5	IS1167 transposase Orf2
LILPNEUHC_19F	NPLHCJEM_00122	A0A4J1VP92	IS1167 transposase
LILPNEUHC_19F	NPLHCJEM_00123		Srn266
LILPNEUHC_19F	NPLHCJEM_00123		
LILPNEUHC_19F	NPLHCJEM_00124	B2IRI9	Amino acid ABC transporter substrate-binding/permease protein
LILPNEUHC_19F	NPLHCJEM_00125	A0A111CNU4	Argininosuccinate synthase
LILPNEUHC_19F	NPLHCJEM_00126	A0A0T8WRQ4	Argininosuccinate lyase
LILPNEUHC_19F	NPLHCJEM_00127		Bacilli-1
LILPNEUHC_19F	NPLHCJEM_00127		
LILPNEUHC_19F	NPLHCJEM_00128	A0A6B9PEJ4	Hypothetical protein
LILPNEUHC_19F	NPLHCJEM_00129	A0A4N2S1H7	Competence-stimulating peptide ABC transporter ATP-binding protein ComA
LILPNEUHC_19F	NPLHCJEM_00130	C1CBT2	Hypothetical protein
LILPNEUHC_19F	NPLHCJEM_00131	C1CBT3	HlyD family secretion protein
LILPNEUHC_19F	NPLHCJEM_00132	C1CBT4	hypothetical protein
LILPNEUHC_19F	NPLHCJEM_00133	A0A4P0AJ37	Hypothetical protein
LILPNEUHC_19F	NPLHCJEM_00134	A0A5R9AVG2	Hypothetical protein
LILPNEUHC_19F	NPLHCJEM_00135	A0A6I3UTE4	Hypothetical protein
LILPNEUHC_19F	NPLHCJEM_00136	A0A4J1QTX9	Pyridoxamine 5'-phosphate oxidase
LILPNEUHC_19F	NPLHCJEM_00137		SpF03_sRNA
LILPNEUHC_19F	NPLHCJEM_00137		
LILPNEUHC_19F	NPLHCJEM_00138		Bacilli-1
LILPNEUHC_19F	NPLHCJEM_00138		
LILPNEUHC_19F	NPLHCJEM_00139	A0A0D6J4Z7	hypothetical protein
LILPNEUHC_19F	NPLHCJEM_00140	A0A4N9BFY2	Surface protein PspA precursor
LILPNEUHC_19F	NPLHCJEM_00141	A0A4J2AGT4	tRNA-specific 2-thiouridylase MnmA
LILPNEUHC_19F	NPLHCJEM_00142		Spd-sr37
LILPNEUHC_19F	NPLHCJEM_00142		
LILPNEUHC_19F	NPLHCJEM_00143	A0A9P1Q9B5	MutT/Nudix family protein
LILPNEUHC_19F	NPLHCJEM_00144	C1CBU2	tRNA uridine 5-carboxymethylaminomethyl modification enzyme MnmG
LILPNEUHC_19F	NPLHCJEM_00145	A0A380L9W6	Hypothetical protein
LILPNEUHC_19F	NPLHCJEM_00146	A0A0E8HAF7	Ribonuclease J1 (endonuclease and 5' exonuclease)
LILPNEUHC_19F	NPLHCJEM_00147	A0A4N2RKR2	Hypothetical protein
LILPNEUHC_19F	NPLHCJEM_00148	A0A0B7LYL1	Hypothetical protein
LILPNEUHC_19F	NPLHCJEM_00149	C1CAF2	Two-peptide bacteriocin peptide CibB
LILPNEUHC_19F	NPLHCJEM_00150	Q8CZA0	Two-peptide bacteriocin peptide CibA
LILPNEUHC_19F	NPLHCJEM_00151	A0A0E8Z5L6	tRNA threonylcarbamoyladenosine biosynthesis protein TsaB
LILPNEUHC_19F	NPLHCJEM_00152	B1I842	Ribosomal-protein-S18p-alanine acetyltransferase
LILPNEUHC_19F	NPLHCJEM_00153	A0A4N2RKP1	N(6)-L-threonylcarbamoyladenine synthase TsaD
LILPNEUHC_19F	NPLHCJEM_00154	C1CBV1	IS1167 transposase Orf2
LILPNEUHC_19F	NPLHCJEM_00155	A0A0T8L1P2	IS1167 transposase
LILPNEUHC_19F	NPLHCJEM_00156		Srn266
LILPNEUHC_19F	NPLHCJEM_00156		
LILPNEUHC_19F	NPLHCJEM_00157	A0AAE9U2W5	Exopolysaccharide biosynthesis glycosyltransferase EpsF
LILPNEUHC_19F	NPLHCJEM_00158	B2IRL7	Exopolysaccharide biosynthesis glycosyltransferase EpsF
LILPNEUHC_19F	NPLHCJEM_00159	A0A4L1JLT3	Family 2 glycosyltransferase
LILPNEUHC_19F	NPLHCJEM_00160	C1CBV4	ABC transporter ATP-binding protein
LILPNEUHC_19F	NPLHCJEM_00161	B2IRM0	hypothetical protein
LILPNEUHC_19F	NPLHCJEM_00162	B2IRM1	hypothetical protein
LILPNEUHC_19F	NPLHCJEM_00163	B2IRM2	Hypothetical protein
LILPNEUHC_19F	NPLHCJEM_00164	Q8DRG5	UDP-glucose 6-dehydrogenase
LILPNEUHC_19F	NPLHCJEM_00165	A0A4H1DYW9	Positive transcriptional regulator%2C MutR family
LILPNEUHC_19F	NPLHCJEM_00166	B2IRM5	hypothetical protein
LILPNEUHC_19F	NPLHCJEM_00167	B2IRM6	Nisin biosynthesis protein NisB
LILPNEUHC_19F	NPLHCJEM_00168	B2IRN1	Nisin biosynthesis protein NisC
LILPNEUHC_19F	NPLHCJEM_00169	B2IRN2	Macrolide-efflux protein
LILPNEUHC_19F	NPLHCJEM_00170	B2IRN3	Hypothetical protein
LILPNEUHC_19F	NPLHCJEM_00171	C1CBW0	Hypothetical protein
LILPNEUHC_19F	NPLHCJEM_00172	B2IRM7	Macrolide-efflux protein
LILPNEUHC_19F	NPLHCJEM_00173	A0A654YQF3	hypothetical protein
LILPNEUHC_19F	NPLHCJEM_00174	A0A0B7MAF7	Cysteine ABC transporter substrate-binding protein
LILPNEUHC_19F	NPLHCJEM_00175	Q8DRG2	Cysteine ABC transporter substrate-binding protein
LILPNEUHC_19F	NPLHCJEM_00176	A0A0T8G0M6	Methionine ABC transporter substrate-binding protein
LILPNEUHC_19F	NPLHCJEM_00177	A0A121ELP8	N-acyl-L-amino acid amidohydrolase
LILPNEUHC_19F	NPLHCJEM_00178	C1CAH2	Methionine ABC transporter ATP-binding protein
LILPNEUHC_19F	NPLHCJEM_00179	C1CAH3	Methionine ABC transporter permease protein
LILPNEUHC_19F	NPLHCJEM_00180	Q8CZ94	Substrate-specific component of putative ECF transporter
LILPNEUHC_19F	NPLHCJEM_00181	Q8DRF7	Hypothetical protein
LILPNEUHC_19F	NPLHCJEM_00182	A0A6I3V8E4	Two-component system sensor histidine kinase
LILPNEUHC_19F	NPLHCJEM_00183	C1CAH7	Two-component system response regulator
LILPNEUHC_19F	NPLHCJEM_00184	C1CBX3	Hypothetical protein
LILPNEUHC_19F	NPLHCJEM_00185	Q97T03	Ribonucleotide reduction protein NrdI
LILPNEUHC_19F	NPLHCJEM_00186	B2IS07	NRAMP family Mn2+/Fe2+ transporter
LILPNEUHC_19F	NPLHCJEM_00187	A0A4N2RJL5	Hypothetical protein
LILPNEUHC_19F	NPLHCJEM_00188	A0A0H2UNA2	DNA-binding protein
LILPNEUHC_19F	NPLHCJEM_00189	A4L7L9	DNA mismatch repair protein HexB
LILPNEUHC_19F	NPLHCJEM_00190	A0A0I7MEW4	6%2C7-dimethyl-8-ribityllumazine synthase RibH
LILPNEUHC_19F	NPLHCJEM_00191	C1CAI6	Bifunctional 3%2C4-dihydroxy-2-butanone 4-phosphate synthase/GTP cyclohydrolase II RibB
LILPNEUHC_19F	NPLHCJEM_00192	C1CAI7	Riboflavin synthase RibE
LILPNEUHC_19F	NPLHCJEM_00193	C1CBY2	Bifunctional diaminohydroxyphosphoribosylaminopyrimidine deaminase/5-amino-6-(5-phosphoribosylamino)uracil reductase RibD
LILPNEUHC_19F	NPLHCJEM_00194		FMN
LILPNEUHC_19F	NPLHCJEM_00194		
LILPNEUHC_19F	NPLHCJEM_00195	Q97SY4	Holliday junction DNA helicase RuvA
LILPNEUHC_19F	NPLHCJEM_00196	Q8CWV9	DNA-3-methyladenine glycosylase
LILPNEUHC_19F	NPLHCJEM_00197	A0A4L7JNP3	CAAX amino terminal protease family protein
LILPNEUHC_19F	NPLHCJEM_00198	A0A4N2RL34	Muramoyltetrapeptide carboxypeptidase
LILPNEUHC_19F	NPLHCJEM_00199	A0A064C1E4	Integral membrane protein
LILPNEUHC_19F	NPLHCJEM_00200	Q8DRE5	Magnesium and cobalt transport protein CorA1
LILPNEUHC_19F	NPLHCJEM_00201	P63385	Excinuclease ABC subunit A UvrA
LILPNEUHC_19F	NPLHCJEM_00202	A0A4N2RJ29	MP-%2CMA-%2CMS-%2CAP-%2CNP-specific aminopeptidase YpdF
LILPNEUHC_19F	NPLHCJEM_00203	Q8DRE3	Transcriptional regulator SpxA2
LILPNEUHC_19F	NPLHCJEM_00204	A0A0B7LLK6	Hypothetical protein
LILPNEUHC_19F	NPLHCJEM_00205	Q97SX1	Hypothetical protein
LILPNEUHC_19F	NPLHCJEM_00206	Q8DRE2	Putative pre-16S rRNA nuclease YqgF
LILPNEUHC_19F	NPLHCJEM_00207	Q97SX0	Hypothetical protein
LILPNEUHC_19F	NPLHCJEM_00208	A0A9P1LVP1	Bifunctional dihydrofolate synthase/folylpolyglutamate synthase
LILPNEUHC_19F	NPLHCJEM_00209	A0A6I3UM33	Hypothetical protein
LILPNEUHC_19F	NPLHCJEM_00210	Q8DRD9	Cardiolipin synthetase
LILPNEUHC_19F	NPLHCJEM_00211	Q8DRD8	Hypothetical protein
LILPNEUHC_19F	NPLHCJEM_00212	A0A0U0KZ04	Competence-damage induced protein
LILPNEUHC_19F	NPLHCJEM_00213	A0A0E7N6F0	Ribonucleotide reductase of class III%2C large subunit
LILPNEUHC_19F	NPLHCJEM_00214	B1I8J4	Acetyltransferase
LILPNEUHC_19F	NPLHCJEM_00215	C1CC03	Ribonucleotide reductase of class III%2C activating protein
LILPNEUHC_19F	NPLHCJEM_00216	Q8CZ85	Hypothetical protein
LILPNEUHC_19F	NPLHCJEM_00217	Q04MN7	SSU ribosomal protein S10p (S20e)
LILPNEUHC_19F	NPLHCJEM_00218	Q97SV5	LSU ribosomal protein L3p (L3e)
LILPNEUHC_19F	NPLHCJEM_00219	Q3V5X6	LSU ribosomal protein L4p (L1e)
LILPNEUHC_19F	NPLHCJEM_00220	Q97SV3	LSU ribosomal protein L23p (L23Ae)
LILPNEUHC_19F	NPLHCJEM_00221	Q97SV2	LSU ribosomal protein L2p (L8e)
LILPNEUHC_19F	NPLHCJEM_00222	Q04MN2	SSU ribosomal protein S19p (S15e)
LILPNEUHC_19F	NPLHCJEM_00223	Q04MN1	LSU ribosomal protein L22p (L17e)
LILPNEUHC_19F	NPLHCJEM_00224	Q04MN0	SSU ribosomal protein S3p (S3e)
LILPNEUHC_19F	NPLHCJEM_00225	Q04MM9	LSU ribosomal protein L16p (L10e)
LILPNEUHC_19F	NPLHCJEM_00226	A0A0B7M1U7	LSU ribosomal protein L29p (L35e)
LILPNEUHC_19F	NPLHCJEM_00227	Q04MM7	SSU ribosomal protein S17p (S11e)
LILPNEUHC_19F	NPLHCJEM_00228	Q04MM6	LSU ribosomal protein L14p (L23e)
LILPNEUHC_19F	NPLHCJEM_00229	Q04MM5	LSU ribosomal protein L24p (L26e)
LILPNEUHC_19F	NPLHCJEM_00230	Q97SV1	LSU ribosomal protein L5p (L11e)
LILPNEUHC_19F	NPLHCJEM_00231	Q04MM3	SSU ribosomal protein S14p (S29e)
LILPNEUHC_19F	NPLHCJEM_00232	Q04MM2	SSU ribosomal protein S8p (S15Ae)
LILPNEUHC_19F	NPLHCJEM_00233	Q8CWV3	LSU ribosomal protein L6p (L9e)
LILPNEUHC_19F	NPLHCJEM_00234	Q97SU6	LSU ribosomal protein L18p (L5e)
LILPNEUHC_19F	NPLHCJEM_00235	Q04ML9	SSU ribosomal protein S5p (S2e)
LILPNEUHC_19F	NPLHCJEM_00236	Q97SU4	LSU ribosomal protein L30p (L7e)
LILPNEUHC_19F	NPLHCJEM_00237	Q97SU3	LSU ribosomal protein L15p (L27Ae)
LILPNEUHC_19F	NPLHCJEM_00238	Q8DRD5	Protein translocase subunit SecY
LILPNEUHC_19F	NPLHCJEM_00239	Q8DRD4	Adenylate kinase
LILPNEUHC_19F	NPLHCJEM_00240	Q04ML4	Translation initiation factor 1
LILPNEUHC_19F	NPLHCJEM_00241	P0A496	LSU ribosomal protein L36p
LILPNEUHC_19F	NPLHCJEM_00242	Q04ML3	SSU ribosomal protein S13p (S18e)
LILPNEUHC_19F	NPLHCJEM_00243	Q04ML2	SSU ribosomal protein S11p (S14e)
LILPNEUHC_19F	NPLHCJEM_00244	Q04ML1	DNA-directed RNA polymerase alpha subunit
LILPNEUHC_19F	NPLHCJEM_00245	Q8CWU8	LSU ribosomal protein L17p
LILPNEUHC_19F	NPLHCJEM_00246		L17DE
LILPNEUHC_19F	NPLHCJEM_00246		
LILPNEUHC_19F	NPLHCJEM_00247	C1CC34	ACT domain-containing transcriptional regulator
LILPNEUHC_19F	NPLHCJEM_00248	B5E6I3	hypothetical protein
LILPNEUHC_19F	NPLHCJEM_00249		csRNA
LILPNEUHC_19F	NPLHCJEM_00249		
LILPNEUHC_19F	NPLHCJEM_00250	B1I8M8	Phosphoglycerate mutase family protein
LILPNEUHC_19F	NPLHCJEM_00251	A0A6I3USN4	hypothetical protein
LILPNEUHC_19F	NPLHCJEM_00252	A0A4J1XSE7	hypothetical protein
LILPNEUHC_19F	NPLHCJEM_00253	A0A6G2D9G8	Ferric iron ABC transporter ATP-binding protein
LILPNEUHC_19F	NPLHCJEM_00254	A0A4M5TWD2	Ferric iron ABC transporter ATP-binding protein
LILPNEUHC_19F	NPLHCJEM_00255	A0A0B7M5G4	hypothetical protein
LILPNEUHC_19F	NPLHCJEM_00256	A0A064C2Y1	putative protein
LILPNEUHC_19F	NPLHCJEM_00257	Q8DRC5	Pyruvate formate-lyase activating enzyme
LILPNEUHC_19F	NPLHCJEM_00258	A0A6I3UU69	Transcriptional regulator%2C DeoR family
LILPNEUHC_19F	NPLHCJEM_00259	Q8DRC3	Transcriptional regulator
LILPNEUHC_19F	NPLHCJEM_00260	C1CC41	Cellobiose-specific PTS IIA component
LILPNEUHC_19F	NPLHCJEM_00261	A0A0H2UNC3	Cellobiose-specific PTS IIB component
LILPNEUHC_19F	NPLHCJEM_00262	A0A6I3URD6	Cellobiose-specific PTS IIC component
LILPNEUHC_19F	NPLHCJEM_00263	Q8DRB9	Pyruvate formate-lyase
LILPNEUHC_19F	NPLHCJEM_00264	B1I8Y0	Transaldolase
LILPNEUHC_19F	NPLHCJEM_00265	Q8DRB7	Glycerol dehydrogenase
LILPNEUHC_19F	NPLHCJEM_00266	A0A4N2RJT8	Leucyl-tRNA synthetase
LILPNEUHC_19F	NPLHCJEM_00267	C1CB32	Acetyltransferase%2C GNAT family
LILPNEUHC_19F	NPLHCJEM_00268	A0A0T8ESN6	Acetyltransferase%2C GNAT family
LILPNEUHC_19F	NPLHCJEM_00269		csRNA
LILPNEUHC_19F	NPLHCJEM_00269		
LILPNEUHC_19F	NPLHCJEM_00270		csRNA
LILPNEUHC_19F	NPLHCJEM_00270		
LILPNEUHC_19F	NPLHCJEM_00271	B5E6T3	Holliday junction DNA helicase RuvB
LILPNEUHC_19F	NPLHCJEM_00272	C1CC51	Hypothetical protein
LILPNEUHC_19F	NPLHCJEM_00273		csRNA
LILPNEUHC_19F	NPLHCJEM_00273		
LILPNEUHC_19F	NPLHCJEM_00274	Q8DRB3	Undecaprenyl diphosphate synthase
LILPNEUHC_19F	NPLHCJEM_00275	C1CB37	Phosphatidate cytidylyltransferase
LILPNEUHC_19F	NPLHCJEM_00276	Q8DRB1	Intramembrane protease Eep
LILPNEUHC_19F	NPLHCJEM_00277	A0A4N2RJR3	Prolyl-tRNA synthetase
LILPNEUHC_19F	NPLHCJEM_00278	C1CB40	6-phospho-beta-glucosidase
LILPNEUHC_19F	NPLHCJEM_00279	A0A0T7ZRQ2	Glucosamine--fructose-6-phosphate aminotransferase
LILPNEUHC_19F	NPLHCJEM_00280	A0A4N2RGF8	Oxidoreductase
LILPNEUHC_19F	NPLHCJEM_00281	A0A4N2RIH2	Pullulanase SpuA
LILPNEUHC_19F	NPLHCJEM_00282	E2DP60	SSU ribosomal protein S12p (S23e)
LILPNEUHC_19F	NPLHCJEM_00283	Q8CWU6	SSU ribosomal protein S7p (S5e)
LILPNEUHC_19F	NPLHCJEM_00284	C1CPE5	Translation elongation factor G
LILPNEUHC_19F	NPLHCJEM_00285	A0A4N2RGE0	DNA polymerase III
LILPNEUHC_19F	NPLHCJEM_00286	A0A0B7LB05	Antitoxin RelB1
LILPNEUHC_19F	NPLHCJEM_00287	A0A0I7NV76	mRNA interferase RelE1
LILPNEUHC_19F	NPLHCJEM_00288	A0A0I7HCD2	Hypothetical protein
LILPNEUHC_19F	NPLHCJEM_00289	A0A0B7MBB6	Aminopeptidase PepS
LILPNEUHC_19F	NPLHCJEM_00290	B1I905	hypothetical protein
LILPNEUHC_19F	NPLHCJEM_00291	B1I906	Ribosomal small subunit pseudouridine synthase A
LILPNEUHC_19F	NPLHCJEM_00292	B1I907	Aminopeptidase C
LILPNEUHC_19F	NPLHCJEM_00293	Q8DR99	Mannose-specific PTS IID component
LILPNEUHC_19F	NPLHCJEM_00294	Q8DR98	Mannose-specific PTS IIC component
LILPNEUHC_19F	NPLHCJEM_00295	C1CB58	Mannose-specific PTS IIAB components
LILPNEUHC_19F	NPLHCJEM_00296	A0A0B7LSF0	Alcohol dehydrogenase
LILPNEUHC_19F	NPLHCJEM_00297	B2ISL4	Hydrolase%2C HAD superfamily
LILPNEUHC_19F	NPLHCJEM_00298	A0A0T8AEJ3	Guanine-hypoxanthine permease
LILPNEUHC_19F	NPLHCJEM_00299	A0A6I3UPE2	Membrane-bound protease%2C CAAX family
LILPNEUHC_19F	NPLHCJEM_00300	Q9JNA1	Dihydropteroate synthase
LILPNEUHC_19F	NPLHCJEM_00301	B2ISL8	Bifunctional dihydrofolate synthase/folylpolyglutamate synthase
LILPNEUHC_19F	NPLHCJEM_00302	C1CIH2	GTP cyclohydrolase I type 1
LILPNEUHC_19F	NPLHCJEM_00303	C1CC82	Bifunctional dihydroneopterin aldolase/2-amino-4-hydroxy-6-hydroxymethyldihydropteridine pyrophosphokinase
LILPNEUHC_19F	NPLHCJEM_00304	Q8CZ79	Hypothetical protein
LILPNEUHC_19F	NPLHCJEM_00305		L13_leader
LILPNEUHC_19F	NPLHCJEM_00305		
LILPNEUHC_19F	NPLHCJEM_00306	Q8CWU5	LSU ribosomal protein L13p (L13Ae)
LILPNEUHC_19F	NPLHCJEM_00307	Q8CWU4	SSU ribosomal protein S9p (S16e)
LILPNEUHC_19F	NPLHCJEM_00308	C1CC87	Tyrosine recombinase XerC
LILPNEUHC_19F	NPLHCJEM_00309	Q8CZ76	Hypothetical protein
LILPNEUHC_19F	NPLHCJEM_00310	A0A0B7LX26	hypothetical protein
LILPNEUHC_19F	NPLHCJEM_00311		SpF10_sRNA
LILPNEUHC_19F	NPLHCJEM_00311		
LILPNEUHC_19F	NPLHCJEM_00312	A0A098Z6C6	Maltodextrin glucosidase
LILPNEUHC_19F	NPLHCJEM_00313		SpF11_sRNA
LILPNEUHC_19F	NPLHCJEM_00313		
LILPNEUHC_19F	NPLHCJEM_00314	Q8DR82	Glutathione peroxidase family protein
LILPNEUHC_19F	NPLHCJEM_00315	A0A4P0A3L8	Hyaluronate lyase precursor SpnHL
LILPNEUHC_19F	NPLHCJEM_00316	A0A0U0H759	IS4 family transposase ISSsu2
LILPNEUHC_19F	NPLHCJEM_00317	A0A0T7ZGK7	IS4 family transposase ISSsu2
LILPNEUHC_19F	NPLHCJEM_00318	A0A0B7L7X1	IS200/IS605 family transposase ISStin10
LILPNEUHC_19F	NPLHCJEM_00319	C1CB96	Bifunctional 4-hydroxy-2-oxoglutarate aldolase/2-dehydro-3-deoxyphosphogluconate aldolase
LILPNEUHC_19F	NPLHCJEM_00320	A0A0E8Z8H5	2-dehydro-3-deoxygluconokinase
LILPNEUHC_19F	NPLHCJEM_00321	C1CB98	Putative 4-deoxy-L-threo-5-hexosulose-uronate ketol-isomerase
LILPNEUHC_19F	NPLHCJEM_00322	Q8DR79	2-deoxy-D-gluconate 3-dehydrogenase
LILPNEUHC_19F	NPLHCJEM_00323	Q8DR78	Hyaluronate-oligosaccharide-specific PTS IIA component
LILPNEUHC_19F	NPLHCJEM_00324	C1CC98	Unsaturated chondroitin disaccharide hydrolase
LILPNEUHC_19F	NPLHCJEM_00325	A0A064C3M0	Hyaluronate-oligosaccharide-specific PTS IIB component
LILPNEUHC_19F	NPLHCJEM_00326	Q8DR75	Hyaluronate-oligosaccharide-specific PTS IIC component
LILPNEUHC_19F	NPLHCJEM_00327	C1CBA4	Hyaluronate-oligosaccharide-specific PTS IID component
LILPNEUHC_19F	NPLHCJEM_00328	Q8DR73	Preprotein translocase subunit YajC
LILPNEUHC_19F	NPLHCJEM_00329	A0A4V0JMN8	Oligohyaluronate lyase
LILPNEUHC_19F	NPLHCJEM_00330	C1CCA4	Transcriptional regulator RegR
LILPNEUHC_19F	NPLHCJEM_00331	A0A0B7LTR1	hypothetical protein
LILPNEUHC_19F	NPLHCJEM_00332	A0A0T9ZNZ7	Hypothetical protein
LILPNEUHC_19F	NPLHCJEM_00333	A0A4J1RZ57	Hypothetical protein
LILPNEUHC_19F	NPLHCJEM_00334	A0A0E8AI81	hypothetical protein
LILPNEUHC_19F	NPLHCJEM_00335	B2ISQ1	Transcriptional regulator%2C PbsX family
LILPNEUHC_19F	NPLHCJEM_00336	T2BRS6	16S rRNA (cytosine(1402)-N(4))-methyltransferase MraW
LILPNEUHC_19F	NPLHCJEM_00337	T2BRR5	Cell division protein FtsL
LILPNEUHC_19F	NPLHCJEM_00338	T2BRP3	Penicillin-binding protein 2X
LILPNEUHC_19F	NPLHCJEM_00339	T2BR49	Phospho-N-acetylmuramoyl-pentapeptide- transferase
LILPNEUHC_19F	NPLHCJEM_00340	T2BRN9	Putative ATP-dependent Clp proteinase ATP-binding subunit ClpL
LILPNEUHC_19F	NPLHCJEM_00341	Q04MC2	Bifunctional S-ribosylhomocysteine lyase/autoinducer-2 production protein LuxS
LILPNEUHC_19F	NPLHCJEM_00342	A0A0T8DN78	ATP-dependent Zn protease
LILPNEUHC_19F	NPLHCJEM_00343	T2BRK9	Glucan 1%2C6-alpha-glucosidase
LILPNEUHC_19F	NPLHCJEM_00344	T2BR91	IS3 family transposase ISSpn4
LILPNEUHC_19F	NPLHCJEM_00345	T2BQM1	IS3 family transposase ISSpn4
LILPNEUHC_19F	NPLHCJEM_00346	A0A0T9HJ33	hypothetical protein
LILPNEUHC_19F	NPLHCJEM_00347	T2BR30	hypothetical protein
LILPNEUHC_19F	NPLHCJEM_00348	T2BQK0	ISNCY family transposase IS1202
LILPNEUHC_19F	NPLHCJEM_00349	Q8VU34	Exopolysaccharide biosynthesis transcriptional regulator Cps2A
LILPNEUHC_19F	NPLHCJEM_00350	I6UGG3	Tyrosine-protein phosphatase Cps2B
LILPNEUHC_19F	NPLHCJEM_00351	G3GH58	Capsular biosynthesis protein Cps2C
LILPNEUHC_19F	NPLHCJEM_00352	G3GHB9	Tyrosine-protein kinase Cps2D
LILPNEUHC_19F	NPLHCJEM_00353	G3GHC0	Undecaprenyl-phosphate galactosephosphotransferase Cps2E
LILPNEUHC_19F	NPLHCJEM_00354	G3GH61	N-acetylglucosaminyldiphosphoundecaprenol N-acetyl-beta-D-mannosaminyltransferase
LILPNEUHC_19F	NPLHCJEM_00355	G3GGY7	Lipopolysaccharide cholinephosphotransferase LicD1
LILPNEUHC_19F	NPLHCJEM_00356	P97000	hypothetical protein
LILPNEUHC_19F	NPLHCJEM_00357	G3GGY9	hypothetical protein
LILPNEUHC_19F	NPLHCJEM_00358	G3GH35	hypothetical protein
LILPNEUHC_19F	NPLHCJEM_00359	Q4K0U5	UDP-N-acetylglucosamine 2-epimerase
LILPNEUHC_19F	NPLHCJEM_00360	Q4JZ08	Glucose-1-phosphate thymidylyltransferase Cps2L
LILPNEUHC_19F	NPLHCJEM_00361	P97005	dTDP-4-dehydrorhamnose 3%2C5-epimerase Cps2M
LILPNEUHC_19F	NPLHCJEM_00362	O54611	dTDP-glucose 4%2C6-dehydratase Cps2N
LILPNEUHC_19F	NPLHCJEM_00363	Q8DR63	dTDP-4-dehydrorhamnose reductase Cps2O
LILPNEUHC_19F	NPLHCJEM_00364	A0A4N2RH85	hypothetical protein
LILPNEUHC_19F	NPLHCJEM_00365	A0A0T7KY19	hypothetical protein
LILPNEUHC_19F	NPLHCJEM_00366	O54651	IS1167 transposase
LILPNEUHC_19F	NPLHCJEM_00367		Srn266
LILPNEUHC_19F	NPLHCJEM_00367		
LILPNEUHC_19F	NPLHCJEM_00368	A0A4N2RZJ3	Oligopeptide ABC transporter%2C periplasmic oligopeptide-binding protein AliA
LILPNEUHC_19F	NPLHCJEM_00369	A0A4N2RX09	Endo-alpha-N-acetylgalactosaminidase Eng
LILPNEUHC_19F	NPLHCJEM_00370	Q9RET6	Multimodular transpeptidase-transglycosylase%2C penicillin-binding protein 1A
LILPNEUHC_19F	NPLHCJEM_00371	T2BPQ7	RecU Holliday junction resolvase
LILPNEUHC_19F	NPLHCJEM_00372	Q8DR58	Hypothetical protein
LILPNEUHC_19F	NPLHCJEM_00373	Q97SI9	Cell division protein GpsB
LILPNEUHC_19F	NPLHCJEM_00374		RNaseP_bact_b
LILPNEUHC_19F	NPLHCJEM_00374		
LILPNEUHC_19F	NPLHCJEM_00375	A0A0B7MBB7	23S rRNA (guanine(2445)-N(2))-methyltransferase
LILPNEUHC_19F	NPLHCJEM_00376	A0A0T8G9C9	Mid-cell-anchored protein Z
LILPNEUHC_19F	NPLHCJEM_00377	A0A0T9HRS5	6-phosphogluconate dehydrogenase%2C decarboxylating
LILPNEUHC_19F	NPLHCJEM_00378	C1CCE1	Orphan response regulator RitR
LILPNEUHC_19F	NPLHCJEM_00379	C1CCE2	Choline-binding protein CbpF
LILPNEUHC_19F	NPLHCJEM_00380	C1CCE3	Choline-binding protein CbpF
LILPNEUHC_19F	NPLHCJEM_00381	C1CCE4	Macrolide-efflux protein
LILPNEUHC_19F	NPLHCJEM_00382	A0A0I8L9H0	hypothetical protein
LILPNEUHC_19F	NPLHCJEM_00383	A0A4H5A4Z7	hypothetical protein
LILPNEUHC_19F	NPLHCJEM_00384	A0A0H2UNK6	Mevalonate kinase
LILPNEUHC_19F	NPLHCJEM_00385	A0A4N2S154	Diphosphomevalonate decarboxylase
LILPNEUHC_19F	NPLHCJEM_00386	A0A0B7LM49	Phosphomevalonate kinase
LILPNEUHC_19F	NPLHCJEM_00387	A0A4H8JWG3	Isopentenyl-diphosphate delta-isomerase%2C FMN-dependent
LILPNEUHC_19F	NPLHCJEM_00388	A0A064C2Y9	Cell wall-active antibiotics response protein VraT
LILPNEUHC_19F	NPLHCJEM_00389	A0A4N2RWS2	Two-component system sensor histidine kinase VraS
LILPNEUHC_19F	NPLHCJEM_00390	Q9S1J7	Two-component transcriptional regulator VraR
LILPNEUHC_19F	NPLHCJEM_00391	C1CCF6	Hypothetical protein
LILPNEUHC_19F	NPLHCJEM_00392	A0A6I3UVV0	hypothetical protein
LILPNEUHC_19F	NPLHCJEM_00393	C1CCF8	Choline-binding protein CbpK
LILPNEUHC_19F	NPLHCJEM_00394	A0A4J2DDT2	IS3 family transposase ISSpn4
LILPNEUHC_19F	NPLHCJEM_00395	A0A4J1X0J1	hypothetical protein
LILPNEUHC_19F	NPLHCJEM_00396	A0A4J1T8T3	hypothetical protein
LILPNEUHC_19F	NPLHCJEM_00397	A0A4G4FWF8	hypothetical protein
LILPNEUHC_19F	NPLHCJEM_00398	C1CCG2	Mannitol-specific PTS IIBC components
LILPNEUHC_19F	NPLHCJEM_00399	A0A0T7KHN4	Mannitol operon activator%2C BglG family
LILPNEUHC_19F	NPLHCJEM_00400	A0A4N2RWS8	Mannitol-specific PTS IIA component
LILPNEUHC_19F	NPLHCJEM_00401	A0A4N2S0I6	Mannitol-1-phosphate 5-dehydrogenase
LILPNEUHC_19F	NPLHCJEM_00402	A0A4N2S0X5	Cell division trigger factor
LILPNEUHC_19F	NPLHCJEM_00403	A0A110R5Y0	RecD-like DNA helicase YrrC
LILPNEUHC_19F	NPLHCJEM_00404	Q3I0J5	Signal peptidase I
LILPNEUHC_19F	NPLHCJEM_00405	A0A6I3UVS3	Ribonuclease HIII
LILPNEUHC_19F	NPLHCJEM_00406	C1CCH1	Z-ring positive regulator ZapA
LILPNEUHC_19F	NPLHCJEM_00407	C1C5E3	Z-ring positive regulator ZapB
LILPNEUHC_19F	NPLHCJEM_00408	A0A0I9BHS0	Recombination inhibitory protein MutS2
LILPNEUHC_19F	NPLHCJEM_00409		Glycine
LILPNEUHC_19F	NPLHCJEM_00409		
LILPNEUHC_19F	NPLHCJEM_00410	C1CCH4	Sodium/glycine symporter GlyP
LILPNEUHC_19F	NPLHCJEM_00411	Q8DR24	Macrophage infectivity potentiator protein
LILPNEUHC_19F	NPLHCJEM_00412	Q8DR23	Exfoliative toxin A
LILPNEUHC_19F	NPLHCJEM_00413	Q8DR22	Seryl-tRNA synthetase
LILPNEUHC_19F	NPLHCJEM_00414	A0A0B7L8X4	Putative regulator of the mannose operon ManO
LILPNEUHC_19F	NPLHCJEM_00415	Q8DR20	Aspartokinase
LILPNEUHC_19F	NPLHCJEM_00416	C1CCI0	Trans-2%2Ccis-3-Decenoyl-ACP isomerase
LILPNEUHC_19F	NPLHCJEM_00417	Q8DR18	Transcriptional regulator of fatty acid biosynthesis FabT
LILPNEUHC_19F	NPLHCJEM_00418	Q04M58	3-oxoacyl-(acyl-carrier-protein) synthase FabH
LILPNEUHC_19F	NPLHCJEM_00419	P0A2W1	Acyl carrier protein
LILPNEUHC_19F	NPLHCJEM_00420	C1C5F6	Enoyl-(acyl-carrier-protein) reductase FabK
LILPNEUHC_19F	NPLHCJEM_00421	Q9FBC4	Malonyl CoA-acyl carrier protein transacylase FabD
LILPNEUHC_19F	NPLHCJEM_00422	C1CCI6	3-oxoacyl-[acyl-carrier protein] reductase FabG1
LILPNEUHC_19F	NPLHCJEM_00423	Q8DR14	3-oxoacyl-(acyl-carrier-protein) synthase FabF
LILPNEUHC_19F	NPLHCJEM_00424	Q9FBC1	Biotin carboxyl carrier protein of acetyl-CoA carboxylase
LILPNEUHC_19F	NPLHCJEM_00425	Q04M51	3-hydroxyacyl-(acyl-carrier-protein) dehydratase FabZ
LILPNEUHC_19F	NPLHCJEM_00426	Q9FBB9	Biotin carboxylase of acetyl-CoA carboxylase
LILPNEUHC_19F	NPLHCJEM_00427	Q7CRB7	Acetyl-coenzyme A carboxyl transferase beta chain
LILPNEUHC_19F	NPLHCJEM_00428	A0A064BZA7	Acetyl-coenzyme A carboxyl transferase alpha chain
LILPNEUHC_19F	NPLHCJEM_00429	A0A0I8RVJ1	hypothetical protein
LILPNEUHC_19F	NPLHCJEM_00430	C1CCX0	IS1167 transposase
LILPNEUHC_19F	NPLHCJEM_00431		Srn266
LILPNEUHC_19F	NPLHCJEM_00431		
LILPNEUHC_19F	NPLHCJEM_00432	Q04M45	Transcription termination protein NusB
LILPNEUHC_19F	NPLHCJEM_00433	Q8DR12	Alkaline shock protein
LILPNEUHC_19F	NPLHCJEM_00434	Q04M43	Translation elongation factor P
LILPNEUHC_19F	NPLHCJEM_00435	A0A0I9H6I9	Bifunctional aspartyl-tRNA(Asp) amidotransferase subunit B/glutamyl-tRNA(Glu) amidotransferase subunit B
LILPNEUHC_19F	NPLHCJEM_00436	A0A4N2S0C0	Bifunctional aspartyl-tRNA(Asp) amidotransferase subunit A/glutamyl-tRNA(Glu) amidotransferase subunit A
LILPNEUHC_19F	NPLHCJEM_00437	A0A0B7M1L0	Bifunctional aspartyl-tRNA(Asp) amidotransferase subunit C/glutamyl-tRNA(Glu) amidotransferase subunit C
LILPNEUHC_19F	NPLHCJEM_00438	A0A0Y2EN80	Peptide chain release factor 3
LILPNEUHC_19F	NPLHCJEM_00439	Q8DR08	Putative CDP-glycerol:glycerophosphate glycerophosphotransferase
LILPNEUHC_19F	NPLHCJEM_00440	A0A064BZB4	LSU ribosomal protein L28p
LILPNEUHC_19F	NPLHCJEM_00441	C1CCK5	Putative alkaline-shock protein
LILPNEUHC_19F	NPLHCJEM_00442	C1CCK6	Dihydroxyacetone kinase-like protein
LILPNEUHC_19F	NPLHCJEM_00443	C1CCK7	Acetolactate synthase large subunit
LILPNEUHC_19F	NPLHCJEM_00444	Q8DR04	Acetolactate synthase small subunit
LILPNEUHC_19F	NPLHCJEM_00445	A0A0T8DJ21	Ketol-acid reductoisomerase
LILPNEUHC_19F	NPLHCJEM_00446	C1C5I1	hypothetical protein
LILPNEUHC_19F	NPLHCJEM_00447	Q8CZ61	Hypothetical protein
LILPNEUHC_19F	NPLHCJEM_00448	C1CCL2	Threonine dehydratase
LILPNEUHC_19F	NPLHCJEM_00449	Q8CZ60	Hypothetical protein
LILPNEUHC_19F	NPLHCJEM_00450	Q8DR01	Glutamine ABC transporter ATP-binding protein GlnQ1
LILPNEUHC_19F	NPLHCJEM_00451	A0A4N2S0F6	Glutamine ABC transporter permease GlnHP1
LILPNEUHC_19F	NPLHCJEM_00452	A0A4N2S4G5	Hypothetical protein
LILPNEUHC_19F	NPLHCJEM_00453	A0A4J2DA69	IS110 family transposase ISBth13
LILPNEUHC_19F	NPLHCJEM_00454	Q04M23	Undecaprenyl-diphosphatase
LILPNEUHC_19F	NPLHCJEM_00455	A0A4N2S0D8	DNA polymerase IV
LILPNEUHC_19F	NPLHCJEM_00456	B1I9Q0	Pyruvate formate-lyase
LILPNEUHC_19F	NPLHCJEM_00457	B1I9Q1	IS1167 transposase
LILPNEUHC_19F	NPLHCJEM_00458		Srn266
LILPNEUHC_19F	NPLHCJEM_00458		
LILPNEUHC_19F	NPLHCJEM_00459	B1I9Q2	hypothetical protein
LILPNEUHC_19F	NPLHCJEM_00460	A7KT31	hypothetical protein
LILPNEUHC_19F	NPLHCJEM_00461	A7KT32	hypothetical protein
LILPNEUHC_19F	NPLHCJEM_00462	A7KT33	hypothetical protein
LILPNEUHC_19F	NPLHCJEM_00463	A7KT34	hypothetical protein
LILPNEUHC_19F	NPLHCJEM_00464	A7KT35	hypothetical protein
LILPNEUHC_19F	NPLHCJEM_00465	A7KT36	hypothetical protein
LILPNEUHC_19F	NPLHCJEM_00466	A0A4I9PKS9	IS1167 transposase
LILPNEUHC_19F	NPLHCJEM_00467	A0A4J2DDD2	IS1167 transposase Orf2
LILPNEUHC_19F	NPLHCJEM_00468	A0A4J2DE04	hypothetical protein
LILPNEUHC_19F	NPLHCJEM_00469	C1C9F2	IS1167 transposase Orf1
LILPNEUHC_19F	NPLHCJEM_00470		Srn266
LILPNEUHC_19F	NPLHCJEM_00470		
LILPNEUHC_19F	NPLHCJEM_00471	Q8DQZ5	Hypothetical protein
LILPNEUHC_19F	NPLHCJEM_00472	A0A4U8X7Z5	Lactose-specific PTS IIBC components
LILPNEUHC_19F	NPLHCJEM_00473	B2IM84	Lactose-specific PTS IIBC components
LILPNEUHC_19F	NPLHCJEM_00474	A0A0T8D588	Trk family potassium uptake protein TrkH
LILPNEUHC_19F	NPLHCJEM_00475	C1CCM8	Trk family potassium uptake protein TrkA
LILPNEUHC_19F	NPLHCJEM_00476	C1CCM9	Hypothetical protein
LILPNEUHC_19F	NPLHCJEM_00477	C1C5K9	Substrate-specific component MtsA of methionine-regulated ECF transporter
LILPNEUHC_19F	NPLHCJEM_00478	A0A0B7LW22	Hypothetical protein
LILPNEUHC_19F	NPLHCJEM_00479	A0A0T7IIL1	Duplicated ATPase component MtsB of energizing module of methionine-regulated ECF transporter
LILPNEUHC_19F	NPLHCJEM_00480	C1CCN3	Transmembrane component MtsC of energizing module of methionine-regulated ECF transporter
LILPNEUHC_19F	NPLHCJEM_00481		23S-methyl
LILPNEUHC_19F	NPLHCJEM_00481		
LILPNEUHC_19F	NPLHCJEM_00482	A0A0H2UNS5	tRNA (cytidine(34)-2'-O)-methyltransferase
LILPNEUHC_19F	NPLHCJEM_00483		FMN
LILPNEUHC_19F	NPLHCJEM_00483		
LILPNEUHC_19F	NPLHCJEM_00484	A0AA86XGY0	Substrate-specific component RibU of riboflavin ECF transporter
LILPNEUHC_19F	NPLHCJEM_00485	A0A0T8SW66	Membrane-associated phospholipid phosphatase
LILPNEUHC_19F	NPLHCJEM_00486	B2IM95	Hypothetical protein
LILPNEUHC_19F	NPLHCJEM_00487	B1IA30	Hypothetical protein
LILPNEUHC_19F	NPLHCJEM_00488	Q04LZ9	DNA-directed RNA polymerase delta subunit
LILPNEUHC_19F	NPLHCJEM_00489	Q97S93	CTP synthase
LILPNEUHC_19F	NPLHCJEM_00490	A0A4M3VAK3	IS1380 family transposase ISSpn5
LILPNEUHC_19F	NPLHCJEM_00491	B2IM99	Sodium-dependent phosphate transporter NptA
LILPNEUHC_19F	NPLHCJEM_00492	A0A6G2DB49	Endo-beta-N-acetylglucosaminidase EndoD
LILPNEUHC_19F	NPLHCJEM_00493	C1CQ04	Phosphoglycerate kinase
LILPNEUHC_19F	NPLHCJEM_00494	Q8CZ51	Hypothetical protein
LILPNEUHC_19F	NPLHCJEM_00495	Q8DQX7	Transcriptional regulator%2C MerR family
LILPNEUHC_19F	NPLHCJEM_00496	C1C5M6	Glutamine synthetase type I
LILPNEUHC_19F	NPLHCJEM_00497	C1C5M8	hypothetical protein
LILPNEUHC_19F	NPLHCJEM_00498	A0A4J2ELL3	Type I restriction-modification system%2C specificity subunit S components 1.1-2.1
LILPNEUHC_19F	NPLHCJEM_00499	A0A0T9ZV46	Type I restriction-modification system%2C specificity subunit S type F
LILPNEUHC_19F	NPLHCJEM_00500	Q8DQX1	Type I restriction-modification system DNA-methyltransferase subunit M
LILPNEUHC_19F	NPLHCJEM_00501	A0A4J2B4P0	Type I restriction-modification system DNA-methyltransferase subunit M
LILPNEUHC_19F	NPLHCJEM_00502	B1IA47	Type I restriction-modification system restriction subunit R
LILPNEUHC_19F	NPLHCJEM_00503	B1IA49	Hypothetical protein
LILPNEUHC_19F	NPLHCJEM_00504	B5E230	Heat-inducible transcription repressor HrcA
LILPNEUHC_19F	NPLHCJEM_00505	B2IMB4	Heat shock protein GrpE
LILPNEUHC_19F	NPLHCJEM_00506	Q04LY0	Chaperone protein DnaK
LILPNEUHC_19F	NPLHCJEM_00507		SpF14_sRNA
LILPNEUHC_19F	NPLHCJEM_00507		
LILPNEUHC_19F	NPLHCJEM_00508	C1CCQ9	Chaperone protein DnaJ
LILPNEUHC_19F	NPLHCJEM_00509	A0A4U1IYY9	hypothetical protein
LILPNEUHC_19F	NPLHCJEM_00510	Q8CZ48	Hypothetical protein
LILPNEUHC_19F	NPLHCJEM_00511	Q8DQW8	Histidine triad nucleotide-binding protein
LILPNEUHC_19F	NPLHCJEM_00512	Q8DQW7	ABC transporter ATP-binding protein EcsA
LILPNEUHC_19F	NPLHCJEM_00513	Q8DQW6	ABC transporter permease protein EcsB
LILPNEUHC_19F	NPLHCJEM_00514	Q9FBH2	BlpT protein
LILPNEUHC_19F	NPLHCJEM_00515	A0A4N2RKX5	BlpS protein
LILPNEUHC_19F	NPLHCJEM_00516	B2IMC3	Two-component system response regulator BlpR
LILPNEUHC_19F	NPLHCJEM_00517	B2IMC4	Two-component system sensor histidine kinase BlpH
LILPNEUHC_19F	NPLHCJEM_00518	Q9F2F8	Peptide pheromone BlpC
LILPNEUHC_19F	NPLHCJEM_00519	A0A4N2RMJ8	Competence-stimulating peptide ABC transporter permease protein ComB
LILPNEUHC_19F	NPLHCJEM_00520	B2IMC6	Competence-stimulating peptide ABC transporter ATP-binding protein ComA
LILPNEUHC_19F	NPLHCJEM_00521	G3EBR6	Bacteriocin BlpU
LILPNEUHC_19F	NPLHCJEM_00522	Q9EW64	hypothetical protein
LILPNEUHC_19F	NPLHCJEM_00523	C1C5Q7	hypothetical protein
LILPNEUHC_19F	NPLHCJEM_00524	G3ECD6	IS5 family transposase ISSpn7
LILPNEUHC_19F	NPLHCJEM_00525	B2IMD0	IS1381 transposase OrfB
LILPNEUHC_19F	NPLHCJEM_00526	Q9ETC8	Bacteriocin lactacin-F subunit LafA
LILPNEUHC_19F	NPLHCJEM_00527	Q9ETA3	hypothetical protein
LILPNEUHC_19F	NPLHCJEM_00528	A0A6I3TPS6	hypothetical protein
LILPNEUHC_19F	NPLHCJEM_00529	B2IMD4	hypothetical protein
LILPNEUHC_19F	NPLHCJEM_00530	B2IMD5	Bacteriocin immunity protein BlpY
LILPNEUHC_19F	NPLHCJEM_00531	Q9FBH0	Immunity protein BlpZ
LILPNEUHC_19F	NPLHCJEM_00532	Q9EW58	Putative protease
LILPNEUHC_19F	NPLHCJEM_00533	C1CCT2	Aminoglycoside phosphotransferase family protein
LILPNEUHC_19F	NPLHCJEM_00534	A0A064C0Y7	tRNA (guanine46-N7-)-methyltransferase
LILPNEUHC_19F	NPLHCJEM_00535	Q97S61	Bacterial ribosome SSU maturation protein RimP
LILPNEUHC_19F	NPLHCJEM_00536	C1CCT5	Transcription termination/antitermination protein NusA
LILPNEUHC_19F	NPLHCJEM_00537	Q8DQV4	Putative nucleic-acid-binding protein implicated in transcription termination
LILPNEUHC_19F	NPLHCJEM_00538	C1CCT7	L7Ae family ribosomal protein
LILPNEUHC_19F	NPLHCJEM_00539	B2IME4	Translation initiation factor 2
LILPNEUHC_19F	NPLHCJEM_00540	B2IME5	Ribosome-binding factor A
LILPNEUHC_19F	NPLHCJEM_00541	B2IME6	Hypothetical protein
LILPNEUHC_19F	NPLHCJEM_00542	B1IA83	Hypothetical protein
LILPNEUHC_19F	NPLHCJEM_00543	B1IA84	Hypothetical protein
LILPNEUHC_19F	NPLHCJEM_00544	Q8CZ42	Glycerate kinase
LILPNEUHC_19F	NPLHCJEM_00545	A0A4L8R0I1	Hypothetical protein
LILPNEUHC_19F	NPLHCJEM_00546	C1CCU5	Hypothetical protein
LILPNEUHC_19F	NPLHCJEM_00547	C1CCU6	Hypothetical protein
LILPNEUHC_19F	NPLHCJEM_00548	A0A4J1XU33	Hypothetical protein
LILPNEUHC_19F	NPLHCJEM_00549	A0A0X9K390	Acetyltransferase
LILPNEUHC_19F	NPLHCJEM_00550	A0A6I3UZ84	Hypothetical protein
LILPNEUHC_19F	NPLHCJEM_00551	C1CCV0	Hypothetical protein
LILPNEUHC_19F	NPLHCJEM_00552	A0A4K3FKP1	Valyl-tRNA synthetase
LILPNEUHC_19F	NPLHCJEM_00553	B2IMF7	hypothetical protein
LILPNEUHC_19F	NPLHCJEM_00554	A0AA87CE21	hypothetical protein
LILPNEUHC_19F	NPLHCJEM_00555	A0A064BZI4	Fic domain protein
LILPNEUHC_19F	NPLHCJEM_00556	A0A4G4FB71	IS3 family transposase ISSpn4
LILPNEUHC_19F	NPLHCJEM_00557	A0A4H5CFH6	hypothetical protein
LILPNEUHC_19F	NPLHCJEM_00558	C1CDJ6	IS3 family transposase ISSpn11
LILPNEUHC_19F	NPLHCJEM_00559	A0A4N2RNC6	hypothetical protein
LILPNEUHC_19F	NPLHCJEM_00560	Q8CZ34	hypothetical protein
LILPNEUHC_19F	NPLHCJEM_00561	A0A4J2FHM1	hypothetical protein
LILPNEUHC_19F	NPLHCJEM_00562		SpF19_sRNA
LILPNEUHC_19F	NPLHCJEM_00562		
LILPNEUHC_19F	NPLHCJEM_00563	B2IMP8	Beta-glucoside bgl operon antiterminator BglG
LILPNEUHC_19F	NPLHCJEM_00564	A0A0I8J7R2	Beta-glucoside-specific PTS IIBCA components
LILPNEUHC_19F	NPLHCJEM_00565	A0A0D6J947	6-phospho-beta-glucosidase
LILPNEUHC_19F	NPLHCJEM_00566	Q97S36	Phenylalanyl-tRNA synthetase alpha chain
LILPNEUHC_19F	NPLHCJEM_00567	A0A0B7KXV4	N1-spermidine/spermine acetyltransferase PaiA
LILPNEUHC_19F	NPLHCJEM_00568	A0A4N2RJJ4	Phenylalanyl-tRNA synthetase beta chain
LILPNEUHC_19F	NPLHCJEM_00569	A0A0U0AS73	Putative integral membrane protein
LILPNEUHC_19F	NPLHCJEM_00570	A0A7X2XKP4	ISSpn8 transposase
LILPNEUHC_19F	NPLHCJEM_00571	A0A0E7P671	ISSpn8 transposase
LILPNEUHC_19F	NPLHCJEM_00572	A0A6I3UU84	Antitoxin HigA
LILPNEUHC_19F	NPLHCJEM_00573	A0A4N2RLJ1	5-methyltetrahydropteroyltriglutamate-- homocysteine methyltransferase
LILPNEUHC_19F	NPLHCJEM_00574	A0A4N2RLW4	5%2C10-methylenetetrahydrofolate reductase
LILPNEUHC_19F	NPLHCJEM_00575	B5E2A0	Polyribonucleotide nucleotidyltransferase
LILPNEUHC_19F	NPLHCJEM_00576	B2IMR0	Serine acetyltransferase
LILPNEUHC_19F	NPLHCJEM_00577	B2IMR1	Acetyltransferase%2C GNAT family
LILPNEUHC_19F	NPLHCJEM_00578	B2IMR2	Cysteinyl-tRNA synthetase
LILPNEUHC_19F	NPLHCJEM_00579	Q8DQS7	Mini-ribonuclease III
LILPNEUHC_19F	NPLHCJEM_00580	B2IMR4	Leucine rich protein
LILPNEUHC_19F	NPLHCJEM_00581	B2IMR5	hypothetical protein
LILPNEUHC_19F	NPLHCJEM_00582		Intron_gpII
LILPNEUHC_19F	NPLHCJEM_00582		
LILPNEUHC_19F	NPLHCJEM_00583	C1C5W8	Peptide ABC transporter membrane-spanning permease Vex1
LILPNEUHC_19F	NPLHCJEM_00584	B2IMR7	ABC transporter ATP-binding protein Vex2
LILPNEUHC_19F	NPLHCJEM_00585	B9W4V1	Peptide ABC transporter membrane-spanning permease Vex3
LILPNEUHC_19F	NPLHCJEM_00586	C1CCX7	Two-component system response regulator VncR
LILPNEUHC_19F	NPLHCJEM_00587	B2IMS1	Two-component system sensor histidine kinase VncS
LILPNEUHC_19F	NPLHCJEM_00588	C1CCX9	Class II fructose-bisphosphate aldolase
LILPNEUHC_19F	NPLHCJEM_00589	B2IMS3	Oxidoreductase
LILPNEUHC_19F	NPLHCJEM_00590	Q8DQR8	Glutamine ABC transporter permease GlnP2b
LILPNEUHC_19F	NPLHCJEM_00591	B2IMS5	Glutamine ABC transporter permease GlnP2a
LILPNEUHC_19F	NPLHCJEM_00592	B2IMS6	Glutamine ABC transporter substrate-binding protein GlnH2
LILPNEUHC_19F	NPLHCJEM_00593	B2IMS7	Glutamine ABC transporter ATP-binding protein GlnQ4
LILPNEUHC_19F	NPLHCJEM_00594	A0A0H2UP28	Single-stranded-DNA-specific exonuclease RecJ
LILPNEUHC_19F	NPLHCJEM_00595	Q8DQR3	Ribonuclease J2
LILPNEUHC_19F	NPLHCJEM_00596	A0A4N2RJD5	Tributyrin esterase
LILPNEUHC_19F	NPLHCJEM_00597	Q4TUJ7	tRNA-dependent lipid II--L-alanine/serine ligase MurM
LILPNEUHC_19F	NPLHCJEM_00598	Q4TUI8	tRNA-dependent lipid II-Ala--L-alanine ligase MurN
LILPNEUHC_19F	NPLHCJEM_00599	C1C5Y5	Putative Zn-dependent protease
LILPNEUHC_19F	NPLHCJEM_00600	A0A2I5LWR7	Excinuclease ABC subunit C
LILPNEUHC_19F	NPLHCJEM_00601	A0A2I5LWX1	Serine/threonine protein phosphatase
LILPNEUHC_19F	NPLHCJEM_00602	A0A121IWV5	Cysteine ABC transporter substrate-binding protein
LILPNEUHC_19F	NPLHCJEM_00603	B2IMT9	Bifunctional oxygen-insensitive NAD(P)H nitroreductase/dihydropteridine reductase
LILPNEUHC_19F	NPLHCJEM_00604	B2IMU0	Dipeptidase PepV
LILPNEUHC_19F	NPLHCJEM_00605	C1CCZ5	Uracil-DNA glycosylase
LILPNEUHC_19F	NPLHCJEM_00606	C1C5Z2	hypothetical protein
LILPNEUHC_19F	NPLHCJEM_00607		SpF22_sRNA
LILPNEUHC_19F	NPLHCJEM_00607		
LILPNEUHC_19F	NPLHCJEM_00608	C1C5Z4	Branched-chain amino acid transport system carrier protein
LILPNEUHC_19F	NPLHCJEM_00609	A0A4N2RJY1	Deblocking aminopeptidase
LILPNEUHC_19F	NPLHCJEM_00610	A0A0Y2DU44	Histidine triad family protein
LILPNEUHC_19F	NPLHCJEM_00611	A0A062WT68	L%2CD-carboxypeptidase
LILPNEUHC_19F	NPLHCJEM_00612	Q97RZ6	LSU ribosomal protein L11p (L12e)
LILPNEUHC_19F	NPLHCJEM_00613	Q04LP6	LSU ribosomal protein L1p (L10Ae)
LILPNEUHC_19F	NPLHCJEM_00614		Intron_gpII
LILPNEUHC_19F	NPLHCJEM_00614		
LILPNEUHC_19F	NPLHCJEM_00615	A0A2U3RYS7	Hypothetical protein
LILPNEUHC_19F	NPLHCJEM_00616	A0A0U0GZ72	Hypothetical protein
LILPNEUHC_19F	NPLHCJEM_00617	C1C603	ABC transporter ATP-binding protein
LILPNEUHC_19F	NPLHCJEM_00618	C1CD09	Antibiotic ABC transporter permease protein
LILPNEUHC_19F	NPLHCJEM_00619	A0A0H2UP10	Multidrug ABC transporter permease protein
LILPNEUHC_19F	NPLHCJEM_00620	A0A0H2UP15	hypothetical protein
LILPNEUHC_19F	NPLHCJEM_00621	A0A2U3RYK5	Hypothetical protein
LILPNEUHC_19F	NPLHCJEM_00622	A0A4N2RLY0	Serine protease PrtA precursor
LILPNEUHC_19F	NPLHCJEM_00623	A0A5E8DZP1	Galactose-specific PTS IIA component
LILPNEUHC_19F	NPLHCJEM_00624	Q8CZ23	Galactose-specific PTS IIB component
LILPNEUHC_19F	NPLHCJEM_00625	Q8DQP5	Galactose-specific PTS IIC component
LILPNEUHC_19F	NPLHCJEM_00626	A0A6I3UUX8	Beta-galactosidase BgaA
LILPNEUHC_19F	NPLHCJEM_00627	A0A0T9ZRE9	hypothetical protein
LILPNEUHC_19F	NPLHCJEM_00628	A0A0E8ZNY6	hypothetical protein
LILPNEUHC_19F	NPLHCJEM_00629		SpF25_sRNA
LILPNEUHC_19F	NPLHCJEM_00629		
LILPNEUHC_19F	NPLHCJEM_00630	A0A0B7L9V0	Hypothetical protein
LILPNEUHC_19F	NPLHCJEM_00631	A0A4G4SMG4	hypothetical protein
LILPNEUHC_19F	NPLHCJEM_00632	Q8CZ18	hypothetical protein
LILPNEUHC_19F	NPLHCJEM_00633	A0A6I3UUU3	Putative rRNA methylase YtqB
LILPNEUHC_19F	NPLHCJEM_00634	A0A0B7MD14	Hypothetical protein
LILPNEUHC_19F	NPLHCJEM_00635	A0A4N2RLF8	Na+/H+ antiporter
LILPNEUHC_19F	NPLHCJEM_00636	A0A237K353	Inner membrane protein YihY
LILPNEUHC_19F	NPLHCJEM_00637	C1CD25	Cytochrome c-type biogenesis protein CcdA-1
LILPNEUHC_19F	NPLHCJEM_00638	A0AA87CBX6	Thiol:disulfide oxidoreductase
LILPNEUHC_19F	NPLHCJEM_00639	C1C622	Peptide methionine sulfoxide reductase MsrAB2
LILPNEUHC_19F	NPLHCJEM_00640	Q8DQN8	Two-component response regulator YesN
LILPNEUHC_19F	NPLHCJEM_00641	C1C624	Two-component sensor kinase YesM
LILPNEUHC_19F	NPLHCJEM_00642	A0AA86XIJ4	YwlG
LILPNEUHC_19F	NPLHCJEM_00643	A0A4J2BJ33	Zinc metalloprotease ZmpB precursor
LILPNEUHC_19F	NPLHCJEM_00644	A0A4J2F1P5	Bifunctional para-aminobenzoate synthase%2C aminase component/aminodeoxychorismate lyase
LILPNEUHC_19F	NPLHCJEM_00645	A0A0B7L5A0	2-succinyl-6-hydroxy-2%2C4-cyclohexadiene-1-carboxylate synthase
LILPNEUHC_19F	NPLHCJEM_00646	A0AA86MJA8	hypothetical protein
LILPNEUHC_19F	NPLHCJEM_00647	C1CD35	Glucokinase
LILPNEUHC_19F	NPLHCJEM_00648	Q04LL8	Thymidylate synthase
LILPNEUHC_19F	NPLHCJEM_00649	Q8CZ15	Hypothetical protein
LILPNEUHC_19F	NPLHCJEM_00650	A0A654U945	tRNA dimethylallyltransferase MiaA
LILPNEUHC_19F	NPLHCJEM_00651	Q8DQN2	GTP-binding protein HflX
LILPNEUHC_19F	NPLHCJEM_00652	C1CD40	Cystathionine beta-lyase
LILPNEUHC_19F	NPLHCJEM_00653	Q8DQN1	Ribonuclease Z
LILPNEUHC_19F	NPLHCJEM_00654	C1C637	Short-chain dehydrogenase
LILPNEUHC_19F	NPLHCJEM_00655	Q8DQM9	Methionine biosynthesis and transport regulator MtaR%2C LysR family
LILPNEUHC_19F	NPLHCJEM_00656	Q8DQM8	Hypothetical protein
LILPNEUHC_19F	NPLHCJEM_00657	Q8DQM7	Rhodanese-like domain protein
LILPNEUHC_19F	NPLHCJEM_00658	C1C641	Hypothetical protein
LILPNEUHC_19F	NPLHCJEM_00659	B2IN70	Ribosomal small subunit pseudouridine synthase A
LILPNEUHC_19F	NPLHCJEM_00660	A0AA86Y837	GTP-binding protein TypA
LILPNEUHC_19F	NPLHCJEM_00661	Q8CZ11	Putative membrane protein
LILPNEUHC_19F	NPLHCJEM_00662	A0A4J2BGJ1	Hypothetical protein
LILPNEUHC_19F	NPLHCJEM_00663	Q8DQM4	Putative immunity protein
LILPNEUHC_19F	NPLHCJEM_00664	A0A0Y2CJK5	ABC transporter ATP-binding protein
LILPNEUHC_19F	NPLHCJEM_00665	A0A121AWF6	UDP-N-acetylmuramoylalanine--D-glutamate ligase
LILPNEUHC_19F	NPLHCJEM_00666	B1IAM4	UDP-N-acetylglucosamine--N-acetylmuramyl- (pentapeptide) pyrophosphoryl-undecaprenol N-acetylglucosamine transferase
LILPNEUHC_19F	NPLHCJEM_00667	A0A121AWH4	Cell division protein DivIB
LILPNEUHC_19F	NPLHCJEM_00668		PyrR
LILPNEUHC_19F	NPLHCJEM_00668		
LILPNEUHC_19F	NPLHCJEM_00669	A0A0E8T5G7	Orotidine 5'-phosphate decarboxylase
LILPNEUHC_19F	NPLHCJEM_00670	A0A0B7LTK9	Orotate phosphoribosyltransferase
LILPNEUHC_19F	NPLHCJEM_00671	A0A0B7LBR9	Hypothetical protein
LILPNEUHC_19F	NPLHCJEM_00672	B1IAM9	Hypothetical protein
LILPNEUHC_19F	NPLHCJEM_00673	C1C655	Hypothetical protein
LILPNEUHC_19F	NPLHCJEM_00674	A0A6I3UQD5	Hypothetical protein
LILPNEUHC_19F	NPLHCJEM_00675	A0A4J1UN03	ABC transporter ATP-binding protein
LILPNEUHC_19F	NPLHCJEM_00676	A0A9P1Q6Y9	Amino acid ABC transporter amino acid-binding/permease protein
LILPNEUHC_19F	NPLHCJEM_00677	Q8DQL2	hypothetical protein
LILPNEUHC_19F	NPLHCJEM_00678	A0A0Y0N6U5	Glutamine ABC transporter ATP-binding protein GlnQ3
LILPNEUHC_19F	NPLHCJEM_00679	A0A0B7MDS9	Glutamine ABC transporter permease GlnP3b
LILPNEUHC_19F	NPLHCJEM_00680	A0A4N2RLZ7	Glutamine ABC transporter permease GlnP3a
LILPNEUHC_19F	NPLHCJEM_00681	B2IN94	L-Lactate 2-monooxygenase
LILPNEUHC_19F	NPLHCJEM_00682	Q8CWS5	Class II lysyl-tRNA synthetase
LILPNEUHC_19F	NPLHCJEM_00683	Q8DQK7	L-Lactate 2-monooxygenase
LILPNEUHC_19F	NPLHCJEM_00684		TPP
LILPNEUHC_19F	NPLHCJEM_00684		
LILPNEUHC_19F	NPLHCJEM_00685	Q8DQK6	Thiaminase II
LILPNEUHC_19F	NPLHCJEM_00686	A0A4J1UQ23	Hydroxyethylthiazole kinase
LILPNEUHC_19F	NPLHCJEM_00687	Q97RS5	Thiamin-phosphate pyrophosphorylase
LILPNEUHC_19F	NPLHCJEM_00688		TPP
LILPNEUHC_19F	NPLHCJEM_00688		
LILPNEUHC_19F	NPLHCJEM_00689	C1CD71	Substrate-specific component YkoE of thiamin-regulated ECF transporter for hydroxymethylpyrimidine
LILPNEUHC_19F	NPLHCJEM_00690	A0A4J1Y110	Duplicated ATPase component YkoD of energizing module of thiamin-regulated ECF transporter for hydroxymethylpyrimidine
LILPNEUHC_19F	NPLHCJEM_00691	A0A0D6JA00	Transmembrane component YkoC of energizing module of thiamin-regulated ECF transporter for hydroxymethylpyrimidine
LILPNEUHC_19F	NPLHCJEM_00692	B1IAP4	Thiaminase II TenA
LILPNEUHC_19F	NPLHCJEM_00693	B2INA5	Substrate-specific component ThiW of putative thiazole ECF transporter
LILPNEUHC_19F	NPLHCJEM_00694	A0A4G4SMD2	Hydroxyethylthiazole kinase
LILPNEUHC_19F	NPLHCJEM_00695	C1C674	Thiamin-phosphate pyrophosphorylase
LILPNEUHC_19F	NPLHCJEM_00696	C1CD78	Hydroxymethylpyrimidine phosphate kinase ThiD
LILPNEUHC_19F	NPLHCJEM_00697		TPP
LILPNEUHC_19F	NPLHCJEM_00697		
LILPNEUHC_19F	NPLHCJEM_00698	C1CD79	Negative transcriptional regulator of copper transport operon
LILPNEUHC_19F	NPLHCJEM_00699	C1C677	Copper-exporting ATPase
LILPNEUHC_19F	NPLHCJEM_00700	A0A0H2UP76	Lead%2C cadmium%2C copper%2C zinc and mercury transporting P-type ATPase
LILPNEUHC_19F	NPLHCJEM_00701	C1CD82	Pyruvate oxidase
LILPNEUHC_19F	NPLHCJEM_00702	Q8CZ01	Hypothetical protein
LILPNEUHC_19F	NPLHCJEM_00703	B2IQU9	IS630 family transposase ISSpn2
LILPNEUHC_19F	NPLHCJEM_00704	A0A4G4T881	hypothetical protein
LILPNEUHC_19F	NPLHCJEM_00705	A0A0B7LP30	6-phospho-beta-glucosidase
LILPNEUHC_19F	NPLHCJEM_00706	A0A0T7IRK7	Mannose-6-phosphate isomerase
LILPNEUHC_19F	NPLHCJEM_00707	A0A4J1NDC2	Sodium-dependent transporter
LILPNEUHC_19F	NPLHCJEM_00708	A0AA44S6B9	HTH-type transcriptional activator mta
LILPNEUHC_19F	NPLHCJEM_00709	B2INC3	MutT/Nudix family protein
LILPNEUHC_19F	NPLHCJEM_00710	A0A4J1RG21	NAD(FAD)-utilizing dehydrogenase
LILPNEUHC_19F	NPLHCJEM_00711	Q97RQ6	DegV family protein
LILPNEUHC_19F	NPLHCJEM_00712	Q8DQI5	Transcriptional regulator%2C AcrR family
LILPNEUHC_19F	NPLHCJEM_00713	C1CD94	dCMP deaminase
LILPNEUHC_19F	NPLHCJEM_00714	Q8DQI3	Uracil phosphoribosyltransferase
LILPNEUHC_19F	NPLHCJEM_00715	Q04LF4	ATP-dependent Clp protease proteolytic subunit ClpP
LILPNEUHC_19F	NPLHCJEM_00716	A0A0T9AB05	Hypothetical protein
LILPNEUHC_19F	NPLHCJEM_00717	Q8DQI1	High-affinity leucine-specific transport system%2C periplasmic binding protein LivJ
LILPNEUHC_19F	NPLHCJEM_00718	C1CD99	High-affinity branched-chain amino acid transport system permease protein LivH
LILPNEUHC_19F	NPLHCJEM_00719	Q8DQH9	Branched-chain amino acid transport system permease protein LivM
LILPNEUHC_19F	NPLHCJEM_00720	Q8DQH8	Branched-chain amino acid transport ATP-binding protein LivG
LILPNEUHC_19F	NPLHCJEM_00721	C1CDA2	Branched-chain amino acid transport ATP-binding protein LivF
LILPNEUHC_19F	NPLHCJEM_00722	A0A0B7LZT8	CBS domain protein
LILPNEUHC_19F	NPLHCJEM_00723	Q2MGI2	Peptide chain release factor 2
LILPNEUHC_19F	NPLHCJEM_00724	C1C6A0	Cell division transporter%2C ATP-binding protein FtsE
LILPNEUHC_19F	NPLHCJEM_00725	B2INE0	Cell division protein FtsX
LILPNEUHC_19F	NPLHCJEM_00726	O54651	IS1167 transposase
LILPNEUHC_19F	NPLHCJEM_00727		Srn266
LILPNEUHC_19F	NPLHCJEM_00727		
LILPNEUHC_19F	NPLHCJEM_00728	A0A0B7LD25	Maltose- and glucose-specific PTS IICBA components
LILPNEUHC_19F	NPLHCJEM_00729	A0A0E8ZHY5	Exodeoxyribonuclease III
LILPNEUHC_19F	NPLHCJEM_00730	B1IAT7	ATP-dependent RNA helicase YqfR
LILPNEUHC_19F	NPLHCJEM_00731	Q8DQH0	S-adenosylmethionine synthetase
LILPNEUHC_19F	NPLHCJEM_00732	C1CDB1	hypothetical protein
LILPNEUHC_19F	NPLHCJEM_00733	A0A655GS10	IS1380 family transposase ISSpn5
LILPNEUHC_19F	NPLHCJEM_00734	A0A0Y4IM27	Dihydroorotate dehydrogenase (fumarate)
LILPNEUHC_19F	NPLHCJEM_00735	A0A0B7L8W0	DNA polymerase III delta subunit
LILPNEUHC_19F	NPLHCJEM_00736	C1C6A8	Manganese superoxide dismutase
LILPNEUHC_19F	NPLHCJEM_00737	Q8CYZ7	hypothetical protein
LILPNEUHC_19F	NPLHCJEM_00738	A0A4J1XII3	Bifunctional 23S rRNA (adenine(2503)-C(2))-methyltransferase/tRNA (adenine(37)-C(2))-methyltransferase
LILPNEUHC_19F	NPLHCJEM_00739	A0A064BZ89	VanZF-related protein
LILPNEUHC_19F	NPLHCJEM_00740	C1C6B2	ABC transporter ATP-binding protein
LILPNEUHC_19F	NPLHCJEM_00741	C1CDB9	Peptidyl-prolyl cis-trans isomerase
LILPNEUHC_19F	NPLHCJEM_00742	Q8CYZ5	Hypothetical protein
LILPNEUHC_19F	NPLHCJEM_00743	Q04LD0	SSU ribosomal protein S16p
LILPNEUHC_19F	NPLHCJEM_00744	C1CDC4	KH domain RNA-binding protein
LILPNEUHC_19F	NPLHCJEM_00745	B2ING2	hypothetical protein
LILPNEUHC_19F	NPLHCJEM_00746	Q8DQG3	16S rRNA processing protein RimM
LILPNEUHC_19F	NPLHCJEM_00747	Q8CWS4	tRNA (guanine(37)-N(1))-methyltransferase
LILPNEUHC_19F	NPLHCJEM_00748	Q8CYZ1	Anaerobic ribonucleoside-triphosphate reductase
LILPNEUHC_19F	NPLHCJEM_00749	B2INF8	Hypothetical protein
LILPNEUHC_19F	NPLHCJEM_00750	Q8DQG2	Hypothetical protein
LILPNEUHC_19F	NPLHCJEM_00751	B1IAV8	Substrate-specific component BioY of biotin ECF transporter
LILPNEUHC_19F	NPLHCJEM_00752	C1CDD7	Glutathione reductase
LILPNEUHC_19F	NPLHCJEM_00753	B1IAW0	Periplasmic component of efflux system
LILPNEUHC_19F	NPLHCJEM_00754	Q8DQF8	ABC transporter ATP-binding protein
LILPNEUHC_19F	NPLHCJEM_00755	A0A4N9R523	ABC transporter permease protein
LILPNEUHC_19F	NPLHCJEM_00756	A0AA86YDQ8	Methionyl-tRNA synthetase
LILPNEUHC_19F	NPLHCJEM_00757	A0A4J2ERL6	IS1167 transposase
LILPNEUHC_19F	NPLHCJEM_00758		Srn266
LILPNEUHC_19F	NPLHCJEM_00758		
LILPNEUHC_19F	NPLHCJEM_00759	Q8DQF6	Transcriptional regulator%2C PadR family
LILPNEUHC_19F	NPLHCJEM_00760	A0A4N2S1H3	Hypothetical protein
LILPNEUHC_19F	NPLHCJEM_00761	A0A064BXK4	Putative oxidoreductase
LILPNEUHC_19F	NPLHCJEM_00762	Q8CYY9	Hypothetical protein
LILPNEUHC_19F	NPLHCJEM_00763	B1IAX1	3-Ketoacyl-ACP reductase
LILPNEUHC_19F	NPLHCJEM_00764	A0A0B7LQW1	MutT/Nudix family protein
LILPNEUHC_19F	NPLHCJEM_00765	C1C6D9	PEP-utilizing enzyme family protein
LILPNEUHC_19F	NPLHCJEM_00766	B2INS0	Hypothetical protein
LILPNEUHC_19F	NPLHCJEM_00767	A0A0U0NE46	Lysyl aminopeptidase PepN
LILPNEUHC_19F	NPLHCJEM_00768	C1CDF5	Two-component system response regulator CiaR
LILPNEUHC_19F	NPLHCJEM_00769	Q7B3G0	Two-component system sensor histidine kinase CiaH
LILPNEUHC_19F	NPLHCJEM_00770	Q8CYY6	Hypothetical protein
LILPNEUHC_19F	NPLHCJEM_00771	A0A4N2S1M4	Protease
LILPNEUHC_19F	NPLHCJEM_00772	A0A4N2S001	Bifunctional DinG family ATP-dependent helicase YoaA/DnaQ family exonuclease
LILPNEUHC_19F	NPLHCJEM_00773	Q8DQE8	Cell shape-determining protein RodA
LILPNEUHC_19F	NPLHCJEM_00774	Q8DQE7	4-methyl-5(b-hydroxyethyl)-thiazole monophosphate biosynthesis enzyme
LILPNEUHC_19F	NPLHCJEM_00775	Q8DQE6	Hydrolase%2C haloacid dehalogenase-like family
LILPNEUHC_19F	NPLHCJEM_00776	Q3HZC3	DNA gyrase subunit B
LILPNEUHC_19F	NPLHCJEM_00777	Q8DQE5	Septation ring formation regulator EzrA
LILPNEUHC_19F	NPLHCJEM_00778	A0A4J2DMQ7	IS630 family transposase ISSpn2
LILPNEUHC_19F	NPLHCJEM_00779	A0A4J2DHP5	IS66 family transposase Orf2
LILPNEUHC_19F	NPLHCJEM_00780	C1CDG6	Hypothetical protein
LILPNEUHC_19F	NPLHCJEM_00781	A0A6I3URI5	MutT/Nudix family protein
LILPNEUHC_19F	NPLHCJEM_00782	C1CGU6	IS630 family transposase IS630-Spn1
LILPNEUHC_19F	NPLHCJEM_00783	A0A0B7M9N8	ATP-dependent Clp protease ATP-binding subunit ClpE
LILPNEUHC_19F	NPLHCJEM_00784	Q8DQD6	Hypothetical protein
LILPNEUHC_19F	NPLHCJEM_00785	A0AA95D6I0	Glutamine ABC transporter permease GlnP4
LILPNEUHC_19F	NPLHCJEM_00786	A0A0U0J587	Glutamine ABC transporter ATP-binding protein GlnQ4
LILPNEUHC_19F	NPLHCJEM_00787	A0A6I3UW24	Bifunctional methylenetetrahydrofolate dehydrogenase (NADP+)/methenyltetrahydrofolate cyclohydrolase
LILPNEUHC_19F	NPLHCJEM_00788	B1IAZ6	ADP-dependent (S)-NAD(P)H-hydrate dehydratase
LILPNEUHC_19F	NPLHCJEM_00789	A0A0U0F099	Ribose 5-phosphate isomerase A
LILPNEUHC_19F	NPLHCJEM_00790	C1CS61	Phosphopentomutase
LILPNEUHC_19F	NPLHCJEM_00791	B1IAZ9	hypothetical protein
LILPNEUHC_19F	NPLHCJEM_00792	B1IB00	Bifunctional purine nucleoside phosphorylase/N-ribosylnicotinamide phosphorylase
LILPNEUHC_19F	NPLHCJEM_00793	A0A4J2BI95	hypothetical protein
LILPNEUHC_19F	NPLHCJEM_00794	A0A115K462	Thiol-activated cytolysin
LILPNEUHC_19F	NPLHCJEM_00795	Q8CWS1	Purine nucleoside phosphorylase
LILPNEUHC_19F	NPLHCJEM_00796	A0A0U0KEL4	FlaR-related DNA topology modulation protein
LILPNEUHC_19F	NPLHCJEM_00797	Q8CWS0	SSU ribosomal protein S20p
LILPNEUHC_19F	NPLHCJEM_00798	A0A0T8PDZ3	Pantothenate kinase
LILPNEUHC_19F	NPLHCJEM_00799	C1CDI7	Hypothetical protein
LILPNEUHC_19F	NPLHCJEM_00800	B2INV8	16S rRNA (guanine(1207)-N(2))-methyltransferase
LILPNEUHC_19F	NPLHCJEM_00801	A0A0T9H6X0	Pyrimidine-nucleoside phosphorylase
LILPNEUHC_19F	NPLHCJEM_00802	A0A0D6J9K8	Deoxyribose-phosphate aldolase
LILPNEUHC_19F	NPLHCJEM_00803	C1C6H8	Cytidine deaminase
LILPNEUHC_19F	NPLHCJEM_00804	C1C6H9	Nucleoside-binding protein
LILPNEUHC_19F	NPLHCJEM_00805	A0A0H2UPF8	Putative deoxyribose-specific ABC transporter ATP-binding protein
LILPNEUHC_19F	NPLHCJEM_00806	A0A0B7M3C8	Putative deoxyribose-specific ABC transporter permease protein
LILPNEUHC_19F	NPLHCJEM_00807	Q8DQB9	Putative deoxyribose-specific ABC transporter permease protein
LILPNEUHC_19F	NPLHCJEM_00808	A0A654Z6U1	IS3 family transposase ISSpn11
LILPNEUHC_19F	NPLHCJEM_00809	C1CFH5	hypothetical protein
LILPNEUHC_19F	NPLHCJEM_00810	A0A4J1TGH2	IS3 family transposase ISSpn11
LILPNEUHC_19F	NPLHCJEM_00811	A0A4J2BFP6	IS3 family transposase ISSpn4
LILPNEUHC_19F	NPLHCJEM_00812	B2INX0	Acyl-phosphate:glycerol-3-phosphate O-acyltransferase PlsY
LILPNEUHC_19F	NPLHCJEM_00813	Q3HZ66	Topoisomerase IV subunit B
LILPNEUHC_19F	NPLHCJEM_00814	B2INX2	Restriction enzyme BcgI alpha chain-like protein
LILPNEUHC_19F	NPLHCJEM_00815	C1CDK1	Hypothetical protein
LILPNEUHC_19F	NPLHCJEM_00816	A0A6I3UQM9	Topoisomerase IV subunit A
LILPNEUHC_19F	NPLHCJEM_00817	C1CDK3	Branched-chain amino acid aminotransferase
LILPNEUHC_19F	NPLHCJEM_00818	A0A111CN71	Oligopeptide ABC transporter substrate-binding protein
LILPNEUHC_19F	NPLHCJEM_00819	C1CDK5	Hypothetical protein
LILPNEUHC_19F	NPLHCJEM_00820	Q8DQB0	Putative membrane protein
LILPNEUHC_19F	NPLHCJEM_00821	Q04L55	Pyrrolidone-carboxylate peptidase
LILPNEUHC_19F	NPLHCJEM_00822	Q8CYY0	Hypothetical protein
LILPNEUHC_19F	NPLHCJEM_00823		tRNA-Tyr(gta)
LILPNEUHC_19F	NPLHCJEM_00823		
LILPNEUHC_19F	NPLHCJEM_00824		tRNA-Gln(ttg)
LILPNEUHC_19F	NPLHCJEM_00824		
LILPNEUHC_19F	NPLHCJEM_00825	A0A0T7NMD7	SSU ribosomal protein S1p
LILPNEUHC_19F	NPLHCJEM_00826	A0A132UFZ9	IS1167 transposase
LILPNEUHC_19F	NPLHCJEM_00827	A0A4J1STI3	hypothetical protein
LILPNEUHC_19F	NPLHCJEM_00828	B2IPU5	IS1167 transposase Orf1
LILPNEUHC_19F	NPLHCJEM_00829		Srn266
LILPNEUHC_19F	NPLHCJEM_00829		
LILPNEUHC_19F	NPLHCJEM_00830	Q8DQA6	GAF domain-containing protein
LILPNEUHC_19F	NPLHCJEM_00831	C1CDL4	DNA polymerase III subunits gamma and tau
LILPNEUHC_19F	NPLHCJEM_00832	Q8CYX9	Hypothetical protein
LILPNEUHC_19F	NPLHCJEM_00833	A0A6I3UWS6	Iron-sulfur cluster assembly ATPase protein SufC
LILPNEUHC_19F	NPLHCJEM_00834	C1C6K2	Iron-sulfur cluster assembly protein SufD
LILPNEUHC_19F	NPLHCJEM_00835	A0A0Z6XI18	Cysteine desulfurase SufS
LILPNEUHC_19F	NPLHCJEM_00836	A0A0B7MD89	Putative iron-sulfur cluster assembly scaffold protein for SUF system SufE2
LILPNEUHC_19F	NPLHCJEM_00837	Q8DQA0	Iron-sulfur cluster assembly protein SufB
LILPNEUHC_19F	NPLHCJEM_00838	Q75Y35	D-alanyl-D-alanine carboxypeptidase%2C penicillin-binding protein 3
LILPNEUHC_19F	NPLHCJEM_00839	Q8DQ98	Coordinator of zonal cell elongation
LILPNEUHC_19F	NPLHCJEM_00840		transfer-messenger RNA%2C SsrA
LILPNEUHC_19F	NPLHCJEM_00840		
LILPNEUHC_19F	NPLHCJEM_00841		tRNA-Ser(gga)
LILPNEUHC_19F	NPLHCJEM_00841		
LILPNEUHC_19F	NPLHCJEM_00842	Q8DQ97	Transcriptional repressor of the fructose operon%2C DeoR family
LILPNEUHC_19F	NPLHCJEM_00843	A0A0Z6XGW2	1-phosphofructokinase
LILPNEUHC_19F	NPLHCJEM_00844	A0A166X0B8	Fructose-specific PTS IIABC components
LILPNEUHC_19F	NPLHCJEM_00845	A0A0X9JN36	DNA translocase FtsK
LILPNEUHC_19F	NPLHCJEM_00846	A0A0B7LDV4	Acetyltransferase
LILPNEUHC_19F	NPLHCJEM_00847	A0A0E8AG74	Putative cysteine desulfurase
LILPNEUHC_19F	NPLHCJEM_00848	Q97RE1	tRNA 4-thiouridine synthase ThiI
LILPNEUHC_19F	NPLHCJEM_00849	A0A0E8SZ07	Putative alpha-dextrin endo-1%2C6-alpha-glucosidase
LILPNEUHC_19F	NPLHCJEM_00850	A0A4I7FL02	hypothetical protein
LILPNEUHC_19F	NPLHCJEM_00851	Q8CYX4	hypothetical protein
LILPNEUHC_19F	NPLHCJEM_00852	A0A2I5LXE7	ATP-grasp-domain-containing protein
LILPNEUHC_19F	NPLHCJEM_00853	Q8DQ91	Type I restriction-modification system DNA-methyltransferase subunit M
LILPNEUHC_19F	NPLHCJEM_00854	A0A4J1SM82	Type I restriction-modification system specificity subunit S
LILPNEUHC_19F	NPLHCJEM_00855	C1CDN6	hypothetical protein
LILPNEUHC_19F	NPLHCJEM_00856	B2IP20	hypothetical protein
LILPNEUHC_19F	NPLHCJEM_00857	C1C6M1	Tyrosine recombinase XerC
LILPNEUHC_19F	NPLHCJEM_00858	A0A4J1UPR9	hypothetical protein
LILPNEUHC_19F	NPLHCJEM_00859	A0A4M9XNA5	Type I restriction-modification system restriction subunit R
LILPNEUHC_19F	NPLHCJEM_00860	C1CDP1	Arginine pathway regulatory protein ArgR2
LILPNEUHC_19F	NPLHCJEM_00861	A0A4H9BQJ8	Xaa-Pro dipeptidyl-peptidase
LILPNEUHC_19F	NPLHCJEM_00862	A0A4J1N0P1	DNA polymerase III alpha subunit
LILPNEUHC_19F	NPLHCJEM_00863	Q97RC6	6-phosphofructokinase
LILPNEUHC_19F	NPLHCJEM_00864	A0A064C0M3	Pyruvate kinase
LILPNEUHC_19F	NPLHCJEM_00865	A0A0X8ZFS2	Membrane-associated protein
LILPNEUHC_19F	NPLHCJEM_00866	A0A0H2XFG9	IS5 family transposase ISSpn7
LILPNEUHC_19F	NPLHCJEM_00867	A0A0H2UPQ6	Hypothetical protein
LILPNEUHC_19F	NPLHCJEM_00868	A0A0U0FI83	Hypothetical protein
LILPNEUHC_19F	NPLHCJEM_00869	A0A0T7JSI6	ABC transporter substrate-binding protein
LILPNEUHC_19F	NPLHCJEM_00870	C1CDQ1	Putative permease
LILPNEUHC_19F	NPLHCJEM_00871	C1CDQ2	Hypothetical protein
LILPNEUHC_19F	NPLHCJEM_00872	A0A0Y2E039	hypothetical protein
LILPNEUHC_19F	NPLHCJEM_00873	A0A0Y2J2D3	Transcription accessory protein
LILPNEUHC_19F	NPLHCJEM_00874	A0AA86YAT6	Putative SprT family zinc-dependent metallopeptidase
LILPNEUHC_19F	NPLHCJEM_00875	A0A5C8QW28	Putative phage shock protein C
LILPNEUHC_19F	NPLHCJEM_00876		Spd-sr07
LILPNEUHC_19F	NPLHCJEM_00876		
LILPNEUHC_19F	NPLHCJEM_00877	Q8CYW5	Hypothetical protein
LILPNEUHC_19F	NPLHCJEM_00878	A0A0B7KXN1	Hypothetical protein
LILPNEUHC_19F	NPLHCJEM_00879	A0A0E8TEB5	ABC transporter ATP-binding protein
LILPNEUHC_19F	NPLHCJEM_00880	A0A0B7LB95	ABC transporter permease protein
LILPNEUHC_19F	NPLHCJEM_00881	A0A6I3UX88	Hypothetical protein
LILPNEUHC_19F	NPLHCJEM_00882	A0A4J2SX78	ISSpn8 transposase
LILPNEUHC_19F	NPLHCJEM_00883	A0A0Y2EPM7	Arginine decarboxylase
LILPNEUHC_19F	NPLHCJEM_00884	A0AA47H426	hypothetical protein
LILPNEUHC_19F	NPLHCJEM_00885	A0A2P9HUT3	Spermidine synthase
LILPNEUHC_19F	NPLHCJEM_00886	C1C6Q1	Carboxynorspermidine synthase
LILPNEUHC_19F	NPLHCJEM_00887	Q8DQ69	Carboxynorspermidine decarboxylase
LILPNEUHC_19F	NPLHCJEM_00888	Q97RA4	Agmatine deiminase
LILPNEUHC_19F	NPLHCJEM_00889	C1CDS0	N-carbamoylputrescine amidase
LILPNEUHC_19F	NPLHCJEM_00890	B1IB91	Hydrolase%2C HAD superfamily
LILPNEUHC_19F	NPLHCJEM_00891	Q8CYW4	Hypothetical protein
LILPNEUHC_19F	NPLHCJEM_00892	C1CDS3	CAAX amino terminal protease family protein
LILPNEUHC_19F	NPLHCJEM_00893	Q8DQ65	Cysteine and methionine metabolism regulator CmbR%2C LysR family
LILPNEUHC_19F	NPLHCJEM_00894	Q8DQ64	Lipoprotein signal peptidase
LILPNEUHC_19F	NPLHCJEM_00895	B2IP85	Ribosomal large subunit pseudouridine synthase D
LILPNEUHC_19F	NPLHCJEM_00896	Q9KGZ1	Teichoic acid phosphorylcholine esterase%2C choline-binding protein CbpE
LILPNEUHC_19F	NPLHCJEM_00897	B2IP87	Glutamate 5-kinase
LILPNEUHC_19F	NPLHCJEM_00898	B2IP88	Gamma-glutamyl phosphate reductase
LILPNEUHC_19F	NPLHCJEM_00899	A0A4N2RTB4	Pyrroline-5-carboxylate reductase
LILPNEUHC_19F	NPLHCJEM_00900	A0A0E8IAV1	Thymidylate kinase
LILPNEUHC_19F	NPLHCJEM_00901	B2IP91	DNA polymerase III delta prime subunit
LILPNEUHC_19F	NPLHCJEM_00902	Q97R89	DNA replication initiation control protein YabA
LILPNEUHC_19F	NPLHCJEM_00903	Q8DQ55	16S rRNA (cytidine(1402)-2'-O)-methyltransferase
LILPNEUHC_19F	NPLHCJEM_00904	C1CDT5	hypothetical protein
LILPNEUHC_19F	NPLHCJEM_00905	A0A0E8I744	Replication protein
LILPNEUHC_19F	NPLHCJEM_00906	A0A0E8JUJ3	Replication protein
LILPNEUHC_19F	NPLHCJEM_00907	A0A0H2UPT8	IS1381 transposase OrfB
LILPNEUHC_19F	NPLHCJEM_00908	A0A0H2UPU7	IS5 family transposase ISSpn7
LILPNEUHC_19F	NPLHCJEM_00909	A0A0T9GHY8	Methylenetetrahydrofolate--tRNA-(uracil-5-)- methyltransferase TrmFO
LILPNEUHC_19F	NPLHCJEM_00910	B2IP99	Uridine monophosphate kinase
LILPNEUHC_19F	NPLHCJEM_00911	Q97R82	Ribosome-recycling factor
LILPNEUHC_19F	NPLHCJEM_00912	C1C6S5	S1 RNA-binding domain protein
LILPNEUHC_19F	NPLHCJEM_00913	Q8DQ47	Hypothetical protein
LILPNEUHC_19F	NPLHCJEM_00914	Q8DQ46	Phosphate starvation-inducible protein PhoH
LILPNEUHC_19F	NPLHCJEM_00915	Q8CYV9	Acetyltransferase
LILPNEUHC_19F	NPLHCJEM_00916	Q8CYV8	hypothetical protein
LILPNEUHC_19F	NPLHCJEM_00917	B2IPA5	Alanine dehydrogenase 2
LILPNEUHC_19F	NPLHCJEM_00918	A0A0E8P851	Alanine dehydrogenase
LILPNEUHC_19F	NPLHCJEM_00919	A0A0E9A013	Acetyltransferase%2C GNAT family
LILPNEUHC_19F	NPLHCJEM_00920	A0AAD2IK80	Late competence DNA receptor ComEA
LILPNEUHC_19F	NPLHCJEM_00921	A0A4J1SYU4	Late competence DNA transporter ComEC
LILPNEUHC_19F	NPLHCJEM_00922	B1IBB6	ABC transporter%2C ATP-binding protein
LILPNEUHC_19F	NPLHCJEM_00923	A0A0E8T6Q0	Hypothetical protein
LILPNEUHC_19F	NPLHCJEM_00924		L20_leader
LILPNEUHC_19F	NPLHCJEM_00924		
LILPNEUHC_19F	NPLHCJEM_00925	Q04KW9	Translation initiation factor 3
LILPNEUHC_19F	NPLHCJEM_00926	Q04KW8	LSU ribosomal protein L35p
LILPNEUHC_19F	NPLHCJEM_00927	Q04KW7	LSU ribosomal protein L20p
LILPNEUHC_19F	NPLHCJEM_00928	C1CDV7	Lactoylglutathione lyase
LILPNEUHC_19F	NPLHCJEM_00929	C1C6U0	Dihydroorotate dehydrogenase (NAD(+))%2C electron transfer subunit
LILPNEUHC_19F	NPLHCJEM_00930	C1C6U1	Dihydroorotate dehydrogenase (NAD(+))%2C catalytic subunit
LILPNEUHC_19F	NPLHCJEM_00931	B2IPB9	Endo-beta-N-acetylglucosaminidase LytB
LILPNEUHC_19F	NPLHCJEM_00932	B2IPC0	Fibronectin/fibrinogen-binding protein
LILPNEUHC_19F	NPLHCJEM_00933	Q97R63	Metal-dependent hydrolase YbeY
LILPNEUHC_19F	NPLHCJEM_00934	B2IPC2	Diacylglycerol kinase
LILPNEUHC_19F	NPLHCJEM_00935	A0A0B7LRL2	GTP-binding protein Era
LILPNEUHC_19F	NPLHCJEM_00936	Q97R61	Formamidopyrimidine-DNA glycosylase MutM
LILPNEUHC_19F	NPLHCJEM_00937	B2IPC5	Dephospho-CoA kinase
LILPNEUHC_19F	NPLHCJEM_00938	C1CDW7	Multidrug resistance efflux pump PmrA
LILPNEUHC_19F	NPLHCJEM_00939	Q8DQ31	Protein-export membrane protein SecG
LILPNEUHC_19F	NPLHCJEM_00940	A0A4N2RRF5	3'-to-5' exoribonuclease RNase R
LILPNEUHC_19F	NPLHCJEM_00941	Q97R56	tmRNA-binding protein SmpB
LILPNEUHC_19F	NPLHCJEM_00942	Q8DQ28	Tellurite methyltransferase TehB
LILPNEUHC_19F	NPLHCJEM_00943	A0A0H2UPP6	Competence protein CoiA
LILPNEUHC_19F	NPLHCJEM_00944	Q8DQ26	Oligoendopeptidase F
LILPNEUHC_19F	NPLHCJEM_00945	Q8DQ25	O-methyltransferase family protein
LILPNEUHC_19F	NPLHCJEM_00946	Q8DQ24	Putative parvulin type peptidyl-prolyl isomerase PrsA
LILPNEUHC_19F	NPLHCJEM_00947	A0A0B7L788	IS3 family transposase ISSpn1
LILPNEUHC_19F	NPLHCJEM_00948	A0A4J1USY9	hypothetical protein
LILPNEUHC_19F	NPLHCJEM_00949	Q8DQ21	Phosphoglycerate mutase family 5 protein
LILPNEUHC_19F	NPLHCJEM_00950	C1CDY0	Transcriptional regulator
LILPNEUHC_19F	NPLHCJEM_00951	Q8DQ19	Membrane protein
LILPNEUHC_19F	NPLHCJEM_00952	C1CDY2	1%2C4-beta-N-acetylmuramidase%2C lyzozyme M1
LILPNEUHC_19F	NPLHCJEM_00953	Q8DQ18	Bifunctional N-acetylglucosamine-1-phosphate uridyltransferase/glucosamine-1-phosphate N-acetyltransferase
LILPNEUHC_19F	NPLHCJEM_00954	B2IPE1	ADP-ribose pyrophosphatase
LILPNEUHC_19F	NPLHCJEM_00955	Q8CYV2	Hypothetical protein
LILPNEUHC_19F	NPLHCJEM_00956	B2IPE3	Bifunctional 5'-methylthioadenosine nucleosidase/S-adenosylhomocysteine nucleosidase
LILPNEUHC_19F	NPLHCJEM_00957	A0A0H2UPQ5	Transcriptional regulator OrfX
LILPNEUHC_19F	NPLHCJEM_00958	B2IPE5	DNA polymerase III epsilon subunit
LILPNEUHC_19F	NPLHCJEM_00959	C1CDY9	Glycerophosphoryl diester phosphodiesterase
LILPNEUHC_19F	NPLHCJEM_00960	B2IPE7	IS630 family transposase IS630-Spn1
LILPNEUHC_19F	NPLHCJEM_00961	Q8CYU8	Hypothetical protein
LILPNEUHC_19F	NPLHCJEM_00962	Q8DQ11	Cytochrome c-type biogenesis protein CcdA-2
LILPNEUHC_19F	NPLHCJEM_00963	C1CDZ5	Thiol:disulfide oxidoreductase
LILPNEUHC_19F	NPLHCJEM_00964		SpF36_sRNA
LILPNEUHC_19F	NPLHCJEM_00964		
LILPNEUHC_19F	NPLHCJEM_00965	A0A4N2RR94	Cationic amino acid transporter%2C APC Superfamily
LILPNEUHC_19F	NPLHCJEM_00966	Q8DQ09	Laminin-binding surface protein
LILPNEUHC_19F	NPLHCJEM_00967	A0A0E3LX51	Pneumococcal histidine triad protein D
LILPNEUHC_19F	NPLHCJEM_00968	A0A0E7XNV3	Pneumococcal histidine triad protein E
LILPNEUHC_19F	NPLHCJEM_00969	A0A0B7LLD3	Pneumococcal histidine triad protein E
LILPNEUHC_19F	NPLHCJEM_00970	A0A121B0L6	hypothetical protein
LILPNEUHC_19F	NPLHCJEM_00971	A0A0E9GN83	hypothetical protein
LILPNEUHC_19F	NPLHCJEM_00972	A0A0I6GEE4	Tripeptide aminopeptidase PepT
LILPNEUHC_19F	NPLHCJEM_00973	C1CE03	Ferrochelatase%2C protoheme ferro-lyase
LILPNEUHC_19F	NPLHCJEM_00974	A0A0T8LFB4	Large-conductance mechanosensitive channel MscL
LILPNEUHC_19F	NPLHCJEM_00975	A0A0T8LFD3	GtrA family protein
LILPNEUHC_19F	NPLHCJEM_00976		preQ1-II
LILPNEUHC_19F	NPLHCJEM_00976		
LILPNEUHC_19F	NPLHCJEM_00977	Q8DQ01	Substrate-specific component QueT of putative queuosine-regulated ECF transporter
LILPNEUHC_19F	NPLHCJEM_00978		tRNA-Thr(ggt)
LILPNEUHC_19F	NPLHCJEM_00978		
LILPNEUHC_19F	NPLHCJEM_00979		asd
LILPNEUHC_19F	NPLHCJEM_00979		
LILPNEUHC_19F	NPLHCJEM_00980	A0A064C4U3	Aspartate-semialdehyde dehydrogenase
LILPNEUHC_19F	NPLHCJEM_00981	C1CE08	4-hydroxy-tetrahydrodipicolinate synthase
LILPNEUHC_19F	NPLHCJEM_00982	A0A4N2RLK6	GTPase and tRNA-U34 5-formylation enzyme MnmE
LILPNEUHC_19F	NPLHCJEM_00983	B2IPH4	Bifunctional 4-oxalocrotonate tautomerase/xylose transport system permease protein XylH
LILPNEUHC_19F	NPLHCJEM_00984	C1CE11	Thymidine kinase
LILPNEUHC_19F	NPLHCJEM_00985	Q8DPZ4	Peptide chain release factor 1
LILPNEUHC_19F	NPLHCJEM_00986	A0A0B7LFU8	Peptide chain release factor N(5)-glutamine methyltransferase
LILPNEUHC_19F	NPLHCJEM_00987	A0AAD2K9S9	Threonylcarbamoyl-AMP synthase TsaC
LILPNEUHC_19F	NPLHCJEM_00988	A0A0B7L9L3	N-acetyltransferase%2C GCN5-family
LILPNEUHC_19F	NPLHCJEM_00989	A0A4N2RP23	Serine hydroxymethyltransferase
LILPNEUHC_19F	NPLHCJEM_00990	A0A5R9AW41	Pseudouridylate synthase%2C 23S RNA-specific
LILPNEUHC_19F	NPLHCJEM_00991	B2IPI2	Pneumococcal vaccine antigen A
LILPNEUHC_19F	NPLHCJEM_00992	A0A0B7LWH7	Extracellular protein
LILPNEUHC_19F	NPLHCJEM_00993	A0A4N6QKA5	23S rRNA (uracil(1939)-C(5))-methyltransferase
LILPNEUHC_19F	NPLHCJEM_00994		SpF61_sRNA
LILPNEUHC_19F	NPLHCJEM_00994		
LILPNEUHC_19F	NPLHCJEM_00995		SpF39_sRNA
LILPNEUHC_19F	NPLHCJEM_00995		
LILPNEUHC_19F	NPLHCJEM_00996	A0A0B7LP89	Hypothetical protein
LILPNEUHC_19F	NPLHCJEM_00997	Q8DPY6	Iron compound ABC uptake transporter substrate-binding protein PiaA
LILPNEUHC_19F	NPLHCJEM_00998	B2IPI9	Iron compound ABC uptake transporter permease protein PiaB
LILPNEUHC_19F	NPLHCJEM_00999	Q8DPY4	Iron compound ABC uptake transporter permease protein PiaC
LILPNEUHC_19F	NPLHCJEM_01000	Q8DPY3	Iron compound ABC uptake transporter ATP-binding protein PiaD
LILPNEUHC_19F	NPLHCJEM_01001	Q8CYU1	Putative type II restriction endonuclease
LILPNEUHC_19F	NPLHCJEM_01002		pemK
LILPNEUHC_19F	NPLHCJEM_01002		
LILPNEUHC_19F	NPLHCJEM_01003	A0A0B7LWG6	Phage integrase
LILPNEUHC_19F	NPLHCJEM_01004	A0AAD2IIJ3	Phage integrase
LILPNEUHC_19F	NPLHCJEM_01005	B2IPJ6	Hypothetical protein
LILPNEUHC_19F	NPLHCJEM_01006	B2IPK0	Hypothetical protein
LILPNEUHC_19F	NPLHCJEM_01007	A0A0B7KSE1	Hypothetical protein
LILPNEUHC_19F	NPLHCJEM_01008	A0A4K4BX92	Putative hydrolase
LILPNEUHC_19F	NPLHCJEM_01009	C1C751	Transcriptional regulator
LILPNEUHC_19F	NPLHCJEM_01010	A0A4G4SMR5	Neopullulanase
LILPNEUHC_19F	NPLHCJEM_01011	A0A822QDX7	Neopullulanase
LILPNEUHC_19F	NPLHCJEM_01012	A0A0B7L7M7	hypothetical protein
LILPNEUHC_19F	NPLHCJEM_01013	A0A0B7LG50	Antitoxin PezA
LILPNEUHC_19F	NPLHCJEM_01014	A0A4N2RR29	Bifunctional UDP-N-acetylglucosamine kinase/zeta toxin PezT
LILPNEUHC_19F	NPLHCJEM_01015	A0A0T8JWL1	putative protein
LILPNEUHC_19F	NPLHCJEM_01016	A0A6G2DDD6	putative protein
LILPNEUHC_19F	NPLHCJEM_01017	A0AAD2IJM7	hypothetical protein
LILPNEUHC_19F	NPLHCJEM_01018		group-II-D1D4-3
LILPNEUHC_19F	NPLHCJEM_01018		
LILPNEUHC_19F	NPLHCJEM_01019	A0A4N2RMH2	Tn5252 Orf10 protein
LILPNEUHC_19F	NPLHCJEM_01020	A0A098ANV4	Tn5252 Orf9 protein
LILPNEUHC_19F	NPLHCJEM_01021	A0AA44MS06	hypothetical protein
LILPNEUHC_19F	NPLHCJEM_01022	A0A4J1P7Z8	hypothetical protein
LILPNEUHC_19F	NPLHCJEM_01023	A0A4N2RQU9	hypothetical protein
LILPNEUHC_19F	NPLHCJEM_01024	A0A0U0A1U2	D-alanine--D-alanine ligase
LILPNEUHC_19F	NPLHCJEM_01025	A0A0T8T2C8	hypothetical protein
LILPNEUHC_19F	NPLHCJEM_01026		Srn266
LILPNEUHC_19F	NPLHCJEM_01026		
LILPNEUHC_19F	NPLHCJEM_01027	C1C762	Aminoglycoside N(6')-acetyltransferase type 1
LILPNEUHC_19F	NPLHCJEM_01028	A0AA44MUY4	Peptidase E
LILPNEUHC_19F	NPLHCJEM_01029	B2IQ43	hypothetical protein
LILPNEUHC_19F	NPLHCJEM_01030	B2IQ42	hypothetical protein
LILPNEUHC_19F	NPLHCJEM_01031	A0A0H2ZRW0	Cell division protein FtsW
LILPNEUHC_19F	NPLHCJEM_01032	B2IQ40	Phosphoenolpyruvate carboxylase
LILPNEUHC_19F	NPLHCJEM_01033		T-box
LILPNEUHC_19F	NPLHCJEM_01033		
LILPNEUHC_19F	NPLHCJEM_01034	A0A0T8VJT9	ABC transporter substrate-binding protein
LILPNEUHC_19F	NPLHCJEM_01035	A0A0T8RFL5	Putative tryptophan-specific ABC transporter permease protein TrpY
LILPNEUHC_19F	NPLHCJEM_01036	Q8DPW2	ABC transporter ATP-binding protein
LILPNEUHC_19F	NPLHCJEM_01037	A0A4N2RNV1	DNA primase
LILPNEUHC_19F	NPLHCJEM_01038	P0A4J0	RNA polymerase sigma factor RpoD
LILPNEUHC_19F	NPLHCJEM_01039	Q8DPW0	Putative aromatic ring hydroxylating enzyme
LILPNEUHC_19F	NPLHCJEM_01040	C1CE62	Diglucosyl diacylglycerol synthase LafB
LILPNEUHC_19F	NPLHCJEM_01041	A0A062WRH4	1%2C2-diacylglycerol 3-glucosyltransferase LafA
LILPNEUHC_19F	NPLHCJEM_01042	Q8CYS3	Hypothetical protein
LILPNEUHC_19F	NPLHCJEM_01043	C1CE65	Hypothetical protein
LILPNEUHC_19F	NPLHCJEM_01044	C1CE66	GTP-binding protein ObgE
LILPNEUHC_19F	NPLHCJEM_01045	C1CE67	Hypothetical protein
LILPNEUHC_19F	NPLHCJEM_01046	A0A4H5BMV2	IS1167 transposase
LILPNEUHC_19F	NPLHCJEM_01047	A0A4P0AN65	hypothetical protein
LILPNEUHC_19F	NPLHCJEM_01048	A0A4J1U7S1	IS1167 transposase Orf1
LILPNEUHC_19F	NPLHCJEM_01049		Srn266
LILPNEUHC_19F	NPLHCJEM_01049		
LILPNEUHC_19F	NPLHCJEM_01050		group-II-D1D4-3
LILPNEUHC_19F	NPLHCJEM_01050		
LILPNEUHC_19F	NPLHCJEM_01051	Q97QW6	UDP-N-acetylglucosamine 1-carboxyvinyltransferase
LILPNEUHC_19F	NPLHCJEM_01052	B1IBM4	Ribosomal-protein-S5p-alanine acetyltransferase
LILPNEUHC_19F	NPLHCJEM_01053	Q8DPV2	Cytosolic protein containing multiple CBS domains
LILPNEUHC_19F	NPLHCJEM_01054	Q8DPV1	Methionine aminopeptidase
LILPNEUHC_19F	NPLHCJEM_01055	A0A654UAI4	hypothetical protein
LILPNEUHC_19F	NPLHCJEM_01056	A0A4J1YW46	IS5 family transposase ISSpn7
LILPNEUHC_19F	NPLHCJEM_01057	A0A4J1MGA2	IS1381 transposase OrfB
LILPNEUHC_19F	NPLHCJEM_01058	A0A6I3UVL1	ATP-dependent DNA helicase PcrA
LILPNEUHC_19F	NPLHCJEM_01059	A0A064BW41	DNA repair protein RadC
LILPNEUHC_19F	NPLHCJEM_01060	C1C786	Glutamine amidotransferase%2C class I
LILPNEUHC_19F	NPLHCJEM_01061	C1CRJ3	Redox-sensitive transcriptional regulator Rex
LILPNEUHC_19F	NPLHCJEM_01062	Q8CYS1	Hypothetical protein
LILPNEUHC_19F	NPLHCJEM_01063	Q8CYS0	Hypothetical protein
LILPNEUHC_19F	NPLHCJEM_01064	A0A0Y2EHQ6	Cysteine desulfurase
LILPNEUHC_19F	NPLHCJEM_01065	P65242	Ribose-phosphate pyrophosphokinase
LILPNEUHC_19F	NPLHCJEM_01066	A0A064C1X1	Adenylate cyclase
LILPNEUHC_19F	NPLHCJEM_01067	Q8DPU2	GTP pyrophosphokinase
LILPNEUHC_19F	NPLHCJEM_01068	B2IQ09	NAD kinase
LILPNEUHC_19F	NPLHCJEM_01069	A0A4N2RPN6	RluD-like protein
LILPNEUHC_19F	NPLHCJEM_01070	Q8DPU0	Phosphate acetyltransferase
LILPNEUHC_19F	NPLHCJEM_01071		SpR14_sRNA
LILPNEUHC_19F	NPLHCJEM_01071		
LILPNEUHC_19F	NPLHCJEM_01072	A0A0E9GRT9	Hypothetical protein co-occurring with RecR
LILPNEUHC_19F	NPLHCJEM_01073	A0A4J2SXJ5	Hypothetical protein
LILPNEUHC_19F	NPLHCJEM_01074		L21_leader
LILPNEUHC_19F	NPLHCJEM_01074		
LILPNEUHC_19F	NPLHCJEM_01075	Q97QU4	LSU ribosomal protein L21p
LILPNEUHC_19F	NPLHCJEM_01076	Q8DPT7	Putative ribosomal protein
LILPNEUHC_19F	NPLHCJEM_01077	Q04KI2	LSU ribosomal protein L27p
LILPNEUHC_19F	NPLHCJEM_01078	Q8DPT6	Bifunctional FMN adenylyltransferase/riboflavin kinase RibF
LILPNEUHC_19F	NPLHCJEM_01079	Q8DPT5	Transporter
LILPNEUHC_19F	NPLHCJEM_01080	C1CE99	DegV family protein
LILPNEUHC_19F	NPLHCJEM_01081	C1CEA0	DNA-binding protein HlpA
LILPNEUHC_19F	NPLHCJEM_01082	A0A0E8HJU0	ABC transporter ATP-binding protein
LILPNEUHC_19F	NPLHCJEM_01083	A0A654XUZ5	Positive transcriptional regulator%2C MutR family
LILPNEUHC_19F	NPLHCJEM_01084	C1C7B0	Macrolide efflux ABC transporter membrane-spanning permease
LILPNEUHC_19F	NPLHCJEM_01085	A0A0B7L447	DNA ligase (NAD(+))
LILPNEUHC_19F	NPLHCJEM_01086	A0A0I8JGA2	Putative glycogen debranching enzyme
LILPNEUHC_19F	NPLHCJEM_01087	A0A4N2RQW1	Glyceraldehyde-3-phosphate dehydrogenase (NADP(+))
LILPNEUHC_19F	NPLHCJEM_01088	Q97QS8	1%2C4-alpha-glucan-branching enzyme GlgB
LILPNEUHC_19F	NPLHCJEM_01089	Q97QS7	Glycogen biosynthesis glucose-1-phosphate adenylyltransferase subunit GlgC
LILPNEUHC_19F	NPLHCJEM_01090	Q8DPS4	Glycogen biosynthesis glucose-1-phosphate adenylyltransferase subunit GlgD
LILPNEUHC_19F	NPLHCJEM_01091	B2IPY4	Glycogen biosynthesis ADP-glucose--glucan transglucosylase GlgA
LILPNEUHC_19F	NPLHCJEM_01092	A0AA86Y8E1	Phosphoserine phosphatase
LILPNEUHC_19F	NPLHCJEM_01093	A0A6A8VMR9	Glycerate kinase
LILPNEUHC_19F	NPLHCJEM_01094	Q8CYR5	Hypothetical protein
LILPNEUHC_19F	NPLHCJEM_01095	C1CRM6	Enolase
LILPNEUHC_19F	NPLHCJEM_01096	A0A559A4D2	IS630 family transposase IS630-Spn1
LILPNEUHC_19F	NPLHCJEM_01097	A0A0T8EPT5	IS630 family transposase IS630-Spn1
LILPNEUHC_19F	NPLHCJEM_01098	A0A4N2RNQ3	ATP-dependent nuclease subunit RexB
LILPNEUHC_19F	NPLHCJEM_01099	A0A4N2RPQ3	ATP-dependent nuclease subunit RexA
LILPNEUHC_19F	NPLHCJEM_01100	A0A4N2RPU4	Hypothetical protein
LILPNEUHC_19F	NPLHCJEM_01101	A0A6I3US17	IgA1 protease ZmpA
LILPNEUHC_19F	NPLHCJEM_01102	M9QQW6	Tn5253 hypothetical protein
LILPNEUHC_19F	NPLHCJEM_01103	A0A0T7SVQ0	hypothetical protein
LILPNEUHC_19F	NPLHCJEM_01104	A0A0T7K880	hypothetical protein
LILPNEUHC_19F	NPLHCJEM_01105	A0A060QRY2	hypothetical protein
LILPNEUHC_19F	NPLHCJEM_01106	A0A822RF83	hypothetical protein
LILPNEUHC_19F	NPLHCJEM_01107	E8ZD15	Tn5253 hypothetical protein
LILPNEUHC_19F	NPLHCJEM_01108	E4Z7F0	hypothetical protein
LILPNEUHC_19F	NPLHCJEM_01109	E8ZD13	Tn5253 putative CAAX amino terminal protease
LILPNEUHC_19F	NPLHCJEM_01110	A0A0T8ZSD4	Transcriptional regulator%2C GntR family
LILPNEUHC_19F	NPLHCJEM_01111	A0AA95IHR2	IS200/IS605 family transposase ISStin10
LILPNEUHC_19F	NPLHCJEM_01112	A0A4J1UJL7	ABC transporter ATP-binding protein - Na+ export
LILPNEUHC_19F	NPLHCJEM_01113	E4Z7E4	hypothetical protein
LILPNEUHC_19F	NPLHCJEM_01114	A0A098APD2	hypothetical protein
LILPNEUHC_19F	NPLHCJEM_01115	A0A654UBH1	hypothetical protein
LILPNEUHC_19F	NPLHCJEM_01116	D3GM83	hypothetical protein
LILPNEUHC_19F	NPLHCJEM_01117	E7AJI6	hypothetical protein
LILPNEUHC_19F	NPLHCJEM_01118	B1IBT5	hypothetical protein
LILPNEUHC_19F	NPLHCJEM_01119	D3GM79	hypothetical protein
LILPNEUHC_19F	NPLHCJEM_01120	A0A060QP36	hypothetical protein
LILPNEUHC_19F	NPLHCJEM_01121	B2IS01	Transposase from transposon Tn916
LILPNEUHC_19F	NPLHCJEM_01122	P61624	hypothetical protein
LILPNEUHC_19F	NPLHCJEM_01123		pemK
LILPNEUHC_19F	NPLHCJEM_01123		
LILPNEUHC_19F	NPLHCJEM_01124	B2IQG0	hypothetical protein
LILPNEUHC_19F	NPLHCJEM_01125	B7UTW8	hypothetical protein
LILPNEUHC_19F	NPLHCJEM_01126	D6CHR0	hypothetical protein
LILPNEUHC_19F	NPLHCJEM_01127	A4H2U4	Tn3 family transposase
LILPNEUHC_19F	NPLHCJEM_01128	B2IQF6	hypothetical protein
LILPNEUHC_19F	NPLHCJEM_01129	A4H2U2	hypothetical protein
LILPNEUHC_19F	NPLHCJEM_01130	Q76B96	rRNA adenine N-6-methyltransferase
LILPNEUHC_19F	NPLHCJEM_01131	A0A916L5G1	Translation elongation factor G
LILPNEUHC_19F	NPLHCJEM_01132		sRNA_0030
LILPNEUHC_19F	NPLHCJEM_01132		
LILPNEUHC_19F	NPLHCJEM_01133	E8ZCR9	hypothetical protein
LILPNEUHC_19F	NPLHCJEM_01134	B2IRZ0	hypothetical protein
LILPNEUHC_19F	NPLHCJEM_01135	A0A2Z4HX68	hypothetical protein
LILPNEUHC_19F	NPLHCJEM_01136	A0A8B5XI34	hypothetical protein
LILPNEUHC_19F	NPLHCJEM_01137	B2IRY7	hypothetical protein
LILPNEUHC_19F	NPLHCJEM_01138	B2IRY6	hypothetical protein
LILPNEUHC_19F	NPLHCJEM_01139	B1IC91	hypothetical protein
LILPNEUHC_19F	NPLHCJEM_01140	B7UTY4	hypothetical protein
LILPNEUHC_19F	NPLHCJEM_01141	B2IQE9	hypothetical protein
LILPNEUHC_19F	NPLHCJEM_01142	B2IQE8	hypothetical protein
LILPNEUHC_19F	NPLHCJEM_01143	B2IQE7	hypothetical protein
LILPNEUHC_19F	NPLHCJEM_01144	A0A060QS17	hypothetical protein
LILPNEUHC_19F	NPLHCJEM_01145	A0A060QRJ4	hypothetical protein
LILPNEUHC_19F	NPLHCJEM_01146	E6Y3Y9	hypothetical protein
LILPNEUHC_19F	NPLHCJEM_01147	A0A098APW3	hypothetical protein
LILPNEUHC_19F	NPLHCJEM_01148	A0A098ANH6	ABC transporter ATP-binding protein
LILPNEUHC_19F	NPLHCJEM_01149	A0A098ANH0	Positive transcriptional regulator%2C MutR family
LILPNEUHC_19F	NPLHCJEM_01150	B1IBU5	hypothetical protein
LILPNEUHC_19F	NPLHCJEM_01151	E8ZCW7	hypothetical protein
LILPNEUHC_19F	NPLHCJEM_01152	B6ZCD5	hypothetical protein
LILPNEUHC_19F	NPLHCJEM_01153	D6CHN6	hypothetical protein
LILPNEUHC_19F	NPLHCJEM_01154	D6CHN5	hypothetical protein
LILPNEUHC_19F	NPLHCJEM_01155	E8ZCW3	hypothetical protein
LILPNEUHC_19F	NPLHCJEM_01156	D6CHN3	hypothetical protein
LILPNEUHC_19F	NPLHCJEM_01157	D6CHN2	Bifunctional UDP-N-acetylglucosamine kinase/zeta toxin PezT
LILPNEUHC_19F	NPLHCJEM_01158	A0A060QMZ4	hypothetical protein
LILPNEUHC_19F	NPLHCJEM_01159	A0A4J2G7U3	Tn5252 Orf10 protein
LILPNEUHC_19F	NPLHCJEM_01160	B2IQA9	Tn5252 Orf9 protein
LILPNEUHC_19F	NPLHCJEM_01161	B2IQA8	hypothetical protein
LILPNEUHC_19F	NPLHCJEM_01162	A0A5R9AW72	Putative repressor protein%2C phage associated
LILPNEUHC_19F	NPLHCJEM_01163		pemK
LILPNEUHC_19F	NPLHCJEM_01163		
LILPNEUHC_19F	NPLHCJEM_01164	E6Y419	hypothetical protein
LILPNEUHC_19F	NPLHCJEM_01165	E8ZCN0	Tyrosine recombinase XerC
LILPNEUHC_19F	NPLHCJEM_01166	A0A0E7T841	50S ribosomal subunit maturation GTPase RbgA
LILPNEUHC_19F	NPLHCJEM_01167	B5E4Q2	Ribonuclease HII
LILPNEUHC_19F	NPLHCJEM_01168	A0A0B7LS66	Voltage-gated chloride channel family protein
LILPNEUHC_19F	NPLHCJEM_01169	A0A0Y2EK70	Tyrosine recombinase XerS
LILPNEUHC_19F	NPLHCJEM_01170	C1CEC6	Lipoate-protein ligase A
LILPNEUHC_19F	NPLHCJEM_01171	Q8VPK8	Dihydrolipoamide dehydrogenase of acetoin dehydrogenase
LILPNEUHC_19F	NPLHCJEM_01172	A0A0B7M968	Dihydrolipoamide acetyltransferase (E2) component of acetoin dehydrogenase complex
LILPNEUHC_19F	NPLHCJEM_01173	A0A4N2RRW6	Acetoin dehydrogenase E1 component beta-subunit
LILPNEUHC_19F	NPLHCJEM_01174	B2IPW1	Acetoin dehydrogenase E1 component alpha-subunit
LILPNEUHC_19F	NPLHCJEM_01175	A0A4N2RS76	Dihydrolipoamide acetyltransferase
LILPNEUHC_19F	NPLHCJEM_01176	A0A0B7L0U2	Hypothetical protein
LILPNEUHC_19F	NPLHCJEM_01177	A0A0T8LJN2	Dihydroorotase
LILPNEUHC_19F	NPLHCJEM_01178	A0A0B7LCP3	8-oxo-dGTP diphosphatase MutX
LILPNEUHC_19F	NPLHCJEM_01179	B2IPV6	Uracil-DNA glycosylase%2C family 1
LILPNEUHC_19F	NPLHCJEM_01180	A0A0Y2EK04	Hypothetical protein
LILPNEUHC_19F	NPLHCJEM_01181	A0A4N2RQH7	2-haloalkanoic acid dehalogenase
LILPNEUHC_19F	NPLHCJEM_01182	A0A0B7MFV3	PTS-dependent dihydroxyacetone kinase%2C phosphotransferase subunit DhaM
LILPNEUHC_19F	NPLHCJEM_01183	A0A0B7L2Z1	hypothetical protein
LILPNEUHC_19F	NPLHCJEM_01184	A0A6I3UWJ8	Pneumococcal histidine triad protein B
LILPNEUHC_19F	NPLHCJEM_01185	A0A6I3UXA3	Phosphoenolpyruvate-protein phosphotransferase of PTS
LILPNEUHC_19F	NPLHCJEM_01186	Q8DPQ0	Phosphotransferase system%2C phosphocarrier protein HPr
LILPNEUHC_19F	NPLHCJEM_01187	Q8DPP9	Glutaredoxin-like protein NrdH
LILPNEUHC_19F	NPLHCJEM_01188	Q8CWR3	Ribonucleotide reductase of class Ib%2C alpha subunit
LILPNEUHC_19F	NPLHCJEM_01189	Q8DPP8	Ribonucleotide reductase of class Ib%2C beta subunit
LILPNEUHC_19F	NPLHCJEM_01190	B2IPU4	Lactose phosphotransferase system repressor
LILPNEUHC_19F	NPLHCJEM_01191	B2IPU3	hypothetical protein
LILPNEUHC_19F	NPLHCJEM_01192	B2IPU2	6-phospho-beta-galactosidase
LILPNEUHC_19F	NPLHCJEM_01193	B2IPU1	Lactose-specific PTS IIBC components
LILPNEUHC_19F	NPLHCJEM_01194	Q8DPP4	Lactose-specific PTS IIA component
LILPNEUHC_19F	NPLHCJEM_01195	Q8DPP3	Beta-glucoside bgl operon antiterminator LacT%2C BglG family
LILPNEUHC_19F	NPLHCJEM_01196	A0A4N2RZX9	Tagatose 1%2C6-diphosphate aldolase
LILPNEUHC_19F	NPLHCJEM_01197	Q8DPP1	Tagatose-6-phosphate kinase LacC
LILPNEUHC_19F	NPLHCJEM_01198	Q8DPP0	Galactose-6-phosphate isomerase%2C LacB subunit
LILPNEUHC_19F	NPLHCJEM_01199	Q8DPN9	Galactose-6-phosphate isomerase%2C LacA subunit
LILPNEUHC_19F	NPLHCJEM_01200	B2IPT4	Aldose epimerase
LILPNEUHC_19F	NPLHCJEM_01201	A0A4N2S0W5	IS1381 transposase OrfB
LILPNEUHC_19F	NPLHCJEM_01202	A0A4L8IWB6	IS5 family transposase ISSpn7
LILPNEUHC_19F	NPLHCJEM_01203	C1C7G6	Galactose-specific PTS IIB component
LILPNEUHC_19F	NPLHCJEM_01204	A0A0E8STN0	Galactose-specific PTS IIA component
LILPNEUHC_19F	NPLHCJEM_01205	C1CEG2	Hypothetical protein
LILPNEUHC_19F	NPLHCJEM_01206	Q8DPN5	Translation elongation factor LepA
LILPNEUHC_19F	NPLHCJEM_01207	A0A0U0PVQ9	Serine/threonine protein phosphatase
LILPNEUHC_19F	NPLHCJEM_01208	A0A4N2S2L6	DNA repair protein RecN
LILPNEUHC_19F	NPLHCJEM_01209	A0A0T8BDD5	Arginine pathway regulatory protein AhrC
LILPNEUHC_19F	NPLHCJEM_01210	B2IPS6	RNA-binding methyltransferase
LILPNEUHC_19F	NPLHCJEM_01211	B2IPS5	(2E%2C6E)-farnesyl diphosphate synthase
LILPNEUHC_19F	NPLHCJEM_01212	A0A0Y2BKL5	Exodeoxyribonuclease VII small subunit
LILPNEUHC_19F	NPLHCJEM_01213	A0A0E8AJQ2	Exodeoxyribonuclease VII large subunit
LILPNEUHC_19F	NPLHCJEM_01214	Q04KA9	Uridine kinase
LILPNEUHC_19F	NPLHCJEM_01215	C1CEH2	Hypothetical protein
LILPNEUHC_19F	NPLHCJEM_01216	B2IPS0	Hypothetical protein
LILPNEUHC_19F	NPLHCJEM_01217	A0A0T9GUD1	tRNA pseudouridine synthase B
LILPNEUHC_19F	NPLHCJEM_01218	Q8DPM7	Hypothetical protein
LILPNEUHC_19F	NPLHCJEM_01219	A0A0H2ZQP5	Cystathionine gamma-synthase
LILPNEUHC_19F	NPLHCJEM_01220	A0A0H2ZPK5	O-acetyl-L-homoserine sulfhydrylase
LILPNEUHC_19F	NPLHCJEM_01221	Q8DPM4	Formate-nitrate transporter
LILPNEUHC_19F	NPLHCJEM_01222	A0A0T9ISP7	Sortase SrtA%2C LPXTG specific
LILPNEUHC_19F	NPLHCJEM_01223	Q3HZH7	DNA gyrase subunit A
LILPNEUHC_19F	NPLHCJEM_01224	A0AA87CBD3	L-lactate dehydrogenase
LILPNEUHC_19F	NPLHCJEM_01225	A0A0T7L7N8	hypothetical protein
LILPNEUHC_19F	NPLHCJEM_01226	Q8CYQ7	mRNA interferase RelE2
LILPNEUHC_19F	NPLHCJEM_01227	A0A558SUE3	Replicon stabilization protein RelB2
LILPNEUHC_19F	NPLHCJEM_01228	Q9RCS5	Zn-dependent hydrolase VicX
LILPNEUHC_19F	NPLHCJEM_01229	C1CEI3	Two-component system sensor histidine kinase VicK
LILPNEUHC_19F	NPLHCJEM_01230	Q9S1K0	Two-component system response regulator VicR
LILPNEUHC_19F	NPLHCJEM_01231	Q8DPL6	A/G-specific adenine glycosylase
LILPNEUHC_19F	NPLHCJEM_01232	Q8DPL5	Formate--tetrahydrofolate ligase
LILPNEUHC_19F	NPLHCJEM_01233	A0A4N2S1A3	Phosphopantothenoylcysteine synthetase
LILPNEUHC_19F	NPLHCJEM_01234	A0A4N2S2R2	Phosphopantothenoylcysteine decarboxylase
LILPNEUHC_19F	NPLHCJEM_01235	A0A4N2S1B6	Substrate-specific component PanT of putative pantothenate ECF transporter
LILPNEUHC_19F	NPLHCJEM_01236	C1CEJ0	Substrate-specific component NiaX of putative niacin ECF transporter
LILPNEUHC_19F	NPLHCJEM_01237	Q8DPL1	Transcriptional repressor of NAD biosynthesis
LILPNEUHC_19F	NPLHCJEM_01238	Q8DPL0	MutT/Nudix family protein
LILPNEUHC_19F	NPLHCJEM_01239	A0A4N2S1D2	Acetyltransferase
LILPNEUHC_19F	NPLHCJEM_01240	A0A6I3UQU9	Acetyltransferase
LILPNEUHC_19F	NPLHCJEM_01241	A0A4N2S1E3	Excinuclease ABC subunit B
LILPNEUHC_19F	NPLHCJEM_01242	A0A4N2S2V6	CAAX amino terminal protease family protein
LILPNEUHC_19F	NPLHCJEM_01243	C1CEJ7	Glutamine ABC transporter GlnHP5%2C containing substrate-binding and permease domains
LILPNEUHC_19F	NPLHCJEM_01244	Q8DPK4	Glutamine transport ATP-binding protein GlnQ
LILPNEUHC_19F	NPLHCJEM_01245	A0A0E7L5H4	Glucose-6-phosphate 1-dehydrogenase
LILPNEUHC_19F	NPLHCJEM_01246	Q8DPK2	Signal recognition particle receptor FtsY
LILPNEUHC_19F	NPLHCJEM_01247	Q8DPK1	Hydrolase%2C HAD superfamily
LILPNEUHC_19F	NPLHCJEM_01248	Q8DPK0	Hydrolase%2C HAD superfamily
LILPNEUHC_19F	NPLHCJEM_01249	A0A6I3UNM5	Chromosome partition protein SMC
LILPNEUHC_19F	NPLHCJEM_01250	A0A0E9GUR5	Ribonuclease III
LILPNEUHC_19F	NPLHCJEM_01251		tRNA-Arg(ccg)
LILPNEUHC_19F	NPLHCJEM_01251		
LILPNEUHC_19F	NPLHCJEM_01252	Q8DPJ7	GMP reductase
LILPNEUHC_19F	NPLHCJEM_01253	A0A4N2REV3	Hypothetical protein
LILPNEUHC_19F	NPLHCJEM_01254	A0A6I3US13	Endonuclease
LILPNEUHC_19F	NPLHCJEM_01255	A0A098ZBM5	Hypothetical protein
LILPNEUHC_19F	NPLHCJEM_01256	A0A064C2C3	3-isopropylmalate dehydratase small subunit
LILPNEUHC_19F	NPLHCJEM_01257	B1IC48	Putative membrane protein
LILPNEUHC_19F	NPLHCJEM_01258	A0A4N2RGS3	3-isopropylmalate dehydrogenase
LILPNEUHC_19F	NPLHCJEM_01259	A0A6I3UNI5	2-isopropylmalate synthase
LILPNEUHC_19F	NPLHCJEM_01260	B2IPM2	2-isopropylmalate synthase
LILPNEUHC_19F	NPLHCJEM_01261	A0A4N2RD32	Hypothetical protein
LILPNEUHC_19F	NPLHCJEM_01262	B2IPM0	Cytoplasmic copper homeostasis protein CutC
LILPNEUHC_19F	NPLHCJEM_01263	Q8DPJ0	Hypothetical protein related to heme utilization
LILPNEUHC_19F	NPLHCJEM_01264	A0A0B7M6Q6	DNA topoisomerase I
LILPNEUHC_19F	NPLHCJEM_01265	C1CEL8	Integral membrane protein
LILPNEUHC_19F	NPLHCJEM_01266	A0A0H2UQA6	DNA protecting protein DprA
LILPNEUHC_19F	NPLHCJEM_01267	Q93MI4	Cholinephosphate cytidylyltransferase LicC
LILPNEUHC_19F	NPLHCJEM_01268	C1CEM2	Choline permease LicB
LILPNEUHC_19F	NPLHCJEM_01269	B2IQ61	Choline kinase LicA
LILPNEUHC_19F	NPLHCJEM_01270	Q8DPI3	Ribulose-5-phosphate reductase
LILPNEUHC_19F	NPLHCJEM_01271	A0A064BWJ5	Ribitol-5-phosphate cytidylyltransferase
LILPNEUHC_19F	NPLHCJEM_01272	B2IQ64	Membrane protein TacF involved in the export of O-antigen and teichoic acid
LILPNEUHC_19F	NPLHCJEM_01273	Q9X4D4	Lipopolysaccharide cholinephosphotransferase LicD1
LILPNEUHC_19F	NPLHCJEM_01274	A0A2R2HVC5	Lipopolysaccharide cholinephosphotransferase LicD2
LILPNEUHC_19F	NPLHCJEM_01275	B8ZJT9	Carbamoyl-phosphate synthase large chain CarB
LILPNEUHC_19F	NPLHCJEM_01276	A0A064BWJ2	Carbamoyl-phosphate synthase small chain CarA
LILPNEUHC_19F	NPLHCJEM_01277	C1CR29	Aspartate carbamoyltransferase
LILPNEUHC_19F	NPLHCJEM_01278	Q04K45	Bifunctional uracil phosphoribosyltransferase/pyrimidine operon regulatory protein PyrR
LILPNEUHC_19F	NPLHCJEM_01279		PyrR
LILPNEUHC_19F	NPLHCJEM_01279		
LILPNEUHC_19F	NPLHCJEM_01280	Q8DPH8	Endonuclease III
LILPNEUHC_19F	NPLHCJEM_01281	B2IQ72	Protein%2C clustered with ribosomal protein L32p
LILPNEUHC_19F	NPLHCJEM_01282	B1IC71	BlpT protein
LILPNEUHC_19F	NPLHCJEM_01283		SpF43_sRNA
LILPNEUHC_19F	NPLHCJEM_01283		
LILPNEUHC_19F	NPLHCJEM_01284	B2IQ73	ABC transporter ATP-binding protein
LILPNEUHC_19F	NPLHCJEM_01285	Q8DPH5	Heat shock protein HtpX
LILPNEUHC_19F	NPLHCJEM_01286	Q8DPH4	LemA
LILPNEUHC_19F	NPLHCJEM_01287	B2IQ76	16S rRNA (guanine(527)-N(7))-methyltransferase RsmG
LILPNEUHC_19F	NPLHCJEM_01288		SpF44_sRNA
LILPNEUHC_19F	NPLHCJEM_01288		
LILPNEUHC_19F	NPLHCJEM_01289	A0A0H2ZMV8	Uracil permease
LILPNEUHC_19F	NPLHCJEM_01290	C1CEP2	Signal recognition particle protein Ffh
LILPNEUHC_19F	NPLHCJEM_01291	Q8DPH0	Signal recognition particle associated protein
LILPNEUHC_19F	NPLHCJEM_01292	B2IQ80	Hypothetical protein
LILPNEUHC_19F	NPLHCJEM_01293	Q8DPG9	dNTP triphosphohydrolase
LILPNEUHC_19F	NPLHCJEM_01294	B2IQ82	Sugar phosphatase YidA
LILPNEUHC_19F	NPLHCJEM_01295	B2IQ83	hypothetical protein
LILPNEUHC_19F	NPLHCJEM_01296	B2IQ84	hypothetical protein
LILPNEUHC_19F	NPLHCJEM_01297	B2IQ85	hypothetical protein
LILPNEUHC_19F	NPLHCJEM_01298	A0A0T7TTP9	Positive transcriptional regulator%2C MutR family
LILPNEUHC_19F	NPLHCJEM_01299	A0A0B4ZN83	hypothetical protein
LILPNEUHC_19F	NPLHCJEM_01300		tRNA-Arg(cct)
LILPNEUHC_19F	NPLHCJEM_01300		
LILPNEUHC_19F	NPLHCJEM_01301	Q97QC6	LSU ribosomal protein L19p
LILPNEUHC_19F	NPLHCJEM_01302	Q97QC5	ClC-type fluoride channel
LILPNEUHC_19F	NPLHCJEM_01303	Q97QC4	ClC-type fluoride channel
LILPNEUHC_19F	NPLHCJEM_01304	C1CEQ1	Chorismate mutase I
LILPNEUHC_19F	NPLHCJEM_01305	B1ICB1	Flavodoxin
LILPNEUHC_19F	NPLHCJEM_01306	A0A0T8D815	DHH family phosphoesterase Pde2
LILPNEUHC_19F	NPLHCJEM_01307	A0AA87CAZ5	LSU ribosomal protein L31p
LILPNEUHC_19F	NPLHCJEM_01308	A0A0B7LYP4	Ferrous iron transport permease EfeU
LILPNEUHC_19F	NPLHCJEM_01309	C1CEQ8	NADP-specific glutamate dehydrogenase
LILPNEUHC_19F	NPLHCJEM_01310	A0A0B7LLJ2	Hypothetical protein
LILPNEUHC_19F	NPLHCJEM_01311	A0A0B7LGH5	ABC transporter ATP-binding protein
LILPNEUHC_19F	NPLHCJEM_01312	B2IPT3	IS1381 transposase OrfB
LILPNEUHC_19F	NPLHCJEM_01313	A0A822QEK0	IS5 family transposase ISSpn7
LILPNEUHC_19F	NPLHCJEM_01314	A0AA95IJZ8	IS630 family transposase ISSpn2
LILPNEUHC_19F	NPLHCJEM_01315	A0A0B7LSZ5	hypothetical protein
LILPNEUHC_19F	NPLHCJEM_01316	A0AA44MRJ2	hypothetical protein
LILPNEUHC_19F	NPLHCJEM_01317	B1IAR2	hypothetical protein
LILPNEUHC_19F	NPLHCJEM_01318	A0A0T8A328	hypothetical protein
LILPNEUHC_19F	NPLHCJEM_01319	A0A0T7TS65	hypothetical protein
LILPNEUHC_19F	NPLHCJEM_01320	A0A0T7ZM03	Hypothetical protein
LILPNEUHC_19F	NPLHCJEM_01321	A0A0B7LFE7	ABC transporter permease protein
LILPNEUHC_19F	NPLHCJEM_01322	B1IAQ7	Multiple sugar ABC transporter%2C membrane-spanning permease protein
LILPNEUHC_19F	NPLHCJEM_01323	A0A0B7LDL9	N-acetylmannosamine-6-phosphate 2-epimerase
LILPNEUHC_19F	NPLHCJEM_01324	A0A0U0BC67	putative HTH-type transcriptional regulator YbbH
LILPNEUHC_19F	NPLHCJEM_01325	A0AAE9QRJ9	hypothetical protein
LILPNEUHC_19F	NPLHCJEM_01326	A0A0B7LRD2	hypothetical protein
LILPNEUHC_19F	NPLHCJEM_01327	A0AAD2IHX3	IS3 family transposase ISSpn4
LILPNEUHC_19F	NPLHCJEM_01328	A0A0B7LKL9	hypothetical protein
LILPNEUHC_19F	NPLHCJEM_01329	A0AAE9QTI5	Hypothetical protein
LILPNEUHC_19F	NPLHCJEM_01330	A0A4N2RGK3	Hypothetical protein
LILPNEUHC_19F	NPLHCJEM_01331	C1C7U3	ABC transporter ATP-binding protein
LILPNEUHC_19F	NPLHCJEM_01332	A0A0B7LCI4	ABC transporter ATP-binding/membrane spanning protein
LILPNEUHC_19F	NPLHCJEM_01333	A0A0E8JAD2	Lanthionine biosynthesis protein LanL
LILPNEUHC_19F	NPLHCJEM_01334	A0A0T8I519	Tn5253 putative CAAX amino terminal protease
LILPNEUHC_19F	NPLHCJEM_01335	E7AJJ3	hypothetical protein
LILPNEUHC_19F	NPLHCJEM_01336	A0A6I3UUA9	Tn5253 hypothetical protein
LILPNEUHC_19F	NPLHCJEM_01337	A0A0I7T0S0	hypothetical protein
LILPNEUHC_19F	NPLHCJEM_01338	A0A4N2RGI4	hypothetical protein
LILPNEUHC_19F	NPLHCJEM_01339	A0A098ANF2	hypothetical protein
LILPNEUHC_19F	NPLHCJEM_01340		rli38
LILPNEUHC_19F	NPLHCJEM_01340		
LILPNEUHC_19F	NPLHCJEM_01341	Q04JZ4	LSU ribosomal protein L7/L12 (P1/P2)
LILPNEUHC_19F	NPLHCJEM_01342	Q04JZ3	LSU ribosomal protein L10p (P0)
LILPNEUHC_19F	NPLHCJEM_01343		L10_leader
LILPNEUHC_19F	NPLHCJEM_01343		
LILPNEUHC_19F	NPLHCJEM_01344	A0A0H2UQG0	Methylthioadenosine deaminase
LILPNEUHC_19F	NPLHCJEM_01345	A0A0H2UQN6	ABC transporter ATP-binding/permease protein
LILPNEUHC_19F	NPLHCJEM_01346	A0A0U0GVF6	ABC transporter ATP-binding/permease protein
LILPNEUHC_19F	NPLHCJEM_01347	P0A3Q9	Peptide methionine sulfoxide reductase MsrAB1
LILPNEUHC_19F	NPLHCJEM_01348	Q04JY7	Homoserine kinase
LILPNEUHC_19F	NPLHCJEM_01349	C1CEV0	Homoserine dehydrogenase
LILPNEUHC_19F	NPLHCJEM_01350	C1C7W3	Adaptor protein MecA
LILPNEUHC_19F	NPLHCJEM_01351	Q8CYN1	TarQ
LILPNEUHC_19F	NPLHCJEM_01352	B1ICG5	Teichoic acid ribitol polymerase
LILPNEUHC_19F	NPLHCJEM_01353	A0A4N2RFT9	Glycosyltransferase%2C group 2 family
LILPNEUHC_19F	NPLHCJEM_01354	A0A558U8Y0	Glycosyltransferase%2C group 1 family
LILPNEUHC_19F	NPLHCJEM_01355	B1ICG8	Lipopolysaccharide cholinephosphotransferase LicD3
LILPNEUHC_19F	NPLHCJEM_01356	Q8DPD6	LytR-CpsA-Psr subfamily F1 cell envelope-associated transcriptional attenuator
LILPNEUHC_19F	NPLHCJEM_01357	B2IQI7	Prephenate dehydratase
LILPNEUHC_19F	NPLHCJEM_01358	C1CEV9	Shikimate kinase I
LILPNEUHC_19F	NPLHCJEM_01359	C1CL80	5-Enolpyruvylshikimate-3-phosphate synthase
LILPNEUHC_19F	NPLHCJEM_01360	Q8DPD3	Transcriptional regulator
LILPNEUHC_19F	NPLHCJEM_01361	C1CEW2	Prephenate dehydrogenase
LILPNEUHC_19F	NPLHCJEM_01362	C1CL83	Chorismate synthase
LILPNEUHC_19F	NPLHCJEM_01363	Q3I037	3-dehydroquinate synthase
LILPNEUHC_19F	NPLHCJEM_01364	Q3I022	Shikimate/quinate 5-dehydrogenase I beta
LILPNEUHC_19F	NPLHCJEM_01365	A0A0B7LV87	3-dehydroquinate dehydratase I
LILPNEUHC_19F	NPLHCJEM_01366	A0A6I3UPB1	Putative ribosomal RNA large subunit methyltransferase YwbD
LILPNEUHC_19F	NPLHCJEM_01367	A0A4N2REA7	ABC transporter permease
LILPNEUHC_19F	NPLHCJEM_01368	A0A2R2HSY2	ABC transporter ATP-binding protein
LILPNEUHC_19F	NPLHCJEM_01369	A0A4N2RG79	Cytoplasmic alpha-amylase
LILPNEUHC_19F	NPLHCJEM_01370	A0A4N2RC00	Alanyl-tRNA synthetase
LILPNEUHC_19F	NPLHCJEM_01371	Q8DPC6	Hypothetical protein
LILPNEUHC_19F	NPLHCJEM_01372	A0A4N2RG68	Spermidine/putrescine import ABC transporter substrate-binding protein PotD
LILPNEUHC_19F	NPLHCJEM_01373	Q8DPC4	Spermidine/putrescine import ABC transporter permease protein PotC
LILPNEUHC_19F	NPLHCJEM_01374	B2IQK4	Spermidine/putrescine import ABC transporter permease protein PotB
LILPNEUHC_19F	NPLHCJEM_01375	A0A4N2RC09	Spermidine/putrescine import ABC transporter ATP-binding protein PotA
LILPNEUHC_19F	NPLHCJEM_01376	C1CL98	UDP-N-acetylenolpyruvoylglucosamine reductase
LILPNEUHC_19F	NPLHCJEM_01377	A0A4N2RBY0	Hypothetical protein
LILPNEUHC_19F	NPLHCJEM_01378	Q8DPB9	Alpha-acetolactate decarboxylase
LILPNEUHC_19F	NPLHCJEM_01379	A0A4N2RG50	Putative transcriptional regulator of pyridoxine metabolism
LILPNEUHC_19F	NPLHCJEM_01380	A0A0B7L9X0	Amino acid ABC transporter amino acid-binding/permease protein
LILPNEUHC_19F	NPLHCJEM_01381	Q8DPB6	Phosphate transport system regulatory protein PhoU2
LILPNEUHC_19F	NPLHCJEM_01382	C1CEY4	Phosphate transport ATP-binding protein PstB2_2
LILPNEUHC_19F	NPLHCJEM_01383	A0A0H2ZNE6	Phosphate transport ATP-binding protein PstB2_1
LILPNEUHC_19F	NPLHCJEM_01384	Q8DPB3	Phosphate transport system permease protein PstA2
LILPNEUHC_19F	NPLHCJEM_01385	Q8DPB2	Phosphate transport system permease protein PstC2
LILPNEUHC_19F	NPLHCJEM_01386	Q97Q31	Phosphate ABC transporter periplasmic phosphate-binding protein PstS2
LILPNEUHC_19F	NPLHCJEM_01387	A0A0B7MDL7	Hypothetical protein
LILPNEUHC_19F	NPLHCJEM_01388	A0A0Y3Z649	tRNA and rRNA cytosine-C5-methylase
LILPNEUHC_19F	NPLHCJEM_01389	A0A0E8ADI2	Inositol-1-monophosphatase
LILPNEUHC_19F	NPLHCJEM_01390	Q04JU6	Hypothetical protein
LILPNEUHC_19F	NPLHCJEM_01391	Q97Q26	Transcriptional regulator SpxA1
LILPNEUHC_19F	NPLHCJEM_01392	A0A9P1WFY0	Integral membrane protein
LILPNEUHC_19F	NPLHCJEM_01393	Q8DPA7	Putative NagD-like phosphatase
LILPNEUHC_19F	NPLHCJEM_01394	Q8CYM5	Acyl-ACP thioesterase
LILPNEUHC_19F	NPLHCJEM_01395	A0A4N2RBU1	Putative radical SAM family enzyme
LILPNEUHC_19F	NPLHCJEM_01396	C1CEZ8	Hypothetical protein
LILPNEUHC_19F	NPLHCJEM_01397	Q8DPA4	General stress protein
LILPNEUHC_19F	NPLHCJEM_01398	Q97Q19	Prolipoprotein diacylglyceryl transferase
LILPNEUHC_19F	NPLHCJEM_01399	A0A6I3UMC0	HPr kinase/phosphorylase
LILPNEUHC_19F	NPLHCJEM_01400	B2IQN3	SSU ribosomal protein S21p
LILPNEUHC_19F	NPLHCJEM_01401	A0A0T8B969	hypothetical protein
LILPNEUHC_19F	NPLHCJEM_01402	A0A0T8QBC6	hypothetical protein
LILPNEUHC_19F	NPLHCJEM_01403	A0A0T8SIM0	Glucosamine-6-phosphate deaminase
LILPNEUHC_19F	NPLHCJEM_01404	A0A0T8SI27	S-adenosylmethionine:tRNA ribosyltransferase-isomerase
LILPNEUHC_19F	NPLHCJEM_01405	A0A6G2CT29	Choline-binding protein CbpM
LILPNEUHC_19F	NPLHCJEM_01406	A0A0B7KSA0	Hypothetical protein
LILPNEUHC_19F	NPLHCJEM_01407	Q8DP98	Acetyltransferase%2C GNAT family
LILPNEUHC_19F	NPLHCJEM_01408	B5E5S7	NAD synthetase
LILPNEUHC_19F	NPLHCJEM_01409	Q8DP97	Nicotinate phosphoribosyltransferase
LILPNEUHC_19F	NPLHCJEM_01410	Q8CYM4	Hypothetical protein
LILPNEUHC_19F	NPLHCJEM_01411	C1CF10	Transcriptional repressor
LILPNEUHC_19F	NPLHCJEM_01412	C1CF11	Hypothetical protein
LILPNEUHC_19F	NPLHCJEM_01413	A0A0T9IC07	Multidrug efflux ABC transporter ATP-binding protein
LILPNEUHC_19F	NPLHCJEM_01414	A0A822RH68	Peptidase%2C U32 family large subunit (C1)
LILPNEUHC_19F	NPLHCJEM_01415	A0A0I7DQC1	Peptidase%2C U32 family large subunit (C1)
LILPNEUHC_19F	NPLHCJEM_01416	Q8DP93	hypothetical protein
LILPNEUHC_19F	NPLHCJEM_01417	A0A064C3J2	hypothetical protein
LILPNEUHC_19F	NPLHCJEM_01418	A0A121B707	Type II restriction-modification system methyltransferase
LILPNEUHC_19F	NPLHCJEM_01419	Q8CYM0	Transcriptional regulator%2C AraC family
LILPNEUHC_19F	NPLHCJEM_01420	A0A6I3USV1	ABC transporter ATP-binding/permease protein
LILPNEUHC_19F	NPLHCJEM_01421	A0A0B7KPZ7	ABC transporter ATP-binding/permease protein
LILPNEUHC_19F	NPLHCJEM_01422	A0A0B7LN27	Substrate-specific component of putative ECF transporter
LILPNEUHC_19F	NPLHCJEM_01423	A0A0Y1YPF8	Transmembrane component of energizing module of putative ECF transporter
LILPNEUHC_19F	NPLHCJEM_01424	A0A4N2RF32	Duplicated ATPase component of energizing module of putative ECF transporter
LILPNEUHC_19F	NPLHCJEM_01425	A0A654UCG4	hypothetical protein
LILPNEUHC_19F	NPLHCJEM_01426	A0A0T8C7E0	hypothetical protein
LILPNEUHC_19F	NPLHCJEM_01427	Q7WVV7	IS66 family transposase Orf2
LILPNEUHC_19F	NPLHCJEM_01428	B2IQR0	IS66 family transposase Orf1
LILPNEUHC_19F	NPLHCJEM_01429		SpR18_sRNA
LILPNEUHC_19F	NPLHCJEM_01429		
LILPNEUHC_19F	NPLHCJEM_01430	A0A4N2RF23	GMP synthase%2C amidotransferase and ATP pyrophosphatase subunits
LILPNEUHC_19F	NPLHCJEM_01431	Q8DP83	Transcriptional regulator in cluster with beta-lactamase%2C GntR family
LILPNEUHC_19F	NPLHCJEM_01432	Q8DP82	Drug/metabolite transporter superfamily protein
LILPNEUHC_19F	NPLHCJEM_01433	C1CF32	Beta-lactamase%2C class C
LILPNEUHC_19F	NPLHCJEM_01434	A0AAD2IMG3	C3-degrading proteinase
LILPNEUHC_19F	NPLHCJEM_01435	B1ICN4	Bifunctional N-acetylneuraminate cytidylyltransferase/platelet activating factor
LILPNEUHC_19F	NPLHCJEM_01436	B2IQR7	HAD superfamily hydrolase
LILPNEUHC_19F	NPLHCJEM_01437	A0A4J1Y3J0	hypothetical protein
LILPNEUHC_19F	NPLHCJEM_01438	Q04JP7	Peptide deformylase
LILPNEUHC_19F	NPLHCJEM_01439	C1C852	23S rRNA (guanosine(2251)-2'-O)-methyltransferase
LILPNEUHC_19F	NPLHCJEM_01440	B2IQS3	Thioredoxin reductase
LILPNEUHC_19F	NPLHCJEM_01441	Q8CYL0	Hypothetical protein
LILPNEUHC_19F	NPLHCJEM_01442	Q8DP77	Cysteine ABC transporter ATP-binding protein
LILPNEUHC_19F	NPLHCJEM_01443	Q8DP76	Cysteine ABC transporter permease protein
LILPNEUHC_19F	NPLHCJEM_01444	Q8DP75	Arsenate reductase
LILPNEUHC_19F	NPLHCJEM_01445	A0A4H9C0S5	Methylated-DNA--protein-cysteine methyltransferase
LILPNEUHC_19F	NPLHCJEM_01446	C1CF46	Acetyltransferase
LILPNEUHC_19F	NPLHCJEM_01447	Q8CYK8	Hypothetical protein
LILPNEUHC_19F	NPLHCJEM_01448	C1C861	Hemolysin III
LILPNEUHC_19F	NPLHCJEM_01449	Q97PX3	Pyridoxal 5'-phosphate synthase%2C glutaminase subunit PdxT
LILPNEUHC_19F	NPLHCJEM_01450	Q97PX2	Pyridoxal 5'-phosphate synthase%2C synthase subunit PdxS
LILPNEUHC_19F	NPLHCJEM_01451	C1C864	NADH peroxidase
LILPNEUHC_19F	NPLHCJEM_01452	Q8DP69	Putative thiamin biosynthesis lipoprotein
LILPNEUHC_19F	NPLHCJEM_01453	B2IQT8	Fumarate reductase%2C flavoprotein subunit precursor
LILPNEUHC_19F	NPLHCJEM_01454	B2IQT9	Fumarate reductase%2C flavoprotein subunit precursor
LILPNEUHC_19F	NPLHCJEM_01455	C1CLH3	Hypothetical protein
LILPNEUHC_19F	NPLHCJEM_01456	B2IQU1	Glycyl-tRNA synthetase beta chain
LILPNEUHC_19F	NPLHCJEM_01457	B2IQU2	Glycyl-tRNA synthetase alpha chain
LILPNEUHC_19F	NPLHCJEM_01458	A0A4N2RFI2	hypothetical protein
LILPNEUHC_19F	NPLHCJEM_01459		SpR19_sRNA
LILPNEUHC_19F	NPLHCJEM_01459		
LILPNEUHC_19F	NPLHCJEM_01460	B2IQU4	Ooxidoreductase of aldo/keto reductase family%2C subgroup 1
LILPNEUHC_19F	NPLHCJEM_01461	B2IQU5	Peptidoglycan N-acetylglucosamine deacetylase
LILPNEUHC_19F	NPLHCJEM_01462	B2IQU6	hypothetical protein
LILPNEUHC_19F	NPLHCJEM_01463	A0A0I8JIZ3	Oxidoreductase%2C Gfo/Idh/MocA family
LILPNEUHC_19F	NPLHCJEM_01464	Q8DP61	ATP-dependent RNA helicase YfmL
LILPNEUHC_19F	NPLHCJEM_01465	B2IQU9	IS630 family transposase ISSpn2
LILPNEUHC_19F	NPLHCJEM_01466	A0A4G4T881	hypothetical protein
LILPNEUHC_19F	NPLHCJEM_01467	B2IQV2	Translation elongation factor Tu
LILPNEUHC_19F	NPLHCJEM_01468	C1C884	Major intrinsic protein family aquaporin
LILPNEUHC_19F	NPLHCJEM_01469	A0A6I3UVQ6	Hypothetical protein
LILPNEUHC_19F	NPLHCJEM_01470	C1CF78	Hypothetical protein
LILPNEUHC_19F	NPLHCJEM_01471	C1C888	IS630 family transposase IS630-Spn1
LILPNEUHC_19F	NPLHCJEM_01472	A0A6G2DFX7	hypothetical protein
LILPNEUHC_19F	NPLHCJEM_01473	B2IQV9	Phosphoglucomutase
LILPNEUHC_19F	NPLHCJEM_01474	C1CF83	Bacterocin transport accessory protein
LILPNEUHC_19F	NPLHCJEM_01475	A0A0B7LH01	Glutamine ABC transporter substrate-binding protein GlnH6
LILPNEUHC_19F	NPLHCJEM_01476	Q8DP49	Glutamine ABC transporter ATP-binding protein GlnQ6
LILPNEUHC_19F	NPLHCJEM_01477	C1CF86	Glutamine ABC transporter permease GlnP6
LILPNEUHC_19F	NPLHCJEM_01478	A0A0E8P9B6	TPR-repeat-containing protein
LILPNEUHC_19F	NPLHCJEM_01479	B2IQW7	Hypothetical protein
LILPNEUHC_19F	NPLHCJEM_01480	Q8DP45	6-phosphogluconolactonase
LILPNEUHC_19F	NPLHCJEM_01481	Q04N64	ATP synthase F1 sector epsilon chain
LILPNEUHC_19F	NPLHCJEM_01482	Q97PT6	ATP synthase F1 sector beta chain
LILPNEUHC_19F	NPLHCJEM_01483	C1CSC9	ATP synthase F1 sector gamma chain
LILPNEUHC_19F	NPLHCJEM_01484	Q97PT4	ATP synthase F1 sector alpha chain
LILPNEUHC_19F	NPLHCJEM_01485	Q04HT6	ATP synthase F1 sector delta chain
LILPNEUHC_19F	NPLHCJEM_01486	Q04HT5	ATP synthase F0 sector subunit b
LILPNEUHC_19F	NPLHCJEM_01487	B5E676	ATP synthase F0 sector subunit a
LILPNEUHC_19F	NPLHCJEM_01488	Q79RW7	ATP synthase F0 sector subunit c
LILPNEUHC_19F	NPLHCJEM_01489	A0A4K6YRM6	ISSpn8 transposase
LILPNEUHC_19F	NPLHCJEM_01490	A0A6I3UYR1	Acetyltransferase
LILPNEUHC_19F	NPLHCJEM_01491	A0A4N2REM2	Hypothetical protein
LILPNEUHC_19F	NPLHCJEM_01492	Q8DP42	Transcription elongation factor GreA
LILPNEUHC_19F	NPLHCJEM_01493	B1ICU0	Endolytic murein transglycosylase MltG
LILPNEUHC_19F	NPLHCJEM_01494	Q8DP41	Acetyltransferase%2C GNAT family
LILPNEUHC_19F	NPLHCJEM_01495	Q8CYJ7	hypothetical protein
LILPNEUHC_19F	NPLHCJEM_01496	A0A4F0AXX3	UDP-N-acetylmuramate--alanine ligase
LILPNEUHC_19F	NPLHCJEM_01497	A0A0T9HB13	Hypothetical protein
LILPNEUHC_19F	NPLHCJEM_01498	A0A0T8T532	SWF/SNF family helicase
LILPNEUHC_19F	NPLHCJEM_01499	C1CFA7	Bifunctional PLP-dependent beta-cystathionase/maltose regulon repressor
LILPNEUHC_19F	NPLHCJEM_01500	B1ICU7	Cystathionine gamma-synthase
LILPNEUHC_19F	NPLHCJEM_01501	A0A654YM00	Multidrug resistance ABC transporter ATP-binding and permease protein
LILPNEUHC_19F	NPLHCJEM_01502	A0A4J1S5N7	ABC transporter%2C ATP-binding/permease protein
LILPNEUHC_19F	NPLHCJEM_01503	A0A4J1VQI0	ABC transporter%2C ATP-binding/permease protein
LILPNEUHC_19F	NPLHCJEM_01504	A0A098ZIN0	hypothetical protein
LILPNEUHC_19F	NPLHCJEM_01505	A0A4J2F5J4	Oligopeptide ABC transporter oligopeptide-binding protein AliB
LILPNEUHC_19F	NPLHCJEM_01506	A0A4J1T0J9	ISNCY family transposase IS1202
LILPNEUHC_19F	NPLHCJEM_01507	A0AAE4FW33	Oligopeptide ABC transporter oligopeptide-binding protein AliB
LILPNEUHC_19F	NPLHCJEM_01508	B2IR49	Putative cell division protein YtgP
LILPNEUHC_19F	NPLHCJEM_01509	A0A0E8SYG1	UDP-N-acetylmuramoylalanyl-D-glutamate--L-lysine ligase
LILPNEUHC_19F	NPLHCJEM_01510	A0A0E9GU69	Hypothetical protein
LILPNEUHC_19F	NPLHCJEM_01511	A0A098Z6T8	hypothetical protein
LILPNEUHC_19F	NPLHCJEM_01512	A0A098Z6G6	Glutamate synthase [NADPH] large chain
LILPNEUHC_19F	NPLHCJEM_01513	Q04JL5	Manganese-dependent inorganic pyrophosphatase
LILPNEUHC_19F	NPLHCJEM_01514	A0A0E9GUH4	Putative endonuclease
LILPNEUHC_19F	NPLHCJEM_01515	C1C8C5	tRNA(1)(Val) (adenine(37)-N(6))-methyltransferase
LILPNEUHC_19F	NPLHCJEM_01516	Q8DP29	General stress protein 13
LILPNEUHC_19F	NPLHCJEM_01517	B2IR57	Bifunctional lipoprotein rotamase A/peptidyl-prolyl cis-trans isomerase
LILPNEUHC_19F	NPLHCJEM_01518	Q04JL0	SSU ribosomal protein S18p
LILPNEUHC_19F	NPLHCJEM_01519	P66855	Single-stranded DNA-binding protein
LILPNEUHC_19F	NPLHCJEM_01520	Q04JK8	SSU ribosomal protein S6p
LILPNEUHC_19F	NPLHCJEM_01521	C1CFC3	Asparaginyl-tRNA synthetase
LILPNEUHC_19F	NPLHCJEM_01522	A0A0B7LR40	Aspartate aminotransferase
LILPNEUHC_19F	NPLHCJEM_01523	A0A264SDC2	Hypothetical protein
LILPNEUHC_19F	NPLHCJEM_01524	B1ICW7	Hypothetical protein
LILPNEUHC_19F	NPLHCJEM_01525	B2IR66	hypothetical protein
LILPNEUHC_19F	NPLHCJEM_01526	A0A6I3UV98	Hypothetical protein
LILPNEUHC_19F	NPLHCJEM_01527		SpR20_sRNA
LILPNEUHC_19F	NPLHCJEM_01527		
LILPNEUHC_19F	NPLHCJEM_01528	B2IR68	Cell shape-determining protein
LILPNEUHC_19F	NPLHCJEM_01529	B2IR69	Peptide deformylase
LILPNEUHC_19F	NPLHCJEM_01530	B2IR70	Glutathione S-transferase
LILPNEUHC_19F	NPLHCJEM_01531	B2IR71	Calcium-transporting ATPase
LILPNEUHC_19F	NPLHCJEM_01532		SSRC10
LILPNEUHC_19F	NPLHCJEM_01532		
LILPNEUHC_19F	NPLHCJEM_01533	A0A0B7LUG7	Cobalt-zinc-cadmium resistance protein
LILPNEUHC_19F	NPLHCJEM_01534		Srn266
LILPNEUHC_19F	NPLHCJEM_01534		
LILPNEUHC_19F	NPLHCJEM_01535	C1C995	IS1167 transposase
LILPNEUHC_19F	NPLHCJEM_01536	A0A0B7LDM8	ATPase component of ABC transporter with duplicated ATPase domains
LILPNEUHC_19F	NPLHCJEM_01537	B2IR74	CCA tRNA nucleotidyltransferase
LILPNEUHC_19F	NPLHCJEM_01538	A0A4N2S352	4-hydroxy-tetrahydrodipicolinate reductase
LILPNEUHC_19F	NPLHCJEM_01539	Q97PP6	DegV family protein
LILPNEUHC_19F	NPLHCJEM_01540	B2IR77	Hypothetical protein
LILPNEUHC_19F	NPLHCJEM_01541	Q97PP4	Phosphoglucosamine mutase
LILPNEUHC_19F	NPLHCJEM_01542	Q8DP15	Hypothetical protein
LILPNEUHC_19F	NPLHCJEM_01543	Q8DP14	Bacterial checkpoint controller DisA
LILPNEUHC_19F	NPLHCJEM_01544	Q97PP0	Thioredoxin reductase
LILPNEUHC_19F	NPLHCJEM_01545	Q9JRK5	Putative cytoplasmic protein
LILPNEUHC_19F	NPLHCJEM_01546	Q97PN8	LPPG:FO 2-phospho-L-lactate transferase-like protein
LILPNEUHC_19F	NPLHCJEM_01547	A0A098ZHY2	Putative P-loop-containing kinase
LILPNEUHC_19F	NPLHCJEM_01548	A0A0E9GWJ2	RidA/YER057c/UK114 superfamily protein
LILPNEUHC_19F	NPLHCJEM_01549	Q04JI0	GTP-binding protein EngB
LILPNEUHC_19F	NPLHCJEM_01550	Q04JH9	ATP-dependent Clp protease ATP-binding subunit ClpX
LILPNEUHC_19F	NPLHCJEM_01551	Q8CYI3	Hypothetical protein
LILPNEUHC_19F	NPLHCJEM_01552	A0A0B7L9Q4	Dihydrofolate reductase
LILPNEUHC_19F	NPLHCJEM_01553	A0A264SLW6	Bifunctional non-specific DNA-binding protein/ferroxidase Dpr
LILPNEUHC_19F	NPLHCJEM_01554	A0A5C8RQ08	1%2C4-beta-N-acetylmuramidase%2C lyzozyme LytC
LILPNEUHC_19F	NPLHCJEM_01555	Q04JH4	Triosephosphate isomerase
LILPNEUHC_19F	NPLHCJEM_01556	C1C8G6	Chromosome replication initiation protein DnaD
LILPNEUHC_19F	NPLHCJEM_01557	Q8DP05	Homoserine O-succinyltransferase
LILPNEUHC_19F	NPLHCJEM_01558	C1CFG1	Adenine phosphoribosyltransferase
LILPNEUHC_19F	NPLHCJEM_01559	Q8DP04	SAM-dependent methyltransferase
LILPNEUHC_19F	NPLHCJEM_01560	A0A0H2UQW6	Multiple sugar ABC transporter%2C ATP-binding protein
LILPNEUHC_19F	NPLHCJEM_01561		tRNA-Leu(aag)
LILPNEUHC_19F	NPLHCJEM_01561		
LILPNEUHC_19F	NPLHCJEM_01562	A0A4J1T0J9	ISNCY family transposase IS1202
LILPNEUHC_19F	NPLHCJEM_01563	Q8DP02	Nicotinamidase
LILPNEUHC_19F	NPLHCJEM_01564	C1CSK2	GTP-sensing transcriptional pleiotropic repressor CodY
LILPNEUHC_19F	NPLHCJEM_01565	P0A4D7	DEAD-box ATP-dependent RNA helicase CshA
LILPNEUHC_19F	NPLHCJEM_01566	A0A098Z5G6	Major facilitator oxalate:formate antiporter
LILPNEUHC_19F	NPLHCJEM_01567	A0A0T8TZ76	Pyridine nucleotide-disulfide oxidoreductase
LILPNEUHC_19F	NPLHCJEM_01568	A0A0H2UQV8	Mur ligase family protein
LILPNEUHC_19F	NPLHCJEM_01569	A0A0H2ZML1	Putative amidotransferase similar to cobyric acid synthase
LILPNEUHC_19F	NPLHCJEM_01570	C1CFH2	Xaa-Pro dipeptidase
LILPNEUHC_19F	NPLHCJEM_01571	A0A4J2GPK8	IS3 family transposase ISSpn1
LILPNEUHC_19F	NPLHCJEM_01572	A0A4N2S1Y3	IS3 family transposase ISSpn11
LILPNEUHC_19F	NPLHCJEM_01573	A0AA95D7P4	hypothetical protein
LILPNEUHC_19F	NPLHCJEM_01574	A0A4J1STA3	hypothetical protein
LILPNEUHC_19F	NPLHCJEM_01575	C1CFH7	Substrate-specific component PdxU2 of putative pyridoxin-related ECF transporter
LILPNEUHC_19F	NPLHCJEM_01576	C1CFH8	Pyridoxal kinase%2C thiD family
LILPNEUHC_19F	NPLHCJEM_01577	C1CLU3	tRNA pseudouridine synthase A
LILPNEUHC_19F	NPLHCJEM_01578	Q8DNZ1	Major facilitator superfamily transporter-permease
LILPNEUHC_19F	NPLHCJEM_01579	Q8CYI1	Hypothetical protein
LILPNEUHC_19F	NPLHCJEM_01580	Q8DNZ0	Protein PhnA
LILPNEUHC_19F	NPLHCJEM_01581	A0A064C099	Cytidylate kinase
LILPNEUHC_19F	NPLHCJEM_01582	C1C8J3	Hypothetical protein
LILPNEUHC_19F	NPLHCJEM_01583	C1CFI7	Ferredoxin
LILPNEUHC_19F	NPLHCJEM_01584	A0A0B7LS92	hypothetical protein
LILPNEUHC_19F	NPLHCJEM_01585	A0A0B7KXT7	Bactoprenol glucosyl transferase
LILPNEUHC_19F	NPLHCJEM_01586	B1ID20	UDP-glucose 4-epimerase
LILPNEUHC_19F	NPLHCJEM_01587	A0A4H0LD28	Hypothetical protein
LILPNEUHC_19F	NPLHCJEM_01588	A0A9P1LVY1	Glycine/D-amino acid oxidases family protein
LILPNEUHC_19F	NPLHCJEM_01589	A0A4N2S1B2	Putative GTP cyclohydrolase 1 type 2 protein YbgI
LILPNEUHC_19F	NPLHCJEM_01590	C1CFJ3	tRNA (adenine(22)-N(1))-methyltransferase
LILPNEUHC_19F	NPLHCJEM_01591	A0A0B7LSG9	hypothetical protein
LILPNEUHC_19F	NPLHCJEM_01592	A0A0U0FK48	Lanthionine biosynthesis protein LanL
LILPNEUHC_19F	NPLHCJEM_01593	A0A4N2S5H6	hypothetical protein
LILPNEUHC_19F	NPLHCJEM_01594	A0A4J2GPK8	IS3 family transposase ISSpn1
LILPNEUHC_19F	NPLHCJEM_01595	A0A4N2S1Y3	IS3 family transposase ISSpn11
LILPNEUHC_19F	NPLHCJEM_01596	A0AA95D7P4	hypothetical protein
LILPNEUHC_19F	NPLHCJEM_01597	A0A4J1UHM7	hypothetical protein
LILPNEUHC_19F	NPLHCJEM_01598	A0A0B7KS33	Transketolase
LILPNEUHC_19F	NPLHCJEM_01599	C1C8K7	Ribulose-phosphate 3-epimerase
LILPNEUHC_19F	NPLHCJEM_01600	C1C8K8	Fructose-specific PTS IIABC components
LILPNEUHC_19F	NPLHCJEM_01601	C1C8K9	Fructose-specific PTS IIABC components
LILPNEUHC_19F	NPLHCJEM_01602	C1C8L0	Fructose-specific PTS IIABC components
LILPNEUHC_19F	NPLHCJEM_01603	A0A4N2S1B5	hypothetical protein
LILPNEUHC_19F	NPLHCJEM_01604	A0A6I3US83	Transcriptional antiterminator of lichenan operon%2C BglG family
LILPNEUHC_19F	NPLHCJEM_01605	A0A6G2DAB2	Cadmium-transporting ATPase
LILPNEUHC_19F	NPLHCJEM_01606	B2IRD2	Acyl-ACP:1-acyl-sn-glycerol-3-phosphate acyltransferase
LILPNEUHC_19F	NPLHCJEM_01607	Q8DNY0	Cadmium resistance protein CadD
LILPNEUHC_19F	NPLHCJEM_01608	Q97PI9	SSU ribosomal protein S15p (S13e)
LILPNEUHC_19F	NPLHCJEM_01609	A0A0H2UR89	Rrf2-linked NADH-flavin reductase
LILPNEUHC_19F	NPLHCJEM_01610	A0A0U0PFU2	hypothetical protein
LILPNEUHC_19F	NPLHCJEM_01611	A0A098ZHC4	hypothetical protein
LILPNEUHC_19F	NPLHCJEM_01612	C1CSP6	Threonyl-tRNA synthetase
LILPNEUHC_19F	NPLHCJEM_01613	A0A0B7LLU3	Two-component system sensor histidine kinase
LILPNEUHC_19F	NPLHCJEM_01614	A0A064C629	Two-component system response regulator
LILPNEUHC_19F	NPLHCJEM_01615	B2IRP0	Esterase/lipase
LILPNEUHC_19F	NPLHCJEM_01616	A0A0T8JZ79	hypothetical protein
LILPNEUHC_19F	NPLHCJEM_01617	Q8DNX5	Rrf2 family transcriptional regulator%2C group III
LILPNEUHC_19F	NPLHCJEM_01618	Q8DNX4	Putative diadenosine tetraphosphatase
LILPNEUHC_19F	NPLHCJEM_01619	B2IRP3	Mn-dependent transcriptional regulator MntR
LILPNEUHC_19F	NPLHCJEM_01620	A0A4J1VT97	IS1167 transposase
LILPNEUHC_19F	NPLHCJEM_01621		Srn266
LILPNEUHC_19F	NPLHCJEM_01621		
LILPNEUHC_19F	NPLHCJEM_01622	B2IRP5	hypothetical protein
LILPNEUHC_19F	NPLHCJEM_01623	B2IRP6	Hypothetical protein
LILPNEUHC_19F	NPLHCJEM_01624	A0A0H2ZLZ3	hypothetical protein
LILPNEUHC_19F	NPLHCJEM_01625	Q8DNX2	D-tyrosyl-tRNA(Tyr) deacylase
LILPNEUHC_19F	NPLHCJEM_01626	A0A0D6J775	Bifunctional guanosine-3'%2C5'-bis(diphosphate) 3'-pyrophosphohydrolase/(p)ppGpp synthetase II
LILPNEUHC_19F	NPLHCJEM_01627	A0A6I3U4W5	Hydroxyacylglutathione hydrolase
LILPNEUHC_19F	NPLHCJEM_01628	A0A654U8Y8	Neutral endopeptidase O
LILPNEUHC_19F	NPLHCJEM_01629	B2IRQ4	Manganese ABC transporter%2C ATP-binding protein PsaB
LILPNEUHC_19F	NPLHCJEM_01630	C1CFM0	Manganese ABC transporter%2C inner membrane permease protein PsaC
LILPNEUHC_19F	NPLHCJEM_01631	D2CTJ2	Manganese ABC transporter%2C periplasmic-binding protein PsaA
LILPNEUHC_19F	NPLHCJEM_01632	B2IRQ7	Thiol peroxidase%2C Tpx-type
LILPNEUHC_19F	NPLHCJEM_01633	A0A822RCT8	ABC transporter%2C permease protein
LILPNEUHC_19F	NPLHCJEM_01634	A0A062WQP8	ABC transporter%2C ATP-binding protein
LILPNEUHC_19F	NPLHCJEM_01635	A0A4N2RXK1	Putative large secreted protein
LILPNEUHC_19F	NPLHCJEM_01636	C1CSS1	Phosphoglycerate mutase
LILPNEUHC_19F	NPLHCJEM_01637	A0A4N2RXJ2	hypothetical protein
LILPNEUHC_19F	NPLHCJEM_01638	A0A4J1YCZ0	Isoleucyl-tRNA synthetase
LILPNEUHC_19F	NPLHCJEM_01639	C1CFN2	Cell division initiation protein DivIVA
LILPNEUHC_19F	NPLHCJEM_01640	A0AA86XPF6	YlmH
LILPNEUHC_19F	NPLHCJEM_01641	Q9ZHB6	Cell division integral membrane protein YlmG%2C YGGT family
LILPNEUHC_19F	NPLHCJEM_01642	P0CB77	FtsZ-interacting protein related to cell division YlmF
LILPNEUHC_19F	NPLHCJEM_01643	C1CFN6	YlmE
LILPNEUHC_19F	NPLHCJEM_01644	Q8DNV9	Cell division protein FtsZ
LILPNEUHC_19F	NPLHCJEM_01645	Q9ZHC0	Cell division protein FtsA
LILPNEUHC_19F	NPLHCJEM_01646	C1CFN9	Putative membrane protein
LILPNEUHC_19F	NPLHCJEM_01647	B2IRS4	MutT/nudix family protein phosphohydrolase
LILPNEUHC_19F	NPLHCJEM_01648	A0A0Y2E1G8	UDP-N-acetylmuramoyl-tripeptide--D-alanyl-D- alanine ligase
LILPNEUHC_19F	NPLHCJEM_01649	B5E721	D-alanine--D-alanine ligase
LILPNEUHC_19F	NPLHCJEM_01650	A0A0T9HMT6	Recombination protein RecR
LILPNEUHC_19F	NPLHCJEM_01651	B2Y3Z1	Penicillin-binding protein 2B
LILPNEUHC_19F	NPLHCJEM_01652	C1C8R3	Sialic acid utilization regulator%2C RpiR family
LILPNEUHC_19F	NPLHCJEM_01653	Q8DNV3	N-acetylmannosamine kinase
LILPNEUHC_19F	NPLHCJEM_01654	A0A4M3JYC6	4-hydroxy-tetrahydrodipicolinate synthase
LILPNEUHC_19F	NPLHCJEM_01655	A0A0U0LIE7	hypothetical protein
LILPNEUHC_19F	NPLHCJEM_01656	A0A0T8TU62	Hypothetical protein
LILPNEUHC_19F	NPLHCJEM_01657	A0A0T8NIY5	Protein YjgK%2C linked to biofilm formation
LILPNEUHC_19F	NPLHCJEM_01658	Q8DNV0	ABC transporter%2C putative N-acetylneuraminate transport system permease protein 2
LILPNEUHC_19F	NPLHCJEM_01659	C1C8S0	ABC transporter%2C putative N-acetylneuraminate transport system permease protein 1
LILPNEUHC_19F	NPLHCJEM_01660	Q8DNU8	ABC transporter%2C putative N-acetylneuraminate-binding protein
LILPNEUHC_19F	NPLHCJEM_01661	Q8DNU7	N-acetylglucosamine-specific PTS IIABC components
LILPNEUHC_19F	NPLHCJEM_01662	P65521	N-acetylmannosamine-6-phosphate 2-epimerase
LILPNEUHC_19F	NPLHCJEM_01663	A0A4P0AB73	Oxidoreductase
LILPNEUHC_19F	NPLHCJEM_01664	A0A4N2RX67	Sialidase
LILPNEUHC_19F	NPLHCJEM_01665	C1CFQ8	ABC transporter%2C permease protein
LILPNEUHC_19F	NPLHCJEM_01666	C1CFQ9	ABC transporter membrane-spanning permease%2C sugar transport YcjO
LILPNEUHC_19F	NPLHCJEM_01667	A0AAD2Q7X0	ABC transporter substrate-binding protein - sugar transport
LILPNEUHC_19F	NPLHCJEM_01668	Q8CYF8	Putative beta-D-galactosidase
LILPNEUHC_19F	NPLHCJEM_01669	A0A0B7LFI0	Hypothetical protein
LILPNEUHC_19F	NPLHCJEM_01670	A0AA86XVS4	Sialidase NanA
LILPNEUHC_19F	NPLHCJEM_01671	Q8CYF7	Hypothetical protein
LILPNEUHC_19F	NPLHCJEM_01672	A0A4M9XBR2	Bifunctional acetyl xylan esterase 1/cephalosporin-C deacetylase
LILPNEUHC_19F	NPLHCJEM_01673	A0A0T9IMZ6	Hypothetical protein
LILPNEUHC_19F	NPLHCJEM_01674	A0A0I8DJA3	ATP-dependent DNA helicase RecG
LILPNEUHC_19F	NPLHCJEM_01675	A0A0B7KQ93	Alanine racemase
LILPNEUHC_19F	NPLHCJEM_01676	B2IRV4	Holo-[acyl-carrier protein] synthase
LILPNEUHC_19F	NPLHCJEM_01677	Q8DNU0	2-keto-3-deoxy-D-arabino-heptulosonate-7- phosphate synthase I alpha
LILPNEUHC_19F	NPLHCJEM_01678	C1CFS0	2-keto-3-deoxy-D-arabino-heptulosonate-7- phosphate synthase I alpha
LILPNEUHC_19F	NPLHCJEM_01679	B2IRV7	Protein translocase subunit SecA
LILPNEUHC_19F	NPLHCJEM_01680	C1C8U1	ABC transporter%2C ATP-binding protein
LILPNEUHC_19F	NPLHCJEM_01681	A0A5E8E0E4	Hypothetical protein
LILPNEUHC_19F	NPLHCJEM_01682	A0A0U0KR74	Hypothetical protein
LILPNEUHC_19F	NPLHCJEM_01683	B2IRW2	Hypothetical protein
LILPNEUHC_19F	NPLHCJEM_01684	B2IRW3	Hypothetical protein
LILPNEUHC_19F	NPLHCJEM_01685	Q04J64	GTP-binding protein EngA
LILPNEUHC_19F	NPLHCJEM_01686	C1CFT1	NADPH-flavin oxidoreductase
LILPNEUHC_19F	NPLHCJEM_01687	A0A0I7QJ04	Helicase loader DnaI
LILPNEUHC_19F	NPLHCJEM_01688	Q8CWP6	Helicase loader DnaB
LILPNEUHC_19F	NPLHCJEM_01689	B2IRW8	Ribonucleotide reductase transcriptional regulator NrdR
LILPNEUHC_19F	NPLHCJEM_01690	Q8DNT4	Transcriptional regulator%2C GntR family
LILPNEUHC_19F	NPLHCJEM_01691	C1C8V1	Multidrug ABC transporter%2C ATP-binding protein
LILPNEUHC_19F	NPLHCJEM_01692	C1C8V2	ABC transporter ATP-binding protein
LILPNEUHC_19F	NPLHCJEM_01693	A0A0Y0QPC0	ABC transporter membrane-spanning permease - Na+ export
LILPNEUHC_19F	NPLHCJEM_01694	C1CFT9	ABC transporter ATP-binding protein - Na+ export
LILPNEUHC_19F	NPLHCJEM_01695	A0A4J2CN10	Hypothetical protein
LILPNEUHC_19F	NPLHCJEM_01696	C1CFU1	Immunoreactive protein Se23.5-like protein
LILPNEUHC_19F	NPLHCJEM_01697	C1CFU2	Fructokinase
LILPNEUHC_19F	NPLHCJEM_01698	A0A0T9ZVP2	Sucrose-specific PTS IIBCA components
LILPNEUHC_19F	NPLHCJEM_01699	A0AAD2IJU9	Sucrose-6-phosphate hydrolase
LILPNEUHC_19F	NPLHCJEM_01700	Q8DNS6	Sucrose operon repressor ScrR%2C LacI family
LILPNEUHC_19F	NPLHCJEM_01701	Q8DNS5	Hydroxymethylglutaryl-CoA reductase
LILPNEUHC_19F	NPLHCJEM_01702	C1CFU8	Hydroxymethylglutaryl-CoA synthase
LILPNEUHC_19F	NPLHCJEM_01703	Q8CYE8	Hypothetical protein
LILPNEUHC_19F	NPLHCJEM_01704	A0A0H2UQ54	IS1381 transposase OrfB
LILPNEUHC_19F	NPLHCJEM_01705	C1CFV2	Putative membrane-spanning protein
LILPNEUHC_19F	NPLHCJEM_01706	Q8DNS1	Membrane protein
LILPNEUHC_19F	NPLHCJEM_01707	A0A0B7L145	Serine/threonine protein kinase StkP
LILPNEUHC_19F	NPLHCJEM_01708	A0A0H2UR71	Protein serine/threonine phosphatase PhpP
LILPNEUHC_19F	NPLHCJEM_01709	A0A0H2ZQW9	16S rRNA (cytosine(967)-C(5))-methyltransferase
LILPNEUHC_19F	NPLHCJEM_01710	A0A0B7LI42	Methionyl-tRNA formyltransferase
LILPNEUHC_19F	NPLHCJEM_01711	A0A0T8NI66	Helicase PriA essential for oriC/DnaA-independent DNA replication
LILPNEUHC_19F	NPLHCJEM_01712	Q04J38	DNA-directed RNA polymerase omega subunit
LILPNEUHC_19F	NPLHCJEM_01713	Q97PA3	Guanylate kinase
LILPNEUHC_19F	NPLHCJEM_01714	A0A916L5J7	Ribonuclease Y
LILPNEUHC_19F	NPLHCJEM_01715	A0A0Z9X9G3	Ribonuclease Y
LILPNEUHC_19F	NPLHCJEM_01716	Q8DNR3	YoeB toxin protein
LILPNEUHC_19F	NPLHCJEM_01717	A0A0H2ZR31	Antitoxin YefM
LILPNEUHC_19F	NPLHCJEM_01718	A0A0T8GJ34	hypothetical protein
LILPNEUHC_19F	NPLHCJEM_01719	A0A0T8N9M2	hypothetical protein
LILPNEUHC_19F	NPLHCJEM_01720	A0A0Y4B4Y4	Methyltransferase
LILPNEUHC_19F	NPLHCJEM_01721	Q8DNQ9	Ribosomal silencing factor RsfA
LILPNEUHC_19F	NPLHCJEM_01722	B2IS96	Isochorismatase
LILPNEUHC_19F	NPLHCJEM_01723	B2IS97	HAD superfamily hydrolase YqeK
LILPNEUHC_19F	NPLHCJEM_01724	P65505	Nicotinate-nucleotide adenylyltransferase
LILPNEUHC_19F	NPLHCJEM_01725	Q8DNQ6	RNA-binding protein
LILPNEUHC_19F	NPLHCJEM_01726	A0A0H2UR97	GTP-binding protein YqeH%2C required for biogenesis of 30S ribosome subunit
LILPNEUHC_19F	NPLHCJEM_01727	B2ISA1	Hydrolase%2C HAD subfamily IIIA
LILPNEUHC_19F	NPLHCJEM_01728	A0A064C0E8	Magnesium and cobalt transport protein CorA2
LILPNEUHC_19F	NPLHCJEM_01729	B2ISA3	Potassium efflux system KefA protein
LILPNEUHC_19F	NPLHCJEM_01730	A0A237KAY3	Serine/threonine transporter SstT
LILPNEUHC_19F	NPLHCJEM_01731	C1CFX5	Membrane protein
LILPNEUHC_19F	NPLHCJEM_01732	A0A4J1RQH5	Hypothetical protein
LILPNEUHC_19F	NPLHCJEM_01733	B2ISA8	hypothetical protein
LILPNEUHC_19F	NPLHCJEM_01734	C1CFX7	hypothetical protein
LILPNEUHC_19F	NPLHCJEM_01735	A0A0T7YKR3	UDP-N-acetylglucosamine--peptide N-acetylglucosaminyltransferase stabilizing protein GtfB
LILPNEUHC_19F	NPLHCJEM_01736	B2ISB1	UDP-N-acetylglucosamine--peptide N-acetylglucosaminyltransferase GtfA subunit
LILPNEUHC_19F	NPLHCJEM_01737	A0A0I9F7B2	Protein translocase subunit SecA
LILPNEUHC_19F	NPLHCJEM_01738	A0AA95DCB7	Accessory Sec system protein Asp3
LILPNEUHC_19F	NPLHCJEM_01739	A0AA44MXQ0	Accessory Sec system protein Asp2
LILPNEUHC_19F	NPLHCJEM_01740	A0A6G2DVQ2	Accessory Sec system protein Asp1
LILPNEUHC_19F	NPLHCJEM_01741	A0AA86X729	Protein translocase subunit SecY
LILPNEUHC_19F	NPLHCJEM_01742	A0A0E8ZL85	Glycosyltransferase%2C group 2 family
LILPNEUHC_19F	NPLHCJEM_01743	A0AAD2IK34	Glycosyltransferase%2C group 2 family
LILPNEUHC_19F	NPLHCJEM_01744	A0AA44S6A0	Glycosyltransferase GlyE
LILPNEUHC_19F	NPLHCJEM_01745	C1CFY7	Glycosyltransferase GlyE
LILPNEUHC_19F	NPLHCJEM_01746	A0A4J1W3H6	Glycosyltransferase GlyD
LILPNEUHC_19F	NPLHCJEM_01747	A0A4J1RZI3	Glucosyltransferase 3
LILPNEUHC_19F	NPLHCJEM_01748	A0A1M4GMR6	Glycosyltransferase GlyG
LILPNEUHC_19F	NPLHCJEM_01749	A0A4J1R2J4	UDP-N-acetylglucosamine--peptide N-acetylglucosaminyltransferase stabilizing protein GtfB
LILPNEUHC_19F	NPLHCJEM_01750	A0A4J1W1N4	Glycosyltransferase GlyE
LILPNEUHC_19F	NPLHCJEM_01751	A0A4J1THN2	hypothetical protein
LILPNEUHC_19F	NPLHCJEM_01752	A0A4V0ITV9	hypothetical protein
LILPNEUHC_19F	NPLHCJEM_01753	C1CFZ4	Transcriptional regulator%2C MarR family
LILPNEUHC_19F	NPLHCJEM_01754	Q8CYE5	Hypothetical protein
LILPNEUHC_19F	NPLHCJEM_01755	C1CFZ6	Thioredoxin
LILPNEUHC_19F	NPLHCJEM_01756	A0A4F2S442	NADPH-dependent 7-cyano-7-deazaguanine reductase
LILPNEUHC_19F	NPLHCJEM_01757	A0A4J2A1Z6	hypothetical protein
LILPNEUHC_19F	NPLHCJEM_01758	Q8DNP7	Aquaporin Z
LILPNEUHC_19F	NPLHCJEM_01759	A0A6I3TBD3	hypothetical protein
LILPNEUHC_19F	NPLHCJEM_01760	C1CG01	Putative membrane protein
LILPNEUHC_19F	NPLHCJEM_01761	A0A4J1YCB1	Oligoendopeptidase F
LILPNEUHC_19F	NPLHCJEM_01762	Q8DNP5	16S rRNA (uracil(1498)-N(3))-methyltransferase
LILPNEUHC_19F	NPLHCJEM_01763	A0A4J1XS85	Ribosomal protein L11 methyltransferase
LILPNEUHC_19F	NPLHCJEM_01764	B1I7P6	7%2C8-dihydro-8-oxoguanine-triphosphatase
LILPNEUHC_19F	NPLHCJEM_01765	A0AAD2K981	Hypothetical protein
LILPNEUHC_19F	NPLHCJEM_01766	Q8CYE2	Hypothetical protein
LILPNEUHC_19F	NPLHCJEM_01767	Q8DNP2	Addiction module antitoxin HicB
LILPNEUHC_19F	NPLHCJEM_01768	Q8CYE1	Addiction module toxin HicA
LILPNEUHC_19F	NPLHCJEM_01769	A0A0H2URJ1	Hypothetical protein
LILPNEUHC_19F	NPLHCJEM_01770	B1I7Q2	Chromosome segregation helicase
LILPNEUHC_19F	NPLHCJEM_01771		tRNA-Lys(ctt)
LILPNEUHC_19F	NPLHCJEM_01771		
LILPNEUHC_19F	NPLHCJEM_01772	A0A4J1YEX9	Sucrose-6-phosphate hydrolase
LILPNEUHC_19F	NPLHCJEM_01773	Q8DNN9	Multiple sugar ABC transporter%2C membrane-spanning permease protein
LILPNEUHC_19F	NPLHCJEM_01774	Q8DNN8	Multiple sugar ABC transporter%2C membrane-spanning permease protein
LILPNEUHC_19F	NPLHCJEM_01775	A0A5R9AZ51	Multiple sugar ABC transporter%2C substrate-binding protein
LILPNEUHC_19F	NPLHCJEM_01776	C1C943	Multiple sugar metabolism operon regulatory protein
LILPNEUHC_19F	NPLHCJEM_01777	Q97P44	M protein trans-acting positive regulator Mga2
LILPNEUHC_19F	NPLHCJEM_01778	C1C945	Membrane protein
LILPNEUHC_19F	NPLHCJEM_01779	B2ISG1	Hypothetical protein
LILPNEUHC_19F	NPLHCJEM_01780	Q8DNN4	Small integral membrane protein
LILPNEUHC_19F	NPLHCJEM_01781	Q8DNN3	General stress protein%2C Gls24 family
LILPNEUHC_19F	NPLHCJEM_01782	Q97P39	Hypothetical protein
LILPNEUHC_19F	NPLHCJEM_01783	C1C952	hypothetical protein
LILPNEUHC_19F	NPLHCJEM_01784	A0A0Y3NTH8	Formylglycine-generating enzyme
LILPNEUHC_19F	NPLHCJEM_01785	A0A0B7KTA8	Arylsulfatase
LILPNEUHC_19F	NPLHCJEM_01786	A0A0B7LIJ3	Cellobiose-specific PTS IIC component
LILPNEUHC_19F	NPLHCJEM_01787	A0A0X9KV78	Lactose-specific PTS IIA component
LILPNEUHC_19F	NPLHCJEM_01788	A0A0X9KVL6	Cellobiose-specific PTS IIB component
LILPNEUHC_19F	NPLHCJEM_01789	A0A110K440	hypothetical protein
LILPNEUHC_19F	NPLHCJEM_01790	A0A0B7L735	hypothetical protein
LILPNEUHC_19F	NPLHCJEM_01791	A0A0B7LJT0	Cellobiose-specific PTS IIC component
LILPNEUHC_19F	NPLHCJEM_01792	A0A0B7LBM5	Xylose repressor protein
LILPNEUHC_19F	NPLHCJEM_01793	A0A0B7L697	Acetyltransferase
LILPNEUHC_19F	NPLHCJEM_01794	A0A0E8GKN8	Type IV prepilin peptidase
LILPNEUHC_19F	NPLHCJEM_01795	A0A4N2RFU9	Transcriptional regulator%2C Xre family
LILPNEUHC_19F	NPLHCJEM_01796	Q8CYD6	Hypothetical protein
LILPNEUHC_19F	NPLHCJEM_01797	A0A264SD47	Tryptophan synthase alpha chain
LILPNEUHC_19F	NPLHCJEM_01798	B5E7M3	Tryptophan synthase beta chain
LILPNEUHC_19F	NPLHCJEM_01799	A0AA95D7I8	Phosphoribosylanthranilate isomerase
LILPNEUHC_19F	NPLHCJEM_01800	Q97P30	Indole-3-glycerol phosphate synthase
LILPNEUHC_19F	NPLHCJEM_01801	C1CT54	Anthranilate phosphoribosyltransferase
LILPNEUHC_19F	NPLHCJEM_01802	A0A0T9HX91	Bifunctional anthranilate synthase%2C amidotransferase component/para-aminobenzoate synthase%2Camidotransferase component
LILPNEUHC_19F	NPLHCJEM_01803	A0A4N2RIW8	Anthranilate synthase%2C aminase component
LILPNEUHC_19F	NPLHCJEM_01804		Srn266
LILPNEUHC_19F	NPLHCJEM_01804		
LILPNEUHC_19F	NPLHCJEM_01805	O54651	IS1167 transposase
LILPNEUHC_19F	NPLHCJEM_01806	Q8DNM4	Galactose operon repressor%2C GalR-LacI family
LILPNEUHC_19F	NPLHCJEM_01807	Q8CYD4	Hypothetical protein
LILPNEUHC_19F	NPLHCJEM_01808	Q8DNM3	Mg(2+)-transport-ATPase-associated protein MgtC
LILPNEUHC_19F	NPLHCJEM_01809	A0A0H2ZPF8	Iron(III)-transport system permease protein SfuB
LILPNEUHC_19F	NPLHCJEM_01810	C1CG53	ABC transporter%2C ATP-binding protein
LILPNEUHC_19F	NPLHCJEM_01811	A0A4N9N4Z5	ABC transporter%2C substrate-binding protein
LILPNEUHC_19F	NPLHCJEM_01812	A0A0E7ZGI6	Hypothetical protein
LILPNEUHC_19F	NPLHCJEM_01813	A0A6I3USF8	UDP-glucose 4-epimerase
LILPNEUHC_19F	NPLHCJEM_01814	A0A0I6JFT3	Galactose-1-phosphate uridylyltransferase
LILPNEUHC_19F	NPLHCJEM_01815	Q8DNL7	Phosphate transport system protein PhoU3
LILPNEUHC_19F	NPLHCJEM_01816	C1CG60	hypothetical protein
LILPNEUHC_19F	NPLHCJEM_01817	Q8CYD0	hypothetical protein
LILPNEUHC_19F	NPLHCJEM_01818	A0A5R9AX64	Plasmin- and fibronectin-binding protein PfbA
LILPNEUHC_19F	NPLHCJEM_01819	A0A0E9GW97	Putative UDP-4-keto-6-deoxy-D-glucose 4-transaminase AatB
LILPNEUHC_19F	NPLHCJEM_01820	Q8DNL5	Sugar transferases involved in lipopolysaccharide synthesis
LILPNEUHC_19F	NPLHCJEM_01821	A0A0T7YG58	ABC transporter%2C ATP-binding/permease protein
LILPNEUHC_19F	NPLHCJEM_01822	A0A4N2RI96	ABC transporter%2C ATP-binding/permease protein
LILPNEUHC_19F	NPLHCJEM_01823	A0A0H2URE6	hypothetical protein
LILPNEUHC_19F	NPLHCJEM_01824	Q8CYC7	hypothetical protein
LILPNEUHC_19F	NPLHCJEM_01825	A0A0H2URP8	hypothetical protein
LILPNEUHC_19F	NPLHCJEM_01826	A0A0H2ZMW7	Exodeoxyribonuclease III
LILPNEUHC_19F	NPLHCJEM_01827	A0A098Z9P2	hypothetical protein
LILPNEUHC_19F	NPLHCJEM_01828	B2ISU4	hypothetical protein
LILPNEUHC_19F	NPLHCJEM_01829		Purine
LILPNEUHC_19F	NPLHCJEM_01829		
LILPNEUHC_19F	NPLHCJEM_01830	Q3I0D6	Xanthine phosphoribosyltransferase
LILPNEUHC_19F	NPLHCJEM_01831	A0A121BWU1	Xanthine permease
LILPNEUHC_19F	NPLHCJEM_01832	P0A3T5	Type II restriction-modification system component DpnD
LILPNEUHC_19F	NPLHCJEM_01833	A0A4J1XY16	Type II restriction-modification system endonuclease DpnC
LILPNEUHC_19F	NPLHCJEM_01834	A0A2U3S1Q8	Type II restriction-modification system endonuclease DpnC
LILPNEUHC_19F	NPLHCJEM_01835	A0A4N2RHN9	Thioesterase
LILPNEUHC_19F	NPLHCJEM_01836	A0A4N2RIN0	Galactose-1-phosphate uridylyltransferase
LILPNEUHC_19F	NPLHCJEM_01837	A0A0B7M0D8	Galactokinase
LILPNEUHC_19F	NPLHCJEM_01838	A0A0B7LIY6	Galactose operon repressor%2C GalR-LacI family
LILPNEUHC_19F	NPLHCJEM_01839	A0A0B7M882	Alcohol dehydrogenase
LILPNEUHC_19F	NPLHCJEM_01840	Q8DNK4	Transcriptional regulator%2C MerR family
LILPNEUHC_19F	NPLHCJEM_01841	A0A6I3TSA7	Cobalt-zinc-cadmium resistance protein CzcD
LILPNEUHC_19F	NPLHCJEM_01842	A0A0H2ZQB6	Transcriptional regulator SczA%2C TetR family
LILPNEUHC_19F	NPLHCJEM_01843	Q8DNK1	Ribosyl nicotinamide transporter PnuC
LILPNEUHC_19F	NPLHCJEM_01844	A0A0U0AJE1	Glycine betaine/L-proline transport substrate-binding/permease protein ProWX
LILPNEUHC_19F	NPLHCJEM_01845	Q9XBN6	Glycine betaine/L-proline transport ATP-binding protein ProV
LILPNEUHC_19F	NPLHCJEM_01846	A0A0B7M1G5	Hypothetical protein
LILPNEUHC_19F	NPLHCJEM_01847	A0A4N2REU1	Transcriptional regulator%2C MarR family
LILPNEUHC_19F	NPLHCJEM_01848	B1I876	Hypothetical protein
LILPNEUHC_19F	NPLHCJEM_01849	A0A4N2RII6	Glutamyl aminopeptidase
LILPNEUHC_19F	NPLHCJEM_01850	A0A4N2RF28	UDP-glucose 4-epimerase
LILPNEUHC_19F	NPLHCJEM_01851	A0A6I3ULJ4	Iron compound ABC uptake transporter permease protein PiuB
LILPNEUHC_19F	NPLHCJEM_01852	A0A4N2RFB6	Iron compound ABC uptake transporter permease protein PiuC
LILPNEUHC_19F	NPLHCJEM_01853	C1CG95	Iron compound ABC uptake transporter ATP-binding protein PiuD
LILPNEUHC_19F	NPLHCJEM_01854	C1C9D8	Iron compound ABC uptake transporter substrate-binding protein PiuA
LILPNEUHC_19F	NPLHCJEM_01855	Q8DNJ1	Putative membrane protein insertion efficiency factor YidD
LILPNEUHC_19F	NPLHCJEM_01856	Q8DNJ0	Ribosomal large subunit pseudouridine synthase B
LILPNEUHC_19F	NPLHCJEM_01857	Q8DNI9	Segregation and condensation protein B
LILPNEUHC_19F	NPLHCJEM_01858	A0A0T8RTE1	Segregation and condensation protein A
LILPNEUHC_19F	NPLHCJEM_01859	C1C9E3	Tyrosine recombinase XerD
LILPNEUHC_19F	NPLHCJEM_01860	Q9EUQ9	CBS domain protein
LILPNEUHC_19F	NPLHCJEM_01861	Q8DNI8	Phosphoesterase
LILPNEUHC_19F	NPLHCJEM_01862	C1C9E6	Nucleoside 5-triphosphatase RdgB (dHAPTP%2C dITP%2C XTP-specific)
LILPNEUHC_19F	NPLHCJEM_01863	Q04IS7	Glutamate racemase
LILPNEUHC_19F	NPLHCJEM_01864	B2ISY0	Hypothetical protein
LILPNEUHC_19F	NPLHCJEM_01865	A0A4N2RHY9	Trehalose-6-phosphate hydrolase
LILPNEUHC_19F	NPLHCJEM_01866	A0A6I3UN70	Trehalose-specific PTS IIBCA components
LILPNEUHC_19F	NPLHCJEM_01867	Q8DNI5	Trehalose operon transcriptional repressor
LILPNEUHC_19F	NPLHCJEM_01868	A0A0T8JCT8	ABC transporter ATP-binding protein
LILPNEUHC_19F	NPLHCJEM_01869	A0A0B7LJ92	Putative tryptophan-specific ABC transporter permease protein TrpY
LILPNEUHC_19F	NPLHCJEM_01870	A0A0B7LDL1	ABC transporter substrate-binding protein
LILPNEUHC_19F	NPLHCJEM_01871	A0A0B7LEI6	ABC transporter substrate-binding protein
LILPNEUHC_19F	NPLHCJEM_01872	B2ISY6	Peptide ABC transporter ATP-binding protein AmiF
LILPNEUHC_19F	NPLHCJEM_01873	C1CGB6	Peptide ABC transporter ATP-binding protein AmiE
LILPNEUHC_19F	NPLHCJEM_01874	C1CGB7	Peptide ABC transporter permease AmiD
LILPNEUHC_19F	NPLHCJEM_01875	A0A4N2RFJ5	Peptide ABC transporter permease AmiC
LILPNEUHC_19F	NPLHCJEM_01876	A0A654VCV4	Peptide ABC transporter substrate-binding protein AmiA
LILPNEUHC_19F	NPLHCJEM_01877		group-II-D1D4-3
LILPNEUHC_19F	NPLHCJEM_01877		
LILPNEUHC_19F	NPLHCJEM_01878	Q8CYC1	Wall teichoic acid biosynthesis protein RafX
LILPNEUHC_19F	NPLHCJEM_01879	A0A4K6NAB0	Sucrose phosphorylase
LILPNEUHC_19F	NPLHCJEM_01880	A0A655HDD7	Multiple sugar ABC transporter%2C membrane-spanning permease protein MsmG
LILPNEUHC_19F	NPLHCJEM_01881	A0A822Q0K4	Multiple sugar ABC transporter%2C membrane-spanning permease protein MsmF
LILPNEUHC_19F	NPLHCJEM_01882	A0A0H2URJ7	Multiple sugar ABC transporter%2C substrate-binding protein MsmE
LILPNEUHC_19F	NPLHCJEM_01883	A0A4N2RIV3	Alpha-galactosidase
LILPNEUHC_19F	NPLHCJEM_01884	B1I8A7	Multiple sugar metabolism operon regulatory protein MsmR
LILPNEUHC_19F	NPLHCJEM_01885	A0A0U0BUX6	Bifunctional biotin operon repressor/Biotin--protein ligase
LILPNEUHC_19F	NPLHCJEM_01886		Srn266
LILPNEUHC_19F	NPLHCJEM_01886		
LILPNEUHC_19F	NPLHCJEM_01887	A0A4J1WMQ8	hypothetical protein
LILPNEUHC_19F	NPLHCJEM_01888		tRNA-Ser(gct)
LILPNEUHC_19F	NPLHCJEM_01888		
LILPNEUHC_19F	NPLHCJEM_01889		tRNA-Ile(gat)
LILPNEUHC_19F	NPLHCJEM_01889		
LILPNEUHC_19F	NPLHCJEM_01890		tRNA-Gly(tcc)
LILPNEUHC_19F	NPLHCJEM_01890		
LILPNEUHC_19F	NPLHCJEM_01891		tRNA-Phe(gaa)
LILPNEUHC_19F	NPLHCJEM_01891		
LILPNEUHC_19F	NPLHCJEM_01892		tRNA-Met(cat)
LILPNEUHC_19F	NPLHCJEM_01892		
LILPNEUHC_19F	NPLHCJEM_01893		tRNA-Ser(tga)
LILPNEUHC_19F	NPLHCJEM_01893		
LILPNEUHC_19F	NPLHCJEM_01894		tRNA-Met(cat)
LILPNEUHC_19F	NPLHCJEM_01894		
LILPNEUHC_19F	NPLHCJEM_01895		tRNA-Met(cat)
LILPNEUHC_19F	NPLHCJEM_01895		
LILPNEUHC_19F	NPLHCJEM_01896		tRNA-Pro(tgg)
LILPNEUHC_19F	NPLHCJEM_01896		
LILPNEUHC_19F	NPLHCJEM_01897		tRNA-Arg(acg)
LILPNEUHC_19F	NPLHCJEM_01897		
LILPNEUHC_19F	NPLHCJEM_01898		tRNA-Leu(taa)
LILPNEUHC_19F	NPLHCJEM_01898		
LILPNEUHC_19F	NPLHCJEM_01899		tRNA-Gly(gcc)
LILPNEUHC_19F	NPLHCJEM_01899		
LILPNEUHC_19F	NPLHCJEM_01900		tRNA-Thr(tgt)
LILPNEUHC_19F	NPLHCJEM_01900		
LILPNEUHC_19F	NPLHCJEM_01901		tRNA-Leu(tag)
LILPNEUHC_19F	NPLHCJEM_01901		
LILPNEUHC_19F	NPLHCJEM_01902		tRNA-Lys(ttt)
LILPNEUHC_19F	NPLHCJEM_01902		
LILPNEUHC_19F	NPLHCJEM_01903		tRNA-Asp(gtc)
LILPNEUHC_19F	NPLHCJEM_01903		
LILPNEUHC_19F	NPLHCJEM_01904		tRNA-Val(tac)
LILPNEUHC_19F	NPLHCJEM_01904		
LILPNEUHC_19F	NPLHCJEM_01905		5S ribosomal RNA
LILPNEUHC_19F	NPLHCJEM_01905		
LILPNEUHC_19F	NPLHCJEM_01906		23S ribosomal RNA
LILPNEUHC_19F	NPLHCJEM_01906		
LILPNEUHC_19F	NPLHCJEM_01907		tRNA-Ala(tgc)
LILPNEUHC_19F	NPLHCJEM_01907		
LILPNEUHC_19F	NPLHCJEM_01908		16S ribosomal RNA
LILPNEUHC_19F	NPLHCJEM_01908		
LILPNEUHC_19F	NPLHCJEM_01909		tRNA-Glu(ttc)
LILPNEUHC_19F	NPLHCJEM_01909		
LILPNEUHC_19F	NPLHCJEM_01910	C1CGD1	RNA methyltransferase%2C TrmA family
LILPNEUHC_19F	NPLHCJEM_01911	A0A111CNV8	Regulatory protein RecX
LILPNEUHC_19F	NPLHCJEM_01912	Q8DNH5	Cysteinyl-tRNA synthetase related protein
LILPNEUHC_19F	NPLHCJEM_01913		Spy392987
LILPNEUHC_19F	NPLHCJEM_01913		
LILPNEUHC_19F	NPLHCJEM_01914	Q8CYC0	Hypothetical protein
LILPNEUHC_19F	NPLHCJEM_01915		Srn266
LILPNEUHC_19F	NPLHCJEM_01915		
LILPNEUHC_19F	NPLHCJEM_01916	A0A4J2SXW8	IS1167 transposase
LILPNEUHC_19F	NPLHCJEM_01917	A0A4J1Y3A2	IS1167 transposase
LILPNEUHC_19F	NPLHCJEM_01918	Q04IQ3	Heat shock protein 60 family chaperone GroEL
LILPNEUHC_19F	NPLHCJEM_01919	C1CTD7	Heat shock protein 60 family co-chaperone GroES
LILPNEUHC_19F	NPLHCJEM_01920	A0A0E8PDH7	Single-stranded DNA-binding protein SsbB
LILPNEUHC_19F	NPLHCJEM_01921	A0A0Y2EP51	Short-chain dehydrogenase
LILPNEUHC_19F	NPLHCJEM_01922	Q8DNH2	Phenylalanyl-tRNA synthetase domain protein
LILPNEUHC_19F	NPLHCJEM_01923	Q8DNH1	Thioredoxin
LILPNEUHC_19F	NPLHCJEM_01924	Q8CYB9	Hypothetical protein
LILPNEUHC_19F	NPLHCJEM_01925	A0A0B7L9U4	Membrane protein
LILPNEUHC_19F	NPLHCJEM_01926	A0A0Y2EP44	Response regulator of the LytR/AlgR family protein
LILPNEUHC_19F	NPLHCJEM_01927	A0A0Y2EP29	Phosphatidylglycerophosphatase B
LILPNEUHC_19F	NPLHCJEM_01928	Q8CYB6	Hypothetical protein
LILPNEUHC_19F	NPLHCJEM_01929	A0A111CNK4	putative ABC transporter ATP-binding protein
LILPNEUHC_19F	NPLHCJEM_01930	A0AA95DCR8	hypothetical protein
LILPNEUHC_19F	NPLHCJEM_01931	A0A4J1THD9	putative ABC transporter ATP-binding protein
LILPNEUHC_19F	NPLHCJEM_01932	A0A111CNC9	hypothetical protein
LILPNEUHC_19F	NPLHCJEM_01933	Q04IN9	Transcriptional regulatory protein YeeN
LILPNEUHC_19F	NPLHCJEM_01934	D5LSM8	Pneumolysin
LILPNEUHC_19F	NPLHCJEM_01935	Q8CYB5	Hypothetical protein
LILPNEUHC_19F	NPLHCJEM_01936	Q8CYB4	Hypothetical protein
LILPNEUHC_19F	NPLHCJEM_01937	B2IM15	Hypothetical protein
LILPNEUHC_19F	NPLHCJEM_01938	B1I8N3	hypothetical protein
LILPNEUHC_19F	NPLHCJEM_01939	B1I8P3	Hypothetical protein
LILPNEUHC_19F	NPLHCJEM_01940	A0A6I3V656	Hypothetical protein
LILPNEUHC_19F	NPLHCJEM_01941	A0A4N2RYT7	hypothetical protein
LILPNEUHC_19F	NPLHCJEM_01942	A0A6I3UYS1	hypothetical protein
LILPNEUHC_19F	NPLHCJEM_01943	A0A0B7L5K3	hypothetical protein
LILPNEUHC_19F	NPLHCJEM_01944	A0AAD2ILS2	Putative toxin
LILPNEUHC_19F	NPLHCJEM_01945	A0A0B7M7G9	Putative antitoxin Xre
LILPNEUHC_19F	NPLHCJEM_01946	C1CGM2	Autolysin/N-acetylmuramoyl-L-alanine amidase LytA
LILPNEUHC_19F	NPLHCJEM_01947	A0A4N2RWS6	MATE efflux family protein DinF
LILPNEUHC_19F	NPLHCJEM_01948	C1CMP5	DNA recombination/repair protein RecA
LILPNEUHC_19F	NPLHCJEM_01949	A0A0B7L5W3	Bifunctional ADP-ribose pyrophosphatase/nicotinamide-nucleotide amidase
LILPNEUHC_19F	NPLHCJEM_01950	A0A0E8P863	Transcriptional regulator LytR
LILPNEUHC_19F	NPLHCJEM_01951	A0A0Y2CP40	Acetyltransferase
LILPNEUHC_19F	NPLHCJEM_01952	C1CGM8	TsaE protein%2C required for threonylcarbamoyladenosine t(6)A37 formation in tRNA
LILPNEUHC_19F	NPLHCJEM_01953	Q8CYA2	Immunity factor ComM
LILPNEUHC_19F	NPLHCJEM_01954	A0A6I3UUA8	Putative transcriptional regulator PlcR
LILPNEUHC_19F	NPLHCJEM_01955	C1CA00	Hypothetical protein
LILPNEUHC_19F	NPLHCJEM_01956	A0A4N2RWF9	hypothetical protein
LILPNEUHC_19F	NPLHCJEM_01957	A0A0T8QQB1	ABC transporter%2C ATP-binding protein
LILPNEUHC_19F	NPLHCJEM_01958	Q8CY96	hypothetical protein
LILPNEUHC_19F	NPLHCJEM_01959	A0A0B7LDE7	hypothetical protein
LILPNEUHC_19F	NPLHCJEM_01960	A0A0B7LBQ0	Nucleoside diphosphate kinase
LILPNEUHC_19F	NPLHCJEM_01961	Q97NQ8	DNA-directed RNA polymerase beta' subunit
LILPNEUHC_19F	NPLHCJEM_01962	A0A0B7L1K2	DNA-directed RNA polymerase beta subunit
LILPNEUHC_19F	NPLHCJEM_01963		Lacto-rpoB
LILPNEUHC_19F	NPLHCJEM_01963		
LILPNEUHC_19F	NPLHCJEM_01964		tRNA-Cys(gca)
LILPNEUHC_19F	NPLHCJEM_01964		
LILPNEUHC_19F	NPLHCJEM_01965	A0A4N2RVN9	Putative hemolysin
LILPNEUHC_19F	NPLHCJEM_01966	A0A0B7LDF1	DNA-entry nuclease
LILPNEUHC_19F	NPLHCJEM_01967	A0A0B7L886	Competence-associated EpuA protein
LILPNEUHC_19F	NPLHCJEM_01968	Q97NQ4	UDP-N-acetylglucosamine 1-carboxyvinyltransferase
LILPNEUHC_19F	NPLHCJEM_01969	A0A0E8TAE0	Hypothetical protein
LILPNEUHC_19F	NPLHCJEM_01970	A0A0T8USL0	Lon-like protease
LILPNEUHC_19F	NPLHCJEM_01971	A0A0B7LDF6	Phosphopantetheine adenylyltransferase
LILPNEUHC_19F	NPLHCJEM_01972	C1CGQ2	16S rRNA (guanine(966)-N(2))-methyltransferase
LILPNEUHC_19F	NPLHCJEM_01973	Q97NQ0	Aspartate--ammonia ligase
LILPNEUHC_19F	NPLHCJEM_01974	C1CA17	Membrane protein
LILPNEUHC_19F	NPLHCJEM_01975	A0A4K5IZI8	rRNA methylase
LILPNEUHC_19F	NPLHCJEM_01976	Q8DNE2	Putative nucleoside phosphatase
LILPNEUHC_19F	NPLHCJEM_01977	C1CGQ6	Inner membrane protein translocase component YidC1
LILPNEUHC_19F	NPLHCJEM_01978	A0A0B7L6D8	Pyruvate formate-lyase activating enzyme
LILPNEUHC_19F	NPLHCJEM_01979	A0A0Y0CQ57	Diaminopimelate decarboxylase
LILPNEUHC_19F	NPLHCJEM_01980	C1CGQ9	PurR: transcription regulator associated with purine metabolism
LILPNEUHC_19F	NPLHCJEM_01981	Q8DND8	3'->5' exoribonuclease YhaM
LILPNEUHC_19F	NPLHCJEM_01982	C1CA25	DNA recombination protein RmuC
LILPNEUHC_19F	NPLHCJEM_01983	Q8DND6	Thiamin pyrophosphokinase
LILPNEUHC_19F	NPLHCJEM_01984	B2IM65	Ribulose-phosphate 3-epimerase
LILPNEUHC_19F	NPLHCJEM_01985	C1CGR4	Ribosome small subunit-stimulated GTPase RsgA
LILPNEUHC_19F	NPLHCJEM_01986	B5E2H6	SSU rRNA (adenine(1518)-N(6)/adenine(1519)-N(6))- dimethyltransferase
LILPNEUHC_19F	NPLHCJEM_01987	Q8CY94	Hypothetical protein
LILPNEUHC_19F	NPLHCJEM_01988	Q8DND2	ABC transporter%2C ATP-binding protein
LILPNEUHC_19F	NPLHCJEM_01989	A0A6I3UPH6	Putative immunity protein
LILPNEUHC_19F	NPLHCJEM_01990		SpR08_sRNA
LILPNEUHC_19F	NPLHCJEM_01990		
LILPNEUHC_19F	NPLHCJEM_01991	A0A0Y2CSF3	Transcriptional regulator
LILPNEUHC_19F	NPLHCJEM_01992	A0A0B7LWF0	Ribonuclease M5
LILPNEUHC_19F	NPLHCJEM_01993	A0A4N2RYR7	Putative deoxyribonuclease TatD
LILPNEUHC_19F	NPLHCJEM_01994	A0A656CBD0	Cell wall surface anchor family protein
LILPNEUHC_19F	NPLHCJEM_01995	Q04IH6	LSU ribosomal protein L34p
LILPNEUHC_19F	NPLHCJEM_01996	C1CGS5	Alanine transaminase
LILPNEUHC_19F	NPLHCJEM_01997	A0A0U0EM10	hypothetical protein
LILPNEUHC_19F	NPLHCJEM_01998	C1CGS7	Universal stress protein family protein
LILPNEUHC_19F	NPLHCJEM_01999	A0A0I8JJC9	Hydrolase%2C HAD superfamily
LILPNEUHC_19F	NPLHCJEM_02000	C1CA43	L-asparaginase
LILPNEUHC_19F	NPLHCJEM_02001	A0AA86JAG3	Hypothetical protein
LILPNEUHC_19F	NPLHCJEM_02002	A0A0Y2IFJ3	Catabolite control protein A
LILPNEUHC_19F	NPLHCJEM_02003	C1CA46	Two-component system response regulator
LILPNEUHC_19F	NPLHCJEM_02004	A0A0T7YV37	Two-component system sensor histidine kinase
LILPNEUHC_19F	NPLHCJEM_02005	C1CA48	ABC transporter%2C permease protein
LILPNEUHC_19F	NPLHCJEM_02006	C1CA49	ABC transporter%2C ATP-binding protein
LILPNEUHC_19F	NPLHCJEM_02007	C1CA50	Hypothetical protein
LILPNEUHC_19F	NPLHCJEM_02008	A0A0B7MA59	Hypothetical protein
LILPNEUHC_19F	NPLHCJEM_02009		tRNA-Pro(tgg)
LILPNEUHC_19F	NPLHCJEM_02009		
LILPNEUHC_19F	NPLHCJEM_02010		tRNA-Arg(acg)
LILPNEUHC_19F	NPLHCJEM_02010		
LILPNEUHC_19F	NPLHCJEM_02011		tRNA-Leu(taa)
LILPNEUHC_19F	NPLHCJEM_02011		
LILPNEUHC_19F	NPLHCJEM_02012		tRNA-Gly(gcc)
LILPNEUHC_19F	NPLHCJEM_02012		
LILPNEUHC_19F	NPLHCJEM_02013		tRNA-Thr(tgt)
LILPNEUHC_19F	NPLHCJEM_02013		
LILPNEUHC_19F	NPLHCJEM_02014		tRNA-Leu(tag)
LILPNEUHC_19F	NPLHCJEM_02014		
LILPNEUHC_19F	NPLHCJEM_02015		tRNA-Lys(ttt)
LILPNEUHC_19F	NPLHCJEM_02015		
LILPNEUHC_19F	NPLHCJEM_02016		tRNA-Asp(gtc)
LILPNEUHC_19F	NPLHCJEM_02016		
LILPNEUHC_19F	NPLHCJEM_02017		tRNA-Val(tac)
LILPNEUHC_19F	NPLHCJEM_02017		
LILPNEUHC_19F	NPLHCJEM_02018		5S ribosomal RNA
LILPNEUHC_19F	NPLHCJEM_02018		
LILPNEUHC_19F	NPLHCJEM_02019		23S ribosomal RNA
LILPNEUHC_19F	NPLHCJEM_02019		
LILPNEUHC_19F	NPLHCJEM_02020		tRNA-Ala(tgc)
LILPNEUHC_19F	NPLHCJEM_02020		
LILPNEUHC_19F	NPLHCJEM_02021		16S ribosomal RNA
LILPNEUHC_19F	NPLHCJEM_02021		
LILPNEUHC_19F	NPLHCJEM_02022		tRNA-Glu(ttc)
LILPNEUHC_19F	NPLHCJEM_02022		
LILPNEUHC_19F	NPLHCJEM_02023	B2IMI0	Competence-specific sigma factor ComX
LILPNEUHC_19F	NPLHCJEM_02024	C1CGT9	Transcription antitermination protein NusG
LILPNEUHC_19F	NPLHCJEM_02025	Q8DNB7	Protein translocase subunit SecE
LILPNEUHC_19F	NPLHCJEM_02026	A0A6I3UTA2	hypothetical protein
LILPNEUHC_19F	NPLHCJEM_02027	Q75YF6	Multimodular transpeptidase-transglycosylase%2C penicillin-binding protein 2A
LILPNEUHC_19F	NPLHCJEM_02028	B2IMI5	RluD-like protein
LILPNEUHC_19F	NPLHCJEM_02029		Srn266
LILPNEUHC_19F	NPLHCJEM_02029		
LILPNEUHC_19F	NPLHCJEM_02030	A0A4J1WXQ4	IS1167 transposase
LILPNEUHC_19F	NPLHCJEM_02031	A0AAE4K1F0	IS1167 transposase Orf2
LILPNEUHC_19F	NPLHCJEM_02032	B2IMI7	NAD-dependent glyceraldehyde-3-phosphate dehydrogenase
LILPNEUHC_19F	NPLHCJEM_02033	B2IMI8	ABC transporter%2C permease protein
LILPNEUHC_19F	NPLHCJEM_02034	B2IMI9	IS630 family transposase IS630-Spn1
LILPNEUHC_19F	NPLHCJEM_02035	B2IMJ0	IS630 family transposase IS630-Spn1
LILPNEUHC_19F	NPLHCJEM_02036	B2IMJ1	Quinolinate phosphoribosyltransferase
LILPNEUHC_19F	NPLHCJEM_02037	B2IMJ2	Malonate permease
LILPNEUHC_19F	NPLHCJEM_02038	A0AAE9R2A4	hypothetical protein
LILPNEUHC_19F	NPLHCJEM_02039	Q8DNB0	Transcriptional regulator%2C GntR family
LILPNEUHC_19F	NPLHCJEM_02040	A0A6I3UR75	6-phospho-beta-glucosidase
LILPNEUHC_19F	NPLHCJEM_02041	Q8DNA8	Cellobiose-specific PTS IIC component
LILPNEUHC_19F	NPLHCJEM_02042	C1CA68	Cellobiose-specific PTS IIB component
LILPNEUHC_19F	NPLHCJEM_02043	A0A6I3UXM6	Cellobiose-specific PTS IIA component
LILPNEUHC_19F	NPLHCJEM_02044	C1CGV5	Bifunctional acetaldehyde dehydrogenase/alcohol dehydrogenase
LILPNEUHC_19F	NPLHCJEM_02045	Q8CY89	Hypothetical protein
LILPNEUHC_19F	NPLHCJEM_02046	A0A0Y0BNF3	Low molecular weight protein tyrosine phosphatase
LILPNEUHC_19F	NPLHCJEM_02047	Q8DNA3	Preprotein translocase subunit YajC
LILPNEUHC_19F	NPLHCJEM_02048	A0A0E9GXQ0	Transketolase
LILPNEUHC_19F	NPLHCJEM_02049	Q8DNA1	Putative L-ascorbate-6-phosphate lactonase UlaG
LILPNEUHC_19F	NPLHCJEM_02050	A0A4N2S0P4	Transcriptional antiterminator
LILPNEUHC_19F	NPLHCJEM_02051	A0A0E9GMP3	L-ribulose-5-phosphate 4-epimerase
LILPNEUHC_19F	NPLHCJEM_02052	A0A0E8ARC7	L-xylulose 5-phosphate 3-epimerase
LILPNEUHC_19F	NPLHCJEM_02053	C1CA80	3-keto-L-gulonate 6-phosphate decarboxylase
LILPNEUHC_19F	NPLHCJEM_02054	Q8DN96	Ascorbate-specific PTS IIA component
LILPNEUHC_19F	NPLHCJEM_02055	Q8DN95	Ascorbate-specific PTS IIB component
LILPNEUHC_19F	NPLHCJEM_02056	C1CGW8	Ascorbate-specific PTS IIC component
LILPNEUHC_19F	NPLHCJEM_02057	A0A098ZIM7	Sakacin A production response regulator
LILPNEUHC_19F	NPLHCJEM_02058	B2IML4	KH domain RNA-binding protein
LILPNEUHC_19F	NPLHCJEM_02059	B2IML5	Inner membrane protein translocase component YidC2
LILPNEUHC_19F	NPLHCJEM_02060	Q97NI5	Ribonuclease P protein component
LILPNEUHC_19F	NPLHCJEM_02061	Q04IC8	Acetate kinase
LILPNEUHC_19F	NPLHCJEM_02062	Q8DN91	Adenine-specific methyltransferase
LILPNEUHC_19F	NPLHCJEM_02063	Q8CY86	hypothetical protein
LILPNEUHC_19F	NPLHCJEM_02064	Q8CY85	hypothetical protein
LILPNEUHC_19F	NPLHCJEM_02065	A0A4J2BJT0	Late competence protein ComGG
LILPNEUHC_19F	NPLHCJEM_02066	A0A0E8ZI36	Late competence protein ComGF
LILPNEUHC_19F	NPLHCJEM_02067	A0A0B7KTY0	Late competence protein ComGE
LILPNEUHC_19F	NPLHCJEM_02068	A0A4J2BJS2	Late competence protein ComGD
LILPNEUHC_19F	NPLHCJEM_02069	A0A5C8Q4M3	Late competence protein ComGC
LILPNEUHC_19F	NPLHCJEM_02070	A0A4J1ZEW3	Late competence protein ComGB
LILPNEUHC_19F	NPLHCJEM_02071	A0A0T8Q9X5	Late competence protein ComGA
LILPNEUHC_19F	NPLHCJEM_02072	Q8DN85	DNA-binding protein
LILPNEUHC_19F	NPLHCJEM_02073	Q8DN84	Putative Zn-dependent alcohol dehydrogenase
LILPNEUHC_19F	NPLHCJEM_02074	B2IMN1	N-acetylglucosamine-6-phosphate deacetylase
LILPNEUHC_19F	NPLHCJEM_02075	A0A4J1THS4	Acyltransferase family protein
LILPNEUHC_19F	NPLHCJEM_02076	Q04IB3	tRNA-guanine transglycosylase
LILPNEUHC_19F	NPLHCJEM_02077	A0A098Z2C2	Membrane protein
LILPNEUHC_19F	NPLHCJEM_02078	A0A111F6P0	Pyrrolidone-carboxylate peptidase
LILPNEUHC_19F	NPLHCJEM_02079	A0A6I3UQ67	hypothetical protein
LILPNEUHC_19F	NPLHCJEM_02080	A0A6I3UUS2	hypothetical protein
LILPNEUHC_19F	NPLHCJEM_02081	A0A0T8N617	hypothetical protein
LILPNEUHC_19F	NPLHCJEM_02082	A0A4J2BJK8	Surface immunogenic protein
LILPNEUHC_19F	NPLHCJEM_02083	A0A4G5DUW3	Hydrolase%2C haloacid dehalogenase-like family
LILPNEUHC_19F	NPLHCJEM_02084	A0A0B7L696	Multi antimicrobial extrusion family transporter
LILPNEUHC_19F	NPLHCJEM_02085	A0AA95DD32	Threonine synthase
LILPNEUHC_19F	NPLHCJEM_02086	A0A0B7M8U7	Hypothetical protein
LILPNEUHC_19F	NPLHCJEM_02087		tRNA-Leu(caa)
LILPNEUHC_19F	NPLHCJEM_02087		
LILPNEUHC_19F	NPLHCJEM_02088		tRNA-Gln(ttg)
LILPNEUHC_19F	NPLHCJEM_02088		
LILPNEUHC_19F	NPLHCJEM_02089		tRNA-His(gtg)
LILPNEUHC_19F	NPLHCJEM_02089		
LILPNEUHC_19F	NPLHCJEM_02090		tRNA-Trp(cca)
LILPNEUHC_19F	NPLHCJEM_02090		
LILPNEUHC_19F	NPLHCJEM_02091		tRNA-Tyr(gta)
LILPNEUHC_19F	NPLHCJEM_02091		
LILPNEUHC_19F	NPLHCJEM_02092		tRNA-Phe(gaa)
LILPNEUHC_19F	NPLHCJEM_02092		
LILPNEUHC_19F	NPLHCJEM_02093		tRNA-Met(cat)
LILPNEUHC_19F	NPLHCJEM_02093		
LILPNEUHC_19F	NPLHCJEM_02094		tRNA-Ser(tga)
LILPNEUHC_19F	NPLHCJEM_02094		
LILPNEUHC_19F	NPLHCJEM_02095		tRNA-Ile(gat)
LILPNEUHC_19F	NPLHCJEM_02095		
LILPNEUHC_19F	NPLHCJEM_02096		tRNA-Gly(tcc)
LILPNEUHC_19F	NPLHCJEM_02096		
LILPNEUHC_19F	NPLHCJEM_02097		tRNA-Val(tac)
LILPNEUHC_19F	NPLHCJEM_02097		
LILPNEUHC_19F	NPLHCJEM_02098		5S ribosomal RNA
LILPNEUHC_19F	NPLHCJEM_02098		
LILPNEUHC_19F	NPLHCJEM_02099		23S ribosomal RNA
LILPNEUHC_19F	NPLHCJEM_02099		
LILPNEUHC_19F	NPLHCJEM_02100		tRNA-Ala(tgc)
LILPNEUHC_19F	NPLHCJEM_02100		
LILPNEUHC_19F	NPLHCJEM_02101		16S ribosomal RNA
LILPNEUHC_19F	NPLHCJEM_02101		
LILPNEUHC_19F	NPLHCJEM_02102		tRNA-Glu(ttc)
LILPNEUHC_19F	NPLHCJEM_02102		
LILPNEUHC_19F	NPLHCJEM_02103	Q8DN75	Cytidine/deoxycytidylate deaminase family protein
LILPNEUHC_19F	NPLHCJEM_02104	Q8CWN5	Glutamyl-tRNA synthetase
LILPNEUHC_19F	NPLHCJEM_02105	Q8DN74	Glucose-6-phosphate isomerase
LILPNEUHC_19F	NPLHCJEM_02106	C1CH02	Glutamine amidotransferase%2C class I
LILPNEUHC_19F	NPLHCJEM_02107	A0A0B7LZN5	Multidrug resistance ABC transporter ATP-binding and permease protein
LILPNEUHC_19F	NPLHCJEM_02108	A0A4N2RX25	hypothetical protein
LILPNEUHC_19F	NPLHCJEM_02109	A0A0B7M9Z8	Multidrug resistance ABC transporter ATP-binding and permease protein
LILPNEUHC_19F	NPLHCJEM_02110		patAB
LILPNEUHC_19F	NPLHCJEM_02110		
LILPNEUHC_19F	NPLHCJEM_02111	A0A0B7LU78	DNA mismatch repair protein HexA
LILPNEUHC_19F	NPLHCJEM_02112		SpR10_sRNA
LILPNEUHC_19F	NPLHCJEM_02112		
LILPNEUHC_19F	NPLHCJEM_02113	B2IMZ7	Arginine pathway regulatory protein ArgR1
LILPNEUHC_19F	NPLHCJEM_02114	C1CN25	Arginyl-tRNA synthetase
LILPNEUHC_19F	NPLHCJEM_02115	A0A4J1TFQ0	IS1381 transposase OrfB
LILPNEUHC_19F	NPLHCJEM_02116	A0A0B7LDK6	Putative cupin superfamily protein
LILPNEUHC_19F	NPLHCJEM_02117	A0A0B7LJ86	Two-component system response regulator PnpR
LILPNEUHC_19F	NPLHCJEM_02118	Q9S1J5	Two-component system sensor histidine kinase PnpS
LILPNEUHC_19F	NPLHCJEM_02119	A0A4N2RYI7	Phosphate ABC transporter periplasmic phosphate-binding protein PstS1
LILPNEUHC_19F	NPLHCJEM_02120	A0A0B7LEH3	Phosphate transport system permease protein PstC1
LILPNEUHC_19F	NPLHCJEM_02121	Q9X4T2	Phosphate transport system permease protein PstA1
LILPNEUHC_19F	NPLHCJEM_02122	B2IN06	Phosphate transport ATP-binding protein PstB1
LILPNEUHC_19F	NPLHCJEM_02123	C1CAR6	Phosphate transport system regulatory protein PhoU1
LILPNEUHC_19F	NPLHCJEM_02124	B2IN08	IS1380 family transposase ISSpn5
LILPNEUHC_19F	NPLHCJEM_02125	A0A0B7LS42	hypothetical protein
LILPNEUHC_19F	NPLHCJEM_02126	C1CTZ5	Glycerol-3-phosphate dehydrogenase [NAD(P)+]
LILPNEUHC_19F	NPLHCJEM_02127	C1CH21	UTP--glucose-1-phosphate uridylyltransferase
LILPNEUHC_19F	NPLHCJEM_02128	Q8DN57	Rhomboid family serine protease
LILPNEUHC_19F	NPLHCJEM_02129	A0A0B7LKJ2	5-formyltetrahydrofolate cyclo-ligase
LILPNEUHC_19F	NPLHCJEM_02130	B2IN14	N-acetyl-L%2CL-diaminopimelate deacetylase
LILPNEUHC_19F	NPLHCJEM_02131	Q8DN54	2%2C3%2C4%2C5-tetrahydropyridine-2%2C6-dicarboxylate N-acetyltransferase
LILPNEUHC_19F	NPLHCJEM_02132	Q8DN53	Drug/metabolite transporter superfamily permease
LILPNEUHC_19F	NPLHCJEM_02133	O70038	Multimodular transpeptidase-transglycosylase%2C penicillin-binding protein 1B
LILPNEUHC_19F	NPLHCJEM_02134	C1CU03	Tyrosyl-tRNA synthetase
LILPNEUHC_19F	NPLHCJEM_02135	C1CAS8	Lead%2C cadmium%2C zinc and mercury transporting ATPase
LILPNEUHC_19F	NPLHCJEM_02136	Q8CY77	Hypothetical protein
LILPNEUHC_19F	NPLHCJEM_02137	Q8DN50	23S rRNA (guanine(745)-N(1))-methyltransferase
LILPNEUHC_19F	NPLHCJEM_02138	Q8CY75	Hypothetical protein
LILPNEUHC_19F	NPLHCJEM_02139	C1CH34	Hypothetical protein
LILPNEUHC_19F	NPLHCJEM_02140	Q8DN49	Maltodextrin phosphorylase
LILPNEUHC_19F	NPLHCJEM_02141	P0A3Q1	4-alpha-glucanotransferase (amylomaltase)
LILPNEUHC_19F	NPLHCJEM_02142	B2IN25	Maltose/maltodextrin ABC transporter%2C substrate binding periplasmic protein MalX
LILPNEUHC_19F	NPLHCJEM_02143	P0A4N2	Maltose/maltodextrin ABC transporter%2C permease protein MalC
LILPNEUHC_19F	NPLHCJEM_02144	C1CH39	Maltose/maltodextrin ABC transporter%2C permease protein MalD
LILPNEUHC_19F	NPLHCJEM_02145	A0A0B7LGJ4	Maltodextrose utilization protein MalA
LILPNEUHC_19F	NPLHCJEM_02146	C1CH41	Maltose operon transcriptional repressor MalR%2C LacI family
LILPNEUHC_19F	NPLHCJEM_02147	A0A4J2GSD1	hypothetical protein
LILPNEUHC_19F	NPLHCJEM_02148	A0A0Y2DVS7	Integral membrane protein
LILPNEUHC_19F	NPLHCJEM_02149	A0A4N2RXE8	Aspartyl-tRNA synthetase
LILPNEUHC_19F	NPLHCJEM_02150	A0AA87C6P4	Hypothetical protein
LILPNEUHC_19F	NPLHCJEM_02151	Q8CY74	Hypothetical protein
LILPNEUHC_19F	NPLHCJEM_02152	A0A4J1UI42	Membrane-bound protease%2C CAAX family
LILPNEUHC_19F	NPLHCJEM_02153	A0A0U0DE06	Hypothetical protein
LILPNEUHC_19F	NPLHCJEM_02154	Q8CY71	Hypothetical protein
LILPNEUHC_19F	NPLHCJEM_02155	Q8DN47	Transcriptional regulator%2C Cro/CI family
LILPNEUHC_19F	NPLHCJEM_02156	A0A0B7MAB9	Hypothetical protein
LILPNEUHC_19F	NPLHCJEM_02157	A0A4J2G4G0	Histidyl-tRNA synthetase
LILPNEUHC_19F	NPLHCJEM_02158	C1CH53	Macrolide-efflux protein
LILPNEUHC_19F	NPLHCJEM_02159	A0A0I6MXJ4	Positive transcriptional regulator%2C MutR family
LILPNEUHC_19F	NPLHCJEM_02160	C1CH57	Putative aromatic ring hydroxylating enzyme
LILPNEUHC_19F	NPLHCJEM_02161	A0A4J1QFE1	Hypothetical protein
LILPNEUHC_19F	NPLHCJEM_02162	Q04I44	Dihydroxy-acid dehydratase
LILPNEUHC_19F	NPLHCJEM_02163	A0A0E8T5Y9	hypothetical protein
LILPNEUHC_19F	NPLHCJEM_02164	C1CH61	hypothetical protein
LILPNEUHC_19F	NPLHCJEM_02165	A0A0U0G2T3	Putative transport protein SgaT
LILPNEUHC_19F	NPLHCJEM_02166	Q8CY69	Putative PTS IIB component
LILPNEUHC_19F	NPLHCJEM_02167	A0AA86X2X1	Transcription antiterminator%2C BglG family
LILPNEUHC_19F	NPLHCJEM_02168	A0A0B7LS16	Membrane protease family protein
LILPNEUHC_19F	NPLHCJEM_02169	Q8CY67	Hypothetical protein
LILPNEUHC_19F	NPLHCJEM_02170	A0A0E8Z1I8	LSU ribosomal protein L32p
LILPNEUHC_19F	NPLHCJEM_02171	Q04I36	LSU ribosomal protein L33p
LILPNEUHC_19F	NPLHCJEM_02172	A0A655GS10	IS1380 family transposase ISSpn5
LILPNEUHC_19F	NPLHCJEM_02173	C1CH69	Choline-binding protein CbpN
LILPNEUHC_19F	NPLHCJEM_02174	A0A4K8YXZ1	hypothetical protein
LILPNEUHC_19F	NPLHCJEM_02175	A0A655GS10	IS1380 family transposase ISSpn5
LILPNEUHC_19F	NPLHCJEM_02176	A0A4J2GW60	hypothetical protein
LILPNEUHC_19F	NPLHCJEM_02177	A0A4H9G228	IS1381 transposase OrfA
LILPNEUHC_19F	NPLHCJEM_02178	A0AA95D9E6	IS1381 transposase OrfB
LILPNEUHC_19F	NPLHCJEM_02179	A0A655GBK3	hypothetical protein
LILPNEUHC_19F	NPLHCJEM_02180	C1CH75	Glycosyl hydrolase-related protein
LILPNEUHC_19F	NPLHCJEM_02181	A0A4J1S6V5	N-acetylmannosamine kinase
LILPNEUHC_19F	NPLHCJEM_02182	A0A916L442	Alpha-mannosidase
LILPNEUHC_19F	NPLHCJEM_02183	A0AA95DD79	Hypothetical protein
LILPNEUHC_19F	NPLHCJEM_02184	A0A5E8DYD5	Alpha-1%2C2-mannosidase
LILPNEUHC_19F	NPLHCJEM_02185	B1I9V9	Glycosyl hydrolase family 29 alpha-L-fucosidase
LILPNEUHC_19F	NPLHCJEM_02186	C1CU66	Arginine deiminase
LILPNEUHC_19F	NPLHCJEM_02187	A0A0B7LE02	Ornithine carbamoyltransferase
LILPNEUHC_19F	NPLHCJEM_02188	A0A4G6X6V5	Carbamate kinase
LILPNEUHC_19F	NPLHCJEM_02189	C1CHE9	Arginine/ornithine antiporter ArcD
LILPNEUHC_19F	NPLHCJEM_02190	C1CAZ7	Putative Xaa-His dipeptidase
LILPNEUHC_19F	NPLHCJEM_02191	A0A4J2EA28	hypothetical protein
LILPNEUHC_19F	NPLHCJEM_02192	A0AAE9U1U4	IgA1 protease
LILPNEUHC_19F	NPLHCJEM_02193	Q8DN26	Putative stomatin/prohibitin-family membrane protease subunit YbbK
LILPNEUHC_19F	NPLHCJEM_02194	A0A4N2RRZ1	Lactaldehyde dehydrogenase involved in fucose or rhamnose utilization
LILPNEUHC_19F	NPLHCJEM_02195	A0A4N2RTL7	Bifunctional L-fucose isomerase/D-arabinose ketol-isomerase
LILPNEUHC_19F	NPLHCJEM_02196	C1CB03	L-fuculose phosphate aldolase
LILPNEUHC_19F	NPLHCJEM_02197	A0A7X3BYI4	Fucolectin-related protein
LILPNEUHC_19F	NPLHCJEM_02198	C1CB04	hypothetical protein
LILPNEUHC_19F	NPLHCJEM_02199	B2INI0	Alpha-galactosidase
LILPNEUHC_19F	NPLHCJEM_02200	C1CB06	hypothetical protein
LILPNEUHC_19F	NPLHCJEM_02201	C1CB07	hypothetical protein
LILPNEUHC_19F	NPLHCJEM_02202	B2INI3	Multiple sugar ABC transporter%2C membrane-spanning permease protein
LILPNEUHC_19F	NPLHCJEM_02203	C1CB09	Multiple sugar ABC transporter%2C membrane-spanning permease protein
LILPNEUHC_19F	NPLHCJEM_02204	C1CB10	Multiple sugar ABC transporter%2C substrate-binding protein MsmE
LILPNEUHC_19F	NPLHCJEM_02205	A0A4J1V9C1	L-fuculokinase
LILPNEUHC_19F	NPLHCJEM_02206	B2INI7	L-fucose operon activator
LILPNEUHC_19F	NPLHCJEM_02207		SpF66_sRNA
LILPNEUHC_19F	NPLHCJEM_02207		
LILPNEUHC_19F	NPLHCJEM_02208		SpF66_sRNA
LILPNEUHC_19F	NPLHCJEM_02208		
LILPNEUHC_19F	NPLHCJEM_02209	A0A0E8T5V2	Zinc ABC transporter%2C substrate-binding lipoprotein AdcA
LILPNEUHC_19F	NPLHCJEM_02210	O33704	Zinc ABC transporter%2C permease protein AdcB
LILPNEUHC_19F	NPLHCJEM_02211	B2INJ0	Zinc ABC transporter%2C ATP-binding protein AdcC
LILPNEUHC_19F	NPLHCJEM_02212	Q8DN14	Transcriptional repressor AdcR for Zn(2+)-responsive expression
LILPNEUHC_19F	NPLHCJEM_02213	A0A0H2US53	Poly(glycerophosphate chain) D-alanine transfer protein DltD
LILPNEUHC_19F	NPLHCJEM_02214	Q04HZ9	D-alanine--poly(phosphoribitol) ligase subunit 2
LILPNEUHC_19F	NPLHCJEM_02215	Q8DN12	D-alanyl transfer protein DltB
LILPNEUHC_19F	NPLHCJEM_02216	Q04HZ7	D-alanine--poly(phosphoribitol) ligase subunit 1
LILPNEUHC_19F	NPLHCJEM_02217	A0AA36LHR5	Macrolide-efflux protein
LILPNEUHC_19F	NPLHCJEM_02218		Intron_gpII
LILPNEUHC_19F	NPLHCJEM_02218		
LILPNEUHC_19F	NPLHCJEM_02219	A0A822QAK2	hypothetical protein
LILPNEUHC_19F	NPLHCJEM_02220	Q8DN09	hypothetical protein
LILPNEUHC_19F	NPLHCJEM_02221		group-II-D1D4-1
LILPNEUHC_19F	NPLHCJEM_02221		
LILPNEUHC_19F	NPLHCJEM_02222		group-II-D1D4-3
LILPNEUHC_19F	NPLHCJEM_02222		
LILPNEUHC_19F	NPLHCJEM_02223	A0A4J1NJ06	hypothetical protein
LILPNEUHC_19F	NPLHCJEM_02224	B1I9Z2	Hypothetical protein
LILPNEUHC_19F	NPLHCJEM_02225	Q8CY60	hypothetical protein
LILPNEUHC_19F	NPLHCJEM_02226	A0A0B7LJ89	Glycerol uptake facilitator protein
LILPNEUHC_19F	NPLHCJEM_02227	P35596	Alpha-glycerophosphate oxidase
LILPNEUHC_19F	NPLHCJEM_02228	Q04HZ0	Glycerol kinase
LILPNEUHC_19F	NPLHCJEM_02229	C1CHI7	Trans-acting positive regulator
LILPNEUHC_19F	NPLHCJEM_02230	Q04HY8	Chaperonin%2C heat shock protein 33
LILPNEUHC_19F	NPLHCJEM_02231	A0A0H2USJ2	tRNA dihydrouridine synthase B
LILPNEUHC_19F	NPLHCJEM_02232	A0AA87CG79	hypothetical protein
LILPNEUHC_19F	NPLHCJEM_02233		Srn266
LILPNEUHC_19F	NPLHCJEM_02233		
LILPNEUHC_19F	NPLHCJEM_02234	A0A4J1VP92	IS1167 transposase
LILPNEUHC_19F	NPLHCJEM_02235	A0A0Y0BQM2	IS1167 transposase Orf2
LILPNEUHC_19F	NPLHCJEM_02236	Q9RQT6	Choline-binding protein A
LILPNEUHC_19F	NPLHCJEM_02237	A0A0B7LRI8	Rhomboid family integral membrane protein
LILPNEUHC_19F	NPLHCJEM_02238	A2T3V7	Two-component system sensor histidine kinase
LILPNEUHC_19F	NPLHCJEM_02239	A0A0B7M3U6	Two-component system response regulator
LILPNEUHC_19F	NPLHCJEM_02240	A0A6I3VK84	ATP-dependent Clp protease ATP-binding subunit ClpC
LILPNEUHC_19F	NPLHCJEM_02241	C1CHJ5	Transcriptional regulator CtsR
LILPNEUHC_19F	NPLHCJEM_02242	Q8DMZ8	Thiamin ABC transporter ThiZ%2C ATPase component
LILPNEUHC_19F	NPLHCJEM_02243	Q8DMZ7	Thiamin ABC transporter ThiY%2C substrate-binding component
LILPNEUHC_19F	NPLHCJEM_02244	B1IA11	Thiamin ABC transporter ThiX%2C transmembrane component
LILPNEUHC_19F	NPLHCJEM_02245	A0A4G6X742	Cytoplasmic thiamin-binding component of thiamin ABC transporter
LILPNEUHC_19F	NPLHCJEM_02246		TPP
LILPNEUHC_19F	NPLHCJEM_02246		
LILPNEUHC_19F	NPLHCJEM_02247	A0A0B7LHG5	Choline-binding protein D
LILPNEUHC_19F	NPLHCJEM_02248	Q8DMZ3	Hypothetical protein
LILPNEUHC_19F	NPLHCJEM_02249	Q8DMZ2	Replicative DNA helicase DnaC
LILPNEUHC_19F	NPLHCJEM_02250	Q04HX2	LSU ribosomal protein L9p
LILPNEUHC_19F	NPLHCJEM_02251	C1CHK4	DHH family phosphoesterase Pde1
LILPNEUHC_19F	NPLHCJEM_02252	Q8DMZ0	Ribosome hibernation promotion factor%2C long form
LILPNEUHC_19F	NPLHCJEM_02253	C1CBI4	Phosphoribosyltransferase domain protein%2C ComF operon protein C
LILPNEUHC_19F	NPLHCJEM_02254	A0A4N2RDK9	DNA transporter ATPase%2C ComF operon protein A
LILPNEUHC_19F	NPLHCJEM_02255	Q8DMY9	Protein co-occurring with transport systems
LILPNEUHC_19F	NPLHCJEM_02256	B1IAC6	Cysteine synthase
LILPNEUHC_19F	NPLHCJEM_02257		SpF51_sRNA
LILPNEUHC_19F	NPLHCJEM_02257		
LILPNEUHC_19F	NPLHCJEM_02258	Q04HW4	Translation elongation factor Ts
LILPNEUHC_19F	NPLHCJEM_02259	C1CUD2	SSU ribosomal protein S2p (SAe)
LILPNEUHC_19F	NPLHCJEM_02260	C1CHL5	Secreted antigen GbpB/SagA/PcsB%2C putative peptidoglycan hydrolase
LILPNEUHC_19F	NPLHCJEM_02261	C1CHL6	Cell shape-determining protein MreD
LILPNEUHC_19F	NPLHCJEM_02262	C1CHL7	Cell shape-determining protein MreC
LILPNEUHC_19F	NPLHCJEM_02263	Q8DMY1	Transmembrane component of general energizing module of ECF transporter
LILPNEUHC_19F	NPLHCJEM_02264	A0A654XY55	ATPase component of general energizing module of ECF transporter
LILPNEUHC_19F	NPLHCJEM_02265	C1CHM0	ATPase component of general energizing module of ECF transporter
LILPNEUHC_19F	NPLHCJEM_02266	B2INN9	CDP-diacylglycerol--glycerol-3-phosphate 3-phosphatidyltransferase
LILPNEUHC_19F	NPLHCJEM_02267	C1CBK0	Transcriptional regulator
LILPNEUHC_19F	NPLHCJEM_02268	A0A4N2RAQ3	Peptidase%2C M16 family
LILPNEUHC_19F	NPLHCJEM_02269	A0A4N2REA3	Zinc protease
LILPNEUHC_19F	NPLHCJEM_02270	Q8DMX4	Hypothetical protein
LILPNEUHC_19F	NPLHCJEM_02271	A0A4N2RAP1	DNA recombination and repair protein RecF
LILPNEUHC_19F	NPLHCJEM_02272	Q8DMX2	Inosine-5'-monophosphate dehydrogenase
LILPNEUHC_19F	NPLHCJEM_02273	C1CHM8	Tryptophanyl-tRNA synthetase
LILPNEUHC_19F	NPLHCJEM_02274	Q8DMX1	ABC transporter%2C ATP-binding protein
LILPNEUHC_19F	NPLHCJEM_02275	A0A0B7M2L2	ABC transporter%2C permease protein
LILPNEUHC_19F	NPLHCJEM_02276	A0AA36PZ21	hypothetical protein
LILPNEUHC_19F	NPLHCJEM_02277	A0AA36PYW3	hypothetical protein
LILPNEUHC_19F	NPLHCJEM_02278	A0A0I7YWH0	Transcriptional regulator%2C AcrR family
LILPNEUHC_19F	NPLHCJEM_02279		tRNA-Asn(gtt)
LILPNEUHC_19F	NPLHCJEM_02279		
LILPNEUHC_19F	NPLHCJEM_02280		tRNA-Glu(ttc)
LILPNEUHC_19F	NPLHCJEM_02280		
LILPNEUHC_19F	NPLHCJEM_02281	Q8DMW5	Two-component system response regulator ComE
LILPNEUHC_19F	NPLHCJEM_02282	A0A0I8DU55	Two-component system sensor histidine kinase ComD
LILPNEUHC_19F	NPLHCJEM_02283	Q7BTE1	Competence-stimulating peptide precursor ComC
LILPNEUHC_19F	NPLHCJEM_02284		tRNA-Arg(tct)
LILPNEUHC_19F	NPLHCJEM_02284		
LILPNEUHC_19F	NPLHCJEM_02285	Q04HU2	23S rRNA (pseudouridine(1915)-N(3))-methyltransferase
LILPNEUHC_19F	NPLHCJEM_02286	B2IP00	Serine protease%2C DegP/HtrA
LILPNEUHC_19F	NPLHCJEM_02287	A0A6I3UV41	Chromosome partitioning protein ParB
LILPNEUHC_19F	NPLHCJEM_02288	O08397	Chromosomal replication initiator protein DnaA
LILPNEUHC_19F	NPLHCJEM_02289	O06672	DNA polymerase III beta subunit
LILPNEUHC_19F	NPLHCJEM_02290	A0AA86Y265	Hypothetical protein
LILPNEUHC_19F	NPLHCJEM_02291	Q8DRQ3	GTP-binding and nucleic acid-binding protein YchF
LILPNEUHC_19F	NPLHCJEM_02292	Q97TD1	Peptidyl-tRNA hydrolase
LILPNEUHC_19F	NPLHCJEM_02293	A0A4N2RES5	Transcription-repair coupling factor
LILPNEUHC_19F	NPLHCJEM_02294	P64406	Ribosome-associated heat shock protein
LILPNEUHC_19F	NPLHCJEM_02295	Q8CZD2	Cell division protein DivIC
LILPNEUHC_19F	NPLHCJEM_02296	C1CH89	Hypothetical protein
LILPNEUHC_19F	NPLHCJEM_02297	A0A4N2RCS2	Hypothetical protein
LILPNEUHC_19F	NPLHCJEM_02298	C1CN76	tRNA(Ile)-lysidine synthetase TilS
LILPNEUHC_19F	NPLHCJEM_02299	Q97TC4	Hypoxanthine-guanine phosphoribosyltransferase
LILPNEUHC_19F	NPLHCJEM_02300	P59652	Cell division protein FtsH
LILPNEUHC_19F	NPLHCJEM_02301	B2IP46	IS1167 transposase Orf2
LILPNEUHC_19F	NPLHCJEM_02302	A0A4J1QHF4	IS1167 transposase
LILPNEUHC_19F	NPLHCJEM_02303		Srn266
LILPNEUHC_19F	NPLHCJEM_02303		
LILPNEUHC_19F	NPLHCJEM_02304	A0A6C7J1A1	Competence-specific sigma factor ComX
LILPNEUHC_19F	NPLHCJEM_02305		tRNA-Glu(ttc)
LILPNEUHC_19F	NPLHCJEM_02305		
LILPNEUHC_19F	NPLHCJEM_02306		16S ribosomal RNA
LILPNEUHC_19F	NPLHCJEM_02306		
LILPNEUHC_19F	NPLHCJEM_02307		tRNA-Ala(tgc)
LILPNEUHC_19F	NPLHCJEM_02307		
LILPNEUHC_19F	NPLHCJEM_02308		23S ribosomal RNA
LILPNEUHC_19F	NPLHCJEM_02308		
LILPNEUHC_19F	NPLHCJEM_02309		5S ribosomal RNA
LILPNEUHC_19F	NPLHCJEM_02309		
LILPNEUHC_19F	NPLHCJEM_02310		tRNA-Asn(gtt)
LILPNEUHC_19F	NPLHCJEM_02310		
LILPNEUHC_19F	NPLHCJEM_02311	C1C999	IS1167 transposase Orf1
LILPNEUHC_19F	NPLHCJEM_02312	Q8CZD0	Competence positive regulator ComW
LILPNEUHC_19F	NPLHCJEM_02313	C1CHA1	Adenylosuccinate synthetase
LILPNEUHC_19F	NPLHCJEM_02314		csRNA
LILPNEUHC_19F	NPLHCJEM_02314		
LILPNEUHC_19F	NPLHCJEM_02315	A0A0E8ZV55	Tyrosine recombinase XerC
LILPNEUHC_19F	NPLHCJEM_02316	A0A0I6XF23	3'-5' exonuclease DinG
LILPNEUHC_19F	NPLHCJEM_02317	A0A0I6XKC5	hypothetical protein
LILPNEUHC_19F	NPLHCJEM_02318	A0A0I7X892	hypothetical protein
LILPNEUHC_19F	NPLHCJEM_02319	A0AA86JB05	hypothetical protein
LILPNEUHC_19F	NPLHCJEM_02320	A0A098ANJ3	hypothetical protein
LILPNEUHC_19F	NPLHCJEM_02321	A0A098ANJ8	hypothetical protein
LILPNEUHC_19F	NPLHCJEM_02322	A0AAE4FWU0	hypothetical protein
LILPNEUHC_19F	NPLHCJEM_02323	C1C9M1	hypothetical protein
LILPNEUHC_19F	NPLHCJEM_02324	A0A4J2EJ07	hypothetical protein
LILPNEUHC_19F	NPLHCJEM_02325	C1C9M3	hypothetical protein
LILPNEUHC_19F	NPLHCJEM_02326	B1I788	hypothetical protein
LILPNEUHC_19F	NPLHCJEM_02327	A0AAE4FXN0	hypothetical protein
LILPNEUHC_19F	NPLHCJEM_02328	C1C9M7	hypothetical protein
LILPNEUHC_19F	NPLHCJEM_02329	C1C9M8	hypothetical protein
LILPNEUHC_19F	NPLHCJEM_02330	C1C9M9	hypothetical protein
LILPNEUHC_19F	NPLHCJEM_02331	C1C9N0	hypothetical protein
LILPNEUHC_19F	NPLHCJEM_02332	A0A0B7LXU2	hypothetical protein
LILPNEUHC_19F	NPLHCJEM_02333	C1C9N1	hypothetical protein
LILPNEUHC_19F	NPLHCJEM_02334	A0A0B7M2V7	hypothetical protein
LILPNEUHC_19F	NPLHCJEM_02335	A0AA36VAM3	hypothetical protein
LILPNEUHC_19F	NPLHCJEM_02336	A0AAD2ILK5	hypothetical protein
LILPNEUHC_19F	NPLHCJEM_02337	C1C9N4	hypothetical protein
LILPNEUHC_19F	NPLHCJEM_02338	A0A6G2DDP1	hypothetical protein
LILPNEUHC_19F	NPLHCJEM_02339	A0A0T7KRL1	hypothetical protein
LILPNEUHC_19F	NPLHCJEM_02340	A0A4J2ATD4	IS1595 family transposase ISCco3
LILPNEUHC_19F	NPLHCJEM_02341	A0A4J1S312	hypothetical protein
LILPNEUHC_19F	NPLHCJEM_02342	A0A6I3UV99	hypothetical protein
LILPNEUHC_19F	NPLHCJEM_02343	A0A0I6QC24	hypothetical protein
LILPNEUHC_19F	NPLHCJEM_02344	A0A6I3UVB0	Tyrosine recombinase XerC
LILPNEUHC_19F	NPLHCJEM_02345	A0A0I6XPX1	hypothetical protein
LILPNEUHC_19F	NPLHCJEM_02346	A0A660FZE8	hypothetical protein
LILPNEUHC_19F	NPLHCJEM_02347	A0A0I7G3K4	hypothetical protein
LILPNEUHC_19F	NPLHCJEM_02348	A0A4J2ATQ2	hypothetical protein
LILPNEUHC_19F	NPLHCJEM_02349	A0A6I3UGC7	hypothetical protein
LILPNEUHC_19F	NPLHCJEM_02350	A0A0I8DG17	ATP-dependent Clp protease proteolytic subunit
LILPNEUHC_19F	NPLHCJEM_02351	A0A0I6WTQ6	hypothetical protein
LILPNEUHC_19F	NPLHCJEM_02352	A0A0I6VEC4	hypothetical protein
LILPNEUHC_19F	NPLHCJEM_02353	A0A0I6XVP5	hypothetical protein
LILPNEUHC_19F	NPLHCJEM_02354	A0A4V0JIW7	hypothetical protein
LILPNEUHC_19F	NPLHCJEM_02355	A0AA86XYV5	hypothetical protein
LILPNEUHC_19F	NPLHCJEM_02356	A0A0I7AKQ1	hypothetical protein
LILPNEUHC_19F	NPLHCJEM_02357	A0A654XLK3	hypothetical protein
LILPNEUHC_19F	NPLHCJEM_02358	A0A0I7G094	hypothetical protein
LILPNEUHC_19F	NPLHCJEM_02359	A0AA86JBP1	hypothetical protein
LILPNEUHC_19F	NPLHCJEM_02360	A0A0I6W3N5	hypothetical protein
LILPNEUHC_19F	NPLHCJEM_02361	A0A7X3BYG9	hypothetical protein
LILPNEUHC_19F	NPLHCJEM_02362	A0A0I6PUP8	hypothetical protein
LILPNEUHC_19F	NPLHCJEM_02363	A0A7X3BY09	hypothetical protein
LILPNEUHC_19F	NPLHCJEM_02364	A0A098AND9	hypothetical protein
LILPNEUHC_19F	NPLHCJEM_02365	B1I7B5	hypothetical protein
LILPNEUHC_19F	NPLHCJEM_02366	B1I7B6	hypothetical protein
LILPNEUHC_19F	NPLHCJEM_02367	B1I7B7	hypothetical protein
LILPNEUHC_19F	NPLHCJEM_02368	A0A4J2B504	hypothetical protein
LILPNEUHC_19F	NPLHCJEM_02369	A0A4H9EG42	Autolysin/N-acetylmuramoyl-L-alanine amidase LytA
LILPNEUHC_19F	NPLHCJEM_02370	C1CHB7	hypothetical protein
LILPNEUHC_19F	NPLHCJEM_02371	A0A0B7M596	hypothetical protein
LILPNEUHC_19F	NPLHCJEM_02372	C1CHA2	tRNA-specific adenosine-34 deaminase
LILPNEUHC_19F	NPLHCJEM_02373		Bacteria_small_SRP
LILPNEUHC_19F	NPLHCJEM_02373		
LILPNEUHC_19F	NPLHCJEM_02374	A0A0B7M495	Tyrosine recombinase XerC
LILPNEUHC_19F	NPLHCJEM_02375	A0A4N2RS47	hypothetical protein
LILPNEUHC_19F	NPLHCJEM_02376	C1CHA6	hypothetical protein
LILPNEUHC_19F	NPLHCJEM_02377	C1CHA7	mRNA interferase RelE2
LILPNEUHC_19F	NPLHCJEM_02378	C1CHA8	hypothetical protein
LILPNEUHC_19F	NPLHCJEM_02379	C1CHA9	hypothetical protein
LILPNEUHC_19F	NPLHCJEM_02380	C1CHB0	hypothetical protein
LILPNEUHC_19F	NPLHCJEM_02381	A0A0B7MB27	hypothetical protein
LILPNEUHC_19F	NPLHCJEM_02382	C1CHB1	hypothetical protein
LILPNEUHC_19F	NPLHCJEM_02383	C1CHB2	hypothetical protein
LILPNEUHC_19F	NPLHCJEM_02384	C1CHB3	hypothetical protein
LILPNEUHC_19F	NPLHCJEM_02385	C1CHB4	hypothetical protein
LILPNEUHC_19F	NPLHCJEM_02386	A0A4L8MRI6	Autolysin/N-acetylmuramoyl-L-alanine amidase LytA
LILPNEUHC_19F	NPLHCJEM_02387	A0A0B7LZ23	Deoxyuridine 5'-triphosphate nucleotidohydrolase
LILPNEUHC_19F	NPLHCJEM_02388	Q8DRP1	Hypothetical protein
LILPNEUHC_19F	NPLHCJEM_02389	C1C9S1	DNA repair protein RadA
LILPNEUHC_19F	NPLHCJEM_02390	C1CHC1	Carbonic anhydrase
LILPNEUHC_19F	NPLHCJEM_02391	Q8CZC9	hypothetical protein
LILPNEUHC_19F	NPLHCJEM_02392	B2IR17	Ribose-phosphate pyrophosphokinase
LILPNEUHC_19F	NPLHCJEM_02393	A0A0U0IDH7	IS1167 transposase Orf1
LILPNEUHC_19F	NPLHCJEM_02394		Srn266
LILPNEUHC_19F	NPLHCJEM_02394		
LILPNEUHC_19F	NPLHCJEM_02395	A0A0T8B049	hypothetical protein
LILPNEUHC_19F	NPLHCJEM_02396	A0A0U0CRX4	hypothetical protein
LILPNEUHC_19F	NPLHCJEM_02397	A0A0B7MA53	DNA polymerase I
LILPNEUHC_19F	NPLHCJEM_02398	Q8DRN7	CoA-binding protein
LILPNEUHC_19F	NPLHCJEM_02399	A0A4J1XB62	Hypothetical protein
LILPNEUHC_19F	NPLHCJEM_02400	A0A0T8S6U2	Putative membrane protein YeiH
LILPNEUHC_19F	NPLHCJEM_02401	B2IR24	N-acetyl-L%2CL-diaminopimelate aminotransferase
LILPNEUHC_19F	NPLHCJEM_02402	Q97TA7	DNA recombination and repair protein RecO
LILPNEUHC_19F	NPLHCJEM_02403	B8ZJM1	Phosphate:acyl-ACP acyltransferase PlsX
LILPNEUHC_19F	NPLHCJEM_02404	B2IR28	Acyl carrier protein
LILPNEUHC_19F	NPLHCJEM_02405	Q8DRN0	Bacteriocin BlpU
LILPNEUHC_19F	NPLHCJEM_02406	A0A4J1VY07	Competence-stimulating peptide ABC transporter ATP-binding protein ComA
LILPNEUHC_19F	NPLHCJEM_02407	A0A4J2E2F0	Competence-stimulating peptide ABC transporter permease protein ComB
LILPNEUHC_19F	NPLHCJEM_02408	A0A4M9XNA5	Type I restriction-modification system restriction subunit R
LILPNEUHC_19F	NPLHCJEM_02409	C1CDN9	hypothetical protein
LILPNEUHC_19F	NPLHCJEM_02410	C1C6M1	Tyrosine recombinase XerC
LILPNEUHC_19F	NPLHCJEM_02411	B2IP20	hypothetical protein
LILPNEUHC_19F	NPLHCJEM_02412	C1CDN6	hypothetical protein
LILPNEUHC_19F	NPLHCJEM_02413	A0A4J1YQ27	hypothetical protein
LILPNEUHC_19F	NPLHCJEM_02414	A0A4J1SM82	Type I restriction-modification system specificity subunit S
LILPNEUHC_19F	NPLHCJEM_02415	Q8DQ91	Type I restriction-modification system DNA-methyltransferase subunit M
