uniprot	locus_tag	product
O08397	AGAIBJGL_00001	Chromosomal replication initiator protein DnaA
O06672	AGAIBJGL_00002	DNA polymerase III beta subunit
A0A380LRH1	AGAIBJGL_00003	Hypothetical protein
A0A098AN70	AGAIBJGL_00004	hypothetical protein
A0A0U0FAH0	AGAIBJGL_00005	hypothetical protein
A0A098AN20	AGAIBJGL_00006	hypothetical protein
A0A098AMZ2	AGAIBJGL_00007	hypothetical protein
A0A098AMY5	AGAIBJGL_00008	hypothetical protein
A0A098APF1	AGAIBJGL_00009	hypothetical protein
A0A098AN19	AGAIBJGL_00010	hypothetical protein
A0A0T7JLP7	AGAIBJGL_00011	hypothetical protein
A0A098AMZ7	AGAIBJGL_00012	hypothetical protein
A0A380LRG2	AGAIBJGL_00013	hypothetical protein
A0A064BWT4	AGAIBJGL_00014	hypothetical protein
A0A098AMY4	AGAIBJGL_00015	hypothetical protein
A0A098APF8	AGAIBJGL_00016	hypothetical protein
A0A098AN29	AGAIBJGL_00017	hypothetical protein
A0A098AMZ9	AGAIBJGL_00018	hypothetical protein
A0A098AMZ1	AGAIBJGL_00019	hypothetical protein
A0A0T8QXT5	AGAIBJGL_00020	hypothetical protein
A0A064C0A0	AGAIBJGL_00021	hypothetical protein
A0A098Z9Y5	AGAIBJGL_00022	hypothetical protein
A0A064BWS5	AGAIBJGL_00023	hypothetical protein
A0A098AN02	AGAIBJGL_00024	Tyrosine recombinase XerC
Q8DRQ3	AGAIBJGL_00025	GTP-binding and nucleic acid-binding protein YchF
Q97TD1	AGAIBJGL_00026	Peptidyl-tRNA hydrolase
A0AA86JE99	AGAIBJGL_00027	Transcription-repair coupling factor
P64406	AGAIBJGL_00028	Ribosome-associated heat shock protein
Q8CZD2	AGAIBJGL_00029	Cell division protein DivIC
C1CH89	AGAIBJGL_00030	Hypothetical protein
C1C991	AGAIBJGL_00031	Hypothetical protein
C1CNP4	AGAIBJGL_00032	tRNA(Ile)-lysidine synthetase TilS
Q97TC4	AGAIBJGL_00033	Hypoxanthine-guanine phosphoribosyltransferase
A0A380LQ46	AGAIBJGL_00034	Cell division protein FtsH
B2IMI0	AGAIBJGL_00035	Competence-specific sigma factor ComX
	AGAIBJGL_00036	tRNA-Glu(ttc)
	AGAIBJGL_00037	16S ribosomal RNA
	AGAIBJGL_00038	tRNA-Ala(tgc)
	AGAIBJGL_00039	23S ribosomal RNA
	AGAIBJGL_00040	5S ribosomal RNA
	AGAIBJGL_00041	tRNA-Asn(gtt)
A0A0T8WNF8	AGAIBJGL_00042	IS1167 transposase Orf2
A0A0U0G4G7	AGAIBJGL_00043	IS1167 transposase Orf1
Q8CZD0	AGAIBJGL_00044	Competence positive regulator ComW
C1CHA1	AGAIBJGL_00045	Adenylosuccinate synthetase
	AGAIBJGL_00046	csRNA
A0A0B7M300	AGAIBJGL_00047	Tyrosine recombinase XerC
A0A6I3UV79	AGAIBJGL_00048	3'-5' exonuclease DinG
A0A0I6XKC5	AGAIBJGL_00049	hypothetical protein
A0A0I7X892	AGAIBJGL_00050	hypothetical protein
A0AA86JB05	AGAIBJGL_00051	hypothetical protein
A0A0I7D8K4	AGAIBJGL_00052	hypothetical protein
A0A098ANJ8	AGAIBJGL_00053	hypothetical protein
A0A0I6TQM1	AGAIBJGL_00054	hypothetical protein
C1C9M1	AGAIBJGL_00055	hypothetical protein
A0A6I3UVS2	AGAIBJGL_00056	hypothetical protein
A0A0D6J557	AGAIBJGL_00057	hypothetical protein
A0A6I3UTC0	AGAIBJGL_00058	hypothetical protein
A0A6I3UWG9	AGAIBJGL_00059	hypothetical protein
A0AA47H4Z2	AGAIBJGL_00060	hypothetical protein
A0A098ANK1	AGAIBJGL_00061	hypothetical protein
A0A4J4YU91	AGAIBJGL_00062	hypothetical protein
A0A6I3UW31	AGAIBJGL_00063	hypothetical protein
B1I794	AGAIBJGL_00064	hypothetical protein
A0A0U0A5Q3	AGAIBJGL_00065	hypothetical protein
A0A098ANN2	AGAIBJGL_00066	hypothetical protein
A0A6I3UQX6	AGAIBJGL_00067	hypothetical protein
A0A6I3UVT3	AGAIBJGL_00068	hypothetical protein
A0A6I3UR51	AGAIBJGL_00069	hypothetical protein
A0A6I3UTC7	AGAIBJGL_00070	hypothetical protein
A0A6I3UWI0	AGAIBJGL_00071	IS1595 family transposase ISCco3
A0A0B7LXT3	AGAIBJGL_00072	hypothetical protein
A0A6I3UV99	AGAIBJGL_00073	hypothetical protein
A0A0I6QC24	AGAIBJGL_00074	hypothetical protein
A0A6I3UVB0	AGAIBJGL_00075	Tyrosine recombinase XerC
A0A0I6XPX1	AGAIBJGL_00076	hypothetical protein
A0A0I7G3K4	AGAIBJGL_00077	hypothetical protein
A0A0I6WCG8	AGAIBJGL_00078	hypothetical protein
A0A6I3UTD3	AGAIBJGL_00079	hypothetical protein
A0A0I8DG17	AGAIBJGL_00080	ATP-dependent Clp protease proteolytic subunit
A0A6I3UP36	AGAIBJGL_00081	hypothetical protein
A0A0I6VEC4	AGAIBJGL_00082	hypothetical protein
A0A654XNH9	AGAIBJGL_00083	hypothetical protein
A0A4V0JIW7	AGAIBJGL_00084	hypothetical protein
A0A654XIU8	AGAIBJGL_00085	hypothetical protein
A0A0I7AKQ1	AGAIBJGL_00086	hypothetical protein
A0A654XLK3	AGAIBJGL_00087	hypothetical protein
A0A0I7G094	AGAIBJGL_00088	hypothetical protein
A0AA86JBP1	AGAIBJGL_00089	hypothetical protein
A0A0I6W3N5	AGAIBJGL_00090	hypothetical protein
A0A6I3UWK6	AGAIBJGL_00091	hypothetical protein
C1C9R0	AGAIBJGL_00092	hypothetical protein
A0A6I3UVI7	AGAIBJGL_00093	hypothetical protein
C1C9R2	AGAIBJGL_00094	hypothetical protein
B1I7B6	AGAIBJGL_00095	hypothetical protein
B1I7B7	AGAIBJGL_00096	hypothetical protein
A0A0Y0H6W4	AGAIBJGL_00097	hypothetical protein
A0A4M3JVJ3	AGAIBJGL_00098	Autolysin/N-acetylmuramoyl-L-alanine amidase LytA
C1CHB7	AGAIBJGL_00099	hypothetical protein
A0A0B7M596	AGAIBJGL_00100	hypothetical protein
C1CHA2	AGAIBJGL_00101	tRNA-specific adenosine-34 deaminase
	AGAIBJGL_00102	Bacteria_small_SRP
Q8DRP2	AGAIBJGL_00103	Deoxyuridine 5'-triphosphate nucleotidohydrolase
Q8DRP1	AGAIBJGL_00104	Hypothetical protein
A0A380LRC9	AGAIBJGL_00105	DNA repair protein RadA
A0A4J1NYX1	AGAIBJGL_00106	Carbonic anhydrase
A0A380LS08	AGAIBJGL_00107	hypothetical protein
B2IR17	AGAIBJGL_00108	Ribose-phosphate pyrophosphokinase
A0A0U0IDH7	AGAIBJGL_00109	hypothetical protein
	AGAIBJGL_00110	Srn266
A0A380LQ33	AGAIBJGL_00111	hypothetical protein
A0A0B7M9C2	AGAIBJGL_00112	hypothetical protein
A0AA86JCG8	AGAIBJGL_00113	DNA polymerase I
Q8DRN7	AGAIBJGL_00114	CoA-binding protein
A0A4J1TGD8	AGAIBJGL_00115	Hypothetical protein
A0A0T8MW21	AGAIBJGL_00116	Putative membrane protein YeiH
A0A0B7M3R1	AGAIBJGL_00117	N-acetyl-L%2CL-diaminopimelate aminotransferase
A0A0T7YPJ9	AGAIBJGL_00118	DNA recombination and repair protein RecO
A0AA86J9G3	AGAIBJGL_00119	Phosphate:acyl-ACP acyltransferase PlsX
Q9F7T4	AGAIBJGL_00120	Acyl carrier protein
A0AA86JC47	AGAIBJGL_00121	IS1381 transposase OrfB
Q9FBG9	AGAIBJGL_00122	Bacteriocin BlpU
C1CHE0	AGAIBJGL_00123	Transcriptional regulator
C1CHE1	AGAIBJGL_00124	hypothetical protein
C1CHE2	AGAIBJGL_00125	hypothetical protein
A0A0B7LY35	AGAIBJGL_00126	hypothetical protein
C1CHE4	AGAIBJGL_00127	ABC transporter ATP-binding protein
C1CHE5	AGAIBJGL_00128	hypothetical protein
A0AA86JU05	AGAIBJGL_00129	Competence-stimulating peptide ABC transporter ATP-binding protein ComA
A0AA86JPU3	AGAIBJGL_00130	Competence-stimulating peptide ABC transporter permease protein ComB
A0A558ZGD3	AGAIBJGL_00131	Phosphoribosylaminoimidazole-succinocarboxamide synthase
A0AA86J7F0	AGAIBJGL_00132	Phosphoribosylformylglycinamidine synthase%2C synthetase and glutamine amidotransferase subunits
A0A0E8P8H6	AGAIBJGL_00133	Amidophosphoribosyltransferase
A0A062WPB5	AGAIBJGL_00134	Phosphoribosylformylglycinamidine cyclo-ligase
Q8DRM3	AGAIBJGL_00135	Phosphoribosylglycinamide formyltransferase
Q8DRM2	AGAIBJGL_00136	Teicoplanin resistance protein VanZ
A0A0U0DBA4	AGAIBJGL_00137	Bifunctional inosine monophosphate cyclohydrolase/phosphoribosylaminoimidazolecarboxamide formyltransferase
A0A2R2HVG7	AGAIBJGL_00138	Phosphoribosylamine--glycine ligase
A0A2R2HVK4	AGAIBJGL_00139	N5-carboxyaminoimidazole ribonucleotide mutase
A0AA86MIG3	AGAIBJGL_00140	N5-carboxyaminoimidazole ribonucleotide synthase
C1C9V9	AGAIBJGL_00141	Hypothetical protein
C1C9W0	AGAIBJGL_00142	Adenylosuccinate lyase
A0AA86J937	AGAIBJGL_00143	Beta-hexosaminidase StrH
A0A0H2UMU7	AGAIBJGL_00144	Transcriptional regulator%2C GntR family
A0A0E8SV91	AGAIBJGL_00145	Beta-galactosidase
Q8DRL3	AGAIBJGL_00146	Galactosamine-specific PTS IIB component
C1CBN7	AGAIBJGL_00147	Galactosamine-specific PTS IIC component
B2IRE5	AGAIBJGL_00148	Galactosamine-specific PTS IID component
Q8DRL0	AGAIBJGL_00149	Galactosamine-specific PTS IIA component
A0A0I7WL36	AGAIBJGL_00150	Galactosamine-6-phosphate isomerase
A0A0B7MES2	AGAIBJGL_00151	Aldose 1-epimerase
A0A380LQ48	AGAIBJGL_00152	Glyoxalase family protein
A0A0U0FRM0	AGAIBJGL_00153	Hypothetical protein
A0A4H9FXZ8	AGAIBJGL_00154	hypothetical protein
B2IRF1	AGAIBJGL_00155	Sulfurtransferase
A0A0B7LLH2	AGAIBJGL_00156	Uridine phosphorylase
A0AA86JCD0	AGAIBJGL_00157	hypothetical protein
Q8DRK5	AGAIBJGL_00158	Trk family potassium uptake protein
Q8DRK4	AGAIBJGL_00159	Trk family potassium uptake protein CabP
A0AA86JPS9	AGAIBJGL_00160	Hypothetical protein
A0AA86JGA2	AGAIBJGL_00161	hypothetical protein
A0AA86J7D6	AGAIBJGL_00162	hypothetical protein
A0AA86J9D5	AGAIBJGL_00163	Cell wall surface anchor family protein PavB
B2IRG2	AGAIBJGL_00164	Two-component system response regulator
C1C9Y4	AGAIBJGL_00165	Two-component system sensor histidine kinase
Q04MZ3	AGAIBJGL_00166	SSU ribosomal protein S4p (S9e)
	AGAIBJGL_00167	SpF01_sRNA
A0A0B7LLV1	AGAIBJGL_00168	Hypothetical protein
A0AA86XNR3	AGAIBJGL_00169	Hypothetical protein
Q8DRJ8	AGAIBJGL_00170	Multiple sugar ABC transporter%2C membrane-spanning permease protein
B2IRG9	AGAIBJGL_00171	ABC transporter permease protein
A0AA86MJD1	AGAIBJGL_00172	ABC transporter substrate-binding protein
C1CHZ8	AGAIBJGL_00173	hypothetical protein
A0AA86J915	AGAIBJGL_00174	tRNA (5-methylaminomethyl-2-thiouridylate)-methyltransferase
A0AA86JTX5	AGAIBJGL_00175	Putative membrane protein
A0A0E8ASI8	AGAIBJGL_00176	Putative membrane-associated protein
A0A0E8P7P5	AGAIBJGL_00177	Integral membrane protein (putative)
Q8DRJ5	AGAIBJGL_00178	Transcriptional regulator%2C PadR family
C1CBR7	AGAIBJGL_00179	Cyanate permease
A0AA86J7X2	AGAIBJGL_00180	Glycosyltransferase%2C group 2 family
A0AA86JC06	AGAIBJGL_00181	Putative UDP-GlcNAc 4%2C6-dehydratase AatA
C1CBS0	AGAIBJGL_00182	Phosphoglycolate phosphatase
B1I804	AGAIBJGL_00183	L-serine dehydratase%2C alpha subunit
Q8DRI9	AGAIBJGL_00184	L-serine dehydratase%2C beta subunit
A0A0B7LLH3	AGAIBJGL_00185	Aggregation-promoting factor
C1CAC3	AGAIBJGL_00186	Putative bacteriocin
C1CAC4	AGAIBJGL_00187	Amino acid ABC transporter membrane-spanning permease
A0A0H2UMZ2	AGAIBJGL_00188	ABC transporter ATP-binding protein
B2IRI9	AGAIBJGL_00189	Amino acid ABC transporter substrate-binding/permease protein
A0A111CNU4	AGAIBJGL_00190	Argininosuccinate synthase
A0A0T8WRQ4	AGAIBJGL_00191	Argininosuccinate lyase
	AGAIBJGL_00192	Bacilli-1
	AGAIBJGL_00192	
A0A6B9PEJ4	AGAIBJGL_00193	Hypothetical protein
A0A6B9PR72	AGAIBJGL_00194	Competence-stimulating peptide ABC transporter ATP-binding protein ComA
C1CBT2	AGAIBJGL_00195	Hypothetical protein
A0A6B9PN26	AGAIBJGL_00196	HlyD family secretion protein
A0A6B9PSK9	AGAIBJGL_00197	hypothetical protein
A0A6I3VBQ6	AGAIBJGL_00198	Hypothetical protein
A0AA86MBH9	AGAIBJGL_00199	Hypothetical protein
A0A6B9PEM4	AGAIBJGL_00200	Hypothetical protein
C1CAD6	AGAIBJGL_00201	Hypothetical protein
A0A6B9PW06	AGAIBJGL_00202	hypothetical protein
A0AA86MJC1	AGAIBJGL_00203	Hypothetical protein
A0AA86JC99	AGAIBJGL_00204	Hypothetical protein
C1CAE0	AGAIBJGL_00205	Hypothetical protein
A0AA86JTV8	AGAIBJGL_00206	Hypothetical protein
A0AA86JPQ8	AGAIBJGL_00207	Hypothetical protein
A0AA86JG75	AGAIBJGL_00208	Hypothetical protein
A0A4J1QTX9	AGAIBJGL_00209	Pyridoxamine 5'-phosphate oxidase
	AGAIBJGL_00210	SpF03_sRNA
	AGAIBJGL_00211	Bacilli-1
	AGAIBJGL_00211	
A0A6B9PEJ2	AGAIBJGL_00212	hypothetical protein
A0A1W6AZ71	AGAIBJGL_00213	hypothetical protein
A0A0B7MBM1	AGAIBJGL_00214	tRNA-specific 2-thiouridylase MnmA
	AGAIBJGL_00215	Spd-sr37
	AGAIBJGL_00215	
C1CAE8	AGAIBJGL_00216	MutT/Nudix family protein
C1CBU2	AGAIBJGL_00217	tRNA uridine 5-carboxymethylaminomethyl modification enzyme MnmG
A0A0E8HAF7	AGAIBJGL_00218	Ribonuclease J1 (endonuclease and 5' exonuclease)
C1CBU5	AGAIBJGL_00219	Hypothetical protein
A0A0E8GNB1	AGAIBJGL_00220	hypothetical protein
A0A0B7LRV1	AGAIBJGL_00221	Two-peptide bacteriocin peptide CibB
Q8CZA0	AGAIBJGL_00222	Two-peptide bacteriocin peptide CibA
A0AA86JTV3	AGAIBJGL_00223	tRNA threonylcarbamoyladenosine biosynthesis protein TsaB
A0A4M2GUW6	AGAIBJGL_00224	Ribosomal-protein-S18p-alanine acetyltransferase
A0A064BZS6	AGAIBJGL_00225	N(6)-L-threonylcarbamoyladenine synthase TsaD
A0A0E7ZP93	AGAIBJGL_00226	IS1167 transposase Orf2
A0AA36PIF3	AGAIBJGL_00227	IS1167 transposase
	AGAIBJGL_00228	Srn266
A0AA86J7R1	AGAIBJGL_00229	Exopolysaccharide biosynthesis glycosyltransferase EpsF
A0A098ZKN5	AGAIBJGL_00230	Exopolysaccharide biosynthesis glycosyltransferase EpsF
A0AA86JHX5	AGAIBJGL_00231	Family 2 glycosyltransferase
A0AA86MBH0	AGAIBJGL_00232	ABC transporter ATP-binding protein
A0A4N3QCD2	AGAIBJGL_00233	Asparagine synthetase
A0AA86MN21	AGAIBJGL_00234	Hypothetical protein
C1CBV7	AGAIBJGL_00235	UDP-glucose 6-dehydrogenase
C1CBV8	AGAIBJGL_00236	Positive transcriptional regulator%2C MutR family
C1CBV9	AGAIBJGL_00237	hypothetical protein
C1CBW0	AGAIBJGL_00238	Hypothetical protein
C1CBW1	AGAIBJGL_00239	Macrolide-efflux protein
B1I8D3	AGAIBJGL_00240	hypothetical protein
A0AA86J784	AGAIBJGL_00241	hypothetical protein
C1CBW4	AGAIBJGL_00242	Cysteine ABC transporter substrate-binding protein
C1CBW5	AGAIBJGL_00243	Methionine ABC transporter substrate-binding protein
B1I8D7	AGAIBJGL_00244	N-acyl-L-amino acid amidohydrolase
C1CAH2	AGAIBJGL_00245	Methionine ABC transporter ATP-binding protein
C1CAH3	AGAIBJGL_00246	Methionine ABC transporter permease protein
C1CBW9	AGAIBJGL_00247	Substrate-specific component of putative ECF transporter
A0A4M2GWZ0	AGAIBJGL_00248	Hypothetical protein
A0AA86MIC7	AGAIBJGL_00249	Two-component system sensor histidine kinase
A0A380LX30	AGAIBJGL_00250	Two-component system response regulator
C1CBX3	AGAIBJGL_00251	Hypothetical protein
Q97T03	AGAIBJGL_00252	Ribonucleotide reduction protein NrdI
A0AA86JTT7	AGAIBJGL_00253	NRAMP family Mn2+/Fe2+ transporter
Q8CZ92	AGAIBJGL_00254	Hypothetical protein
A0A0H2UNA2	AGAIBJGL_00255	DNA-binding protein
Q04MR4	AGAIBJGL_00256	DNA mismatch repair protein HexB
Q04MR3	AGAIBJGL_00257	6%2C7-dimethyl-8-ribityllumazine synthase RibH
C1CAI6	AGAIBJGL_00258	Bifunctional 3%2C4-dihydroxy-2-butanone 4-phosphate synthase/GTP cyclohydrolase II RibB
B2IS13	AGAIBJGL_00259	Riboflavin synthase RibE
A0A380LX39	AGAIBJGL_00260	Bifunctional diaminohydroxyphosphoribosylaminopyrimidine deaminase/5-amino-6-(5-phosphoribosylamino)uracil reductase RibD
	AGAIBJGL_00261	FMN
Q97SY4	AGAIBJGL_00262	Holliday junction DNA helicase RuvA
A0AA86JA89	AGAIBJGL_00263	DNA-3-methyladenine glycosylase
A0A0T8RH17	AGAIBJGL_00264	CAAX amino terminal protease family protein
A0A9P1PGS6	AGAIBJGL_00265	Muramoyltetrapeptide carboxypeptidase
A0A064C1E4	AGAIBJGL_00266	Integral membrane protein
Q8DRE5	AGAIBJGL_00267	Magnesium and cobalt transport protein CorA1
A0AA86JA34	AGAIBJGL_00268	Excinuclease ABC subunit A UvrA
A0A0B7KMV3	AGAIBJGL_00269	MP-%2CMA-%2CMS-%2CAP-%2CNP-specific aminopeptidase YpdF
Q8DRE3	AGAIBJGL_00270	Transcriptional regulator SpxA2
A0AA86MIW9	AGAIBJGL_00271	Hypothetical protein
Q97SX1	AGAIBJGL_00272	Hypothetical protein
Q8DRE2	AGAIBJGL_00273	Putative pre-16S rRNA nuclease YqgF
Q97SX0	AGAIBJGL_00274	Hypothetical protein
A0A9P1LVP1	AGAIBJGL_00275	Bifunctional dihydrofolate synthase/folylpolyglutamate synthase
A0A0T8LR20	AGAIBJGL_00276	Hypothetical protein
Q8DRD9	AGAIBJGL_00277	Cardiolipin synthetase
A0AA86JA97	AGAIBJGL_00278	Hypothetical protein
A0A0H2ZMA6	AGAIBJGL_00279	Competence-damage induced protein
A0A6G2DBD1	AGAIBJGL_00280	Ribonucleotide reductase of class III%2C large subunit
A0A380LT78	AGAIBJGL_00281	Acetyltransferase
A0A0B7M7N8	AGAIBJGL_00282	Ribonucleotide reductase of class III%2C activating protein
A0AA86JA44	AGAIBJGL_00283	Hypothetical protein
Q04MN7	AGAIBJGL_00284	SSU ribosomal protein S10p (S20e)
Q97SV5	AGAIBJGL_00285	LSU ribosomal protein L3p (L3e)
Q8CWV7	AGAIBJGL_00286	LSU ribosomal protein L4p (L1e)
Q97SV3	AGAIBJGL_00287	LSU ribosomal protein L23p (L23Ae)
Q97SV2	AGAIBJGL_00288	LSU ribosomal protein L2p (L8e)
Q04MN2	AGAIBJGL_00289	SSU ribosomal protein S19p (S15e)
Q04MN1	AGAIBJGL_00290	LSU ribosomal protein L22p (L17e)
Q04MN0	AGAIBJGL_00291	SSU ribosomal protein S3p (S3e)
Q04MM9	AGAIBJGL_00292	LSU ribosomal protein L16p (L10e)
A0A0B7M1U7	AGAIBJGL_00293	LSU ribosomal protein L29p (L35e)
Q04MM7	AGAIBJGL_00294	SSU ribosomal protein S17p (S11e)
Q04MM6	AGAIBJGL_00295	LSU ribosomal protein L14p (L23e)
Q04MM5	AGAIBJGL_00296	LSU ribosomal protein L24p (L26e)
Q97SV1	AGAIBJGL_00297	LSU ribosomal protein L5p (L11e)
Q04MM3	AGAIBJGL_00298	SSU ribosomal protein S14p (S29e)
B5E6G9	AGAIBJGL_00299	SSU ribosomal protein S8p (S15Ae)
B8ZKP5	AGAIBJGL_00300	LSU ribosomal protein L6p (L9e)
Q97SU6	AGAIBJGL_00301	LSU ribosomal protein L18p (L5e)
Q04ML9	AGAIBJGL_00302	SSU ribosomal protein S5p (S2e)
Q97SU4	AGAIBJGL_00303	LSU ribosomal protein L30p (L7e)
Q97SU3	AGAIBJGL_00304	LSU ribosomal protein L15p (L27Ae)
Q8DRD5	AGAIBJGL_00305	Protein translocase subunit SecY
Q97SU1	AGAIBJGL_00306	Adenylate kinase
Q04ML4	AGAIBJGL_00307	Translation initiation factor 1
P0A496	AGAIBJGL_00308	LSU ribosomal protein L36p
Q04ML3	AGAIBJGL_00309	SSU ribosomal protein S13p (S18e)
Q04ML2	AGAIBJGL_00310	SSU ribosomal protein S11p (S14e)
Q04ML1	AGAIBJGL_00311	DNA-directed RNA polymerase alpha subunit
Q8CWU8	AGAIBJGL_00312	LSU ribosomal protein L17p
	AGAIBJGL_00313	L17DE
C1CC34	AGAIBJGL_00314	ACT domain-containing transcriptional regulator
Q8DRD2	AGAIBJGL_00315	hypothetical protein
	AGAIBJGL_00316	csRNA
B1I8M8	AGAIBJGL_00317	Phosphoglycerate mutase family protein
A0AA86MIY3	AGAIBJGL_00318	Iron(III)-transport system permease protein SfuB
A0AA86MNV4	AGAIBJGL_00319	Iron(III)-transport system permease protein SfuB
B2ISG7	AGAIBJGL_00320	Ferric iron ABC transporter ATP-binding protein
A0AA86MBY9	AGAIBJGL_00321	Ferric iron ABC transporter ATP-binding protein
A0A0B7M5G4	AGAIBJGL_00322	hypothetical protein
A0A064C2Y1	AGAIBJGL_00323	putative protein
C1CAP6	AGAIBJGL_00324	Pyruvate formate-lyase activating enzyme
C1CB23	AGAIBJGL_00325	Transcriptional regulator%2C DeoR family
Q8DRC3	AGAIBJGL_00326	Transcriptional regulator
C1CC41	AGAIBJGL_00327	Cellobiose-specific PTS IIA component
Q8DRC1	AGAIBJGL_00328	Cellobiose-specific PTS IIB component
A0AA86JUT0	AGAIBJGL_00329	Cellobiose-specific PTS IIC component
C1CC44	AGAIBJGL_00330	Pyruvate formate-lyase
Q97SS2	AGAIBJGL_00331	Transaldolase
Q8DRB7	AGAIBJGL_00332	Glycerol dehydrogenase
A0AA86MIY7	AGAIBJGL_00333	Leucyl-tRNA synthetase
A0AA86MNV8	AGAIBJGL_00334	Acetyltransferase%2C GNAT family
A0A380LRV0	AGAIBJGL_00335	Acetyltransferase%2C GNAT family
	AGAIBJGL_00336	csRNA
	AGAIBJGL_00337	csRNA
Q8CWU7	AGAIBJGL_00338	Holliday junction DNA helicase RuvB
A0A0B7LYW5	AGAIBJGL_00339	Hypothetical protein
A0A0T8C549	AGAIBJGL_00340	Hypothetical protein
	AGAIBJGL_00341	csRNA
Q8DRB3	AGAIBJGL_00342	Undecaprenyl diphosphate synthase
C1CB37	AGAIBJGL_00343	Phosphatidate cytidylyltransferase
Q8DRB1	AGAIBJGL_00344	Intramembrane protease Eep
A0AA86JHF0	AGAIBJGL_00345	Prolyl-tRNA synthetase
A0AA86JQS7	AGAIBJGL_00346	6-phospho-beta-glucosidase
A0AA86JUT9	AGAIBJGL_00347	Glucosamine--fructose-6-phosphate aminotransferase
B2ISJ2	AGAIBJGL_00348	Oxidoreductase
	AGAIBJGL_00349	Srn266
A0AA86J856	AGAIBJGL_00350	IS1167 transposase
A0AAD2KE37	AGAIBJGL_00351	Pullulanase SpuA
E2DP60	AGAIBJGL_00352	SSU ribosomal protein S12p (S23e)
Q8CWU6	AGAIBJGL_00353	SSU ribosomal protein S7p (S5e)
C1CPE5	AGAIBJGL_00354	Translation elongation factor G
A0A6I3U6U1	AGAIBJGL_00355	IS1167 transposase
	AGAIBJGL_00356	Srn266
A0AA86JEM2	AGAIBJGL_00357	DNA polymerase III
Q8CZ81	AGAIBJGL_00358	Antitoxin RelB1
Q8DRA4	AGAIBJGL_00359	mRNA interferase RelE1
C1CC66	AGAIBJGL_00360	Hypothetical protein
C1CC67	AGAIBJGL_00361	Aminopeptidase PepS
Q8DRA2	AGAIBJGL_00362	Membrane protein
A0AA86JVZ5	AGAIBJGL_00363	Ribosomal small subunit pseudouridine synthase A
Q8DRA0	AGAIBJGL_00364	Aminopeptidase C
Q8DR99	AGAIBJGL_00365	Mannose-specific PTS IID component
Q8DR98	AGAIBJGL_00366	Mannose-specific PTS IIC component
C1CB58	AGAIBJGL_00367	Mannose-specific PTS IIAB components
A0A0B7LJS1	AGAIBJGL_00368	Alcohol dehydrogenase
B2ISL4	AGAIBJGL_00369	Hydrolase%2C HAD superfamily
B1I913	AGAIBJGL_00370	Guanine-hypoxanthine permease
A0AAE4FYI9	AGAIBJGL_00371	Membrane-bound protease%2C CAAX family
A0A0B4ZIS6	AGAIBJGL_00372	Dihydropteroate synthase
A0A0E9GVA6	AGAIBJGL_00373	Bifunctional dihydrofolate synthase/folylpolyglutamate synthase
C1CIH2	AGAIBJGL_00374	GTP cyclohydrolase I type 1
A0AA86J9Z1	AGAIBJGL_00375	Bifunctional dihydroneopterin aldolase/2-amino-4-hydroxy-6-hydroxymethyldihydropteridine pyrophosphokinase
A0A6I3U6U1	AGAIBJGL_00376	IS1167 transposase
	AGAIBJGL_00377	Srn266
Q8CZ79	AGAIBJGL_00378	Hypothetical protein
	AGAIBJGL_00379	L13_leader
Q8CWU5	AGAIBJGL_00380	LSU ribosomal protein L13p (L13Ae)
Q8CWU4	AGAIBJGL_00381	SSU ribosomal protein S9p (S16e)
A0A0U0HBS4	AGAIBJGL_00382	hypothetical protein
A0A4J1VX80	AGAIBJGL_00383	IS3 family transposase ISSpn11
Q8DNZ4	AGAIBJGL_00384	IS3 family transposase ISSpn11
A0A4J2BZE1	AGAIBJGL_00385	Maltodextrin glucosidase
	AGAIBJGL_00386	SpF11_sRNA
B1I935	AGAIBJGL_00387	Glutathione peroxidase family protein
M4Y9A8	AGAIBJGL_00388	Hyaluronate lyase precursor SpnHL
A0A4J1RX59	AGAIBJGL_00389	IS200/IS605 family transposase ISStin10
C1CC93	AGAIBJGL_00390	Bifunctional 4-hydroxy-2-oxoglutarate aldolase/2-dehydro-3-deoxyphosphogluconate aldolase
B2ISN9	AGAIBJGL_00391	2-dehydro-3-deoxygluconokinase
C1CB98	AGAIBJGL_00392	Putative 4-deoxy-L-threo-5-hexosulose-uronate ketol-isomerase
Q8DR79	AGAIBJGL_00393	2-deoxy-D-gluconate 3-dehydrogenase
Q8DR78	AGAIBJGL_00394	Hyaluronate-oligosaccharide-specific PTS IIA component
A0A4J2BZH8	AGAIBJGL_00395	Unsaturated chondroitin disaccharide hydrolase
A0A4M6D2F1	AGAIBJGL_00396	Hyaluronate-oligosaccharide-specific PTS IIB component
Q8DR75	AGAIBJGL_00397	Hyaluronate-oligosaccharide-specific PTS IIC component
C1CBA4	AGAIBJGL_00398	Hyaluronate-oligosaccharide-specific PTS IID component
Q8DR73	AGAIBJGL_00399	Preprotein translocase subunit YajC
B2ISP8	AGAIBJGL_00400	Oligohyaluronate lyase
C1CCA4	AGAIBJGL_00401	Transcriptional regulator RegR
C1CCA5	AGAIBJGL_00402	hypothetical protein
Q8CZ72	AGAIBJGL_00403	Hypothetical protein
B2ISQ1	AGAIBJGL_00404	Transcriptional regulator%2C PbsX family
H8ZYQ0	AGAIBJGL_00405	16S rRNA (cytosine(1402)-N(4))-methyltransferase MraW
Q8DR70	AGAIBJGL_00406	Cell division protein FtsL
A5YI56	AGAIBJGL_00407	Penicillin-binding protein 2X
T2BQ24	AGAIBJGL_00408	Phospho-N-acetylmuramoyl-pentapeptide- transferase
A0A4J1UQE6	AGAIBJGL_00409	Putative ATP-dependent Clp proteinase ATP-binding subunit ClpL
	AGAIBJGL_00410	group-II-D1D4-3
Q04MC2	AGAIBJGL_00411	Bifunctional S-ribosylhomocysteine lyase/autoinducer-2 production protein LuxS
A0A4J1V132	AGAIBJGL_00412	ATP-dependent Zn protease
A0AA86XXS9	AGAIBJGL_00413	Glucan 1%2C6-alpha-glucosidase
Q8CZ69	AGAIBJGL_00414	S-ribosylhomocysteinase
A0A4J1VSX9	AGAIBJGL_00415	IS630 family transposase IS630-Spn1
Q4K240	AGAIBJGL_00416	Exopolysaccharide biosynthesis transcriptional regulator Cps2A
Q4K239	AGAIBJGL_00417	Tyrosine-protein phosphatase Cps2B
Q4K238	AGAIBJGL_00418	Capsular biosynthesis protein Cps2C
Q4K237	AGAIBJGL_00419	Tyrosine-protein kinase Cps2D
Q4K236	AGAIBJGL_00420	Undecaprenyl-phosphate galactosephosphotransferase Cps2E
Q4K235	AGAIBJGL_00421	hypothetical protein
Q4K234	AGAIBJGL_00422	hypothetical protein
Q4K233	AGAIBJGL_00423	Putative glycosyltransferase EpsF
Q4K232	AGAIBJGL_00424	hypothetical protein
Q4K285	AGAIBJGL_00425	hypothetical protein
Q4K230	AGAIBJGL_00426	hypothetical protein
Q4K229	AGAIBJGL_00427	2%2C3%2C4%2C5-tetrahydropyridine-2%2C6-dicarboxylate N-acetyltransferase
Q4K228	AGAIBJGL_00428	hypothetical protein
Q4K227	AGAIBJGL_00429	hypothetical protein
Q4K226	AGAIBJGL_00430	Glycerol-3-phosphate cytidylyltransferase
Q4K225	AGAIBJGL_00431	hypothetical protein
A0A0I5V9Y4	AGAIBJGL_00432	Oligopeptide ABC transporter%2C periplasmic oligopeptide-binding protein AliA
A0A1B2AI37	AGAIBJGL_00433	Endo-alpha-N-acetylgalactosaminidase Eng
B2ILR1	AGAIBJGL_00434	Multimodular transpeptidase-transglycosylase%2C penicillin-binding protein 1A
A0A0T8K9Y1	AGAIBJGL_00435	RecU Holliday junction resolvase
Q8DR58	AGAIBJGL_00436	Hypothetical protein
Q97SI9	AGAIBJGL_00437	Cell division protein GpsB
	AGAIBJGL_00438	RNaseP_bact_b
A0A0F7YEH5	AGAIBJGL_00439	23S rRNA (guanine(2445)-N(2))-methyltransferase
A0A4J2CUQ7	AGAIBJGL_00440	Mid-cell-anchored protein Z
A0A0B7KR15	AGAIBJGL_00441	6-phosphogluconate dehydrogenase%2C decarboxylating
B1I9H6	AGAIBJGL_00442	Orphan response regulator RitR
A0A4J2A7F9	AGAIBJGL_00443	Choline-binding protein CbpF
A0A0T8SNV1	AGAIBJGL_00444	Macrolide-efflux protein
A0A0I8L9H0	AGAIBJGL_00445	hypothetical protein
A0A0E7XKA4	AGAIBJGL_00446	hypothetical protein
C1C5C0	AGAIBJGL_00447	Mevalonate kinase
Q8DR50	AGAIBJGL_00448	Diphosphomevalonate decarboxylase
A0A0I7PGG9	AGAIBJGL_00449	Phosphomevalonate kinase
Q97SH8	AGAIBJGL_00450	Isopentenyl-diphosphate delta-isomerase%2C FMN-dependent
A0A4M7M2N2	AGAIBJGL_00451	Cell wall-active antibiotics response protein VraT
Q9S1J8	AGAIBJGL_00452	Two-component system sensor histidine kinase VraS
Q9S1J7	AGAIBJGL_00453	Two-component transcriptional regulator VraR
A0A4U8X769	AGAIBJGL_00454	hypothetical protein
C1C5C9	AGAIBJGL_00455	Hypothetical protein
A0A0U0JZY9	AGAIBJGL_00456	hypothetical protein
A0A0T8NJH8	AGAIBJGL_00457	hypothetical protein
C1CIQ2	AGAIBJGL_00458	Cell division trigger factor
C1CCG8	AGAIBJGL_00459	RecD-like DNA helicase YrrC
Q3I0J5	AGAIBJGL_00460	Signal peptidase I
A0A0U0GR56	AGAIBJGL_00461	Ribonuclease HIII
C1CCH1	AGAIBJGL_00462	Z-ring positive regulator ZapA
C1C5E3	AGAIBJGL_00463	Z-ring positive regulator ZapB
A0AA86J9N4	AGAIBJGL_00464	Recombination inhibitory protein MutS2
	AGAIBJGL_00465	Glycine
A0A0I7ZKR7	AGAIBJGL_00466	Sodium/glycine symporter GlyP
Q8DR24	AGAIBJGL_00467	Macrophage infectivity potentiator protein
B2ILV6	AGAIBJGL_00468	Exfoliative toxin A
Q97SG0	AGAIBJGL_00469	Seryl-tRNA synthetase
C1C5E9	AGAIBJGL_00470	Putative regulator of the mannose operon ManO
Q8DR20	AGAIBJGL_00471	Aspartokinase
C1CCI0	AGAIBJGL_00472	Trans-2%2Ccis-3-Decenoyl-ACP isomerase
Q8DR18	AGAIBJGL_00473	Transcriptional regulator of fatty acid biosynthesis FabT
C1CIR8	AGAIBJGL_00474	3-oxoacyl-(acyl-carrier-protein) synthase FabH
P0A2W1	AGAIBJGL_00475	Acyl carrier protein
C1C5F6	AGAIBJGL_00476	Enoyl-(acyl-carrier-protein) reductase FabK
Q9FBC4	AGAIBJGL_00477	Malonyl CoA-acyl carrier protein transacylase FabD
C1CCI6	AGAIBJGL_00478	3-oxoacyl-[acyl-carrier protein] reductase FabG1
Q8DR14	AGAIBJGL_00479	3-oxoacyl-(acyl-carrier-protein) synthase FabF
C1C5G0	AGAIBJGL_00480	Biotin carboxyl carrier protein of acetyl-CoA carboxylase
Q04M51	AGAIBJGL_00481	3-hydroxyacyl-(acyl-carrier-protein) dehydratase FabZ
Q9FBB9	AGAIBJGL_00482	Biotin carboxylase of acetyl-CoA carboxylase
Q7CRB7	AGAIBJGL_00483	Acetyl-coenzyme A carboxyl transferase beta chain
A0A064BZA7	AGAIBJGL_00484	Acetyl-coenzyme A carboxyl transferase alpha chain
A0A4J2AQS9	AGAIBJGL_00485	Hypothetical protein
C1C5G7	AGAIBJGL_00486	hypothetical protein
C1C5G8	AGAIBJGL_00487	Transcription termination protein NusB
C1C5G9	AGAIBJGL_00488	Alkaline shock protein
Q04M43	AGAIBJGL_00489	Translation elongation factor P
A0A0U0GRD0	AGAIBJGL_00490	Bifunctional aspartyl-tRNA(Asp) amidotransferase subunit B/glutamyl-tRNA(Glu) amidotransferase subunit B
C1C5H2	AGAIBJGL_00491	Bifunctional aspartyl-tRNA(Asp) amidotransferase subunit A/glutamyl-tRNA(Glu) amidotransferase subunit A
Q04M40	AGAIBJGL_00492	Bifunctional aspartyl-tRNA(Asp) amidotransferase subunit C/glutamyl-tRNA(Glu) amidotransferase subunit C
A0A0U0EEM5	AGAIBJGL_00493	Peptide chain release factor 3
A0A064BZB4	AGAIBJGL_00494	LSU ribosomal protein L28p
C1CCK5	AGAIBJGL_00495	Putative alkaline-shock protein
Q8DR06	AGAIBJGL_00496	Dihydroxyacetone kinase-like protein
C1CCK7	AGAIBJGL_00497	Acetolactate synthase large subunit
Q8DR04	AGAIBJGL_00498	Acetolactate synthase small subunit
A0A098YY27	AGAIBJGL_00499	Ketol-acid reductoisomerase
C1C5I1	AGAIBJGL_00500	hypothetical protein
Q8CZ61	AGAIBJGL_00501	Hypothetical protein
Q8DR02	AGAIBJGL_00502	Threonine dehydratase
Q8CZ60	AGAIBJGL_00503	Hypothetical protein
Q8DR01	AGAIBJGL_00504	Glutamine ABC transporter ATP-binding protein GlnQ1
C1CCL6	AGAIBJGL_00505	Glutamine ABC transporter permease GlnHP1
A0AA86JU42	AGAIBJGL_00506	Hypothetical protein
A0AA86JPY3	AGAIBJGL_00507	hypothetical protein
Q04M23	AGAIBJGL_00508	Undecaprenyl-diphosphatase
A0A380LTW9	AGAIBJGL_00509	DNA polymerase IV
Q8DQZ6	AGAIBJGL_00510	Pyruvate formate-lyase
A0A0T8SMN8	AGAIBJGL_00511	IS1167 transposase
	AGAIBJGL_00512	Srn266
B1I9Q2	AGAIBJGL_00513	hypothetical protein
A7KTA8	AGAIBJGL_00514	hypothetical protein
A7KT39	AGAIBJGL_00515	hypothetical protein
A7KTB0	AGAIBJGL_00516	hypothetical protein
A7KT48	AGAIBJGL_00517	hypothetical protein
A7KT49	AGAIBJGL_00518	hypothetical protein
A7KT36	AGAIBJGL_00519	hypothetical protein
A0A4J1UA67	AGAIBJGL_00520	IS1167 transposase Orf2
A0AA86J984	AGAIBJGL_00521	IS1167 transposase Orf1
	AGAIBJGL_00522	Srn266
A0A0T8UQK3	AGAIBJGL_00523	hypothetical protein
Q8DQZ5	AGAIBJGL_00524	Hypothetical protein
A0A0T9I2B2	AGAIBJGL_00525	Hypothetical protein
B1I9R3	AGAIBJGL_00526	Xylose repressor protein
A0AA86J9J7	AGAIBJGL_00527	Cellobiose-specific PTS IIC component
A0AA86J862	AGAIBJGL_00528	Hypothetical protein
Q8DQZ2	AGAIBJGL_00529	Lactose-specific PTS IIA component
A0A0U0FQB7	AGAIBJGL_00530	6-phospho-beta-galactosidase
A0AA86MBL0	AGAIBJGL_00531	Lactose-specific PTS IIBC components
A0A0H2UNU3	AGAIBJGL_00532	Trk family potassium uptake protein TrkH
C1CCM8	AGAIBJGL_00533	Trk family potassium uptake protein TrkA
C1CCM9	AGAIBJGL_00534	Hypothetical protein
C1CIX7	AGAIBJGL_00535	Substrate-specific component MtsA of methionine-regulated ECF transporter
B2IM89	AGAIBJGL_00536	Hypothetical protein
A0AA86J976	AGAIBJGL_00537	Duplicated ATPase component MtsB of energizing module of methionine-regulated ECF transporter
A0AA86JU27	AGAIBJGL_00538	Transmembrane component MtsC of energizing module of methionine-regulated ECF transporter
	AGAIBJGL_00539	23S-methyl
A0A064C2A2	AGAIBJGL_00540	tRNA (cytidine(34)-2'-O)-methyltransferase
	AGAIBJGL_00541	FMN
A0AA86XGY0	AGAIBJGL_00542	Substrate-specific component RibU of riboflavin ECF transporter
A0A0B4ZJB2	AGAIBJGL_00543	Membrane-associated phospholipid phosphatase
A0A558P1W0	AGAIBJGL_00544	Hypothetical protein
B1IA30	AGAIBJGL_00545	Hypothetical protein
Q04LZ9	AGAIBJGL_00546	DNA-directed RNA polymerase delta subunit
A0A064C551	AGAIBJGL_00547	CTP synthase
A0AA86MBK6	AGAIBJGL_00548	Sodium-dependent phosphate transporter NptA
A0A6G2DB49	AGAIBJGL_00549	Endo-beta-N-acetylglucosaminidase EndoD
A0A0E9GZP4	AGAIBJGL_00550	Phosphoglycerate kinase
Q8CZ51	AGAIBJGL_00551	Hypothetical protein
Q8DQX7	AGAIBJGL_00552	Transcriptional regulator%2C MerR family
B1IA39	AGAIBJGL_00553	Glutamine synthetase type I
A0A6I3U6U1	AGAIBJGL_00554	IS1167 transposase
	AGAIBJGL_00555	Srn266
C1C5M8	AGAIBJGL_00556	hypothetical protein
A0A4J1R5Q6	AGAIBJGL_00557	Type I restriction-modification system%2C specificity subunit S components 1.1-2.1
C1CCQ0	AGAIBJGL_00558	Integrase/recombinase CreX (XerC/CodV family)
A0A0B7LDQ8	AGAIBJGL_00559	Type I restriction-modification system%2C specificity subunit S component 2.2
A0AA36VAE8	AGAIBJGL_00560	Type I restriction-modification system%2C specificity subunit S type F
Q8DQX1	AGAIBJGL_00561	Type I restriction-modification system DNA-methyltransferase subunit M
A0AA86JAR7	AGAIBJGL_00562	Type I restriction-modification system restriction subunit R
Q8CZ49	AGAIBJGL_00563	Hypothetical protein
Q04LY2	AGAIBJGL_00564	Heat-inducible transcription repressor HrcA
B2IMB4	AGAIBJGL_00565	Heat shock protein GrpE
A0A0T9I7B3	AGAIBJGL_00566	Chaperone protein DnaK
A0A0T8D8M9	AGAIBJGL_00567	Hypothetical protein
	AGAIBJGL_00568	SpF14_sRNA
A0A380LV94	AGAIBJGL_00569	Chaperone protein DnaJ
Q8CZ48	AGAIBJGL_00570	Hypothetical protein
A0A380LSE3	AGAIBJGL_00571	Histidine triad nucleotide-binding protein
A0AA86MPB8	AGAIBJGL_00572	ABC transporter ATP-binding protein EcsA
C1C5P4	AGAIBJGL_00573	ABC transporter permease protein EcsB
Q9FBH2	AGAIBJGL_00574	BlpT protein
A0A380LSE1	AGAIBJGL_00575	BlpS protein
Q9S1I6	AGAIBJGL_00576	Two-component system response regulator BlpR
A0AA86J9S7	AGAIBJGL_00577	Two-component system sensor histidine kinase BlpH
Q9ETW0	AGAIBJGL_00578	Peptide pheromone BlpC
A0AA86J8T8	AGAIBJGL_00579	Competence-stimulating peptide ABC transporter permease protein ComB
A0A0Y0FP33	AGAIBJGL_00580	Competence-stimulating peptide ABC transporter ATP-binding protein ComA
A0A380LSF4	AGAIBJGL_00581	Competence-stimulating peptide ABC transporter ATP-binding protein ComA
Q9EU53	AGAIBJGL_00582	hypothetical protein
Q9ETM2	AGAIBJGL_00583	hypothetical protein
A7XH96	AGAIBJGL_00584	Bacteriocin BlpU
Q9EW64	AGAIBJGL_00585	hypothetical protein
C1C5Q7	AGAIBJGL_00586	hypothetical protein
A0AA86MPC1	AGAIBJGL_00587	IS5 family transposase ISSpn7
A0AA86MG24	AGAIBJGL_00588	hypothetical protein
A0AA86MG24	AGAIBJGL_00589	IS1381 transposase OrfB
Q9ETC8	AGAIBJGL_00590	Bacteriocin lactacin-F subunit LafA
Q9ETA3	AGAIBJGL_00591	hypothetical protein
A0AA86JDQ7	AGAIBJGL_00592	hypothetical protein
A0A4J2BV25	AGAIBJGL_00593	Bacteriocin immunity protein BlpY
Q9FBH0	AGAIBJGL_00594	Immunity protein BlpZ
I6L8M4	AGAIBJGL_00595	hypothetical protein
A0A4J2BVZ5	AGAIBJGL_00596	Putative protease
C1CCT2	AGAIBJGL_00597	Aminoglycoside phosphotransferase family protein
A0A064C0Y7	AGAIBJGL_00598	tRNA (guanine46-N7-)-methyltransferase
Q97S61	AGAIBJGL_00599	Bacterial ribosome SSU maturation protein RimP
C1CCT5	AGAIBJGL_00600	Transcription termination/antitermination protein NusA
Q8DQV4	AGAIBJGL_00601	Putative nucleic-acid-binding protein implicated in transcription termination
C1CCT7	AGAIBJGL_00602	L7Ae family ribosomal protein
A0A098ZI69	AGAIBJGL_00603	Translation initiation factor 2
C1CQ49	AGAIBJGL_00604	Ribosome-binding factor A
A0AA86MG29	AGAIBJGL_00605	Hypothetical protein
A0AA86MC76	AGAIBJGL_00606	Hypothetical protein
Q8CZ42	AGAIBJGL_00607	Glycerate kinase
A0AA86JDR4	AGAIBJGL_00608	Hypothetical protein
Q8CZ41	AGAIBJGL_00609	Hypothetical protein
C1CCU6	AGAIBJGL_00610	Hypothetical protein
A0AA86J8W0	AGAIBJGL_00611	Acetyltransferase
C1C5U2	AGAIBJGL_00612	hypothetical protein
A0AA86JRA8	AGAIBJGL_00613	Valyl-tRNA synthetase
Q8DQU6	AGAIBJGL_00614	Hypothetical protein
A0AA86JAS5	AGAIBJGL_00615	Fic domain protein
A0A0T9GKD1	AGAIBJGL_00616	IS3 family transposase ISSpn11
A0A380LW28	AGAIBJGL_00617	Putative transposase InsK for insertion sequence element IS150
A0A4J2ARN3	AGAIBJGL_00618	IS3 family transposase ISSpn11
Q8DNZ4	AGAIBJGL_00619	IS3 family transposase ISSpn11
	AGAIBJGL_00620	SpF19_sRNA
B2IMP8	AGAIBJGL_00621	Beta-glucoside bgl operon antiterminator BglG
A0AA86JAD4	AGAIBJGL_00622	Beta-glucoside-specific PTS IIBCA components
A0AA86J8C1	AGAIBJGL_00623	6-phospho-beta-glucosidase
A0AA86JHG0	AGAIBJGL_00624	Phenylalanyl-tRNA synthetase alpha chain
Q8DQT7	AGAIBJGL_00625	N1-spermidine/spermine acetyltransferase PaiA
A0A4J1PEM1	AGAIBJGL_00626	Phenylalanyl-tRNA synthetase beta chain
A0A4J2BTD4	AGAIBJGL_00627	Putative integral membrane protein
A0A4J1W747	AGAIBJGL_00628	ISSpn8 transposase
C1CCW2	AGAIBJGL_00629	5-methyltetrahydropteroyltriglutamate-- homocysteine methyltransferase
C1CCW3	AGAIBJGL_00630	5%2C10-methylenetetrahydrofolate reductase
B8ZMC0	AGAIBJGL_00631	Polyribonucleotide nucleotidyltransferase
A0A0B7LFB4	AGAIBJGL_00632	Serine acetyltransferase
C1CCW6	AGAIBJGL_00633	Acetyltransferase%2C GNAT family
C1CCW7	AGAIBJGL_00634	Cysteinyl-tRNA synthetase
C1CCW8	AGAIBJGL_00635	Mini-ribonuclease III
A0A0U0HM90	AGAIBJGL_00636	Leucine rich protein
A0A0T8BJF5	AGAIBJGL_00637	hypothetical protein
	AGAIBJGL_00638	Intron_gpII
C1C5W8	AGAIBJGL_00639	Peptide ABC transporter membrane-spanning permease Vex1
C1CCX5	AGAIBJGL_00640	ABC transporter ATP-binding protein Vex2
Q9S4J0	AGAIBJGL_00641	Peptide ABC transporter membrane-spanning permease Vex3
C1CCX7	AGAIBJGL_00642	Two-component system response regulator VncR
B9W4V3	AGAIBJGL_00643	Two-component system sensor histidine kinase VncS
C1CCX9	AGAIBJGL_00644	Class II fructose-bisphosphate aldolase
A0A559ECT2	AGAIBJGL_00645	Oxidoreductase
A0AA86MNX9	AGAIBJGL_00646	Glutamine ABC transporter permease GlnP2a
A0AA86MFV6	AGAIBJGL_00647	Glutamine ABC transporter substrate-binding protein GlnH2
A0A0U0GWA3	AGAIBJGL_00648	Glutamine ABC transporter ATP-binding protein GlnQ4
A0AA86JJA8	AGAIBJGL_00649	Single-stranded-DNA-specific exonuclease RecJ
A0A4L4DXC1	AGAIBJGL_00650	Ribonuclease J2
A0A4J1MKZ9	AGAIBJGL_00651	Tributyrin esterase
Q9EZP8	AGAIBJGL_00652	tRNA-dependent lipid II--L-alanine/serine ligase MurM
Q4TUI8	AGAIBJGL_00653	tRNA-dependent lipid II-Ala--L-alanine ligase MurN
A0A0B4ZHG5	AGAIBJGL_00654	hypothetical protein
A0A0B4ZJQ7	AGAIBJGL_00655	Putative Zn-dependent protease
A0A064C2N6	AGAIBJGL_00656	Excinuclease ABC subunit C
A0A064C2P1	AGAIBJGL_00657	Serine/threonine protein phosphatase
Q8CWT0	AGAIBJGL_00658	Cysteine ABC transporter substrate-binding protein
A0A064BYJ2	AGAIBJGL_00659	Bifunctional oxygen-insensitive NAD(P)H nitroreductase/dihydropteridine reductase
Q8DQQ6	AGAIBJGL_00660	Dipeptidase PepV
C1CCZ5	AGAIBJGL_00661	Uracil-DNA glycosylase
Q8CZ26	AGAIBJGL_00662	hypothetical protein
	AGAIBJGL_00663	SpF22_sRNA
C1C5Z4	AGAIBJGL_00664	Branched-chain amino acid transport system carrier protein
A0A380LYA4	AGAIBJGL_00665	Deblocking aminopeptidase
A0A380LUC5	AGAIBJGL_00666	Histidine triad family protein
A0A062WT68	AGAIBJGL_00667	L%2CD-carboxypeptidase
Q97RZ6	AGAIBJGL_00668	LSU ribosomal protein L11p (L12e)
Q04LP6	AGAIBJGL_00669	LSU ribosomal protein L1p (L10Ae)
	AGAIBJGL_00670	Intron_gpII
A0AA86J8F1	AGAIBJGL_00671	Hypothetical protein
A0A0U0GZ72	AGAIBJGL_00672	Hypothetical protein
Q8DQQ0	AGAIBJGL_00673	ABC transporter ATP-binding protein
Q8DQP9	AGAIBJGL_00674	Antibiotic ABC transporter permease protein
Q8DQP8	AGAIBJGL_00675	Multidrug ABC transporter permease protein
A0A0H2UP15	AGAIBJGL_00676	hypothetical protein
A0AA86JI90	AGAIBJGL_00677	Serine protease PrtA precursor
A0A6G2DW14	AGAIBJGL_00678	Galactose-specific PTS IIA component
Q8CZ23	AGAIBJGL_00679	Galactose-specific PTS IIB component
Q8DQP5	AGAIBJGL_00680	Galactose-specific PTS IIC component
A0A4M7PZW7	AGAIBJGL_00681	Hypothetical protein
A0AA86JK77	AGAIBJGL_00682	Beta-galactosidase BgaA
C1CD17	AGAIBJGL_00683	hypothetical protein
C1CD18	AGAIBJGL_00684	hypothetical protein
	AGAIBJGL_00685	SpF25_sRNA
C1CD20	AGAIBJGL_00686	Hypothetical protein
B2IMW3	AGAIBJGL_00687	hypothetical protein
B2IMW4	AGAIBJGL_00688	hypothetical protein
Q8DQP3	AGAIBJGL_00689	Putative rRNA methylase YtqB
C1CD22	AGAIBJGL_00690	Hypothetical protein
C1CD23	AGAIBJGL_00691	Na+/H+ antiporter
C1CD24	AGAIBJGL_00692	Inner membrane protein YihY
C1CD25	AGAIBJGL_00693	Cytochrome c-type biogenesis protein CcdA-1
A0AA87CBX6	AGAIBJGL_00694	Thiol:disulfide oxidoreductase
C1C622	AGAIBJGL_00695	Peptide methionine sulfoxide reductase MsrAB2
Q8DQN8	AGAIBJGL_00696	Two-component response regulator YesN
A0A654UAR9	AGAIBJGL_00697	Two-component sensor kinase YesM
A0A5R9AXL8	AGAIBJGL_00698	YwlG
A0AA86MCC3	AGAIBJGL_00699	hypothetical protein
A0AA86MG69	AGAIBJGL_00700	Bifunctional para-aminobenzoate synthase%2C aminase component/aminodeoxychorismate lyase
A0A0B7L5A0	AGAIBJGL_00701	2-succinyl-6-hydroxy-2%2C4-cyclohexadiene-1-carboxylate synthase
A0AA86MJA8	AGAIBJGL_00702	hypothetical protein
A0AA86MKA4	AGAIBJGL_00703	Glucokinase
Q04LL8	AGAIBJGL_00704	Thymidylate synthase
Q8CZ15	AGAIBJGL_00705	Hypothetical protein
A0AA86JVG4	AGAIBJGL_00706	tRNA dimethylallyltransferase MiaA
A0AA86JRF7	AGAIBJGL_00707	GTP-binding protein HflX
A0AA86JI68	AGAIBJGL_00708	Cystathionine beta-lyase
A0AA86J931	AGAIBJGL_00709	Ribonuclease Z
A0A380LWD0	AGAIBJGL_00710	Short-chain dehydrogenase
A0A6I3U6U1	AGAIBJGL_00711	IS1167 transposase
	AGAIBJGL_00712	Srn266
Q8DQM9	AGAIBJGL_00713	Methionine biosynthesis and transport regulator MtaR%2C LysR family
Q8DQM8	AGAIBJGL_00714	Hypothetical protein
Q8DQM7	AGAIBJGL_00715	Rhodanese-like domain protein
B2IN70	AGAIBJGL_00716	Ribosomal small subunit pseudouridine synthase A
A0AA86Y837	AGAIBJGL_00717	GTP-binding protein TypA
Q8CZ11	AGAIBJGL_00718	Putative membrane protein
A0AA86MCE8	AGAIBJGL_00719	Hypothetical protein
A0A0D6J8S4	AGAIBJGL_00720	Putative immunity protein
A0AA86MPI9	AGAIBJGL_00721	ABC transporter ATP-binding protein
A0AA86MJC5	AGAIBJGL_00722	UDP-N-acetylmuramoylalanine--D-glutamate ligase
A0AA86MKC2	AGAIBJGL_00723	UDP-N-acetylglucosamine--N-acetylmuramyl- (pentapeptide) pyrophosphoryl-undecaprenol N-acetylglucosamine transferase
A0A9P1Q6T2	AGAIBJGL_00724	Cell division protein DivIB
	AGAIBJGL_00725	PyrR
A0AA86JB32	AGAIBJGL_00726	Orotidine 5'-phosphate decarboxylase
B5E302	AGAIBJGL_00727	Orotate phosphoribosyltransferase
A0A0E9GWH4	AGAIBJGL_00728	Hypothetical protein
A0AA86JIB3	AGAIBJGL_00729	Hypothetical protein
A0AA86J973	AGAIBJGL_00730	Hypothetical protein
A0A0T8NJR8	AGAIBJGL_00731	Hypothetical protein
A0A0E8ZVN9	AGAIBJGL_00732	ABC transporter ATP-binding protein
Q8DQL3	AGAIBJGL_00733	Amino acid ABC transporter amino acid-binding/permease protein
Q8DQL2	AGAIBJGL_00734	hypothetical protein
A0AA86MCE2	AGAIBJGL_00735	Glutamine ABC transporter ATP-binding protein GlnQ3
A0A0I9CA19	AGAIBJGL_00736	Glutamine ABC transporter ATP-binding protein GlnQ3
A0AA86MPI5	AGAIBJGL_00737	Glutamine ABC transporter permease GlnP3b
A0A0B7MCX0	AGAIBJGL_00738	Glutamine ABC transporter permease GlnP3a
B2IN94	AGAIBJGL_00739	L-Lactate 2-monooxygenase
A0AA86JED3	AGAIBJGL_00740	Class II lysyl-tRNA synthetase
A0AA86JB23	AGAIBJGL_00741	L-Lactate 2-monooxygenase
	AGAIBJGL_00742	TPP
Q8DQK6	AGAIBJGL_00743	Thiaminase II
Q8DQK5	AGAIBJGL_00744	Hydroxyethylthiazole kinase
A0AA87CCP8	AGAIBJGL_00745	Thiamin-phosphate pyrophosphorylase
	AGAIBJGL_00746	TPP
C1CD71	AGAIBJGL_00747	Substrate-specific component YkoE of thiamin-regulated ECF transporter for hydroxymethylpyrimidine
B2INA2	AGAIBJGL_00748	Duplicated ATPase component YkoD of energizing module of thiamin-regulated ECF transporter for hydroxymethylpyrimidine
B2INA3	AGAIBJGL_00749	Transmembrane component YkoC of energizing module of thiamin-regulated ECF transporter for hydroxymethylpyrimidine
B2INA4	AGAIBJGL_00750	Thiaminase II TenA
B2INA5	AGAIBJGL_00751	Substrate-specific component ThiW of putative thiazole ECF transporter
B8ZN21	AGAIBJGL_00752	Hydroxyethylthiazole kinase
B2INA7	AGAIBJGL_00753	Thiamin-phosphate pyrophosphorylase
B2INA8	AGAIBJGL_00754	Hydroxymethylpyrimidine phosphate kinase ThiD
	AGAIBJGL_00755	TPP
C1CD79	AGAIBJGL_00756	Negative transcriptional regulator of copper transport operon
C1C677	AGAIBJGL_00757	Copper-exporting ATPase
A0AA86JEC3	AGAIBJGL_00758	Lead%2C cadmium%2C copper%2C zinc and mercury transporting P-type ATPase
C1CD82	AGAIBJGL_00759	Pyruvate oxidase
Q8CZ01	AGAIBJGL_00760	Hypothetical protein
A0AA95IJ83	AGAIBJGL_00761	IS630 family transposase ISSpn2
A0AA86MJ61	AGAIBJGL_00762	IS630 family transposase ISSpn2
A0A380LT38	AGAIBJGL_00763	6-phospho-beta-glucosidase
Q8DQJ1	AGAIBJGL_00764	Mannose-6-phosphate isomerase
A0AA86JAN4	AGAIBJGL_00765	Sodium-dependent transporter
B2INC1	AGAIBJGL_00766	Sodium-dependent transporter
A0AA86JR73	AGAIBJGL_00767	HTH-type transcriptional activator mta
B2INC3	AGAIBJGL_00768	MutT/Nudix family protein
Q8DQI7	AGAIBJGL_00769	NAD(FAD)-utilizing dehydrogenase
Q97RQ6	AGAIBJGL_00770	DegV family protein
Q8DQI5	AGAIBJGL_00771	Transcriptional regulator%2C AcrR family
C1CD94	AGAIBJGL_00772	dCMP deaminase
Q8DQI3	AGAIBJGL_00773	Uracil phosphoribosyltransferase
Q04LF4	AGAIBJGL_00774	ATP-dependent Clp protease proteolytic subunit ClpP
A0A0T9AB05	AGAIBJGL_00775	Hypothetical protein
C1CD98	AGAIBJGL_00776	High-affinity leucine-specific transport system%2C periplasmic binding protein LivJ
C1CD99	AGAIBJGL_00777	High-affinity branched-chain amino acid transport system permease protein LivH
Q8DQH9	AGAIBJGL_00778	Branched-chain amino acid transport system permease protein LivM
Q8DQH8	AGAIBJGL_00779	Branched-chain amino acid transport ATP-binding protein LivG
A0AA86JAM5	AGAIBJGL_00780	Branched-chain amino acid transport ATP-binding protein LivF
Q8DQH6	AGAIBJGL_00781	CBS domain protein
A0A0T8VFF4	AGAIBJGL_00782	Peptide chain release factor 2
C1C6A0	AGAIBJGL_00783	Cell division transporter%2C ATP-binding protein FtsE
B2INE0	AGAIBJGL_00784	Cell division protein FtsX
A0A0B7LD25	AGAIBJGL_00785	Maltose- and glucose-specific PTS IICBA components
C1CDA8	AGAIBJGL_00786	Exodeoxyribonuclease III
A0AA86JDL9	AGAIBJGL_00787	ATP-dependent RNA helicase YqfR
Q8DQH0	AGAIBJGL_00788	S-adenosylmethionine synthetase
Q9X9S0	AGAIBJGL_00789	Dihydroorotate dehydrogenase (fumarate)
A0A0B7L8W0	AGAIBJGL_00790	DNA polymerase III delta subunit
C1C6A8	AGAIBJGL_00791	Manganese superoxide dismutase
C1C6A9	AGAIBJGL_00792	hypothetical protein
A0AA86MK41	AGAIBJGL_00793	Bifunctional 23S rRNA (adenine(2503)-C(2))-methyltransferase/tRNA (adenine(37)-C(2))-methyltransferase
A0A064BZ89	AGAIBJGL_00794	VanZF-related protein
C1C6B2	AGAIBJGL_00795	ABC transporter ATP-binding protein
C1C6B3	AGAIBJGL_00796	Peptidyl-prolyl cis-trans isomerase
C1C6B4	AGAIBJGL_00797	Hypothetical protein
Q04LD0	AGAIBJGL_00798	SSU ribosomal protein S16p
C1CDC4	AGAIBJGL_00799	KH domain RNA-binding protein
A0A0T9ZUZ3	AGAIBJGL_00800	hypothetical protein
Q8CYZ2	AGAIBJGL_00801	hypothetical protein
Q8DQG3	AGAIBJGL_00802	16S rRNA processing protein RimM
Q8CWS4	AGAIBJGL_00803	tRNA (guanine(37)-N(1))-methyltransferase
Q8CYZ1	AGAIBJGL_00804	Anaerobic ribonucleoside-triphosphate reductase
B2INF8	AGAIBJGL_00805	Hypothetical protein
Q8DQG2	AGAIBJGL_00806	Hypothetical protein
C1CDD2	AGAIBJGL_00807	Substrate-specific component BioY of biotin ECF transporter
A0AA86MK36	AGAIBJGL_00808	Glutathione reductase
A0A0B7MDJ4	AGAIBJGL_00809	Periplasmic component of efflux system
Q8DQF8	AGAIBJGL_00810	ABC transporter ATP-binding protein
C1C6C9	AGAIBJGL_00811	ABC transporter permease protein
A0AA95DA03	AGAIBJGL_00812	Methionyl-tRNA synthetase
Q8DQF6	AGAIBJGL_00813	Transcriptional regulator%2C PadR family
C1CDE4	AGAIBJGL_00814	Hypothetical protein
A0A4J2CDM8	AGAIBJGL_00815	Hypothetical protein
C1C6D4	AGAIBJGL_00816	Putative oxidoreductase
B2INR6	AGAIBJGL_00817	Hypothetical protein
Q8CWS3	AGAIBJGL_00818	3-Ketoacyl-ACP reductase
A0A4J2FX54	AGAIBJGL_00819	MutT/Nudix family protein
A0A380LV17	AGAIBJGL_00820	PEP-utilizing enzyme family protein
A0A380LYQ1	AGAIBJGL_00821	Hypothetical protein
A0A0I9CPU3	AGAIBJGL_00822	Lysyl aminopeptidase PepN
A0A6I3U6U1	AGAIBJGL_00823	IS1167 transposase
	AGAIBJGL_00824	Srn266
C1CDF5	AGAIBJGL_00825	Two-component system response regulator CiaR
Q7B3G0	AGAIBJGL_00826	Two-component system sensor histidine kinase CiaH
Q8CYY6	AGAIBJGL_00827	Hypothetical protein
A0AA86JBW8	AGAIBJGL_00828	Protease
A0A0U0HAD6	AGAIBJGL_00829	Bifunctional DinG family ATP-dependent helicase YoaA/DnaQ family exonuclease
A0AA86JS65	AGAIBJGL_00830	Cell shape-determining protein RodA
A0A0E7V8F7	AGAIBJGL_00831	4-methyl-5(b-hydroxyethyl)-thiazole monophosphate biosynthesis enzyme
Q8DQE6	AGAIBJGL_00832	Hydrolase%2C haloacid dehalogenase-like family
Q3HZC3	AGAIBJGL_00833	DNA gyrase subunit B
A0AA86JAZ7	AGAIBJGL_00834	Septation ring formation regulator EzrA
A0AA86MJ61	AGAIBJGL_00835	IS630 family transposase ISSpn2
A0AA95IJ83	AGAIBJGL_00836	IS630 family transposase ISSpn2
A0A064C0Q4	AGAIBJGL_00837	IS66 family transposase Orf2
Q8CYY5	AGAIBJGL_00838	Hypothetical protein
A0A4I7EM66	AGAIBJGL_00839	MutT/Nudix family protein
A0AA86MPP1	AGAIBJGL_00840	IS630 family transposase IS630-Spn1
A0AA86MGG3	AGAIBJGL_00841	ATP-dependent Clp protease ATP-binding subunit ClpE
Q8DQD6	AGAIBJGL_00842	Hypothetical protein
A0AA95D6I0	AGAIBJGL_00843	Glutamine ABC transporter permease GlnP4
C1CDH2	AGAIBJGL_00844	Glutamine ABC transporter ATP-binding protein GlnQ4
A0AA86JAM2	AGAIBJGL_00845	Bifunctional methylenetetrahydrofolate dehydrogenase (NADP+)/methenyltetrahydrofolate cyclohydrolase
B1IAZ6	AGAIBJGL_00846	ADP-dependent (S)-NAD(P)H-hydrate dehydratase
Q04L82	AGAIBJGL_00847	Ribose 5-phosphate isomerase A
B2INU6	AGAIBJGL_00848	Phosphopentomutase
B2INU7	AGAIBJGL_00849	hypothetical protein
B2INU8	AGAIBJGL_00850	hypothetical protein
Q8CWS2	AGAIBJGL_00851	Bifunctional purine nucleoside phosphorylase/N-ribosylnicotinamide phosphorylase
A0A380LV37	AGAIBJGL_00852	hypothetical protein
A0AA86MKJ9	AGAIBJGL_00853	Thiol-activated cytolysin
A0A0T8SLS4	AGAIBJGL_00854	Purine nucleoside phosphorylase
Q8DQC8	AGAIBJGL_00855	FlaR-related DNA topology modulation protein
Q8CWS0	AGAIBJGL_00856	SSU ribosomal protein S20p
Q04L73	AGAIBJGL_00857	Pantothenate kinase
B1IB09	AGAIBJGL_00858	Hypothetical protein
A0A0B7M146	AGAIBJGL_00859	16S rRNA (guanine(1207)-N(2))-methyltransferase
A0A0T8LNS1	AGAIBJGL_00860	Pyrimidine-nucleoside phosphorylase
B2INW0	AGAIBJGL_00861	Deoxyribose-phosphate aldolase
C1C6H8	AGAIBJGL_00862	Cytidine deaminase
C1C6H9	AGAIBJGL_00863	Nucleoside-binding protein
A0AA86JRX1	AGAIBJGL_00864	Putative deoxyribose-specific ABC transporter ATP-binding protein
B2INW4	AGAIBJGL_00865	Putative deoxyribose-specific ABC transporter permease protein
C1C6I2	AGAIBJGL_00866	Putative deoxyribose-specific ABC transporter permease protein
A0A4J2FPC2	AGAIBJGL_00867	IS3 family transposase ISSpn11
A0A0E8AVY5	AGAIBJGL_00868	hypothetical protein
A0A4G2AB56	AGAIBJGL_00869	IS3 family transposase ISSpn11
Q8DR38	AGAIBJGL_00870	IS3 family transposase ISSpn11
	AGAIBJGL_00871	Srn266
A0A6I3U6U1	AGAIBJGL_00872	IS1167 transposase
Q04L63	AGAIBJGL_00873	Acyl-phosphate:glycerol-3-phosphate O-acyltransferase PlsY
Q3HZ74	AGAIBJGL_00874	Topoisomerase IV subunit B
B2INX2	AGAIBJGL_00875	Restriction enzyme BcgI alpha chain-like protein
A0AA86JA03	AGAIBJGL_00876	Topoisomerase IV subunit A
B1IB24	AGAIBJGL_00877	Branched-chain amino acid aminotransferase
A0AA86MJU1	AGAIBJGL_00878	Oligopeptide ABC transporter substrate-binding protein
C1CDK5	AGAIBJGL_00879	Hypothetical protein
Q8DQB0	AGAIBJGL_00880	Putative membrane protein
Q04L55	AGAIBJGL_00881	Pyrrolidone-carboxylate peptidase
Q8CYY0	AGAIBJGL_00882	Hypothetical protein
	AGAIBJGL_00883	tRNA-Tyr(gta)
	AGAIBJGL_00884	tRNA-Gln(ttg)
C1CDK9	AGAIBJGL_00885	SSU ribosomal protein S1p
A0AA86JCW2	AGAIBJGL_00886	IS1167 transposase Orf2
A0A380LUY3	AGAIBJGL_00887	hypothetical protein
A0AA86JA75	AGAIBJGL_00888	IS1167 transposase Orf1
	AGAIBJGL_00889	Srn266
Q8DQA6	AGAIBJGL_00890	GAF domain-containing protein
A0AA86JH76	AGAIBJGL_00891	DNA polymerase III subunits gamma and tau
Q8CYX9	AGAIBJGL_00892	Hypothetical protein
Q8DQA4	AGAIBJGL_00893	Iron-sulfur cluster assembly ATPase protein SufC
A0AA86JA12	AGAIBJGL_00894	Iron-sulfur cluster assembly protein SufD
A0AA86JD82	AGAIBJGL_00895	Cysteine desulfurase SufS
A0AA86MJU5	AGAIBJGL_00896	Putative iron-sulfur cluster assembly scaffold protein for SUF system SufE2
Q8DQA0	AGAIBJGL_00897	Iron-sulfur cluster assembly protein SufB
Q75Y43	AGAIBJGL_00898	D-alanyl-D-alanine carboxypeptidase%2C penicillin-binding protein 3
A0AA86MFR6	AGAIBJGL_00899	Coordinator of zonal cell elongation
	AGAIBJGL_00900	transfer-messenger RNA%2C SsrA
	AGAIBJGL_00901	tRNA-Ser(gga)
Q8DQ97	AGAIBJGL_00902	Transcriptional repressor of the fructose operon%2C DeoR family
B2IP06	AGAIBJGL_00903	1-phosphofructokinase
B2IP07	AGAIBJGL_00904	Fructose-specific PTS IIABC components
A0A4G1Y424	AGAIBJGL_00905	DNA translocase FtsK
A0AA86JA80	AGAIBJGL_00906	Acetyltransferase
A0AA86J866	AGAIBJGL_00907	Putative cysteine desulfurase
C1CJW9	AGAIBJGL_00908	tRNA 4-thiouridine synthase ThiI
C1CDN1	AGAIBJGL_00909	hypothetical protein
C1CDN2	AGAIBJGL_00910	ATP-grasp-domain-containing protein
Q8DQ91	AGAIBJGL_00911	Type I restriction-modification system DNA-methyltransferase subunit M
A0A4N2KYX1	AGAIBJGL_00912	hypothetical protein
C1CDN6	AGAIBJGL_00913	hypothetical protein
C1CDN7	AGAIBJGL_00914	hypothetical protein
C1C6M1	AGAIBJGL_00915	Tyrosine recombinase XerC
A0A4J1SHJ6	AGAIBJGL_00916	hypothetical protein
A0A6G2DB63	AGAIBJGL_00917	Type I restriction-modification system restriction subunit R
C1CDP1	AGAIBJGL_00918	Arginine pathway regulatory protein ArgR2
Q97RC8	AGAIBJGL_00919	Xaa-Pro dipeptidyl-peptidase
A0A822RMM2	AGAIBJGL_00920	DNA polymerase III alpha subunit
Q97RC6	AGAIBJGL_00921	6-phosphofructokinase
A0A064C0M3	AGAIBJGL_00922	Pyruvate kinase
A0A064BXH4	AGAIBJGL_00923	Membrane-associated protein
A0A064C393	AGAIBJGL_00924	IS5 family transposase ISSpn7
A0A064C3A0	AGAIBJGL_00925	Hypothetical protein
A0A064C0M2	AGAIBJGL_00926	Hypothetical protein
B1IB73	AGAIBJGL_00927	ABC transporter substrate-binding protein
Q8DQ81	AGAIBJGL_00928	Putative permease
C1CDQ2	AGAIBJGL_00929	Hypothetical protein
A0AA86JJ79	AGAIBJGL_00930	Transcription accessory protein
A0A0B7LHD2	AGAIBJGL_00931	Putative SprT family zinc-dependent metallopeptidase
A0A5C8QW28	AGAIBJGL_00932	Putative phage shock protein C
	AGAIBJGL_00933	Spd-sr07
	AGAIBJGL_00933	
A0A0H2UPK6	AGAIBJGL_00934	Hypothetical protein
A0A0U0BVB4	AGAIBJGL_00935	Hypothetical protein
C1CDQ8	AGAIBJGL_00936	ABC transporter ATP-binding protein
A0AA86MCV5	AGAIBJGL_00937	ABC transporter permease protein
A0AA86MGP6	AGAIBJGL_00938	Hypothetical protein
A0AA86MBC9	AGAIBJGL_00939	ISSpn8 transposase
A0A0H2UPK4	AGAIBJGL_00940	Arginine decarboxylase
A0A0T9IUQ1	AGAIBJGL_00941	hypothetical protein
P66836	AGAIBJGL_00942	Spermidine synthase
A0A0F7YFU7	AGAIBJGL_00943	Carboxynorspermidine synthase
A0A0T8RS82	AGAIBJGL_00944	Carboxynorspermidine decarboxylase
Q97RA4	AGAIBJGL_00945	Agmatine deiminase
C1CDS0	AGAIBJGL_00946	N-carbamoylputrescine amidase
C1C6Q5	AGAIBJGL_00947	Hydrolase%2C HAD superfamily
A0A0T8EEJ9	AGAIBJGL_00948	Hypothetical protein
A0A0U0CQK5	AGAIBJGL_00949	CAAX amino terminal protease family protein
C1CDS4	AGAIBJGL_00950	Cysteine and methionine metabolism regulator CmbR%2C LysR family
Q8DQ64	AGAIBJGL_00951	Lipoprotein signal peptidase
B2IP85	AGAIBJGL_00952	Ribosomal large subunit pseudouridine synthase D
A0A380LX05	AGAIBJGL_00953	Teichoic acid phosphorylcholine esterase%2C choline-binding protein CbpE
A0A5R9ATZ3	AGAIBJGL_00954	Glutamate 5-kinase
A0A380LWA9	AGAIBJGL_00955	Gamma-glutamyl phosphate reductase
A0A0D6J8H3	AGAIBJGL_00956	Pyrroline-5-carboxylate reductase
A0A0B7M1W3	AGAIBJGL_00957	Thymidylate kinase
A0A0U0H4N6	AGAIBJGL_00958	DNA polymerase III delta prime subunit
Q97R89	AGAIBJGL_00959	DNA replication initiation control protein YabA
A0AA86JBY1	AGAIBJGL_00960	16S rRNA (cytidine(1402)-2'-O)-methyltransferase
C1CDT5	AGAIBJGL_00961	hypothetical protein
C1C6S1	AGAIBJGL_00962	Replication protein
A0A380LX17	AGAIBJGL_00963	IS1381 transposase OrfB
A0A380LV30	AGAIBJGL_00964	IS5 family transposase ISSpn7
A0A380LWC0	AGAIBJGL_00965	Methylenetetrahydrofolate--tRNA-(uracil-5-)- methyltransferase TrmFO
B2IP99	AGAIBJGL_00966	Uridine monophosphate kinase
A0A0U0G1H3	AGAIBJGL_00967	Ribosome-recycling factor
Q8DQ48	AGAIBJGL_00968	S1 RNA-binding domain protein
C1CRV1	AGAIBJGL_00969	Hypothetical protein
Q8DQ46	AGAIBJGL_00970	Phosphate starvation-inducible protein PhoH
Q8CYV9	AGAIBJGL_00971	Acetyltransferase
Q8CYV8	AGAIBJGL_00972	hypothetical protein
Q8DQ45	AGAIBJGL_00973	Alanine dehydrogenase
Q8DQ44	AGAIBJGL_00974	Alanine dehydrogenase 2
A0AA86JBX2	AGAIBJGL_00975	Alanine dehydrogenase
A0A6I3U6U1	AGAIBJGL_00976	IS1167 transposase
	AGAIBJGL_00977	Srn266
A0AA86JA67	AGAIBJGL_00978	Acetyltransferase%2C GNAT family
A0AA86J8X6	AGAIBJGL_00979	Late competence DNA receptor ComEA
A0AA86JCV2	AGAIBJGL_00980	Late competence DNA transporter ComEC
A0AA86JJ09	AGAIBJGL_00981	ABC transporter%2C ATP-binding protein
A0AA86MBW6	AGAIBJGL_00982	Hypothetical protein
	AGAIBJGL_00983	L20_leader
Q04KW9	AGAIBJGL_00984	Translation initiation factor 3
Q04KW8	AGAIBJGL_00985	LSU ribosomal protein L35p
Q04KW7	AGAIBJGL_00986	LSU ribosomal protein L20p
C1CDV7	AGAIBJGL_00987	Lactoylglutathione lyase
A0A0B7M800	AGAIBJGL_00988	Dihydroorotate dehydrogenase (NAD(+))%2C electron transfer subunit
C1C6U1	AGAIBJGL_00989	Dihydroorotate dehydrogenase (NAD(+))%2C catalytic subunit
A0AA86J9Z2	AGAIBJGL_00990	Endo-beta-N-acetylglucosaminidase LytB
A0A0B7LE52	AGAIBJGL_00991	Fibronectin/fibrinogen-binding protein
A0A0B7M6E0	AGAIBJGL_00992	Metal-dependent hydrolase YbeY
A0A0T8T8G5	AGAIBJGL_00993	Diacylglycerol kinase
A0A0B7LRL2	AGAIBJGL_00994	GTP-binding protein Era
A0A0U0FFB9	AGAIBJGL_00995	Formamidopyrimidine-DNA glycosylase MutM
A0A0T8G196	AGAIBJGL_00996	Dephospho-CoA kinase
C1C6U9	AGAIBJGL_00997	Multidrug resistance efflux pump PmrA
Q8DQ31	AGAIBJGL_00998	Protein-export membrane protein SecG
A0AA86MBW2	AGAIBJGL_00999	3'-to-5' exoribonuclease RNase R
Q8DQ29	AGAIBJGL_01000	tmRNA-binding protein SmpB
Q8DQ28	AGAIBJGL_01001	Tellurite methyltransferase TehB
A0A0F7YG00	AGAIBJGL_01002	Competence protein CoiA
A0AA86MJT3	AGAIBJGL_01003	Oligoendopeptidase F
A0A0U0FFI2	AGAIBJGL_01004	O-methyltransferase family protein
Q8DQ24	AGAIBJGL_01005	Putative parvulin type peptidyl-prolyl isomerase PrsA
A0A0B7L788	AGAIBJGL_01006	IS3 family transposase ISSpn1
A0AA86JQI9	AGAIBJGL_01007	hypothetical protein
Q8DQ21	AGAIBJGL_01008	Phosphoglycerate mutase family 5 protein
A0A0H2UPP4	AGAIBJGL_01009	Transcriptional regulator
A0A0B7M194	AGAIBJGL_01010	Membrane protein
A0AA86J8V6	AGAIBJGL_01011	1%2C4-beta-N-acetylmuramidase%2C lyzozyme M1
B1IBE8	AGAIBJGL_01012	Bifunctional N-acetylglucosamine-1-phosphate uridyltransferase/glucosamine-1-phosphate N-acetyltransferase
A0AA86JIV9	AGAIBJGL_01013	ADP-ribose pyrophosphatase
Q8CYV2	AGAIBJGL_01014	Hypothetical protein
C1CDY6	AGAIBJGL_01015	Bifunctional 5'-methylthioadenosine nucleosidase/S-adenosylhomocysteine nucleosidase
A0A0H2UPQ5	AGAIBJGL_01016	Transcriptional regulator OrfX
A0AA86MIU7	AGAIBJGL_01017	DNA polymerase III epsilon subunit
C1CDY9	AGAIBJGL_01018	Glycerophosphoryl diester phosphodiesterase
C1CGU6	AGAIBJGL_01019	IS630 family transposase IS630-Spn1
A0AA86JA82	AGAIBJGL_01020	Hypothetical protein
Q8DQ11	AGAIBJGL_01021	Cytochrome c-type biogenesis protein CcdA-2
A0AA86JB35	AGAIBJGL_01022	Thiol:disulfide oxidoreductase
	AGAIBJGL_01023	SpF36_sRNA
	AGAIBJGL_01023	
A0A0U0CNB1	AGAIBJGL_01024	Cationic amino acid transporter%2C APC Superfamily
Q8DQ09	AGAIBJGL_01025	Laminin-binding surface protein
A0A0E3GJB8	AGAIBJGL_01026	Pneumococcal histidine triad protein D
A0AA86JCD4	AGAIBJGL_01027	hypothetical protein
A0A0B7LLD3	AGAIBJGL_01028	Pneumococcal histidine triad protein E
A0AA86J9Q4	AGAIBJGL_01029	hypothetical protein
A0A0T8EVT7	AGAIBJGL_01030	hypothetical protein
A0AA86JGM0	AGAIBJGL_01031	Tripeptide aminopeptidase PepT
A0AA86JQ28	AGAIBJGL_01032	Ferrochelatase%2C protoheme ferro-lyase
A0A064C208	AGAIBJGL_01033	Large-conductance mechanosensitive channel MscL
A0A0B7L7C1	AGAIBJGL_01034	GtrA family protein
	AGAIBJGL_01035	preQ1-II
Q8DQ01	AGAIBJGL_01036	Substrate-specific component QueT of putative queuosine-regulated ECF transporter
	AGAIBJGL_01037	tRNA-Thr(ggt)
	AGAIBJGL_01038	asd
A0AA86JCQ6	AGAIBJGL_01039	Aspartate-semialdehyde dehydrogenase
C1CK93	AGAIBJGL_01040	4-hydroxy-tetrahydrodipicolinate synthase
A0AA86MIL8	AGAIBJGL_01041	GTPase and tRNA-U34 5-formylation enzyme MnmE
B2IPH4	AGAIBJGL_01042	Bifunctional 4-oxalocrotonate tautomerase/xylose transport system permease protein XylH
A0A0E9GQZ0	AGAIBJGL_01043	Thymidine kinase
Q8DPZ4	AGAIBJGL_01044	Peptide chain release factor 1
C1CE13	AGAIBJGL_01045	Peptide chain release factor N(5)-glutamine methyltransferase
C1CE14	AGAIBJGL_01046	Threonylcarbamoyl-AMP synthase TsaC
B1IBI2	AGAIBJGL_01047	N-acetyltransferase%2C GCN5-family
A0A380LTP6	AGAIBJGL_01048	Serine hydroxymethyltransferase
A0A5R9AW41	AGAIBJGL_01049	Pseudouridylate synthase%2C 23S RNA-specific
A0A0I9F9I5	AGAIBJGL_01050	Pneumococcal vaccine antigen A
C1CE19	AGAIBJGL_01051	Extracellular protein
A0A0B7LQI0	AGAIBJGL_01052	23S rRNA (uracil(1939)-C(5))-methyltransferase
	AGAIBJGL_01053	SpF61_sRNA
	AGAIBJGL_01053	
	AGAIBJGL_01054	SpF39_sRNA
C1CE21	AGAIBJGL_01055	Hypothetical protein
Q8DPY6	AGAIBJGL_01056	Iron compound ABC uptake transporter substrate-binding protein PiaA
B2IPI9	AGAIBJGL_01057	Iron compound ABC uptake transporter permease protein PiaB
Q8DPY4	AGAIBJGL_01058	Iron compound ABC uptake transporter permease protein PiaC
A0A2Z4HWP0	AGAIBJGL_01059	Iron compound ABC uptake transporter ATP-binding protein PiaD
Q8CYU1	AGAIBJGL_01060	Putative type II restriction endonuclease
	AGAIBJGL_01061	pemK
Q8CYT9	AGAIBJGL_01062	Hypothetical protein
A0A2Z4HWN8	AGAIBJGL_01063	Phage integrase
B2IPJ6	AGAIBJGL_01064	Hypothetical protein
B2IPK0	AGAIBJGL_01065	Hypothetical protein
C1C749	AGAIBJGL_01066	Hypothetical protein
A0A0U0FZC1	AGAIBJGL_01067	Putative hydrolase
C1C751	AGAIBJGL_01068	Transcriptional regulator
A0A2Z4HWN2	AGAIBJGL_01069	Neopullulanase
A0A0B7M5J3	AGAIBJGL_01070	Neopullulanase
A0A0U0GUD4	AGAIBJGL_01071	Neopullulanase
A0A0B7LGP2	AGAIBJGL_01072	hypothetical protein
A0A0T7YHJ0	AGAIBJGL_01073	Antitoxin PezA
A0A0T8STN7	AGAIBJGL_01074	Bifunctional UDP-N-acetylglucosamine kinase/zeta toxin PezT
A0A2Z4HWM5	AGAIBJGL_01075	Tyrosine recombinase XerS
A0A380LVP0	AGAIBJGL_01076	hypothetical protein
A0A0U0FX18	AGAIBJGL_01077	hypothetical protein
A0A0T8SRN0	AGAIBJGL_01078	hypothetical protein
A0A0U0GUB2	AGAIBJGL_01079	Choline-binding protein CbpF
A0A0T8SRV3	AGAIBJGL_01080	hypothetical protein
A0A380LTS5	AGAIBJGL_01081	DNA replication and repair protein RecF
A0AA86J7T3	AGAIBJGL_01082	hypothetical protein
A0AA86JGR6	AGAIBJGL_01083	hypothetical protein
A0AA86JQ57	AGAIBJGL_01084	hypothetical protein
A0A9P1S8G1	AGAIBJGL_01085	hypothetical protein
A0A0T8SSW1	AGAIBJGL_01086	hypothetical protein
A0A098ANV0	AGAIBJGL_01087	Tn5252 Orf10 protein
A0AA86MJL7	AGAIBJGL_01088	Tn5252 Orf9 protein
A0A0U0EP22	AGAIBJGL_01089	hypothetical protein
A0A4L7JVF0	AGAIBJGL_01090	hypothetical protein
A0A0T8SRJ5	AGAIBJGL_01091	IS1182 family transposase ISAco1
A0A0T9GLB7	AGAIBJGL_01092	hypothetical protein
A0AA86JIJ2	AGAIBJGL_01093	ISSpn8 transposase
A0AA44MQQ7	AGAIBJGL_01094	IS1381 transposase OrfB
A0A0T8EX65	AGAIBJGL_01095	hypothetical protein
A0A380LVQ9	AGAIBJGL_01096	hypothetical protein
A0A0T8EX55	AGAIBJGL_01097	Acyl carrier protein
A0A0T8AV73	AGAIBJGL_01098	hypothetical protein
A0A0T8EX30	AGAIBJGL_01099	hypothetical protein
A0A0T7JD88	AGAIBJGL_01100	Long-chain-fatty-acid--CoA ligase
A0A0T8W5C7	AGAIBJGL_01101	Histidinol-phosphate aminotransferase
A0A0T7JD98	AGAIBJGL_01102	hypothetical protein
A0A0T8NQG6	AGAIBJGL_01103	Chloramphenicol acetyltransferase
C1C727	AGAIBJGL_01104	Methionyl-tRNA synthetase
A0A0T7ZX26	AGAIBJGL_01105	Tyrosine-protein phosphatase
A0A237K3R9	AGAIBJGL_01106	ABC transporter ATP-binding protein
A0A4N2HCH5	AGAIBJGL_01107	Antibiotic ABC transporter permease protein
A0AA86JIK2	AGAIBJGL_01108	Multidrug ABC transporter permease protein
A0AA86JCH4	AGAIBJGL_01109	Multidrug ABC transporter permease protein
B2IQ49	AGAIBJGL_01110	hypothetical protein
B2IQ47	AGAIBJGL_01111	hypothetical protein
C1C734	AGAIBJGL_01112	Putative repressor protein%2C phage associated
	AGAIBJGL_01113	pemK
A0A0U0I1A6	AGAIBJGL_01114	hypothetical protein
B2IQ45	AGAIBJGL_01115	hypothetical protein
A0AA86JUC1	AGAIBJGL_01116	Peptidase E
B2IQ42	AGAIBJGL_01117	hypothetical protein
A0A0E7RLL4	AGAIBJGL_01118	Cell division protein FtsW
B2IQ40	AGAIBJGL_01119	Phosphoenolpyruvate carboxylase
	AGAIBJGL_01120	T-box
A0A558TB35	AGAIBJGL_01121	ABC transporter substrate-binding protein
A0A0H2UPW3	AGAIBJGL_01122	Putative tryptophan-specific ABC transporter permease protein TrpY
A0AA86MFK1	AGAIBJGL_01123	ABC transporter ATP-binding protein
B1IBL2	AGAIBJGL_01124	DNA primase
P0A4J0	AGAIBJGL_01125	RNA polymerase sigma factor RpoD
Q8DPW0	AGAIBJGL_01126	Putative aromatic ring hydroxylating enzyme
A0A380LWR5	AGAIBJGL_01127	Diglucosyl diacylglycerol synthase LafB
A0A062WRH4	AGAIBJGL_01128	1%2C2-diacylglycerol 3-glucosyltransferase LafA
A0AA86J7V7	AGAIBJGL_01129	Hypothetical protein
C1CE65	AGAIBJGL_01130	Hypothetical protein
A0AA86JQ84	AGAIBJGL_01131	GTP-binding protein ObgE
C1CE67	AGAIBJGL_01132	Hypothetical protein
	AGAIBJGL_01133	group-II-D1D4-3
Q97QW6	AGAIBJGL_01134	UDP-N-acetylglucosamine 1-carboxyvinyltransferase
C1CE69	AGAIBJGL_01135	Ribosomal-protein-S5p-alanine acetyltransferase
A0A0B7M8Z1	AGAIBJGL_01136	Cytosolic protein containing multiple CBS domains
Q8DPV1	AGAIBJGL_01137	Methionine aminopeptidase
A0A0T8VRH1	AGAIBJGL_01138	hypothetical protein
A0A0B7LX61	AGAIBJGL_01139	IS5 family transposase ISSpn7
A0AA86MBR7	AGAIBJGL_01140	IS1381 transposase OrfB
A0AA86JIL8	AGAIBJGL_01141	ATP-dependent DNA helicase PcrA
A0A062WLA7	AGAIBJGL_01142	DNA repair protein RadC
C1C786	AGAIBJGL_01143	Glutamine amidotransferase%2C class I
C1CRJ3	AGAIBJGL_01144	Redox-sensitive transcriptional regulator Rex
A0A237JSH2	AGAIBJGL_01145	Hypothetical protein
Q8CYS0	AGAIBJGL_01146	Hypothetical protein
C1CE80	AGAIBJGL_01147	Cysteine desulfurase
P65242	AGAIBJGL_01148	Ribose-phosphate pyrophosphokinase
Q8DPU3	AGAIBJGL_01149	Adenylate cyclase
Q8DPU2	AGAIBJGL_01150	GTP pyrophosphokinase
B2IQ09	AGAIBJGL_01151	NAD kinase
A0AA86MIQ4	AGAIBJGL_01152	RluD-like protein
Q8DPU0	AGAIBJGL_01153	Phosphate acetyltransferase
	AGAIBJGL_01154	SpR14_sRNA
C1CGD6	AGAIBJGL_01155	IS1167 transposase
A0A559A0J2	AGAIBJGL_01156	hypothetical protein
A0AA86JAB2	AGAIBJGL_01157	IS1167 transposase Orf1
	AGAIBJGL_01158	Srn266
Q04KI6	AGAIBJGL_01159	Hypothetical protein co-occurring with RecR
A0AA86JB64	AGAIBJGL_01160	Hypothetical protein
	AGAIBJGL_01161	L21_leader
Q97QU4	AGAIBJGL_01162	LSU ribosomal protein L21p
Q8DPT7	AGAIBJGL_01163	Putative ribosomal protein
Q04KI2	AGAIBJGL_01164	LSU ribosomal protein L27p
A0AAE4FXC9	AGAIBJGL_01165	IS1380 family transposase ISSpn5
A0A0I8WJY3	AGAIBJGL_01166	Bifunctional FMN adenylyltransferase/riboflavin kinase RibF
C1C7A5	AGAIBJGL_01167	Transporter
C1CE99	AGAIBJGL_01168	DegV family protein
C1CEA0	AGAIBJGL_01169	DNA-binding protein HlpA
A0AA86JVQ6	AGAIBJGL_01170	ABC transporter ATP-binding protein
A0AA86JRQ9	AGAIBJGL_01171	Positive transcriptional regulator%2C MutR family
A0AA86JII7	AGAIBJGL_01172	Macrolide efflux ABC transporter membrane-spanning permease
A0A6G2DA64	AGAIBJGL_01173	DNA ligase (NAD(+))
C1CEA5	AGAIBJGL_01174	Putative glycogen debranching enzyme
C1CEA6	AGAIBJGL_01175	Glyceraldehyde-3-phosphate dehydrogenase (NADP(+))
A0AA86JE71	AGAIBJGL_01176	1%2C4-alpha-glucan-branching enzyme GlgB
Q97QS7	AGAIBJGL_01177	Glycogen biosynthesis glucose-1-phosphate adenylyltransferase subunit GlgC
Q8DPS4	AGAIBJGL_01178	Glycogen biosynthesis glucose-1-phosphate adenylyltransferase subunit GlgD
A0A0E9GYG9	AGAIBJGL_01179	Glycogen biosynthesis ADP-glucose--glucan transglucosylase GlgA
A0A0B7M8L9	AGAIBJGL_01180	Phosphoserine phosphatase
A0AA86MJF7	AGAIBJGL_01181	Glycerate kinase
Q8CYR5	AGAIBJGL_01182	Hypothetical protein
C1CRM6	AGAIBJGL_01183	Enolase
A0A4J2BYX4	AGAIBJGL_01184	IS630 family transposase IS630-Spn1
A0AA86JVP9	AGAIBJGL_01185	IS630 family transposase IS630-Spn1
A0AA86JRQ2	AGAIBJGL_01186	ATP-dependent nuclease subunit RexB
A0AA86JIH5	AGAIBJGL_01187	ATP-dependent nuclease subunit RexA
A0A0B7LQ89	AGAIBJGL_01188	Hypothetical protein
A0A4J2BUS1	AGAIBJGL_01189	IgA1 protease ZmpA
A0A380LXL7	AGAIBJGL_01190	Zinc metalloprotease ZmpB precursor
I6L8M4	AGAIBJGL_01191	IS1380 family transposase ISSpn5
C1CEC2	AGAIBJGL_01192	50S ribosomal subunit maturation GTPase RbgA
A0AA95IL15	AGAIBJGL_01193	Ribonuclease HII
A0AA95DDK6	AGAIBJGL_01194	Voltage-gated chloride channel family protein
A0AA86JA04	AGAIBJGL_01195	Tyrosine recombinase XerS
C1C7D1	AGAIBJGL_01196	Lipoate-protein ligase A
A0A0E9GX80	AGAIBJGL_01197	Dihydrolipoamide dehydrogenase of acetoin dehydrogenase
C1C7D3	AGAIBJGL_01198	Dihydrolipoamide acetyltransferase (E2) component of acetoin dehydrogenase complex
A0AA86JKZ3	AGAIBJGL_01199	Acetoin dehydrogenase E1 component beta-subunit
C1CED0	AGAIBJGL_01200	Acetoin dehydrogenase E1 component alpha-subunit
A0A0B7LQG5	AGAIBJGL_01201	Dihydrolipoamide acetyltransferase
A0A0B7L0U2	AGAIBJGL_01202	Hypothetical protein
A0AA86MJP0	AGAIBJGL_01203	Dihydroorotase
C8XPX7	AGAIBJGL_01204	8-oxo-dGTP diphosphatase MutX
B2IPV6	AGAIBJGL_01205	Uracil-DNA glycosylase%2C family 1
A0A2L1GXP5	AGAIBJGL_01206	Hypothetical protein
A0A0H2ZPD2	AGAIBJGL_01207	2-haloalkanoic acid dehalogenase
A0A0E8IDI5	AGAIBJGL_01208	PTS-dependent dihydroxyacetone kinase%2C phosphotransferase subunit DhaM
A0AA86JJ02	AGAIBJGL_01209	Pneumococcal histidine triad protein B
A0A0B7LFZ1	AGAIBJGL_01210	Phosphoenolpyruvate-protein phosphotransferase of PTS
Q8DPQ0	AGAIBJGL_01211	Phosphotransferase system%2C phosphocarrier protein HPr
Q8DPP9	AGAIBJGL_01212	Glutaredoxin-like protein NrdH
Q8CWR3	AGAIBJGL_01213	Ribonucleotide reductase of class Ib%2C alpha subunit
A0AA86JE37	AGAIBJGL_01214	Ribonucleotide reductase of class Ib%2C beta subunit
A0A0B7LYU0	AGAIBJGL_01215	Lactose phosphotransferase system repressor
B2IPU3	AGAIBJGL_01216	hypothetical protein
A0AA86MGA6	AGAIBJGL_01217	6-phospho-beta-galactosidase
A0AA86MPJ9	AGAIBJGL_01218	Lactose-specific PTS IIBC components
Q8DPP4	AGAIBJGL_01219	Lactose-specific PTS IIA component
C1C7F8	AGAIBJGL_01220	Beta-glucoside bgl operon antiterminator LacT%2C BglG family
C1C7F9	AGAIBJGL_01221	Tagatose 1%2C6-diphosphate aldolase
A0A0U0FU16	AGAIBJGL_01222	Tagatose-6-phosphate kinase LacC
Q97QL1	AGAIBJGL_01223	Galactose-6-phosphate isomerase%2C LacB subunit
Q8DPN9	AGAIBJGL_01224	Galactose-6-phosphate isomerase%2C LacA subunit
C1CEF5	AGAIBJGL_01225	Aldose epimerase
A0AA86J9A5	AGAIBJGL_01226	IS1381 transposase OrfB
C1CEF7	AGAIBJGL_01227	hypothetical protein
A0A0U0PEN1	AGAIBJGL_01228	IS5 family transposase ISSpn7
A0A0H2UQA9	AGAIBJGL_01229	Galactose-specific PTS IIB component
A0AA86JKD2	AGAIBJGL_01230	Galactose-specific PTS IIA component
A0AA86MCF8	AGAIBJGL_01231	Hypothetical protein
B2IPT0	AGAIBJGL_01232	Translation elongation factor LepA
C1C7H0	AGAIBJGL_01233	Serine/threonine protein phosphatase
A0A380LU63	AGAIBJGL_01234	DNA repair protein RecN
A0A0T8BDD5	AGAIBJGL_01235	Arginine pathway regulatory protein AhrC
A0A0B7LYQ9	AGAIBJGL_01236	RNA-binding methyltransferase
A0AA86JB49	AGAIBJGL_01237	(2E%2C6E)-farnesyl diphosphate synthase
Q04KB1	AGAIBJGL_01238	Exodeoxyribonuclease VII small subunit
A0AA86JRK2	AGAIBJGL_01239	Exodeoxyribonuclease VII large subunit
Q04KA9	AGAIBJGL_01240	Uridine kinase
Q8CYQ8	AGAIBJGL_01241	Hypothetical protein
B2IPS0	AGAIBJGL_01242	Hypothetical protein
B2IPR9	AGAIBJGL_01243	tRNA pseudouridine synthase B
A0A0B7LSK6	AGAIBJGL_01244	Hypothetical protein
A0AA86JKC1	AGAIBJGL_01245	Cystathionine gamma-synthase
C1C7I2	AGAIBJGL_01246	hypothetical protein
A0A0U0EGM1	AGAIBJGL_01247	Formate-nitrate transporter
A0A0T9ISP7	AGAIBJGL_01248	Sortase SrtA%2C LPXTG specific
Q3HZH7	AGAIBJGL_01249	DNA gyrase subunit A
A0AA87CBD3	AGAIBJGL_01250	L-lactate dehydrogenase
A0A380LVR6	AGAIBJGL_01251	hypothetical protein
Q8CYQ7	AGAIBJGL_01252	mRNA interferase RelE2
A0A558SUE3	AGAIBJGL_01253	Replicon stabilization protein RelB2
	AGAIBJGL_01254	Srn266
A0A6I3U6U1	AGAIBJGL_01255	IS1167 transposase
Q9RCS5	AGAIBJGL_01256	Zn-dependent hydrolase VicX
A0A0I6LZG5	AGAIBJGL_01257	Two-component system sensor histidine kinase VicK
Q9S1K0	AGAIBJGL_01258	Two-component system response regulator VicR
C8XPY5	AGAIBJGL_01259	A/G-specific adenine glycosylase
B5E4W4	AGAIBJGL_01260	Formate--tetrahydrofolate ligase
C1CEI7	AGAIBJGL_01261	Phosphopantothenoylcysteine synthetase
Q8DPL3	AGAIBJGL_01262	Phosphopantothenoylcysteine decarboxylase
Q8DPL2	AGAIBJGL_01263	Substrate-specific component PanT of putative pantothenate ECF transporter
C1CEJ0	AGAIBJGL_01264	Substrate-specific component NiaX of putative niacin ECF transporter
Q8DPL1	AGAIBJGL_01265	Transcriptional repressor of NAD biosynthesis
A0AA86MBV3	AGAIBJGL_01266	MutT/Nudix family protein
A0AA86MFP4	AGAIBJGL_01267	Acetyltransferase
C1CEJ4	AGAIBJGL_01268	Acetyltransferase
A0AA86MIU3	AGAIBJGL_01269	Excinuclease ABC subunit B
A0A0B7M3X4	AGAIBJGL_01270	CAAX amino terminal protease family protein
A0AA86JD41	AGAIBJGL_01271	Glutamine ABC transporter GlnHP5%2C containing substrate-binding and permease domains
A0A0B7LWY7	AGAIBJGL_01272	Glutamine transport ATP-binding protein GlnQ
A0A0U0MGK9	AGAIBJGL_01273	Glucose-6-phosphate 1-dehydrogenase
A0AA86JQG6	AGAIBJGL_01274	Signal recognition particle receptor FtsY
A0A0U0GYB8	AGAIBJGL_01275	Hydrolase%2C HAD superfamily
A0AA86J829	AGAIBJGL_01276	Hydrolase%2C HAD superfamily
A0AA86JA36	AGAIBJGL_01277	Chromosome partition protein SMC
A0A0B7M364	AGAIBJGL_01278	Ribonuclease III
	AGAIBJGL_01279	tRNA-Arg(ccg)
A0AA86JCR4	AGAIBJGL_01280	GMP reductase
A0AA86JIT2	AGAIBJGL_01281	Hypothetical protein
A0AA86MBU9	AGAIBJGL_01282	Endonuclease
A0A098ZBM5	AGAIBJGL_01283	Hypothetical protein
A0A0E8SRX2	AGAIBJGL_01284	3-isopropylmalate dehydratase small subunit
B1IC48	AGAIBJGL_01285	Putative membrane protein
A0AA86MJR9	AGAIBJGL_01286	3-isopropylmalate dehydrogenase
A0AA86JD36	AGAIBJGL_01287	hypothetical protein
A0AA86J9U9	AGAIBJGL_01288	2-isopropylmalate synthase
C1CEL4	AGAIBJGL_01289	Hypothetical protein
A0A0E8T1X1	AGAIBJGL_01290	Cytoplasmic copper homeostasis protein CutC
Q8DPJ0	AGAIBJGL_01291	Hypothetical protein related to heme utilization
A0A380LXW8	AGAIBJGL_01292	DNA topoisomerase I
C1CEL8	AGAIBJGL_01293	Integral membrane protein
A0A0H2UQA6	AGAIBJGL_01294	DNA protecting protein DprA
A0A0T7TTU0	AGAIBJGL_01295	Cholinephosphate cytidylyltransferase LicC
A0A229FXM7	AGAIBJGL_01296	Choline permease LicB
A0A0U0A2B6	AGAIBJGL_01297	Choline kinase LicA
A0A822QCX9	AGAIBJGL_01298	Ribulose-5-phosphate reductase
A0A4K4TS12	AGAIBJGL_01299	Ribitol-5-phosphate cytidylyltransferase
C1C7Q0	AGAIBJGL_01300	Membrane protein TacF involved in the export of O-antigen and teichoic acid
C1CEM7	AGAIBJGL_01301	Lipopolysaccharide cholinephosphotransferase LicD1
C1CEM8	AGAIBJGL_01302	Lipopolysaccharide cholinephosphotransferase LicD2
A0A0B7L456	AGAIBJGL_01303	Carbamoyl-phosphate synthase large chain CarB
A0A064BWJ2	AGAIBJGL_01304	Carbamoyl-phosphate synthase small chain CarA
C1CR29	AGAIBJGL_01305	Aspartate carbamoyltransferase
Q04K45	AGAIBJGL_01306	Bifunctional uracil phosphoribosyltransferase/pyrimidine operon regulatory protein PyrR
	AGAIBJGL_01307	PyrR
Q8DPH8	AGAIBJGL_01308	Endonuclease III
C1C7Q8	AGAIBJGL_01309	Protein%2C clustered with ribosomal protein L32p
Q8CYP8	AGAIBJGL_01310	BlpT protein
	AGAIBJGL_01311	SpF43_sRNA
A0A4N5NGJ9	AGAIBJGL_01312	ABC transporter ATP-binding protein
Q97QD6	AGAIBJGL_01313	Heat shock protein HtpX
Q8DPH4	AGAIBJGL_01314	LemA
C1CEP0	AGAIBJGL_01315	16S rRNA (guanine(527)-N(7))-methyltransferase RsmG
	AGAIBJGL_01316	SpF44_sRNA
A0AA86MNM7	AGAIBJGL_01317	Uracil permease
A0AA86MIT1	AGAIBJGL_01318	Signal recognition particle protein Ffh
C1C7R8	AGAIBJGL_01319	Signal recognition particle associated protein
A0AA86JD20	AGAIBJGL_01320	Hypothetical protein
A0AA86J9T0	AGAIBJGL_01321	dNTP triphosphohydrolase
A0A0T8EFL7	AGAIBJGL_01322	Sugar phosphatase YidA
B1ICA6	AGAIBJGL_01323	hypothetical protein
	AGAIBJGL_01324	tRNA-Arg(cct)
Q97QC6	AGAIBJGL_01325	LSU ribosomal protein L19p
A0A0B7L7B2	AGAIBJGL_01326	ClC-type fluoride channel
A0A0B7LCK6	AGAIBJGL_01327	ClC-type fluoride channel
B2IQ95	AGAIBJGL_01328	Chorismate mutase I
C1CEQ2	AGAIBJGL_01329	Flavodoxin
C1C7S7	AGAIBJGL_01330	DHH family phosphoesterase Pde2
A0AA87CAZ5	AGAIBJGL_01331	LSU ribosomal protein L31p
A0A4J1YFH8	AGAIBJGL_01332	Ferrous iron transport permease EfeU
A0A2Z4HWG8	AGAIBJGL_01333	NADP-specific glutamate dehydrogenase
Q8CYP4	AGAIBJGL_01334	Hypothetical protein
A0A2Z4HWI7	AGAIBJGL_01335	ABC transporter ATP-binding protein
A0A2Z4HWG2	AGAIBJGL_01336	IS1381 transposase OrfB
B1IAQ4	AGAIBJGL_01337	IS630 family transposase ISSpn2
A0A0T7I9X4	AGAIBJGL_01338	hypothetical protein
A0A2Z4HWH1	AGAIBJGL_01339	hypothetical protein
A0AAE4K123	AGAIBJGL_01340	hypothetical protein
A0A2Z4HWJ5	AGAIBJGL_01341	Hypothetical protein
C1C7U3	AGAIBJGL_01342	ABC transporter ATP-binding protein
A0A0B7LGD3	AGAIBJGL_01343	ABC transporter ATP-binding/membrane spanning protein
A0A0I8W061	AGAIBJGL_01344	Lanthionine biosynthesis protein LanL
A0A0I6SP51	AGAIBJGL_01345	Tn5253 putative CAAX amino terminal protease
E4Z7F0	AGAIBJGL_01346	hypothetical protein
A0A2Z4HWH3	AGAIBJGL_01347	Tn5253 hypothetical protein
A0A380LSW2	AGAIBJGL_01348	hypothetical protein
A0A0B7LSP9	AGAIBJGL_01349	hypothetical protein
A0A098ANF2	AGAIBJGL_01350	hypothetical protein
	AGAIBJGL_01351	rli38
Q04JZ4	AGAIBJGL_01352	LSU ribosomal protein L7/L12 (P1/P2)
Q04JZ3	AGAIBJGL_01353	LSU ribosomal protein L10p (P0)
	AGAIBJGL_01354	L10_leader
A0A6I3VCP0	AGAIBJGL_01355	Methylthioadenosine deaminase
A0AA86JG40	AGAIBJGL_01356	ABC transporter ATP-binding/permease protein
A0AA86J763	AGAIBJGL_01357	ABC transporter ATP-binding/permease protein
P0A3Q9	AGAIBJGL_01358	Peptide methionine sulfoxide reductase MsrAB1
Q04JY7	AGAIBJGL_01359	Homoserine kinase
Q8DPE1	AGAIBJGL_01360	Homoserine dehydrogenase
C1C7W3	AGAIBJGL_01361	Adaptor protein MecA
Q8CYN1	AGAIBJGL_01362	TarQ
A0A0T8BP31	AGAIBJGL_01363	Teichoic acid ribitol polymerase
Q8DPD9	AGAIBJGL_01364	Glycosyltransferase%2C group 2 family
A0AA86MIB5	AGAIBJGL_01365	Glycosyltransferase%2C group 1 family
A0A0U0HA50	AGAIBJGL_01366	Lipopolysaccharide cholinephosphotransferase LicD3
Q8DPD6	AGAIBJGL_01367	LytR-CpsA-Psr subfamily F1 cell envelope-associated transcriptional attenuator
A0A0D6J7D6	AGAIBJGL_01368	Prephenate dehydratase
C1CEV9	AGAIBJGL_01369	Shikimate kinase I
A0AA86JPM7	AGAIBJGL_01370	5-Enolpyruvylshikimate-3-phosphate synthase
Q8DPD3	AGAIBJGL_01371	Transcriptional regulator
A0A064C3T9	AGAIBJGL_01372	Prephenate dehydrogenase
A0A064C129	AGAIBJGL_01373	Chorismate synthase
Q3I063	AGAIBJGL_01374	3-dehydroquinate synthase
A0A064BY33	AGAIBJGL_01375	Shikimate/quinate 5-dehydrogenase I beta
A0A064C3T4	AGAIBJGL_01376	3-dehydroquinate dehydratase I
A0A4P0M4P9	AGAIBJGL_01377	Putative ribosomal RNA large subunit methyltransferase YwbD
A0A4J2ACG5	AGAIBJGL_01378	ABC transporter permease
A0AA86MMZ4	AGAIBJGL_01379	ABC transporter ATP-binding protein
A0AA86MIA9	AGAIBJGL_01380	Cytoplasmic alpha-amylase
A0AA86MJ93	AGAIBJGL_01381	Alanyl-tRNA synthetase
B1ICI4	AGAIBJGL_01382	Hypothetical protein
A0AA86J8T5	AGAIBJGL_01383	Spermidine/putrescine import ABC transporter substrate-binding protein PotD
C1C7Y7	AGAIBJGL_01384	Spermidine/putrescine import ABC transporter permease protein PotC
A0AA86JPL8	AGAIBJGL_01385	Spermidine/putrescine import ABC transporter permease protein PotB
C1CEX7	AGAIBJGL_01386	Spermidine/putrescine import ABC transporter ATP-binding protein PotA
B1ICI9	AGAIBJGL_01387	UDP-N-acetylenolpyruvoylglucosamine reductase
A0A0H2UQJ2	AGAIBJGL_01388	Hypothetical protein
A0AA86J7K5	AGAIBJGL_01389	Alpha-acetolactate decarboxylase
A0AA86JBS5	AGAIBJGL_01390	Putative transcriptional regulator of pyridoxine metabolism
A0AA86JHR5	AGAIBJGL_01391	Amino acid ABC transporter amino acid-binding/permease protein
Q8DPB6	AGAIBJGL_01392	Phosphate transport system regulatory protein PhoU2
C1CEY4	AGAIBJGL_01393	Phosphate transport ATP-binding protein PstB2_2
C1CEY5	AGAIBJGL_01394	Phosphate transport ATP-binding protein PstB2_1
Q8DPB3	AGAIBJGL_01395	Phosphate transport system permease protein PstA2
Q8DPB2	AGAIBJGL_01396	Phosphate transport system permease protein PstC2
Q97Q31	AGAIBJGL_01397	Phosphate ABC transporter periplasmic phosphate-binding protein PstS2
A0AA86J8S7	AGAIBJGL_01398	tRNA and rRNA cytosine-C5-methylase
A0AA86JTQ5	AGAIBJGL_01399	Inositol-1-monophosphatase
Q04JU6	AGAIBJGL_01400	Hypothetical protein
Q97Q26	AGAIBJGL_01401	Transcriptional regulator SpxA1
A0A0B7M5J0	AGAIBJGL_01402	Integral membrane protein
Q8DPA7	AGAIBJGL_01403	Putative NagD-like phosphatase
A0AA86J7J6	AGAIBJGL_01404	Acyl-ACP thioesterase
Q8DPA6	AGAIBJGL_01405	Putative radical SAM family enzyme
B1ICL0	AGAIBJGL_01406	Hypothetical protein
Q8DPA4	AGAIBJGL_01407	General stress protein
B2IQN1	AGAIBJGL_01408	Prolipoprotein diacylglyceryl transferase
A0AA86MMX8	AGAIBJGL_01409	HPr kinase/phosphorylase
B2IQN3	AGAIBJGL_01410	SSU ribosomal protein S21p
C1CQU2	AGAIBJGL_01411	Glucosamine-6-phosphate deaminase
A0AA95IJ94	AGAIBJGL_01412	S-adenosylmethionine:tRNA ribosyltransferase-isomerase
A0A4N5NE36	AGAIBJGL_01413	Choline-binding protein CbpM
A0A0B7L6F0	AGAIBJGL_01414	Hypothetical protein
C1C817	AGAIBJGL_01415	Acetyltransferase%2C GNAT family
A0A4V0J7Q8	AGAIBJGL_01416	NAD synthetase
Q8DP97	AGAIBJGL_01417	Nicotinate phosphoribosyltransferase
A0AA86J929	AGAIBJGL_01418	Hypothetical protein
C1CF10	AGAIBJGL_01419	Transcriptional repressor
A0A380LQV3	AGAIBJGL_01420	Hypothetical protein
A0AA86JHP6	AGAIBJGL_01421	Multidrug efflux ABC transporter ATP-binding protein
A0A0T8K483	AGAIBJGL_01422	Peptidase%2C U32 family large subunit (C1)
C1CF13	AGAIBJGL_01423	hypothetical protein
A0A4K6U217	AGAIBJGL_01424	Peptidase%2C U32 family large subunit (C1)
B2IQP5	AGAIBJGL_01425	hypothetical protein
Q8DP92	AGAIBJGL_01426	hypothetical protein
A0A110RR68	AGAIBJGL_01427	Type II restriction-modification system methyltransferase
A0AA86MJ78	AGAIBJGL_01428	Transcriptional regulator%2C AraC family
A0AA86JC30	AGAIBJGL_01429	ABC transporter ATP-binding/permease protein
A0AA86J8Q7	AGAIBJGL_01430	ABC transporter ATP-binding/permease protein
Q8CYL9	AGAIBJGL_01431	Substrate-specific component of putative ECF transporter
A0AA86JPJ5	AGAIBJGL_01432	Transmembrane component of energizing module of putative ECF transporter
A0AA86JFZ8	AGAIBJGL_01433	Duplicated ATPase component of energizing module of putative ECF transporter
A0AA86J712	AGAIBJGL_01434	hypothetical protein
A0A380LQT6	AGAIBJGL_01435	hypothetical protein
A0A0E7Z8M3	AGAIBJGL_01436	hypothetical protein
A0AA86JBN9	AGAIBJGL_01437	IS66 family transposase Orf2
B2IQR0	AGAIBJGL_01438	IS66 family transposase Orf1
	AGAIBJGL_01439	SpR18_sRNA
Q04JQ8	AGAIBJGL_01440	GMP synthase%2C amidotransferase and ATP pyrophosphatase subunits
Q8DP83	AGAIBJGL_01441	Transcriptional regulator in cluster with beta-lactamase%2C GntR family
Q8DP82	AGAIBJGL_01442	Drug/metabolite transporter superfamily protein
C1CF32	AGAIBJGL_01443	Beta-lactamase%2C class C
Q8DP81	AGAIBJGL_01444	C3-degrading proteinase
Q8CYL4	AGAIBJGL_01445	Bifunctional N-acetylneuraminate cytidylyltransferase/platelet activating factor
Q8DP80	AGAIBJGL_01446	HAD superfamily hydrolase
Q8CYL3	AGAIBJGL_01447	hypothetical protein
A0AA86JPI6	AGAIBJGL_01448	Capsule biosynthesis protein CapA
Q04JP7	AGAIBJGL_01449	Peptide deformylase
B1ICN8	AGAIBJGL_01450	23S rRNA (guanosine(2251)-2'-O)-methyltransferase
A0A380LQW9	AGAIBJGL_01451	Thioredoxin reductase
Q8CYL0	AGAIBJGL_01452	Hypothetical protein
Q8DP77	AGAIBJGL_01453	Cysteine ABC transporter ATP-binding protein
Q8DP76	AGAIBJGL_01454	Cysteine ABC transporter permease protein
Q8DP75	AGAIBJGL_01455	Arsenate reductase
C1CF45	AGAIBJGL_01456	Methylated-DNA--protein-cysteine methyltransferase
C1CF46	AGAIBJGL_01457	Acetyltransferase
Q8CYK8	AGAIBJGL_01458	Hypothetical protein
A0AA86MJ71	AGAIBJGL_01459	Hemolysin III
Q97PX3	AGAIBJGL_01460	Pyridoxal 5'-phosphate synthase%2C glutaminase subunit PdxT
Q97PX2	AGAIBJGL_01461	Pyridoxal 5'-phosphate synthase%2C synthase subunit PdxS
C1C864	AGAIBJGL_01462	NADH peroxidase
Q8DP69	AGAIBJGL_01463	Putative thiamin biosynthesis lipoprotein
Q8DP68	AGAIBJGL_01464	Fumarate reductase%2C flavoprotein subunit precursor
A0A064C0N4	AGAIBJGL_01465	Fumarate reductase%2C flavoprotein subunit precursor
Q8DP67	AGAIBJGL_01466	Hypothetical protein
A0AA86J7G2	AGAIBJGL_01467	Glycyl-tRNA synthetase beta chain
A0A0B7LTT5	AGAIBJGL_01468	Glycyl-tRNA synthetase alpha chain
C1C872	AGAIBJGL_01469	hypothetical protein
	AGAIBJGL_01470	SpR19_sRNA
B2IQU4	AGAIBJGL_01471	Ooxidoreductase of aldo/keto reductase family%2C subgroup 1
A0AA86MF50	AGAIBJGL_01472	Peptidoglycan N-acetylglucosamine deacetylase
B2IQU6	AGAIBJGL_01473	hypothetical protein
A0AA86MI80	AGAIBJGL_01474	Oxidoreductase%2C Gfo/Idh/MocA family
A0AA86MJ65	AGAIBJGL_01475	ATP-dependent RNA helicase YfmL
A0AA86JC09	AGAIBJGL_01476	IS630 family transposase ISSpn2
A0A380LQP7	AGAIBJGL_01477	hypothetical protein
C1C879	AGAIBJGL_01478	IS630 family transposase ISSpn2
A0A4J1TXJ2	AGAIBJGL_01479	Mobile element protein
B2IQV2	AGAIBJGL_01480	Translation elongation factor Tu
C1C884	AGAIBJGL_01481	Major intrinsic protein family aquaporin
C1C885	AGAIBJGL_01482	Cell wall surface anchor family protein MucB
A0A6G2CVB6	AGAIBJGL_01483	Hypothetical protein
C1C887	AGAIBJGL_01484	Hypothetical protein
C1C888	AGAIBJGL_01485	IS630 family transposase IS630-Spn1
A0AA86JHJ3	AGAIBJGL_01486	Phosphoglucomutase
Q8DP51	AGAIBJGL_01487	Bacterocin transport accessory protein
Q8DP50	AGAIBJGL_01488	Glutamine ABC transporter substrate-binding protein GlnH6
Q8DP49	AGAIBJGL_01489	Glutamine ABC transporter ATP-binding protein GlnQ6
C1CF86	AGAIBJGL_01490	Glutamine ABC transporter permease GlnP6
A0AA86MJ60	AGAIBJGL_01491	TPR-repeat-containing protein
Q8DP46	AGAIBJGL_01492	Hypothetical protein
Q8DP45	AGAIBJGL_01493	6-phosphogluconolactonase
Q04N64	AGAIBJGL_01494	ATP synthase F1 sector epsilon chain
C1CLK6	AGAIBJGL_01495	ATP synthase F1 sector beta chain
C1CSC9	AGAIBJGL_01496	ATP synthase F1 sector gamma chain
C1CF95	AGAIBJGL_01497	ATP synthase F1 sector alpha chain
Q04HT6	AGAIBJGL_01498	ATP synthase F1 sector delta chain
Q04HT5	AGAIBJGL_01499	ATP synthase F0 sector subunit b
Q6Y861	AGAIBJGL_01500	ATP synthase F0 sector subunit a
Q79RW7	AGAIBJGL_01501	ATP synthase F0 sector subunit c
Q8CYJ9	AGAIBJGL_01502	Acetyltransferase
A0AA86MG47	AGAIBJGL_01503	Hypothetical protein
Q8DP42	AGAIBJGL_01504	Transcription elongation factor GreA
A0AA86MJ90	AGAIBJGL_01505	Endolytic murein transglycosylase MltG
Q8DP41	AGAIBJGL_01506	Acetyltransferase%2C GNAT family
C1CFA4	AGAIBJGL_01507	hypothetical protein
A0A380LSF6	AGAIBJGL_01508	UDP-N-acetylmuramate--alanine ligase
Q8CYJ6	AGAIBJGL_01509	Hypothetical protein
A0AA86JRD0	AGAIBJGL_01510	SWF/SNF family helicase
A0A0U0ES11	AGAIBJGL_01511	Bifunctional PLP-dependent beta-cystathionase/maltose regulon repressor
A0AA86J8Z1	AGAIBJGL_01512	Cystathionine gamma-synthase
A0A0T8UTH6	AGAIBJGL_01513	ABC transporter%2C ATP-binding/permease protein
A0A4M2GLZ6	AGAIBJGL_01514	ABC transporter%2C ATP-binding/permease protein
A0A0F7YA13	AGAIBJGL_01515	Oligopeptide ABC transporter oligopeptide-binding protein AliB
B2IR49	AGAIBJGL_01516	Putative cell division protein YtgP
A0A0T8JHS8	AGAIBJGL_01517	UDP-N-acetylmuramoylalanyl-D-glutamate--L-lysine ligase
C1CFB2	AGAIBJGL_01518	Hypothetical protein
A0A0T8UTG8	AGAIBJGL_01519	hypothetical protein
A0A098Z6G6	AGAIBJGL_01520	Glutamate synthase [NADPH] large chain
Q04JL5	AGAIBJGL_01521	Manganese-dependent inorganic pyrophosphatase
Q97PR7	AGAIBJGL_01522	Putative endonuclease
Q8DP30	AGAIBJGL_01523	tRNA(1)(Val) (adenine(37)-N(6))-methyltransferase
Q8DP29	AGAIBJGL_01524	General stress protein 13
A0A0T8L9N8	AGAIBJGL_01525	Bifunctional lipoprotein rotamase A/peptidyl-prolyl cis-trans isomerase
Q04JL0	AGAIBJGL_01526	SSU ribosomal protein S18p
A0AA86J8Y1	AGAIBJGL_01527	Single-stranded DNA-binding protein
Q04JK8	AGAIBJGL_01528	SSU ribosomal protein S6p
C1CFC3	AGAIBJGL_01529	Asparaginyl-tRNA synthetase
C1C8D2	AGAIBJGL_01530	Putative lactoylglutathione lyase
A0A0T8L9J6	AGAIBJGL_01531	Aspartate aminotransferase
A0A098ZCY9	AGAIBJGL_01532	Hypothetical protein
B1ICW7	AGAIBJGL_01533	Hypothetical protein
B2IR66	AGAIBJGL_01534	hypothetical protein
Q8CYI7	AGAIBJGL_01535	Hypothetical protein
	AGAIBJGL_01536	SpR20_sRNA
A0AA86MK75	AGAIBJGL_01537	Cell shape-determining protein
A0A0T8SNA2	AGAIBJGL_01538	Peptide deformylase
A0A0T8A0Q4	AGAIBJGL_01539	Glutathione S-transferase
A0A0T8FY45	AGAIBJGL_01540	Calcium-transporting ATPase
	AGAIBJGL_01541	SSRC10
C1CFD7	AGAIBJGL_01542	Cobalt-zinc-cadmium resistance protein
A0A0T8V6V7	AGAIBJGL_01543	ATPase component of ABC transporter with duplicated ATPase domains
A0AA86J8X0	AGAIBJGL_01544	CCA tRNA nucleotidyltransferase
B2IR75	AGAIBJGL_01545	4-hydroxy-tetrahydrodipicolinate reductase
Q97PP6	AGAIBJGL_01546	DegV family protein
B2IR77	AGAIBJGL_01547	Hypothetical protein
A0AA86JJX3	AGAIBJGL_01548	Phosphoglucosamine mutase
Q8DP15	AGAIBJGL_01549	Hypothetical protein
Q8DP14	AGAIBJGL_01550	Bacterial checkpoint controller DisA
A0A0D6J7C7	AGAIBJGL_01551	Thioredoxin reductase
A0AA86JFI0	AGAIBJGL_01552	Autolysin/N-acetylmuramoyl-L-alanine amidase LytA
A0AA86JC10	AGAIBJGL_01553	hypothetical protein
C1CGE3	AGAIBJGL_01554	hypothetical protein
B1I7B6	AGAIBJGL_01555	hypothetical protein
M9QQR7	AGAIBJGL_01556	hypothetical protein
A0AAE4FWU6	AGAIBJGL_01557	hypothetical protein
A0A0U0LNZ8	AGAIBJGL_01558	hypothetical protein
A0A4J2BVC4	AGAIBJGL_01559	hypothetical protein
A0A0U0HEJ3	AGAIBJGL_01560	hypothetical protein
M9QQS0	AGAIBJGL_01561	hypothetical protein
A0A0T8ZZN8	AGAIBJGL_01562	hypothetical protein
M9QX92	AGAIBJGL_01563	hypothetical protein
A0AA86MCZ4	AGAIBJGL_01564	hypothetical protein
A0A098ANC3	AGAIBJGL_01565	hypothetical protein
A0A0T8U0V4	AGAIBJGL_01566	hypothetical protein
C1CGF7	AGAIBJGL_01567	hypothetical protein
A0A4J1V8M8	AGAIBJGL_01568	hypothetical protein
A0A4J1MW86	AGAIBJGL_01569	hypothetical protein
A0A380LSA0	AGAIBJGL_01570	hypothetical protein
A0A380LTC2	AGAIBJGL_01571	hypothetical protein
A0A380LS23	AGAIBJGL_01572	hypothetical protein
A0A0U0GT88	AGAIBJGL_01573	hypothetical protein
A0A4J2B3Z3	AGAIBJGL_01574	hypothetical protein
A0A4J2BWE8	AGAIBJGL_01575	hypothetical protein
A0A4J1UIP0	AGAIBJGL_01576	hypothetical protein
A0AA86MGS2	AGAIBJGL_01577	hypothetical protein
	AGAIBJGL_01578	GOLLD
A0A0B7LRJ1	AGAIBJGL_01579	hypothetical protein
A0AA86JLC6	AGAIBJGL_01580	hypothetical protein
A0A4L7JWA9	AGAIBJGL_01581	hypothetical protein
A0A380LTB6	AGAIBJGL_01582	hypothetical protein
A0A0B7M3F4	AGAIBJGL_01583	hypothetical protein
A0A380LU01	AGAIBJGL_01584	hypothetical protein
A0A0U0FML2	AGAIBJGL_01585	hypothetical protein
A0AA86JIP8	AGAIBJGL_01586	hypothetical protein
A0AA86J9N0	AGAIBJGL_01587	hypothetical protein
A0A0T8WW84	AGAIBJGL_01588	hypothetical protein
A0A064C5V3	AGAIBJGL_01589	hypothetical protein
A0A098AN63	AGAIBJGL_01590	hypothetical protein
A0A380LS80	AGAIBJGL_01591	hypothetical protein
A0A380LTA8	AGAIBJGL_01592	hypothetical protein
A0A0E8SXA9	AGAIBJGL_01593	hypothetical protein
A0AA86MPN8	AGAIBJGL_01594	hypothetical protein
M9QZ03	AGAIBJGL_01595	hypothetical protein
A0A064C056	AGAIBJGL_01596	hypothetical protein
A0A064C1N6	AGAIBJGL_01597	hypothetical protein
A0A064C342	AGAIBJGL_01598	hypothetical protein
A0A098ANA5	AGAIBJGL_01599	hypothetical protein
A0A380LQB1	AGAIBJGL_01600	hypothetical protein
A0A380LS70	AGAIBJGL_01601	hypothetical protein
C1CHB1	AGAIBJGL_01602	hypothetical protein
A0A0B7MB27	AGAIBJGL_01603	hypothetical protein
A0A0T7JG49	AGAIBJGL_01604	hypothetical protein
A0A380LQI5	AGAIBJGL_01605	hypothetical protein
A0AA86JKM8	AGAIBJGL_01606	hypothetical protein
A0AA86MCL4	AGAIBJGL_01607	hypothetical protein
A0AA86MGF1	AGAIBJGL_01608	hypothetical protein
A0A0E7NRX6	AGAIBJGL_01609	Tyrosine recombinase XerC
Q8DP12	AGAIBJGL_01610	Putative cytoplasmic protein
A0A822RK98	AGAIBJGL_01611	LPPG:FO 2-phospho-L-lactate transferase-like protein
A0A822RNU8	AGAIBJGL_01612	Putative P-loop-containing kinase
Q8DP09	AGAIBJGL_01613	RidA/YER057c/UK114 superfamily protein
Q04JI0	AGAIBJGL_01614	GTP-binding protein EngB
Q04JH9	AGAIBJGL_01615	ATP-dependent Clp protease ATP-binding subunit ClpX
Q8CYI3	AGAIBJGL_01616	Hypothetical protein
A0A0B4ZMU3	AGAIBJGL_01617	Dihydrofolate reductase
A0A264SLW6	AGAIBJGL_01618	Bifunctional non-specific DNA-binding protein/ferroxidase Dpr
A0A5C8RQ08	AGAIBJGL_01619	1%2C4-beta-N-acetylmuramidase%2C lyzozyme LytC
Q04JH4	AGAIBJGL_01620	Triosephosphate isomerase
C1CFF8	AGAIBJGL_01621	Chromosome replication initiation protein DnaD
Q8DP05	AGAIBJGL_01622	Homoserine O-succinyltransferase
C1CFG1	AGAIBJGL_01623	Adenine phosphoribosyltransferase
Q8DP04	AGAIBJGL_01624	SAM-dependent methyltransferase
A0A0H2UQW6	AGAIBJGL_01625	Multiple sugar ABC transporter%2C ATP-binding protein
	AGAIBJGL_01626	tRNA-Leu(aag)
Q8DP02	AGAIBJGL_01627	Nicotinamidase
A0A0U0B029	AGAIBJGL_01628	GTP-sensing transcriptional pleiotropic repressor CodY
A0A064C5Z2	AGAIBJGL_01629	DEAD-box ATP-dependent RNA helicase CshA
A0A064C618	AGAIBJGL_01630	Major facilitator oxalate:formate antiporter
A0AA86MIZ1	AGAIBJGL_01631	Pyridine nucleotide-disulfide oxidoreductase
C1C8I0	AGAIBJGL_01632	Mur ligase family protein
A0A0H2ZML1	AGAIBJGL_01633	Putative amidotransferase similar to cobyric acid synthase
C1CFH2	AGAIBJGL_01634	Xaa-Pro dipeptidase
A0AA86JJ87	AGAIBJGL_01635	hypothetical protein
Q8DNZ4	AGAIBJGL_01636	IS3 family transposase ISSpn11
A0AA86J8I9	AGAIBJGL_01637	Substrate-specific component PdxU2 of putative pyridoxin-related ECF transporter
A0A0H2UR72	AGAIBJGL_01638	Pyridoxal kinase%2C thiD family
A0AA86JPE4	AGAIBJGL_01639	tRNA pseudouridine synthase A
A0AA86JFS8	AGAIBJGL_01640	Major facilitator superfamily transporter-permease
Q8CYI1	AGAIBJGL_01641	Hypothetical protein
A0AA86J8U5	AGAIBJGL_01642	Protein PhnA
A0A064C099	AGAIBJGL_01643	Cytidylate kinase
Q8CYI0	AGAIBJGL_01644	Hypothetical protein
C1CFI7	AGAIBJGL_01645	Ferredoxin
Q8DNY7	AGAIBJGL_01646	Bactoprenol glucosyl transferase
A0A0B7M1L4	AGAIBJGL_01647	UDP-glucose 4-epimerase
A0A0E9GWZ8	AGAIBJGL_01648	Glycine/D-amino acid oxidases family protein
C1CFJ2	AGAIBJGL_01649	Putative GTP cyclohydrolase 1 type 2 protein YbgI
A0AA86MJ41	AGAIBJGL_01650	tRNA (adenine(22)-N(1))-methyltransferase
A0A6G2DAB2	AGAIBJGL_01651	Cadmium-transporting ATPase
B2IRD2	AGAIBJGL_01652	Acyl-ACP:1-acyl-sn-glycerol-3-phosphate acyltransferase
Q8DNY0	AGAIBJGL_01653	Cadmium resistance protein CadD
Q97PI9	AGAIBJGL_01654	SSU ribosomal protein S15p (S13e)
A0AA86JFR8	AGAIBJGL_01655	Rrf2-linked NADH-flavin reductase
Q8CYH9	AGAIBJGL_01656	Hypothetical protein
Q8CYH8	AGAIBJGL_01657	hypothetical protein
C1CSP6	AGAIBJGL_01658	Threonyl-tRNA synthetase
A0A380LVT5	AGAIBJGL_01659	Two-component system sensor histidine kinase
A0A064C629	AGAIBJGL_01660	Two-component system response regulator
A0AA86MBB7	AGAIBJGL_01661	Esterase/lipase
A0AA86MF23	AGAIBJGL_01662	Hypothetical protein
A0AA86MMS5	AGAIBJGL_01663	Rrf2 family transcriptional regulator%2C group III
A0A6A8VMJ1	AGAIBJGL_01664	Putative diadenosine tetraphosphatase
B2IRP3	AGAIBJGL_01665	Mn-dependent transcriptional regulator MntR
A0A0H2ZLZ3	AGAIBJGL_01666	hypothetical protein
Q8DNX2	AGAIBJGL_01667	D-tyrosyl-tRNA(Tyr) deacylase
A0A0H2ZP47	AGAIBJGL_01668	Bifunctional guanosine-3'%2C5'-bis(diphosphate) 3'-pyrophosphohydrolase/(p)ppGpp synthetase II
A0A0T8BDS4	AGAIBJGL_01669	Hydroxyacylglutathione hydrolase
A0AA86JFQ8	AGAIBJGL_01670	Neutral endopeptidase O
B2IRQ4	AGAIBJGL_01671	Manganese ABC transporter%2C ATP-binding protein PsaB
C1CFM0	AGAIBJGL_01672	Manganese ABC transporter%2C inner membrane permease protein PsaC
D2CTJ2	AGAIBJGL_01673	Manganese ABC transporter%2C periplasmic-binding protein PsaA
A0A062WLL4	AGAIBJGL_01674	Thiol peroxidase%2C Tpx-type
A0AA86JHD8	AGAIBJGL_01675	ABC transporter%2C permease protein
C1C8P3	AGAIBJGL_01676	ABC transporter%2C ATP-binding protein
A0AA86MF17	AGAIBJGL_01677	Putative large secreted protein
C1CFM7	AGAIBJGL_01678	Phosphoglycerate mutase
C1CFM9	AGAIBJGL_01679	hypothetical protein
A0A4J2BWQ7	AGAIBJGL_01680	Isoleucyl-tRNA synthetase
C1CFN2	AGAIBJGL_01681	Cell division initiation protein DivIVA
Q9ZHB5	AGAIBJGL_01682	YlmH
Q9ZHB6	AGAIBJGL_01683	Cell division integral membrane protein YlmG%2C YGGT family
Q8DNW1	AGAIBJGL_01684	FtsZ-interacting protein related to cell division YlmF
C1CFN6	AGAIBJGL_01685	YlmE
Q8DNV9	AGAIBJGL_01686	Cell division protein FtsZ
Q9ZHC0	AGAIBJGL_01687	Cell division protein FtsA
Q8CYG1	AGAIBJGL_01688	Putative membrane protein
A0A4L3I074	AGAIBJGL_01689	MutT/nudix family protein phosphohydrolase
C1CFP1	AGAIBJGL_01690	UDP-N-acetylmuramoyl-tripeptide--D-alanyl-D- alanine ligase
A0AA87CA86	AGAIBJGL_01691	D-alanine--D-alanine ligase
A0A098ZPC6	AGAIBJGL_01692	Recombination protein RecR
A5YHJ0	AGAIBJGL_01693	Penicillin-binding protein 2B
A0AAD2IJ01	AGAIBJGL_01694	Sialic acid utilization regulator%2C RpiR family
B2IRT0	AGAIBJGL_01695	N-acetylmannosamine kinase
A0A822RA97	AGAIBJGL_01696	4-hydroxy-tetrahydrodipicolinate synthase
A0A0U0LIE7	AGAIBJGL_01697	hypothetical protein
A0A4M3K1J3	AGAIBJGL_01698	Protein YjgK%2C linked to biofilm formation
Q8DNV0	AGAIBJGL_01699	ABC transporter%2C putative N-acetylneuraminate transport system permease protein 2
B1I743	AGAIBJGL_01700	ABC transporter%2C putative N-acetylneuraminate transport system permease protein 1
A0AAD2KAU0	AGAIBJGL_01701	ABC transporter%2C putative N-acetylneuraminate-binding protein
C1C8S2	AGAIBJGL_01702	N-acetylglucosamine-specific PTS IIABC components
P65521	AGAIBJGL_01703	N-acetylmannosamine-6-phosphate 2-epimerase
C1CFQ6	AGAIBJGL_01704	Oxidoreductase
A0AA86MBA6	AGAIBJGL_01705	Sialidase
C1CFQ8	AGAIBJGL_01706	ABC transporter%2C permease protein
Q8DNU3	AGAIBJGL_01707	ABC transporter membrane-spanning permease%2C sugar transport YcjO
Q8DNU2	AGAIBJGL_01708	ABC transporter substrate-binding protein - sugar transport
A0A0B7MDG4	AGAIBJGL_01709	Putative beta-D-galactosidase
A0A0B7LFI0	AGAIBJGL_01710	Hypothetical protein
B8XTV7	AGAIBJGL_01711	Sialidase NanA
Q8CYF7	AGAIBJGL_01712	Hypothetical protein
A0A4J1WA53	AGAIBJGL_01713	Hypothetical protein
C1CFR5	AGAIBJGL_01714	Bifunctional acetyl xylan esterase 1/cephalosporin-C deacetylase
A0A380LTN1	AGAIBJGL_01715	Hypothetical protein
A0AA86J783	AGAIBJGL_01716	ATP-dependent DNA helicase RecG
A0A0B7M206	AGAIBJGL_01717	Alanine racemase
B2IRV4	AGAIBJGL_01718	Holo-[acyl-carrier protein] synthase
Q8DNU0	AGAIBJGL_01719	2-keto-3-deoxy-D-arabino-heptulosonate-7- phosphate synthase I alpha
C1CFS0	AGAIBJGL_01720	2-keto-3-deoxy-D-arabino-heptulosonate-7- phosphate synthase I alpha
A0AA86MMQ9	AGAIBJGL_01721	Protein translocase subunit SecA
B2IRV8	AGAIBJGL_01722	hypothetical protein
A0AA86MJ17	AGAIBJGL_01723	ABC transporter%2C ATP-binding protein
A0A559G8C4	AGAIBJGL_01724	Hypothetical protein
A0A0U0H5W0	AGAIBJGL_01725	Hypothetical protein
A0A559BP94	AGAIBJGL_01726	Hypothetical protein
B1I765	AGAIBJGL_01727	Hypothetical protein
A0A0T7Z4A0	AGAIBJGL_01728	GTP-binding protein EngA
A0A0U0M2R2	AGAIBJGL_01729	NADPH-flavin oxidoreductase
A0A0U0BPB3	AGAIBJGL_01730	Helicase loader DnaI
A0A0U0H4S0	AGAIBJGL_01731	Helicase loader DnaB
B2IRW8	AGAIBJGL_01732	Ribonucleotide reductase transcriptional regulator NrdR
Q8DNT4	AGAIBJGL_01733	Transcriptional regulator%2C GntR family
C1C8V1	AGAIBJGL_01734	Multidrug ABC transporter%2C ATP-binding protein
A0A229G0F0	AGAIBJGL_01735	ABC transporter ATP-binding protein
C1CFT8	AGAIBJGL_01736	ABC transporter membrane-spanning permease - Na+ export
C1C8V4	AGAIBJGL_01737	ABC transporter ATP-binding protein - Na+ export
A0A0E8SZC7	AGAIBJGL_01738	Hypothetical protein
C1CFU1	AGAIBJGL_01739	Immunoreactive protein Se23.5-like protein
B1I778	AGAIBJGL_01740	Fructokinase
Q8DNS8	AGAIBJGL_01741	Sucrose-specific PTS IIBCA components
A0AA86JP91	AGAIBJGL_01742	Sucrose-6-phosphate hydrolase
Q8DNS6	AGAIBJGL_01743	Sucrose operon repressor ScrR%2C LacI family
A0A380LTJ0	AGAIBJGL_01744	Hydroxymethylglutaryl-CoA reductase
C1CFU8	AGAIBJGL_01745	Hydroxymethylglutaryl-CoA synthase
B1I7J1	AGAIBJGL_01746	Hypothetical protein
C1C7G4	AGAIBJGL_01747	IS5 family transposase ISSpn7
A0AA86JH77	AGAIBJGL_01748	IS1381 transposase OrfA
C1CFV2	AGAIBJGL_01749	Putative membrane-spanning protein
Q8DNS1	AGAIBJGL_01750	Membrane protein
A0A380LRS2	AGAIBJGL_01751	Serine/threonine protein kinase StkP
A0A0H2UR71	AGAIBJGL_01752	Protein serine/threonine phosphatase PhpP
A0AA86MJ09	AGAIBJGL_01753	16S rRNA (cytosine(967)-C(5))-methyltransferase
B5E782	AGAIBJGL_01754	Methionyl-tRNA formyltransferase
A0AA86J8B5	AGAIBJGL_01755	Helicase PriA essential for oriC/DnaA-independent DNA replication
Q04J38	AGAIBJGL_01756	DNA-directed RNA polymerase omega subunit
Q97PA3	AGAIBJGL_01757	Guanylate kinase
A0A0U0B6S6	AGAIBJGL_01758	Ribonuclease Y
Q8DNR3	AGAIBJGL_01759	YoeB toxin protein
A0A0H2ZR31	AGAIBJGL_01760	Antitoxin YefM
A0AA86J758	AGAIBJGL_01761	hypothetical protein
A0A0T8N9M2	AGAIBJGL_01762	hypothetical protein
A0AA86JH70	AGAIBJGL_01763	Methyltransferase
Q8DNQ9	AGAIBJGL_01764	Ribosomal silencing factor RsfA
Q8DNQ8	AGAIBJGL_01765	Isochorismatase
A0A0E8T0X8	AGAIBJGL_01766	HAD superfamily hydrolase YqeK
P65505	AGAIBJGL_01767	Nicotinate-nucleotide adenylyltransferase
Q8DNQ6	AGAIBJGL_01768	RNA-binding protein
A0A0H2UR97	AGAIBJGL_01769	GTP-binding protein YqeH%2C required for biogenesis of 30S ribosome subunit
B2ISA1	AGAIBJGL_01770	Hydrolase%2C HAD subfamily IIIA
A0A064C0E8	AGAIBJGL_01771	Magnesium and cobalt transport protein CorA2
B2ISA3	AGAIBJGL_01772	Potassium efflux system KefA protein
A0AA86JFJ2	AGAIBJGL_01773	Serine/threonine transporter SstT
A0A0T7TKT8	AGAIBJGL_01774	Serine/threonine transporter SstT
C1CFX5	AGAIBJGL_01775	Membrane protein
C1CFZ4	AGAIBJGL_01776	Transcriptional regulator%2C MarR family
Q8CYE5	AGAIBJGL_01777	Hypothetical protein
C1CFZ6	AGAIBJGL_01778	Thioredoxin
A0A380LRR5	AGAIBJGL_01779	NADPH-dependent 7-cyano-7-deazaguanine reductase
A0AA86MEY5	AGAIBJGL_01780	Aquaporin Z
A0AA86MMP4	AGAIBJGL_01781	hypothetical protein
A0A0E8TAE1	AGAIBJGL_01782	hypothetical protein
A0AA86MJ00	AGAIBJGL_01783	ABC transporter ATP-binding protein
A0A062WT08	AGAIBJGL_01784	hypothetical protein
A0A916P872	AGAIBJGL_01785	Oligoendopeptidase F
A0AA86JT80	AGAIBJGL_01786	16S rRNA (uracil(1498)-N(3))-methyltransferase
Q8DNP4	AGAIBJGL_01787	Ribosomal protein L11 methyltransferase
A0AA86JFH6	AGAIBJGL_01788	7%2C8-dihydro-8-oxoguanine-triphosphatase
A0AA86J6K7	AGAIBJGL_01789	Hypothetical protein
B2ISE3	AGAIBJGL_01790	Hypothetical protein
Q8DNP2	AGAIBJGL_01791	Addiction module antitoxin HicB
Q8CYD9	AGAIBJGL_01792	Hypothetical protein
A0A4V0ITY0	AGAIBJGL_01793	Chromosome segregation helicase
	AGAIBJGL_01794	tRNA-Lys(ctt)
A0A0T8VMK4	AGAIBJGL_01795	Sucrose-6-phosphate hydrolase
B2ISF0	AGAIBJGL_01796	hypothetical protein
B2ISF6	AGAIBJGL_01797	ABC transporter permease protein
C1CG18	AGAIBJGL_01798	Multiple sugar ABC transporter%2C membrane-spanning permease protein
A0A0E8JL96	AGAIBJGL_01799	Multiple sugar metabolism operon regulatory protein
Q97P44	AGAIBJGL_01800	M protein trans-acting positive regulator Mga2
C1C945	AGAIBJGL_01801	Membrane protein
B2ISG1	AGAIBJGL_01802	Hypothetical protein
Q8DNN4	AGAIBJGL_01803	Small integral membrane protein
Q8DNN3	AGAIBJGL_01804	General stress protein%2C Gls24 family
Q97P39	AGAIBJGL_01805	Hypothetical protein
C1C952	AGAIBJGL_01806	hypothetical protein
A0AA86JB75	AGAIBJGL_01807	Formylglycine-generating enzyme
A0A0U0AG22	AGAIBJGL_01808	Arylsulfatase
B2ISF4	AGAIBJGL_01809	Cellobiose-specific PTS IIC component
A0A4L3I3R0	AGAIBJGL_01810	Lactose-specific PTS IIA component
C1CG33	AGAIBJGL_01811	Cellobiose-specific PTS IIB component
A0A0B7L735	AGAIBJGL_01812	hypothetical protein
A0A4F2BEU0	AGAIBJGL_01813	Cellobiose-specific PTS IIC component
A0A0B7LBM5	AGAIBJGL_01814	Xylose repressor protein
A0A0B7L697	AGAIBJGL_01815	Acetyltransferase
A0AA86JT66	AGAIBJGL_01816	Type IV prepilin peptidase
A0A0H2URC4	AGAIBJGL_01817	Transcriptional regulator%2C Xre family
A0A0U0MHV9	AGAIBJGL_01818	Hypothetical protein
A0A0B7M517	AGAIBJGL_01819	Tryptophan synthase alpha chain
A0AA86J8H6	AGAIBJGL_01820	Tryptophan synthase beta chain
A0AA86J715	AGAIBJGL_01821	Phosphoribosylanthranilate isomerase
A0A0B7LLQ6	AGAIBJGL_01822	Indole-3-glycerol phosphate synthase
Q04IY6	AGAIBJGL_01823	Anthranilate phosphoribosyltransferase
A0A0B7LWH4	AGAIBJGL_01824	Bifunctional anthranilate synthase%2C amidotransferase component/para-aminobenzoate synthase%2Camidotransferase component
A0AA86MEX1	AGAIBJGL_01825	Anthranilate synthase%2C aminase component
A0A4J2FF23	AGAIBJGL_01826	Hypothetical protein
	AGAIBJGL_01827	T-box
Q8DNM4	AGAIBJGL_01828	Galactose operon repressor%2C GalR-LacI family
A0AA86Y046	AGAIBJGL_01829	Hypothetical protein
A0A4J1VF88	AGAIBJGL_01830	Mg(2+)-transport-ATPase-associated protein MgtC
A0AA95IMP0	AGAIBJGL_01831	Iron(III)-transport system permease protein SfuB
C1CG53	AGAIBJGL_01832	ABC transporter%2C ATP-binding protein
A0AA95IKM6	AGAIBJGL_01833	ABC transporter%2C substrate-binding protein
A0AA95IKS6	AGAIBJGL_01834	Hypothetical protein
B2IST5	AGAIBJGL_01835	hypothetical protein
A0AA86J8G8	AGAIBJGL_01836	Plasmin- and fibronectin-binding protein PfbA
C1CG64	AGAIBJGL_01837	Putative UDP-4-keto-6-deoxy-D-glucose 4-transaminase AatB
A0AA86JB57	AGAIBJGL_01838	Sugar transferases involved in lipopolysaccharide synthesis
A0AA86JH18	AGAIBJGL_01839	ABC transporter%2C ATP-binding/permease protein
A0AA86MB78	AGAIBJGL_01840	ABC transporter%2C ATP-binding/permease protein
A0A0H2URE6	AGAIBJGL_01841	hypothetical protein
C1CG69	AGAIBJGL_01842	hypothetical protein
A0AA86MHZ7	AGAIBJGL_01843	hypothetical protein
C1CG71	AGAIBJGL_01844	Exodeoxyribonuclease III
Q8CYC6	AGAIBJGL_01845	hypothetical protein
	AGAIBJGL_01846	Purine
Q3I0B1	AGAIBJGL_01847	Xanthine phosphoribosyltransferase
A0A4J2BSG7	AGAIBJGL_01848	Xanthine permease
P0A3T5	AGAIBJGL_01849	Type II restriction-modification system component DpnD
C1CG75	AGAIBJGL_01850	Type II restriction-modification system endonuclease DpnC
A0A0M3KL39	AGAIBJGL_01851	Thioesterase
A0AA86J8F8	AGAIBJGL_01852	Galactose-1-phosphate uridylyltransferase
B2ISV2	AGAIBJGL_01853	Galactokinase
Q8DNK6	AGAIBJGL_01854	Galactose operon repressor%2C GalR-LacI family
C1CG80	AGAIBJGL_01855	Alcohol dehydrogenase
Q8DNK4	AGAIBJGL_01856	Transcriptional regulator%2C MerR family
Q8DNK3	AGAIBJGL_01857	Cobalt-zinc-cadmium resistance protein CzcD
C1CG83	AGAIBJGL_01858	Transcriptional regulator SczA%2C TetR family
Q8DNK1	AGAIBJGL_01859	Ribosyl nicotinamide transporter PnuC
A0A0T7KAV4	AGAIBJGL_01860	Glycine betaine/L-proline transport substrate-binding/permease protein ProWX
C1CG87	AGAIBJGL_01861	Glycine betaine/L-proline transport ATP-binding protein ProV
A0AA86J851	AGAIBJGL_01862	Hypothetical protein
A0A0E8SYC0	AGAIBJGL_01863	Transcriptional regulator%2C MarR family
A0A0E8P644	AGAIBJGL_01864	Hypothetical protein
Q8DNJ7	AGAIBJGL_01865	Glutamyl aminopeptidase
A0A0E7ZNQ0	AGAIBJGL_01866	UDP-glucose 4-epimerase
A0AA86J8E7	AGAIBJGL_01867	Iron compound ABC uptake transporter permease protein PiuB
C1CG94	AGAIBJGL_01868	Iron compound ABC uptake transporter permease protein PiuC
C1CG95	AGAIBJGL_01869	Iron compound ABC uptake transporter ATP-binding protein PiuD
C1CG96	AGAIBJGL_01870	Iron compound ABC uptake transporter substrate-binding protein PiuA
C1CG97	AGAIBJGL_01871	Putative membrane protein insertion efficiency factor YidD
Q8DNJ0	AGAIBJGL_01872	Ribosomal large subunit pseudouridine synthase B
Q8DNI9	AGAIBJGL_01873	Segregation and condensation protein B
A0A0T8RTE1	AGAIBJGL_01874	Segregation and condensation protein A
C1C9E3	AGAIBJGL_01875	Tyrosine recombinase XerD
Q9EUQ9	AGAIBJGL_01876	CBS domain protein
C1CGA3	AGAIBJGL_01877	Phosphoesterase
B2ISX8	AGAIBJGL_01878	Nucleoside 5-triphosphatase RdgB (dHAPTP%2C dITP%2C XTP-specific)
Q04IS7	AGAIBJGL_01879	Glutamate racemase
B2ISY0	AGAIBJGL_01880	Hypothetical protein
A0AA86J6G1	AGAIBJGL_01881	Trehalose-6-phosphate hydrolase
A0AA86J8D9	AGAIBJGL_01882	Trehalose-specific PTS IIBCA components
Q8DNI5	AGAIBJGL_01883	Trehalose operon transcriptional repressor
A0AA86JB29	AGAIBJGL_01884	ABC transporter ATP-binding protein
A0AA86JGZ0	AGAIBJGL_01885	Putative tryptophan-specific ABC transporter permease protein TrpY
A0AA86MB69	AGAIBJGL_01886	hypothetical protein
A0AA86MEU9	AGAIBJGL_01887	ABC transporter substrate-binding protein
A0AA86MML6	AGAIBJGL_01888	ABC transporter substrate-binding protein
B1I896	AGAIBJGL_01889	Peptide ABC transporter ATP-binding protein AmiF
B2ISY7	AGAIBJGL_01890	Peptide ABC transporter ATP-binding protein AmiE
C1CGB7	AGAIBJGL_01891	Peptide ABC transporter permease AmiD
C1C9F9	AGAIBJGL_01892	Peptide ABC transporter permease AmiC
A0A0U0KSF7	AGAIBJGL_01893	Peptide ABC transporter substrate-binding protein AmiA
Q8CYC1	AGAIBJGL_01894	Wall teichoic acid biosynthesis protein RafX
A0AA86JFB0	AGAIBJGL_01895	Sucrose phosphorylase
A0AA86J6D1	AGAIBJGL_01896	Multiple sugar ABC transporter%2C membrane-spanning permease protein MsmG
C1C9G5	AGAIBJGL_01897	Multiple sugar ABC transporter%2C membrane-spanning permease protein MsmF
B2ISZ6	AGAIBJGL_01898	Multiple sugar ABC transporter%2C substrate-binding protein MsmE
A0AA86JB16	AGAIBJGL_01899	Alpha-galactosidase
A0A0B7MFI0	AGAIBJGL_01900	Multiple sugar metabolism operon regulatory protein MsmR
C1C9G9	AGAIBJGL_01901	Bifunctional biotin operon repressor/Biotin--protein ligase
	AGAIBJGL_01902	tRNA-Ser(gct)
	AGAIBJGL_01902	
	AGAIBJGL_01903	tRNA-Ile(gat)
	AGAIBJGL_01904	tRNA-Gly(tcc)
	AGAIBJGL_01905	tRNA-Phe(gaa)
	AGAIBJGL_01906	tRNA-Met(cat)
	AGAIBJGL_01907	tRNA-Ser(tga)
	AGAIBJGL_01908	tRNA-Met(cat)
	AGAIBJGL_01909	tRNA-Met(cat)
	AGAIBJGL_01910	tRNA-Pro(tgg)
	AGAIBJGL_01911	tRNA-Arg(acg)
	AGAIBJGL_01912	tRNA-Leu(taa)
	AGAIBJGL_01913	tRNA-Gly(gcc)
	AGAIBJGL_01914	tRNA-Thr(tgt)
	AGAIBJGL_01915	tRNA-Leu(tag)
	AGAIBJGL_01916	tRNA-Lys(ttt)
	AGAIBJGL_01916	
	AGAIBJGL_01917	tRNA-Asp(gtc)
	AGAIBJGL_01918	tRNA-Val(tac)
	AGAIBJGL_01919	5S ribosomal RNA
	AGAIBJGL_01920	23S ribosomal RNA
	AGAIBJGL_01921	tRNA-Ala(tgc)
	AGAIBJGL_01922	16S ribosomal RNA
	AGAIBJGL_01923	tRNA-Glu(ttc)
C1CGD1	AGAIBJGL_01924	RNA methyltransferase%2C TrmA family
A0A0E9GYL2	AGAIBJGL_01925	Regulatory protein RecX
Q8DNH5	AGAIBJGL_01926	Cysteinyl-tRNA synthetase related protein
	AGAIBJGL_01927	Spy392987
	AGAIBJGL_01927	
Q8CYC0	AGAIBJGL_01928	Hypothetical protein
	AGAIBJGL_01929	Srn266
C1CGD5	AGAIBJGL_01930	IS1167 transposase
C1CGD6	AGAIBJGL_01931	IS1167 transposase
Q04IQ3	AGAIBJGL_01932	Heat shock protein 60 family chaperone GroEL
Q8VTM9	AGAIBJGL_01933	Heat shock protein 60 family co-chaperone GroES
A0A0E8PDH7	AGAIBJGL_01934	Single-stranded DNA-binding protein SsbB
C1CGK0	AGAIBJGL_01935	Short-chain dehydrogenase
A0AA86MCN5	AGAIBJGL_01936	Phenylalanyl-tRNA synthetase domain protein
A0A0B7MDH0	AGAIBJGL_01937	Thioredoxin
Q8CYB9	AGAIBJGL_01938	Hypothetical protein
A0A0B7L9U4	AGAIBJGL_01939	Membrane protein
A0A0H2URK9	AGAIBJGL_01940	Response regulator of the LytR/AlgR family protein
A0A0B7L3A2	AGAIBJGL_01941	Phosphatidylglycerophosphatase B
Q8CYB6	AGAIBJGL_01942	Hypothetical protein
C1C9I8	AGAIBJGL_01943	putative ABC transporter ATP-binding protein
A0AA86JVW9	AGAIBJGL_01944	Multidrug resistance ABC transporter ATP-binding and permease protein
A0AA86JBJ5	AGAIBJGL_01945	hypothetical protein
Q04IN9	AGAIBJGL_01946	Transcriptional regulatory protein YeeN
A4GRE7	AGAIBJGL_01947	Pneumolysin
Q8CYB5	AGAIBJGL_01948	Hypothetical protein
Q8CYB4	AGAIBJGL_01949	Hypothetical protein
B2IM15	AGAIBJGL_01950	Hypothetical protein
A0A0B7LRS0	AGAIBJGL_01951	hypothetical protein
A0A0E7TWI5	AGAIBJGL_01952	hypothetical protein
A0A0B7LIV1	AGAIBJGL_01953	ABC transporter%2C substrate-binding protein
A0A0B7LBX8	AGAIBJGL_01954	ABC transporter%2C ATP-binding protein
A0A0B7LJG6	AGAIBJGL_01955	Iron(III)-transport system permease protein SfuB
B1I8N9	AGAIBJGL_01956	Mg(2+)-transport-ATPase-associated protein MgtC
B1I8P0	AGAIBJGL_01957	Alpha-D-glucose 1-phosphate phosphatase YihX
B1I8P1	AGAIBJGL_01958	hypothetical protein
A0AA95DDF8	AGAIBJGL_01959	IS5 family transposase ISSpn7
A0AA86MFY0	AGAIBJGL_01960	hypothetical protein
C1CGM2	AGAIBJGL_01961	Autolysin/N-acetylmuramoyl-L-alanine amidase LytA
A0AA86MJ25	AGAIBJGL_01962	MATE efflux family protein DinF
C1CMP5	AGAIBJGL_01963	DNA recombination/repair protein RecA
C1C9K9	AGAIBJGL_01964	Bifunctional ADP-ribose pyrophosphatase/nicotinamide-nucleotide amidase
B2IM30	AGAIBJGL_01965	Transcriptional regulator LytR
A0AA86JV03	AGAIBJGL_01966	Acetyltransferase
Q8DNF8	AGAIBJGL_01967	TsaE protein%2C required for threonylcarbamoyladenosine t(6)A37 formation in tRNA
Q8CYA2	AGAIBJGL_01968	Immunity factor ComM
A0AA86J8J6	AGAIBJGL_01969	Putative transcriptional regulator PlcR
A0AA86JAI9	AGAIBJGL_01970	Hypothetical protein
A0AA86J9F7	AGAIBJGL_01971	hypothetical protein
C1CA02	AGAIBJGL_01972	ABC transporter%2C ATP-binding protein
Q8CY96	AGAIBJGL_01973	hypothetical protein
A0A0B7LDE7	AGAIBJGL_01974	hypothetical protein
A0A0T7L482	AGAIBJGL_01975	Nucleoside diphosphate kinase
A0AA86MP25	AGAIBJGL_01976	DNA-directed RNA polymerase beta' subunit
A0A0B7LZ45	AGAIBJGL_01977	DNA-directed RNA polymerase beta subunit
	AGAIBJGL_01978	Lacto-rpoB
	AGAIBJGL_01979	tRNA-Cys(gca)
B1I8R6	AGAIBJGL_01980	Putative hemolysin
A0A0B7L7Z9	AGAIBJGL_01981	DNA-entry nuclease
Q03159	AGAIBJGL_01982	Competence-associated EpuA protein
A0A380LR80	AGAIBJGL_01983	UDP-N-acetylglucosamine 1-carboxyvinyltransferase
A0A380LP76	AGAIBJGL_01984	Hypothetical protein
A0A380LR41	AGAIBJGL_01985	Lon-like protease
B5E2G0	AGAIBJGL_01986	Phosphopantetheine adenylyltransferase
C1CGQ2	AGAIBJGL_01987	16S rRNA (guanine(966)-N(2))-methyltransferase
Q97NQ0	AGAIBJGL_01988	Aspartate--ammonia ligase
C1CGQ4	AGAIBJGL_01989	Membrane protein
A0A0T8MDD2	AGAIBJGL_01990	rRNA methylase
A0AA86MC20	AGAIBJGL_01991	Putative nucleoside phosphatase
Q97NP5	AGAIBJGL_01992	Inner membrane protein translocase component YidC1
Q8DNE0	AGAIBJGL_01993	Pyruvate formate-lyase activating enzyme
A0A380LP67	AGAIBJGL_01994	Diaminopimelate decarboxylase
C1CGQ9	AGAIBJGL_01995	PurR: transcription regulator associated with purine metabolism
C1CA24	AGAIBJGL_01996	3'->5' exoribonuclease YhaM
A0AA86JAD5	AGAIBJGL_01997	DNA recombination protein RmuC
A0AA86JUY5	AGAIBJGL_01998	Thiamin pyrophosphokinase
B2IM65	AGAIBJGL_01999	Ribulose-phosphate 3-epimerase
A0A380LP92	AGAIBJGL_02000	Ribosome small subunit-stimulated GTPase RsgA
Q97NN5	AGAIBJGL_02001	SSU rRNA (adenine(1518)-N(6)/adenine(1519)-N(6))- dimethyltransferase
Q8CY94	AGAIBJGL_02002	Hypothetical protein
Q8DND2	AGAIBJGL_02003	ABC transporter%2C ATP-binding protein
A0AA86JDC5	AGAIBJGL_02004	Putative immunity protein
B2IM57	AGAIBJGL_02005	Hypothetical protein
A0AA86MC15	AGAIBJGL_02006	Transcriptional regulator
C1CGS1	AGAIBJGL_02007	Ribonuclease M5
A0AA86MP00	AGAIBJGL_02008	Putative deoxyribonuclease TatD
A0AA86MJ12	AGAIBJGL_02009	Cell wall surface anchor family protein
A0AA86XN69	AGAIBJGL_02010	hypothetical protein
Q04IH6	AGAIBJGL_02011	LSU ribosomal protein L34p
C1CGS5	AGAIBJGL_02012	Alanine transaminase
A0A0U0EM10	AGAIBJGL_02013	hypothetical protein
A0A4J2BYB5	AGAIBJGL_02014	Universal stress protein family protein
C1CA42	AGAIBJGL_02015	Hydrolase%2C HAD superfamily
A0AA86J8G2	AGAIBJGL_02016	L-asparaginase
A0AA86JAG3	AGAIBJGL_02017	Hypothetical protein
C1CA45	AGAIBJGL_02018	Catabolite control protein A
Q9S1I7	AGAIBJGL_02019	Two-component system response regulator
Q9S1I8	AGAIBJGL_02020	Two-component system sensor histidine kinase
A0A0B7LZR8	AGAIBJGL_02021	ABC transporter%2C permease protein
A0AA86MFW3	AGAIBJGL_02022	ABC transporter%2C ATP-binding protein
A0A380LP39	AGAIBJGL_02023	Hypothetical protein
	AGAIBJGL_02024	tRNA-Pro(tgg)
	AGAIBJGL_02025	tRNA-Arg(acg)
	AGAIBJGL_02026	tRNA-Leu(taa)
	AGAIBJGL_02027	tRNA-Gly(gcc)
	AGAIBJGL_02028	tRNA-Thr(tgt)
	AGAIBJGL_02029	tRNA-Leu(tag)
	AGAIBJGL_02030	tRNA-Lys(ttt)
	AGAIBJGL_02030	
	AGAIBJGL_02031	tRNA-Asp(gtc)
	AGAIBJGL_02032	tRNA-Val(tac)
	AGAIBJGL_02033	5S ribosomal RNA
	AGAIBJGL_02034	23S ribosomal RNA
	AGAIBJGL_02035	tRNA-Ala(tgc)
	AGAIBJGL_02036	16S ribosomal RNA
	AGAIBJGL_02037	tRNA-Glu(ttc)
A0A0H2UMS0	AGAIBJGL_02038	Competence-specific sigma factor ComX
C1CGT9	AGAIBJGL_02039	Transcription antitermination protein NusG
Q8DNB7	AGAIBJGL_02040	Protein translocase subunit SecE
A0AA86JEQ7	AGAIBJGL_02041	Multimodular transpeptidase-transglycosylase%2C penicillin-binding protein 2A
A0A0H2URZ7	AGAIBJGL_02042	RluD-like protein
Q8CWN6	AGAIBJGL_02043	NAD-dependent glyceraldehyde-3-phosphate dehydrogenase
A0AA86MPK3	AGAIBJGL_02044	ABC transporter%2C permease protein
A0A0T9IWF8	AGAIBJGL_02045	IS630 family transposase IS630-Spn1
A0AA86MCH0	AGAIBJGL_02046	IS630 family transposase IS630-Spn1
B2IMJ1	AGAIBJGL_02047	Quinolinate phosphoribosyltransferase
C1CGU8	AGAIBJGL_02048	Malonate permease
A0A0H2XDB2	AGAIBJGL_02049	hypothetical protein
Q8DNB0	AGAIBJGL_02050	Transcriptional regulator%2C GntR family
A0AA86J9C7	AGAIBJGL_02051	6-phospho-beta-glucosidase
Q8DNA8	AGAIBJGL_02052	Cellobiose-specific PTS IIC component
A0A2L1H0A2	AGAIBJGL_02053	Cellobiose-specific PTS IIB component
B2IMJ8	AGAIBJGL_02054	Cellobiose-specific PTS IIA component
C1CGV5	AGAIBJGL_02055	Bifunctional acetaldehyde dehydrogenase/alcohol dehydrogenase
A0A0E8ZM70	AGAIBJGL_02056	Hypothetical protein
Q8DNA4	AGAIBJGL_02057	Low molecular weight protein tyrosine phosphatase
Q8DNA3	AGAIBJGL_02058	Preprotein translocase subunit YajC
C1CGW0	AGAIBJGL_02059	Transketolase
Q8DNA1	AGAIBJGL_02060	Putative L-ascorbate-6-phosphate lactonase UlaG
A0A6I3VD74	AGAIBJGL_02061	Transcriptional antiterminator
A0A0E8ZPA5	AGAIBJGL_02062	L-ribulose-5-phosphate 4-epimerase
Q8DN98	AGAIBJGL_02063	L-xylulose 5-phosphate 3-epimerase
A0A0T8SD73	AGAIBJGL_02064	3-keto-L-gulonate 6-phosphate decarboxylase
B1I992	AGAIBJGL_02065	Ascorbate-specific PTS IIA component
Q8DN95	AGAIBJGL_02066	Ascorbate-specific PTS IIB component
C1CGW8	AGAIBJGL_02067	Ascorbate-specific PTS IIC component
A0A0T8SDC0	AGAIBJGL_02068	Sakacin A production response regulator
B2IML4	AGAIBJGL_02069	KH domain RNA-binding protein
B2IML5	AGAIBJGL_02070	Inner membrane protein translocase component YidC2
Q8DN92	AGAIBJGL_02071	Ribonuclease P protein component
A0A0B7LXB8	AGAIBJGL_02072	Acetate kinase
B1I9A1	AGAIBJGL_02073	Adenine-specific methyltransferase
Q8CY86	AGAIBJGL_02074	hypothetical protein
A0A0U0EVK0	AGAIBJGL_02075	hypothetical protein
A0A0B7L3P1	AGAIBJGL_02076	Late competence protein ComGF
A0A0B7KTY0	AGAIBJGL_02077	Late competence protein ComGE
A0A654UAX8	AGAIBJGL_02078	Late competence protein ComGD
C1CA98	AGAIBJGL_02079	Late competence protein ComGC
A0A4J1SC29	AGAIBJGL_02080	Late competence protein ComGB
A0A0U0EVJ1	AGAIBJGL_02081	Late competence protein ComGA
Q8DN85	AGAIBJGL_02082	DNA-binding protein
Q8DN84	AGAIBJGL_02083	Putative Zn-dependent alcohol dehydrogenase
B2IMN1	AGAIBJGL_02084	N-acetylglucosamine-6-phosphate deacetylase
Q8CY83	AGAIBJGL_02085	Acyltransferase family protein
Q04IB3	AGAIBJGL_02086	tRNA-guanine transglycosylase
C1CGY9	AGAIBJGL_02087	Membrane protein
Q97NG9	AGAIBJGL_02088	Pyrrolidone-carboxylate peptidase
C1CGZ1	AGAIBJGL_02089	Hypothetical protein
C1CGZ2	AGAIBJGL_02090	hypothetical protein
C1CGZ3	AGAIBJGL_02091	Surface immunogenic protein
Q8CY81	AGAIBJGL_02092	Hydrolase%2C haloacid dehalogenase-like family
C1CGZ5	AGAIBJGL_02093	Multi antimicrobial extrusion family transporter
A0A380LNX4	AGAIBJGL_02094	Threonine synthase
A0A0T8B533	AGAIBJGL_02095	Hypothetical protein
	AGAIBJGL_02096	tRNA-Leu(caa)
	AGAIBJGL_02097	tRNA-Gln(ttg)
	AGAIBJGL_02098	tRNA-His(gtg)
	AGAIBJGL_02099	tRNA-Trp(cca)
	AGAIBJGL_02100	tRNA-Tyr(gta)
	AGAIBJGL_02101	tRNA-Phe(gaa)
	AGAIBJGL_02102	tRNA-Met(cat)
	AGAIBJGL_02103	tRNA-Ser(tga)
	AGAIBJGL_02104	tRNA-Ile(gat)
	AGAIBJGL_02105	tRNA-Gly(tcc)
	AGAIBJGL_02106	tRNA-Val(tac)
	AGAIBJGL_02107	5S ribosomal RNA
	AGAIBJGL_02108	23S ribosomal RNA
	AGAIBJGL_02109	tRNA-Ala(tgc)
	AGAIBJGL_02110	16S ribosomal RNA
	AGAIBJGL_02111	tRNA-Glu(ttc)
C1CGZ8	AGAIBJGL_02112	Cytidine/deoxycytidylate deaminase family protein
C1CGZ9	AGAIBJGL_02113	Glutamyl-tRNA synthetase
C1CH00	AGAIBJGL_02114	Glucose-6-phosphate isomerase
C1CH02	AGAIBJGL_02115	Glutamine amidotransferase%2C class I
A0A0B7M9F3	AGAIBJGL_02116	Multidrug resistance ABC transporter ATP-binding and permease protein
A0AA86MPT8	AGAIBJGL_02117	hypothetical protein
A0A0B7LCV4	AGAIBJGL_02118	Multidrug resistance ABC transporter ATP-binding and permease protein
	AGAIBJGL_02119	patAB
	AGAIBJGL_02119	
C8XPW7	AGAIBJGL_02120	DNA mismatch repair protein HexA
	AGAIBJGL_02121	SpR10_sRNA
	AGAIBJGL_02121	
P0A2Y3	AGAIBJGL_02122	Arginine pathway regulatory protein ArgR1
Q8DN69	AGAIBJGL_02123	Arginyl-tRNA synthetase
B2IPT3	AGAIBJGL_02124	IS1381 transposase OrfB
A0A0T8C5H8	AGAIBJGL_02125	Putative cupin superfamily protein
Q9S1J6	AGAIBJGL_02126	Two-component system response regulator PnpR
Q9S1J5	AGAIBJGL_02127	Two-component system sensor histidine kinase PnpS
A0AA86J9G4	AGAIBJGL_02128	Phosphate ABC transporter periplasmic phosphate-binding protein PstS1
B1I9F3	AGAIBJGL_02129	Phosphate transport system permease protein PstC1
Q9X4T2	AGAIBJGL_02130	Phosphate transport system permease protein PstA1
B2IN06	AGAIBJGL_02131	Phosphate transport ATP-binding protein PstB1
C1CAR6	AGAIBJGL_02132	Phosphate transport system regulatory protein PhoU1
B2IN08	AGAIBJGL_02133	IS1380 family transposase ISSpn5
A0AA86JAG6	AGAIBJGL_02134	Transcriptional regulator
Q8DN59	AGAIBJGL_02135	Glycerol-3-phosphate dehydrogenase [NAD(P)+]
A0AA86MK16	AGAIBJGL_02136	UTP--glucose-1-phosphate uridylyltransferase
Q8DN57	AGAIBJGL_02137	Rhomboid family serine protease
A0AA86MP44	AGAIBJGL_02138	5-formyltetrahydrofolate cyclo-ligase
B2IN14	AGAIBJGL_02139	N-acetyl-L%2CL-diaminopimelate deacetylase
Q8DN54	AGAIBJGL_02140	2%2C3%2C4%2C5-tetrahydropyridine-2%2C6-dicarboxylate N-acetyltransferase
Q8DN53	AGAIBJGL_02141	Drug/metabolite transporter superfamily permease
A0A0U0FR10	AGAIBJGL_02142	Multimodular transpeptidase-transglycosylase%2C penicillin-binding protein 1B
A0A0U0FQH3	AGAIBJGL_02143	Tyrosyl-tRNA synthetase
B2IN19	AGAIBJGL_02144	Lead%2C cadmium%2C zinc and mercury transporting ATPase
Q8CY77	AGAIBJGL_02145	Hypothetical protein
A0AA86JHP0	AGAIBJGL_02146	23S rRNA (guanine(745)-N(1))-methyltransferase
A0A0T9GRM9	AGAIBJGL_02147	Hypothetical protein
C1CH34	AGAIBJGL_02148	Hypothetical protein
A0A0E8ZIY9	AGAIBJGL_02149	Maltodextrin phosphorylase
P0A3Q1	AGAIBJGL_02150	4-alpha-glucanotransferase (amylomaltase)
A0A4I7EEA0	AGAIBJGL_02151	Maltose/maltodextrin ABC transporter%2C substrate binding periplasmic protein MalX
P0A4N2	AGAIBJGL_02152	Maltose/maltodextrin ABC transporter%2C permease protein MalC
C1CH39	AGAIBJGL_02153	Maltose/maltodextrin ABC transporter%2C permease protein MalD
A0A0B7LGJ4	AGAIBJGL_02154	Maltodextrose utilization protein MalA
C1CH41	AGAIBJGL_02155	Maltose operon transcriptional repressor MalR%2C LacI family
A0AA86JJK3	AGAIBJGL_02156	hypothetical protein
A0A0U0DZ93	AGAIBJGL_02157	Integral membrane protein
A0AA86J9I2	AGAIBJGL_02158	Aspartyl-tRNA synthetase
A0AA86JAL1	AGAIBJGL_02159	Hypothetical protein
Q8CY74	AGAIBJGL_02160	Hypothetical protein
A0A0T7NJF4	AGAIBJGL_02161	Membrane-bound protease%2C CAAX family
A0AA86JR27	AGAIBJGL_02162	Hypothetical protein
B2IN37	AGAIBJGL_02163	Hypothetical protein
Q8DN47	AGAIBJGL_02164	Transcriptional regulator%2C Cro/CI family
A0A237K072	AGAIBJGL_02165	Hypothetical protein
A0A0I6DYZ4	AGAIBJGL_02166	Histidyl-tRNA synthetase
A0A0I6MX68	AGAIBJGL_02167	Macrolide-efflux protein
A0A0I6MXJ4	AGAIBJGL_02168	Positive transcriptional regulator%2C MutR family
C1CH57	AGAIBJGL_02169	Putative aromatic ring hydroxylating enzyme
A0A4N2GAZ5	AGAIBJGL_02170	Hypothetical protein
C1CNA5	AGAIBJGL_02171	Dihydroxy-acid dehydratase
C1CAX2	AGAIBJGL_02172	hypothetical protein
B2IN54	AGAIBJGL_02173	hypothetical protein
Q8DN40	AGAIBJGL_02174	Putative transport protein SgaT
Q8CY69	AGAIBJGL_02175	Putative PTS IIB component
A0AA86JHR3	AGAIBJGL_02176	Transcription antiterminator%2C BglG family
A0AA86JR35	AGAIBJGL_02177	Membrane protease family protein
Q8CY67	AGAIBJGL_02178	Hypothetical protein
A0A0E8Z1I8	AGAIBJGL_02179	LSU ribosomal protein L32p
Q04I36	AGAIBJGL_02180	LSU ribosomal protein L33p
A0AAD2Q8N3	AGAIBJGL_02181	IS1380 family transposase ISSpn5
A0AA86MK33	AGAIBJGL_02182	Choline-binding protein CbpN
A0AA86MJ43	AGAIBJGL_02183	hypothetical protein
A0A4H9G1D8	AGAIBJGL_02184	IS1381 transposase OrfA
A0AA86JQC8	AGAIBJGL_02185	IS1381 transposase OrfB
Q8CY66	AGAIBJGL_02186	hypothetical protein
A0A0H2US30	AGAIBJGL_02187	hypothetical protein
A0A0E8ZGT0	AGAIBJGL_02188	Glycosyl hydrolase-related protein
A0AA86J8P4	AGAIBJGL_02189	N-acetylmannosamine kinase
A0A4J2BSQ6	AGAIBJGL_02190	Alpha-mannosidase
A0AA86JIQ6	AGAIBJGL_02191	Hypothetical protein
A0AA86MBT3	AGAIBJGL_02192	Alpha-1%2C2-mannosidase
A0AA86MFM4	AGAIBJGL_02193	Glycosyl hydrolase family 29 alpha-L-fucosidase
A0A0U0ATW4	AGAIBJGL_02194	Arginine deiminase
A0A0B7LE02	AGAIBJGL_02195	Ornithine carbamoyltransferase
Q8DN28	AGAIBJGL_02196	Carbamate kinase
Q8CLX6	AGAIBJGL_02197	Arginine/ornithine antiporter ArcD
A0AA86J9R5	AGAIBJGL_02198	Putative Xaa-His dipeptidase
A0AA86JUH0	AGAIBJGL_02199	hypothetical protein
Q8DN26	AGAIBJGL_02200	Putative stomatin/prohibitin-family membrane protease subunit YbbK
A0A0E7XIU7	AGAIBJGL_02201	Lactaldehyde dehydrogenase involved in fucose or rhamnose utilization
A0AA86J7Z5	AGAIBJGL_02202	Bifunctional L-fucose isomerase/D-arabinose ketol-isomerase
C1CHF8	AGAIBJGL_02203	Fucolectin-related protein
C1CHF9	AGAIBJGL_02204	Putative large secreted protein
Q8DN22	AGAIBJGL_02205	Mannose-specific PTS IID component
Q8DN21	AGAIBJGL_02206	Mannose-specific PTS IIC component
C1CHG2	AGAIBJGL_02207	PTS IIB component
B1I9X4	AGAIBJGL_02208	PTS IIA component
A0A0H2US10	AGAIBJGL_02209	L-fucose mutarotase
A0A558TAT7	AGAIBJGL_02210	L-fuculose phosphate aldolase
A0A4J2BSX0	AGAIBJGL_02211	L-fuculokinase
A0A0B7LC33	AGAIBJGL_02212	L-fucose operon activator
	AGAIBJGL_02213	SpF66_sRNA
	AGAIBJGL_02214	SpF66_sRNA
A0AA86J9Q5	AGAIBJGL_02215	Zinc ABC transporter%2C substrate-binding lipoprotein AdcA
A0A0U0GQW9	AGAIBJGL_02216	Zinc ABC transporter%2C permease protein AdcB
B2INJ0	AGAIBJGL_02217	Zinc ABC transporter%2C ATP-binding protein AdcC
Q8DN14	AGAIBJGL_02218	Transcriptional repressor AdcR for Zn(2+)-responsive expression
B1I9Y5	AGAIBJGL_02219	Poly(glycerophosphate chain) D-alanine transfer protein DltD
Q04HZ9	AGAIBJGL_02220	D-alanine--poly(phosphoribitol) ligase subunit 2
A0A0B7L8I4	AGAIBJGL_02221	D-alanyl transfer protein DltB
A0AA86JCL4	AGAIBJGL_02222	D-alanine--poly(phosphoribitol) ligase subunit 1
A0A0B7LDU8	AGAIBJGL_02223	Macrolide-efflux protein
A0A0B7L8Y7	AGAIBJGL_02224	Macrolide-efflux protein
A0A822QAK2	AGAIBJGL_02225	hypothetical protein
Q8DN09	AGAIBJGL_02226	hypothetical protein
	AGAIBJGL_02227	group-II-D1D4-1
	AGAIBJGL_02228	group-II-D1D4-3
A0A4J1NJ06	AGAIBJGL_02229	hypothetical protein
B1I9Z2	AGAIBJGL_02230	Hypothetical protein
A0AAD2Q881	AGAIBJGL_02231	Glycerol uptake facilitator protein
A0A0U0JAN3	AGAIBJGL_02232	Alpha-glycerophosphate oxidase
B8ZQ22	AGAIBJGL_02233	Glycerol kinase
A0A9P1LP27	AGAIBJGL_02234	Trans-acting positive regulator
Q04HY8	AGAIBJGL_02235	Chaperonin%2C heat shock protein 33
C1CHI9	AGAIBJGL_02236	tRNA dihydrouridine synthase B
A0AAD2Q8N3	AGAIBJGL_02237	IS1380 family transposase ISSpn5
F2WWM3	AGAIBJGL_02238	Choline-binding protein A
A0A0U0F393	AGAIBJGL_02239	Rhomboid family integral membrane protein
A2T3V7	AGAIBJGL_02240	Two-component system sensor histidine kinase
A0A0B7M3U6	AGAIBJGL_02241	Two-component system response regulator
A0A4J2F7U4	AGAIBJGL_02242	ATP-dependent Clp protease ATP-binding subunit ClpC
C1CHJ5	AGAIBJGL_02243	Transcriptional regulator CtsR
Q8DMZ8	AGAIBJGL_02244	Thiamin ABC transporter ThiZ%2C ATPase component
Q8DMZ7	AGAIBJGL_02245	Thiamin ABC transporter ThiY%2C substrate-binding component
B1IA11	AGAIBJGL_02246	Thiamin ABC transporter ThiX%2C transmembrane component
B1IA12	AGAIBJGL_02247	Cytoplasmic thiamin-binding component of thiamin ABC transporter
	AGAIBJGL_02248	TPP
A0AA86JUE5	AGAIBJGL_02249	Choline-binding protein D
Q8DMZ3	AGAIBJGL_02250	Hypothetical protein
Q8DMZ2	AGAIBJGL_02251	Replicative DNA helicase DnaC
Q04HX2	AGAIBJGL_02252	LSU ribosomal protein L9p
A0AA86J9X4	AGAIBJGL_02253	DHH family phosphoesterase Pde1
C1CHK5	AGAIBJGL_02254	Ribosome hibernation promotion factor%2C long form
C1CBI4	AGAIBJGL_02255	Phosphoribosyltransferase domain protein%2C ComF operon protein C
A0AA86JIM6	AGAIBJGL_02256	DNA transporter ATPase%2C ComF operon protein A
B1IAC5	AGAIBJGL_02257	Protein co-occurring with transport systems
C1CBI7	AGAIBJGL_02258	Cysteine synthase
A0A0T7JR70	AGAIBJGL_02259	hypothetical protein
A0AA86JVX4	AGAIBJGL_02260	IS630 family transposase ISSpn2
	AGAIBJGL_02261	SpF51_sRNA
C1CBJ1	AGAIBJGL_02262	Translation elongation factor Ts
C1CUD2	AGAIBJGL_02263	SSU ribosomal protein S2p (SAe)
C1CHL5	AGAIBJGL_02264	Secreted antigen GbpB/SagA/PcsB%2C putative peptidoglycan hydrolase
C1CHL6	AGAIBJGL_02265	Cell shape-determining protein MreD
C1CHL7	AGAIBJGL_02266	Cell shape-determining protein MreC
Q8DMY1	AGAIBJGL_02267	Transmembrane component of general energizing module of ECF transporter
Q97N51	AGAIBJGL_02268	ATPase component of general energizing module of ECF transporter
A0AA86JKT2	AGAIBJGL_02269	ATPase component of general energizing module of ECF transporter
Q8DMX8	AGAIBJGL_02270	CDP-diacylglycerol--glycerol-3-phosphate 3-phosphatidyltransferase
C1CBK0	AGAIBJGL_02271	Transcriptional regulator
B2INP1	AGAIBJGL_02272	Peptidase%2C M16 family
A0AA86J9T4	AGAIBJGL_02273	Zinc protease
A0A0I5S5P0	AGAIBJGL_02274	Hypothetical protein
A0AA86JRZ5	AGAIBJGL_02275	DNA recombination and repair protein RecF
Q8DMX2	AGAIBJGL_02276	Inosine-5'-monophosphate dehydrogenase
A0AA86JBL7	AGAIBJGL_02277	Tryptophanyl-tRNA synthetase
C1CHM9	AGAIBJGL_02278	ABC transporter%2C ATP-binding protein
A0A4J1N6I8	AGAIBJGL_02279	ABC transporter%2C permease protein
A0AA86MJL5	AGAIBJGL_02280	hypothetical protein
B2INQ0	AGAIBJGL_02281	hypothetical protein
Q8DMW6	AGAIBJGL_02282	Transcriptional regulator%2C AcrR family
	AGAIBJGL_02283	tRNA-Asn(gtt)
	AGAIBJGL_02284	tRNA-Glu(ttc)
Q8DMW5	AGAIBJGL_02285	Two-component system response regulator ComE
Q8DMW4	AGAIBJGL_02286	Two-component system sensor histidine kinase ComD
Q5QIA8	AGAIBJGL_02287	Competence-stimulating peptide precursor ComC
	AGAIBJGL_02288	tRNA-Arg(tct)
Q04HU2	AGAIBJGL_02289	23S rRNA (pseudouridine(1915)-N(3))-methyltransferase
B2IP00	AGAIBJGL_02290	Serine protease%2C DegP/HtrA
Q8DMW1	AGAIBJGL_02291	Chromosome partitioning protein ParB
