uniprot	locus_tag	product
P59651	LGIMAHCD_00001	DNA polymerase III beta subunit
Q8CZD3	LGIMAHCD_00002	Hypothetical protein
Q8DRQ3	LGIMAHCD_00003	GTP-binding and nucleic acid-binding protein YchF
Q8DRQ2	LGIMAHCD_00004	Peptidyl-tRNA hydrolase
Q8DRQ1	LGIMAHCD_00005	Transcription-repair coupling factor
P64406	LGIMAHCD_00006	Ribosome-associated heat shock protein
Q8CZD2	LGIMAHCD_00007	Cell division protein DivIC
Q8DPE6	LGIMAHCD_00008	Hypothetical protein
Q8DRQ0	LGIMAHCD_00009	Hypothetical protein
Q8DRP9	LGIMAHCD_00010	tRNA(Ile)-lysidine synthetase TilS
Q8DRP8	LGIMAHCD_00011	Hypoxanthine-guanine phosphoribosyltransferase
P59652	LGIMAHCD_00012	Cell division protein FtsH
Q8CM18	LGIMAHCD_00013	Competence-specific sigma factor ComX
	LGIMAHCD_00014	tRNA-Glu(ttc)
	LGIMAHCD_00014	
	LGIMAHCD_00015	16S ribosomal RNA
	LGIMAHCD_00015	
	LGIMAHCD_00016	tRNA-Ala(tgc)
	LGIMAHCD_00016	
	LGIMAHCD_00017	23S ribosomal RNA
	LGIMAHCD_00017	
	LGIMAHCD_00018	5S ribosomal RNA
	LGIMAHCD_00018	
	LGIMAHCD_00019	tRNA-Asn(gtt)
	LGIMAHCD_00019	
Q8CM37	LGIMAHCD_00020	IS630 family transposase IS630-Spn1
Q8DRP7	LGIMAHCD_00021	IS630 family transposase IS630-Spn1
Q8DRP4	LGIMAHCD_00022	IS1167 transposase Orf1
Q8CZD0	LGIMAHCD_00023	Competence positive regulator ComW
P65888	LGIMAHCD_00024	Adenylosuccinate synthetase
	LGIMAHCD_00025	csRNA
	LGIMAHCD_00025	
Q8DRP3	LGIMAHCD_00026	tRNA-specific adenosine-34 deaminase
	LGIMAHCD_00027	Bacteria_small_SRP
	LGIMAHCD_00027	
Q8DRP2	LGIMAHCD_00028	Deoxyuridine 5'-triphosphate nucleotidohydrolase
Q8DRP1	LGIMAHCD_00029	Hypothetical protein
Q8DRP0	LGIMAHCD_00030	DNA repair protein RadA
Q8DRN9	LGIMAHCD_00031	Carbonic anhydrase
Q8CZC9	LGIMAHCD_00032	hypothetical protein
P65240	LGIMAHCD_00033	Ribose-phosphate pyrophosphokinase
Q8DRN8	LGIMAHCD_00034	hypothetical protein
	LGIMAHCD_00035	Srn266
	LGIMAHCD_00035	
Q8CZC8	LGIMAHCD_00036	hypothetical protein
Q8CZC7	LGIMAHCD_00037	hypothetical protein
P59200	LGIMAHCD_00038	DNA polymerase I
Q8DRN7	LGIMAHCD_00039	CoA-binding protein
Q8DRN6	LGIMAHCD_00040	Putative membrane protein YeiH
Q8DRN5	LGIMAHCD_00041	N-acetyl-L%2CL-diaminopimelate aminotransferase
Q8DRN4	LGIMAHCD_00042	DNA recombination and repair protein RecO
Q8DRN3	LGIMAHCD_00043	Phosphate:acyl-ACP acyltransferase PlsX
Q8DRN2	LGIMAHCD_00044	Acyl carrier protein
Q8DRN1	LGIMAHCD_00045	IS1381 transposase OrfB
Q8DRN0	LGIMAHCD_00046	Bacteriocin BlpU
Q8DQ96	LGIMAHCD_00047	Hypothetical protein
Q8DRM9	LGIMAHCD_00048	IS1167 transposase Orf2
Q8DRM8	LGIMAHCD_00049	IS1167 transposase Orf1
	LGIMAHCD_00050	Srn266
	LGIMAHCD_00050	
P59653	LGIMAHCD_00051	Competence-stimulating peptide ABC transporter ATP-binding protein ComA
P59654	LGIMAHCD_00052	Competence-stimulating peptide ABC transporter permease protein ComB
Q8DRM7	LGIMAHCD_00053	Phosphoribosylaminoimidazole-succinocarboxamide synthase
Q8DRM6	LGIMAHCD_00054	Phosphoribosylformylglycinamidine synthase%2C synthetase and glutamine amidotransferase subunits
Q8DRM5	LGIMAHCD_00055	Amidophosphoribosyltransferase
Q8DRM4	LGIMAHCD_00056	Phosphoribosylformylglycinamidine cyclo-ligase
Q8DRM3	LGIMAHCD_00057	Phosphoribosylglycinamide formyltransferase
Q8DRM2	LGIMAHCD_00058	Teicoplanin resistance protein VanZ
Q8DRM1	LGIMAHCD_00059	Bifunctional inosine monophosphate cyclohydrolase/phosphoribosylaminoimidazolecarboxamide formyltransferase
Q8DRM0	LGIMAHCD_00060	Phosphoribosylamine--glycine ligase
Q8DRL9	LGIMAHCD_00061	N5-carboxyaminoimidazole ribonucleotide mutase
Q8DRL8	LGIMAHCD_00062	N5-carboxyaminoimidazole ribonucleotide synthase
Q8CZC6	LGIMAHCD_00063	Hypothetical protein
Q8DRL7	LGIMAHCD_00064	Adenylosuccinate lyase
Q8DRL6	LGIMAHCD_00065	Beta-hexosaminidase StrH
Q8DRL5	LGIMAHCD_00066	Transcriptional regulator%2C GntR family
Q8DRL4	LGIMAHCD_00067	Beta-galactosidase
Q8DRL3	LGIMAHCD_00068	Galactosamine-specific PTS IIB component
Q8DRL2	LGIMAHCD_00069	Galactosamine-specific PTS IIC component
Q8DRL1	LGIMAHCD_00070	Galactosamine-specific PTS IID component
Q8DRL0	LGIMAHCD_00071	Galactosamine-specific PTS IIA component
Q8DRK9	LGIMAHCD_00072	Galactosamine-6-phosphate isomerase
Q8CWW1	LGIMAHCD_00073	Aldose 1-epimerase
Q8DRK8	LGIMAHCD_00074	Glyoxalase family protein
Q8DRK7	LGIMAHCD_00075	Hypothetical protein
Q8DPE4	LGIMAHCD_00076	Hypothetical protein
Q8DRK6	LGIMAHCD_00077	Uridine phosphorylase
Q8DRK5	LGIMAHCD_00078	Trk family potassium uptake protein
Q8DRK4	LGIMAHCD_00079	Trk family potassium uptake protein CabP
Q8DRK3	LGIMAHCD_00080	hypothetical protein
Q8CZC3	LGIMAHCD_00081	hypothetical protein
Q8DRK2	LGIMAHCD_00082	Cell wall surface anchor family protein PavB
Q8DRK1	LGIMAHCD_00083	Two-component system response regulator
Q8DRK0	LGIMAHCD_00084	Two-component system sensor histidine kinase
P66566	LGIMAHCD_00085	SSU ribosomal protein S4p (S9e)
	LGIMAHCD_00086	SpF01_sRNA
	LGIMAHCD_00086	
Q8CZC2	LGIMAHCD_00087	Hypothetical protein
Q8CYU8	LGIMAHCD_00088	Hypothetical protein
Q8DRJ8	LGIMAHCD_00089	Multiple sugar ABC transporter%2C membrane-spanning permease protein
Q8DRJ7	LGIMAHCD_00090	ABC transporter permease protein
Q8DRJ6	LGIMAHCD_00091	ABC transporter substrate-binding protein
P67331	LGIMAHCD_00092	hypothetical protein
Q8CZC1	LGIMAHCD_00093	tRNA (5-methylaminomethyl-2-thiouridylate)-methyltransferase
Q8CZC0	LGIMAHCD_00094	Putative membrane protein
Q8CZB9	LGIMAHCD_00095	Putative membrane-associated protein
Q8CZB8	LGIMAHCD_00096	Integral membrane protein (putative)
Q8DRJ5	LGIMAHCD_00097	Transcriptional regulator%2C PadR family
Q8DRJ4	LGIMAHCD_00098	Cyanate permease
Q8DRJ3	LGIMAHCD_00099	Glycosyltransferase%2C group 2 family
Q8DRJ2	LGIMAHCD_00100	Putative UDP-GlcNAc 4%2C6-dehydratase AatA
Q8DPE4	LGIMAHCD_00101	Hypothetical protein
Q8DRJ1	LGIMAHCD_00102	Phosphoglycolate phosphatase
Q8DRJ0	LGIMAHCD_00103	L-serine dehydratase%2C alpha subunit
Q8DRI9	LGIMAHCD_00104	L-serine dehydratase%2C beta subunit
Q8CZB7	LGIMAHCD_00105	Aggregation-promoting factor
Q8CZB5	LGIMAHCD_00106	Putative bacteriocin
Q8DRI8	LGIMAHCD_00107	Amino acid ABC transporter membrane-spanning permease
Q8DRI7	LGIMAHCD_00108	ABC transporter ATP-binding protein
Q8DRI6	LGIMAHCD_00109	Amino acid ABC transporter substrate-binding/permease protein
Q8DRI5	LGIMAHCD_00110	Argininosuccinate synthase
Q8DRI4	LGIMAHCD_00111	Argininosuccinate lyase
	LGIMAHCD_00112	Bacilli-1
	LGIMAHCD_00112	
Q8CZB4	LGIMAHCD_00113	Hypothetical protein
Q8DRI3	LGIMAHCD_00114	hypothetical protein
Q8DRI2	LGIMAHCD_00115	Competence-stimulating peptide ABC transporter ATP-binding protein ComA
Q8CZB3	LGIMAHCD_00116	Hypothetical protein
Q8DRI1	LGIMAHCD_00117	HlyD family secretion protein
Q8CZB2	LGIMAHCD_00118	Hypothetical protein
	LGIMAHCD_00119	SpF03_sRNA
	LGIMAHCD_00119	
	LGIMAHCD_00120	Bacilli-1
	LGIMAHCD_00120	
	LGIMAHCD_00121	Hypothetical protein
Q8CZB0	LGIMAHCD_00122	Hypothetical protein
Q8CZB2	LGIMAHCD_00123	Hypothetical protein
Q8CZA8	LGIMAHCD_00124	Hypothetical protein
Q8CZA7	LGIMAHCD_00125	Hypothetical protein
Q8CZA6	LGIMAHCD_00126	Hypothetical protein
Q8CZA4	LGIMAHCD_00127	Hypothetical protein
Q8CZA3	LGIMAHCD_00128	Hypothetical protein
Q8CZA2	LGIMAHCD_00129	Hypothetical protein
Q8CZC0	LGIMAHCD_00130	Pyridoxamine 5'-phosphate oxidase
	LGIMAHCD_00131	SpF03_sRNA
	LGIMAHCD_00131	
	LGIMAHCD_00132	Bacilli-1
	LGIMAHCD_00132	
Q8CWW0	LGIMAHCD_00133	hypothetical protein
Q8DRI0	LGIMAHCD_00134	Surface protein PspA precursor
Q8CWW0	LGIMAHCD_00135	tRNA-specific 2-thiouridylase MnmA
	LGIMAHCD_00136	Spd-sr37
	LGIMAHCD_00136	
Q8DRH9	LGIMAHCD_00137	MutT/Nudix family protein
Q8DRH8	LGIMAHCD_00138	tRNA uridine 5-carboxymethylaminomethyl modification enzyme MnmG
Q8DRH7	LGIMAHCD_00139	Ribonuclease J1 (endonuclease and 5' exonuclease)
Q8DRH6	LGIMAHCD_00140	Hypothetical protein
Q8DNL4	LGIMAHCD_00141	Hypothetical protein
Q8DRH5	LGIMAHCD_00142	Two-peptide bacteriocin peptide CibB
Q8CZA0	LGIMAHCD_00143	Two-peptide bacteriocin peptide CibA
Q8DRH4	LGIMAHCD_00144	tRNA threonylcarbamoyladenosine biosynthesis protein TsaB
Q8DRH3	LGIMAHCD_00145	Ribosomal-protein-S18p-alanine acetyltransferase
Q8DRH2	LGIMAHCD_00146	N(6)-L-threonylcarbamoyladenine synthase TsaD
Q8DRH1	LGIMAHCD_00147	IS1167 transposase Orf2
Q8DRH0	LGIMAHCD_00148	hypothetical protein
Q8DPV5	LGIMAHCD_00149	IS1167 transposase Orf1
	LGIMAHCD_00150	Srn266
	LGIMAHCD_00150	
Q8DRG8	LGIMAHCD_00151	Exopolysaccharide biosynthesis glycosyltransferase EpsF
Q8DRG7	LGIMAHCD_00152	Family 2 glycosyltransferase
Q8DRG6	LGIMAHCD_00153	ABC transporter ATP-binding protein
Q8DPQ2	LGIMAHCD_00154	hypothetical protein
Q8DQG9	LGIMAHCD_00155	Asparagine synthetase
Q8CZ99	LGIMAHCD_00156	Hypothetical protein
Q8DRG5	LGIMAHCD_00157	UDP-glucose 6-dehydrogenase
Q8DRG4	LGIMAHCD_00158	Positive transcriptional regulator%2C MutR family
Q8CZ98	LGIMAHCD_00159	Hypothetical protein
Q8CZ97	LGIMAHCD_00160	Hypothetical protein
Q8CZ96	LGIMAHCD_00161	Hypothetical protein
Q8DRG3	LGIMAHCD_00162	Macrolide-efflux protein
Q8CZ95	LGIMAHCD_00163	Branched-chain amino acid transport protein AzlC
Q8DRG2	LGIMAHCD_00164	Cysteine ABC transporter substrate-binding protein
Q8DRG1	LGIMAHCD_00165	Methionine ABC transporter substrate-binding protein
Q8DRG0	LGIMAHCD_00166	N-acyl-L-amino acid amidohydrolase
Q8DRF9	LGIMAHCD_00167	Methionine ABC transporter ATP-binding protein
Q8DRF8	LGIMAHCD_00168	Methionine ABC transporter permease protein
Q8CZ94	LGIMAHCD_00169	Substrate-specific component of putative ECF transporter
Q8DRF7	LGIMAHCD_00170	Hypothetical protein
Q8DRF6	LGIMAHCD_00171	Two-component system sensor histidine kinase
Q8DRF5	LGIMAHCD_00172	Two-component system response regulator
Q8CZ93	LGIMAHCD_00173	Hypothetical protein
Q8DRF4	LGIMAHCD_00174	Ribonucleotide reduction protein NrdI
Q8DRF3	LGIMAHCD_00175	NRAMP family Mn2+/Fe2+ transporter
Q8CZ92	LGIMAHCD_00176	Hypothetical protein
Q8DRF2	LGIMAHCD_00177	DNA-binding protein
P0A3R2	LGIMAHCD_00178	DNA mismatch repair protein HexB
P0A3R2	LGIMAHCD_00179	DNA mismatch repair protein HexB
P66041	LGIMAHCD_00180	6%2C7-dimethyl-8-ribityllumazine synthase RibH
Q8DRF1	LGIMAHCD_00181	Bifunctional 3%2C4-dihydroxy-2-butanone 4-phosphate synthase/GTP cyclohydrolase II RibB
Q8DRF0	LGIMAHCD_00182	Riboflavin synthase RibE
Q8DRE9	LGIMAHCD_00183	Bifunctional diaminohydroxyphosphoribosylaminopyrimidine deaminase/5-amino-6-(5-phosphoribosylamino)uracil reductase RibD
	LGIMAHCD_00184	FMN
	LGIMAHCD_00184	
Q8DRE8	LGIMAHCD_00185	Holliday junction DNA helicase RuvA
Q8CWV9	LGIMAHCD_00186	DNA-3-methyladenine glycosylase
Q8DRE7	LGIMAHCD_00187	CAAX amino terminal protease family protein
Q8DRE6	LGIMAHCD_00188	Muramoyltetrapeptide carboxypeptidase
Q8CZ91	LGIMAHCD_00189	Integral membrane protein
Q8DRE5	LGIMAHCD_00190	Magnesium and cobalt transport protein CorA1
P63385	LGIMAHCD_00191	Excinuclease ABC subunit A UvrA
Q8DRE4	LGIMAHCD_00192	MP-%2CMA-%2CMS-%2CAP-%2CNP-specific aminopeptidase YpdF
Q8DRE3	LGIMAHCD_00193	Transcriptional regulator SpxA2
Q8CZ90	LGIMAHCD_00194	Hypothetical protein
Q8CZ89	LGIMAHCD_00195	Hypothetical protein
Q8DRE2	LGIMAHCD_00196	Putative pre-16S rRNA nuclease YqgF
Q8DRE1	LGIMAHCD_00197	Hypothetical protein
Q8DRE0	LGIMAHCD_00198	Bifunctional dihydrofolate synthase/folylpolyglutamate synthase
Q8CZ88	LGIMAHCD_00199	Hypothetical protein
Q8DRD9	LGIMAHCD_00200	Cardiolipin synthetase
Q8DRD8	LGIMAHCD_00201	Hypothetical protein
Q8CZ87	LGIMAHCD_00202	Competence-damage induced protein
Q8DRD7	LGIMAHCD_00203	Ribonucleotide reductase of class III%2C large subunit
Q8CZ86	LGIMAHCD_00204	Acetyltransferase
Q8DRD6	LGIMAHCD_00205	Ribonucleotide reductase of class III%2C activating protein
Q8CZ85	LGIMAHCD_00206	Hypothetical protein
P66340	LGIMAHCD_00207	SSU ribosomal protein S10p (S20e)
Q8CWV8	LGIMAHCD_00208	LSU ribosomal protein L3p (L3e)
Q8CWV7	LGIMAHCD_00209	LSU ribosomal protein L4p (L1e)
Q8CWV6	LGIMAHCD_00210	LSU ribosomal protein L23p (L23Ae)
Q8CWV5	LGIMAHCD_00211	LSU ribosomal protein L2p (L8e)
P0A4B6	LGIMAHCD_00212	SSU ribosomal protein S19p (S15e)
P61183	LGIMAHCD_00213	LSU ribosomal protein L22p (L17e)
P0A4C4	LGIMAHCD_00214	SSU ribosomal protein S3p (S3e)
P0A476	LGIMAHCD_00215	LSU ribosomal protein L16p (L10e)
P0A484	LGIMAHCD_00216	LSU ribosomal protein L29p (L35e)
P0A4B4	LGIMAHCD_00217	SSU ribosomal protein S17p (S11e)
P0A474	LGIMAHCD_00218	LSU ribosomal protein L14p (L23e)
P60630	LGIMAHCD_00219	LSU ribosomal protein L24p (L26e)
Q8CWV4	LGIMAHCD_00220	LSU ribosomal protein L5p (L11e)
P66420	LGIMAHCD_00221	SSU ribosomal protein S14p (S29e)
P66633	LGIMAHCD_00222	SSU ribosomal protein S8p (S15Ae)
Q8CWV3	LGIMAHCD_00223	LSU ribosomal protein L6p (L9e)
Q8CWV2	LGIMAHCD_00224	LSU ribosomal protein L18p (L5e)
P66582	LGIMAHCD_00225	SSU ribosomal protein S5p (S2e)
Q8CWV1	LGIMAHCD_00226	LSU ribosomal protein L30p (L7e)
Q8CWV0	LGIMAHCD_00227	LSU ribosomal protein L15p (L27Ae)
Q8DRD5	LGIMAHCD_00228	Protein translocase subunit SecY
Q8DRD4	LGIMAHCD_00229	Adenylate kinase
P65122	LGIMAHCD_00230	Translation initiation factor 1
P0A496	LGIMAHCD_00231	LSU ribosomal protein L36p
P66393	LGIMAHCD_00232	SSU ribosomal protein S13p (S18e)
P66360	LGIMAHCD_00233	SSU ribosomal protein S11p (S14e)
P66709	LGIMAHCD_00234	DNA-directed RNA polymerase alpha subunit
Q8CWU8	LGIMAHCD_00235	LSU ribosomal protein L17p
	LGIMAHCD_00236	L17DE
	LGIMAHCD_00236	
P67383	LGIMAHCD_00237	ACT domain-containing transcriptional regulator
Q8DRD2	LGIMAHCD_00238	hypothetical protein
	LGIMAHCD_00239	csRNA
	LGIMAHCD_00239	
Q8DRD1	LGIMAHCD_00240	Phosphoglycerate mutase family protein
Q8DRD0	LGIMAHCD_00241	Iron(III)-transport system permease protein SfuB
Q8DRC9	LGIMAHCD_00242	Iron(III)-transport system permease protein SfuB
Q8DRC8	LGIMAHCD_00243	Ferric iron ABC transporter ATP-binding protein
Q8DRC7	LGIMAHCD_00244	hypothetical protein
Q8DRC6	LGIMAHCD_00245	hypothetical protein
Q8DN93	LGIMAHCD_00246	hypothetical protein
Q8DRC5	LGIMAHCD_00247	Pyruvate formate-lyase activating enzyme
Q8DRC4	LGIMAHCD_00248	Transcriptional regulator%2C DeoR family
Q8DRC3	LGIMAHCD_00249	Transcriptional regulator
Q8DRC2	LGIMAHCD_00250	Cellobiose-specific PTS IIA component
Q8DRC1	LGIMAHCD_00251	Cellobiose-specific PTS IIB component
Q8DRC0	LGIMAHCD_00252	Cellobiose-specific PTS IIC component
Q8DRB9	LGIMAHCD_00253	Pyruvate formate-lyase
Q8DRB8	LGIMAHCD_00254	Transaldolase
Q8DRB7	LGIMAHCD_00255	Glycerol dehydrogenase
Q8DRB6	LGIMAHCD_00256	Leucyl-tRNA synthetase
Q8DRB5	LGIMAHCD_00257	Acetyltransferase%2C GNAT family
Q8DRB4	LGIMAHCD_00258	Acetyltransferase%2C GNAT family
	LGIMAHCD_00259	csRNA
	LGIMAHCD_00259	
	LGIMAHCD_00260	csRNA
	LGIMAHCD_00260	
Q8CWU7	LGIMAHCD_00261	Holliday junction DNA helicase RuvB
Q8CZ82	LGIMAHCD_00262	Hypothetical protein
	LGIMAHCD_00263	csRNA
	LGIMAHCD_00263	
Q8DRB3	LGIMAHCD_00264	Undecaprenyl diphosphate synthase
Q8DRB2	LGIMAHCD_00265	Phosphatidate cytidylyltransferase
Q8DRB1	LGIMAHCD_00266	Intramembrane protease Eep
Q8DRB0	LGIMAHCD_00267	Prolyl-tRNA synthetase
Q8DRA9	LGIMAHCD_00268	6-phospho-beta-glucosidase
Q8DRA8	LGIMAHCD_00269	Glucosamine--fructose-6-phosphate aminotransferase
Q8DRA7	LGIMAHCD_00270	Oxidoreductase
Q8DRA6	LGIMAHCD_00271	Pullulanase SpuA
P0A4A8	LGIMAHCD_00272	SSU ribosomal protein S12p (S23e)
Q8CWU6	LGIMAHCD_00273	SSU ribosomal protein S7p (S5e)
P64023	LGIMAHCD_00274	Translation elongation factor G
Q8DRA5	LGIMAHCD_00275	DNA polymerase III
Q8CZ81	LGIMAHCD_00276	Antitoxin RelB1
Q8DRA4	LGIMAHCD_00277	mRNA interferase RelE1
Q8DNN3	LGIMAHCD_00278	Hypothetical protein
Q8DRA3	LGIMAHCD_00279	Aminopeptidase PepS
Q8DRA2	LGIMAHCD_00280	Membrane protein
Q8DRA1	LGIMAHCD_00281	Ribosomal small subunit pseudouridine synthase A
Q8DRA0	LGIMAHCD_00282	Aminopeptidase C
Q8DR99	LGIMAHCD_00283	Mannose-specific PTS IID component
Q8DR98	LGIMAHCD_00284	Mannose-specific PTS IIC component
Q8DR97	LGIMAHCD_00285	Mannose-specific PTS IIAB components
Q8DR96	LGIMAHCD_00286	Alcohol dehydrogenase
Q8DR95	LGIMAHCD_00287	Hydrolase%2C HAD superfamily
Q8DR94	LGIMAHCD_00288	Guanine-hypoxanthine permease
Q8DR93	LGIMAHCD_00289	Membrane-bound protease%2C CAAX family
P59655	LGIMAHCD_00290	Dihydropteroate synthase
Q8DR92	LGIMAHCD_00291	Bifunctional dihydrofolate synthase/folylpolyglutamate synthase
P59656	LGIMAHCD_00292	GTP cyclohydrolase I type 1
P59657	LGIMAHCD_00293	Bifunctional dihydroneopterin aldolase/2-amino-4-hydroxy-6-hydroxymethyldihydropteridine pyrophosphokinase
Q8CZ79	LGIMAHCD_00294	Hypothetical protein
	LGIMAHCD_00295	L13_leader
	LGIMAHCD_00295	
Q8CWU5	LGIMAHCD_00296	LSU ribosomal protein L13p (L13Ae)
Q8CWU4	LGIMAHCD_00297	SSU ribosomal protein S9p (S16e)
Q8CZ78	LGIMAHCD_00298	Hypothetical protein
Q8DR89	LGIMAHCD_00299	6-phospho-beta-glucosidase
Q8DR88	LGIMAHCD_00300	Hypothetical protein
Q8DR87	LGIMAHCD_00301	Cellobiose-specific PTS IIB component
Q8DR86	LGIMAHCD_00302	Transcriptional antiterminator of lichenan operon%2C BglG family
Q8DR85	LGIMAHCD_00303	Cellobiose-specific PTS IIA component
Q8CZ77	LGIMAHCD_00304	Hypothetical protein
Q8DR84	LGIMAHCD_00305	Cellobiose-specific PTS IIC component
Q8CZ76	LGIMAHCD_00306	Hypothetical protein
Q8DR43	LGIMAHCD_00307	hypothetical protein
	LGIMAHCD_00308	SpF10_sRNA
	LGIMAHCD_00308	
Q8DR83	LGIMAHCD_00309	Maltodextrin glucosidase
	LGIMAHCD_00310	SpF11_sRNA
	LGIMAHCD_00310	
Q8DR82	LGIMAHCD_00311	Glutathione peroxidase family protein
Q8CWU3	LGIMAHCD_00312	Hyaluronate lyase precursor SpnHL
Q8DRH0	LGIMAHCD_00313	IS200/IS605 family transposase ISStin10
Q8DR81	LGIMAHCD_00314	Bifunctional 4-hydroxy-2-oxoglutarate aldolase/2-dehydro-3-deoxyphosphogluconate aldolase
Q8DR80	LGIMAHCD_00315	2-dehydro-3-deoxygluconokinase
Q8CZ75	LGIMAHCD_00316	Putative 4-deoxy-L-threo-5-hexosulose-uronate ketol-isomerase
Q8DR79	LGIMAHCD_00317	2-deoxy-D-gluconate 3-dehydrogenase
Q8DR78	LGIMAHCD_00318	Hyaluronate-oligosaccharide-specific PTS IIA component
Q8DR77	LGIMAHCD_00319	Unsaturated chondroitin disaccharide hydrolase
Q8DR76	LGIMAHCD_00320	Hyaluronate-oligosaccharide-specific PTS IIB component
Q8DR75	LGIMAHCD_00321	Hyaluronate-oligosaccharide-specific PTS IIC component
Q8DR74	LGIMAHCD_00322	Hyaluronate-oligosaccharide-specific PTS IID component
Q8DR73	LGIMAHCD_00323	Preprotein translocase subunit YajC
Q8CZ74	LGIMAHCD_00324	Oligohyaluronate lyase
Q8DR72	LGIMAHCD_00325	Transcriptional regulator RegR
Q8CZ73	LGIMAHCD_00326	Hypothetical protein
Q8CZ72	LGIMAHCD_00327	Hypothetical protein
Q8DR71	LGIMAHCD_00328	Transcriptional regulator%2C PbsX family
P59658	LGIMAHCD_00329	16S rRNA (cytosine(1402)-N(4))-methyltransferase MraW
Q8DR70	LGIMAHCD_00330	Cell division protein FtsL
P59676	LGIMAHCD_00331	Penicillin-binding protein 2X
Q8DR69	LGIMAHCD_00332	Phospho-N-acetylmuramoyl-pentapeptide- transferase
Q8DR68	LGIMAHCD_00333	Putative ATP-dependent Clp proteinase ATP-binding subunit ClpL
P65335	LGIMAHCD_00334	Bifunctional S-ribosylhomocysteine lyase/autoinducer-2 production protein LuxS
Q8CZ70	LGIMAHCD_00335	ATP-dependent Zn protease
Q8DR67	LGIMAHCD_00336	Glucan 1%2C6-alpha-glucosidase
Q8CZ69	LGIMAHCD_00337	S-ribosylhomocysteinase
Q8CWU2	LGIMAHCD_00338	Exopolysaccharide biosynthesis transcriptional regulator Cps2A
Q8CWU2	LGIMAHCD_00339	Exopolysaccharide biosynthesis transcriptional regulator Cps2A
Q8DPQ8	LGIMAHCD_00340	Tyrosine-protein phosphatase Cps2B
Q8CYS1	LGIMAHCD_00341	Tyrosine-protein phosphatase Cps2B
Q8DNS5	LGIMAHCD_00342	Capsular biosynthesis protein Cps2C
Q8DPL5	LGIMAHCD_00343	Tyrosine-protein kinase Cps2D
Q8DNB1	LGIMAHCD_00344	hypothetical protein
Q8DNN5	LGIMAHCD_00345	hypothetical protein
Q8CWT8	LGIMAHCD_00346	UDP-glucose 6-dehydrogenase Cps2K
Q8DQD3	LGIMAHCD_00347	hypothetical protein
Q8DN58	LGIMAHCD_00348	UTP--glucose-1-phosphate uridylyltransferase
Q8DP52	LGIMAHCD_00349	Phosphoglucomutase
Q8DNI3	LGIMAHCD_00350	IS1167 transposase Orf2
Q8DR61	LGIMAHCD_00351	Oligopeptide ABC transporter%2C periplasmic oligopeptide-binding protein AliA
Q8DR60	LGIMAHCD_00352	Endo-alpha-N-acetylgalactosaminidase Eng
Q8DR59	LGIMAHCD_00353	Multimodular transpeptidase-transglycosylase%2C penicillin-binding protein 1A
P0A456	LGIMAHCD_00354	RecU Holliday junction resolvase
Q8DR58	LGIMAHCD_00355	Hypothetical protein
Q8DR57	LGIMAHCD_00356	Cell division protein GpsB
	LGIMAHCD_00357	RNaseP_bact_b
	LGIMAHCD_00357	
Q8DR56	LGIMAHCD_00358	23S rRNA (guanine(2445)-N(2))-methyltransferase
Q8DR55	LGIMAHCD_00359	Mid-cell-anchored protein Z
Q8DR54	LGIMAHCD_00360	6-phosphogluconate dehydrogenase%2C decarboxylating
Q8DR53	LGIMAHCD_00361	Orphan response regulator RitR
Q8DR52	LGIMAHCD_00362	Choline-binding protein CbpF
Q8DR51	LGIMAHCD_00363	Mevalonate kinase
Q8DR50	LGIMAHCD_00364	Diphosphomevalonate decarboxylase
Q8DR49	LGIMAHCD_00365	Phosphomevalonate kinase
Q8DR48	LGIMAHCD_00366	Isopentenyl-diphosphate delta-isomerase%2C FMN-dependent
Q8DR47	LGIMAHCD_00367	Cell wall-active antibiotics response protein VraT
Q8DR46	LGIMAHCD_00368	Two-component system sensor histidine kinase VraS
Q8DR45	LGIMAHCD_00369	Two-component transcriptional regulator VraR
Q8DR44	LGIMAHCD_00370	hypothetical protein
Q7CRB9	LGIMAHCD_00371	Hypothetical protein
Q8DR41	LGIMAHCD_00372	hypothetical protein
Q8DR40	LGIMAHCD_00373	Surface protein PspA precursor
Q8DR39	LGIMAHCD_00374	Choline-binding protein CbpK
Q8DR38	LGIMAHCD_00375	IS3 family transposase ISSpn11
Q8DR37	LGIMAHCD_00376	IS3 family transposase ISSpn11
Q8DR35	LGIMAHCD_00377	hypothetical protein
Q8DR34	LGIMAHCD_00378	Mannitol-specific PTS IIBC components
Q8DR33	LGIMAHCD_00379	Mannitol operon activator%2C BglG family
Q8DR32	LGIMAHCD_00380	Mannitol-specific PTS IIA component
Q8DR31	LGIMAHCD_00381	Mannitol-1-phosphate 5-dehydrogenase
Q8DR29	LGIMAHCD_00382	Cell division trigger factor
Q8DR28	LGIMAHCD_00383	RecD-like DNA helicase YrrC
P59662	LGIMAHCD_00384	Signal peptidase I
P59660	LGIMAHCD_00385	Ribonuclease HIII
Q8CZ65	LGIMAHCD_00386	Z-ring positive regulator ZapA
Q8DR27	LGIMAHCD_00387	Z-ring positive regulator ZapB
Q8DR26	LGIMAHCD_00388	Recombination inhibitory protein MutS2
	LGIMAHCD_00389	Glycine
	LGIMAHCD_00389	
Q8DR25	LGIMAHCD_00390	Sodium/glycine symporter GlyP
Q8DR24	LGIMAHCD_00391	Macrophage infectivity potentiator protein
Q8DR23	LGIMAHCD_00392	Exfoliative toxin A
Q8DR22	LGIMAHCD_00393	Seryl-tRNA synthetase
Q8DR21	LGIMAHCD_00394	Putative regulator of the mannose operon ManO
Q8DR20	LGIMAHCD_00395	Aspartokinase
Q8DR19	LGIMAHCD_00396	Trans-2%2Ccis-3-Decenoyl-ACP isomerase
Q8DR18	LGIMAHCD_00397	Transcriptional regulator of fatty acid biosynthesis FabT
P0A3C6	LGIMAHCD_00398	3-oxoacyl-(acyl-carrier-protein) synthase FabH
P0A2W1	LGIMAHCD_00399	Acyl carrier protein
Q8DR17	LGIMAHCD_00400	Enoyl-(acyl-carrier-protein) reductase FabK
Q8DR16	LGIMAHCD_00401	Malonyl CoA-acyl carrier protein transacylase FabD
Q8DR15	LGIMAHCD_00402	3-oxoacyl-[acyl-carrier protein] reductase FabG1
Q8DR14	LGIMAHCD_00403	3-oxoacyl-(acyl-carrier-protein) synthase FabF
Q7CRB8	LGIMAHCD_00404	Biotin carboxyl carrier protein of acetyl-CoA carboxylase
P59202	LGIMAHCD_00405	3-hydroxyacyl-(acyl-carrier-protein) dehydratase FabZ
Q8CZE9	LGIMAHCD_00406	Biotin carboxylase of acetyl-CoA carboxylase
Q7CRB7	LGIMAHCD_00407	Acetyl-coenzyme A carboxyl transferase beta chain
Q8DR13	LGIMAHCD_00408	Acetyl-coenzyme A carboxyl transferase alpha chain
Q8CZ64	LGIMAHCD_00409	Hypothetical protein
P65583	LGIMAHCD_00410	Transcription termination protein NusB
Q8DR12	LGIMAHCD_00411	Alkaline shock protein
P64043	LGIMAHCD_00412	Translation elongation factor P
Q8DR11	LGIMAHCD_00413	Bifunctional aspartyl-tRNA(Asp) amidotransferase subunit B/glutamyl-tRNA(Glu) amidotransferase subunit B
Q8DR10	LGIMAHCD_00414	Bifunctional aspartyl-tRNA(Asp) amidotransferase subunit A/glutamyl-tRNA(Glu) amidotransferase subunit A
P59661	LGIMAHCD_00415	Bifunctional aspartyl-tRNA(Asp) amidotransferase subunit C/glutamyl-tRNA(Glu) amidotransferase subunit C
Q8DR09	LGIMAHCD_00416	Peptide chain release factor 3
Q8DR08	LGIMAHCD_00417	Putative CDP-glycerol:glycerophosphate glycerophosphotransferase
P66156	LGIMAHCD_00418	LSU ribosomal protein L28p
Q8DR07	LGIMAHCD_00419	Putative alkaline-shock protein
Q8DR06	LGIMAHCD_00420	Dihydroxyacetone kinase-like protein
Q8DR05	LGIMAHCD_00421	Acetolactate synthase large subunit
Q8DR04	LGIMAHCD_00422	Acetolactate synthase small subunit
Q8DR03	LGIMAHCD_00423	Ketol-acid reductoisomerase
Q8CZ62	LGIMAHCD_00424	hypothetical protein
Q8CZ61	LGIMAHCD_00425	Hypothetical protein
Q8DR02	LGIMAHCD_00426	Threonine dehydratase
Q8CZ60	LGIMAHCD_00427	Hypothetical protein
Q8DR01	LGIMAHCD_00428	Glutamine ABC transporter ATP-binding protein GlnQ1
Q8DR00	LGIMAHCD_00429	Glutamine ABC transporter permease GlnHP1
Q8CZ59	LGIMAHCD_00430	Hypothetical protein
Q8DQZ8	LGIMAHCD_00431	hypothetical protein
Q8DQ71	LGIMAHCD_00432	hypothetical protein
P60935	LGIMAHCD_00433	Undecaprenyl-diphosphatase
Q8DQZ7	LGIMAHCD_00434	DNA polymerase IV
Q8DQZ6	LGIMAHCD_00435	Pyruvate formate-lyase
Q8CZ58	LGIMAHCD_00436	hypothetical protein
Q8DQZ5	LGIMAHCD_00437	Hypothetical protein
Q8CZ56	LGIMAHCD_00438	Hypothetical protein
Q8DQZ4	LGIMAHCD_00439	Xylose repressor protein
Q8DQZ3	LGIMAHCD_00440	Cellobiose-specific PTS IIC component
Q8CZ55	LGIMAHCD_00441	Hypothetical protein
Q8DQZ2	LGIMAHCD_00442	Lactose-specific PTS IIA component
Q8DQZ1	LGIMAHCD_00443	6-phospho-beta-galactosidase
Q8DQZ0	LGIMAHCD_00444	Lactose-specific PTS IIBC components
Q8DQY9	LGIMAHCD_00445	Trk family potassium uptake protein TrkH
Q8DQY8	LGIMAHCD_00446	Trk family potassium uptake protein TrkA
Q8DQY7	LGIMAHCD_00447	Hypothetical protein
Q8DQY6	LGIMAHCD_00448	Substrate-specific component MtsA of methionine-regulated ECF transporter
Q8DPE4	LGIMAHCD_00449	Hypothetical protein
Q8DQY5	LGIMAHCD_00450	Duplicated ATPase component MtsB of energizing module of methionine-regulated ECF transporter
Q8DQY4	LGIMAHCD_00451	Transmembrane component MtsC of energizing module of methionine-regulated ECF transporter
	LGIMAHCD_00452	23S-methyl
	LGIMAHCD_00452	
Q8DQY3	LGIMAHCD_00453	tRNA (cytidine(34)-2'-O)-methyltransferase
	LGIMAHCD_00454	FMN
	LGIMAHCD_00454	
Q8DQY2	LGIMAHCD_00455	Substrate-specific component RibU of riboflavin ECF transporter
Q8DQY1	LGIMAHCD_00456	Membrane-associated phospholipid phosphatase
Q8CZ54	LGIMAHCD_00457	Hypothetical protein
Q8CZ53	LGIMAHCD_00458	Hypothetical protein
P66718	LGIMAHCD_00459	DNA-directed RNA polymerase delta subunit
Q8DQY0	LGIMAHCD_00460	CTP synthase
Q8DQX9	LGIMAHCD_00461	Sodium-dependent phosphate transporter NptA
Q8DQX9	LGIMAHCD_00462	Sodium-dependent phosphate transporter NptA
Q8CZ52	LGIMAHCD_00463	Endo-beta-N-acetylglucosaminidase EndoD
Q8DQX8	LGIMAHCD_00464	Phosphoglycerate kinase
Q8CZ51	LGIMAHCD_00465	Hypothetical protein
Q8DQX7	LGIMAHCD_00466	Transcriptional regulator%2C MerR family
Q8DQX6	LGIMAHCD_00467	Glutamine synthetase type I
Q8DRQ0	LGIMAHCD_00468	hypothetical protein
Q8DQX2	LGIMAHCD_00469	Type I restriction-modification system%2C specificity subunit S components 1.1-2.1
Q8DQX3	LGIMAHCD_00470	Integrase/recombinase CreX (XerC/CodV family)
Q8DQX4	LGIMAHCD_00471	Type I restriction-modification system%2C specificity subunit S type F
Q8DQX2	LGIMAHCD_00472	Type I restriction-modification system%2C specificity subunit S components 1.1-2.1
Q8DQX1	LGIMAHCD_00473	Type I restriction-modification system DNA-methyltransferase subunit M
Q8DQX0	LGIMAHCD_00474	Type I restriction-modification system restriction subunit R
Q8CZ50	LGIMAHCD_00475	Hypothetical protein
Q8CZ49	LGIMAHCD_00476	Hypothetical protein
Q8DQW9	LGIMAHCD_00477	Heat-inducible transcription repressor HrcA
Q8CWT4	LGIMAHCD_00478	Heat shock protein GrpE
Q8CWT3	LGIMAHCD_00479	Chaperone protein DnaK
Q8DPF5	LGIMAHCD_00480	Hypothetical protein
	LGIMAHCD_00481	SpF14_sRNA
	LGIMAHCD_00481	
Q8CWT2	LGIMAHCD_00482	Chaperone protein DnaJ
Q8CZ48	LGIMAHCD_00483	Hypothetical protein
Q8DQW8	LGIMAHCD_00484	Histidine triad nucleotide-binding protein
Q8DQW7	LGIMAHCD_00485	ABC transporter ATP-binding protein EcsA
Q8DQW6	LGIMAHCD_00486	ABC transporter permease protein EcsB
Q8CZ47	LGIMAHCD_00487	BlpT protein
Q8DQW5	LGIMAHCD_00488	BlpS protein
Q7CRB6	LGIMAHCD_00489	Two-component system response regulator BlpR
Q7CRB5	LGIMAHCD_00490	Two-component system sensor histidine kinase BlpH
Q7CRB4	LGIMAHCD_00491	Peptide pheromone BlpC
Q8DQW4	LGIMAHCD_00492	Competence-stimulating peptide ABC transporter permease protein ComB
Q8DQW3	LGIMAHCD_00493	Competence-stimulating peptide ABC transporter permease protein ComB
Q8DQW2	LGIMAHCD_00494	Competence-stimulating peptide ABC transporter ATP-binding protein ComA
Q8DQW1	LGIMAHCD_00495	Competence-stimulating peptide ABC transporter ATP-binding protein ComA
Q8CZ46	LGIMAHCD_00496	PncW
Q8DQW0	LGIMAHCD_00497	Bacteriocin immunity protein BlpY
Q8CZ44	LGIMAHCD_00498	Immunity protein BlpZ
Q8DQV9	LGIMAHCD_00499	Putative protease
Q8DQV8	LGIMAHCD_00500	Aminoglycoside phosphotransferase family protein
P67507	LGIMAHCD_00501	tRNA (guanine46-N7-)-methyltransferase
Q8DQV6	LGIMAHCD_00502	Bacterial ribosome SSU maturation protein RimP
Q8DQV5	LGIMAHCD_00503	Transcription termination/antitermination protein NusA
Q8DQV4	LGIMAHCD_00504	Putative nucleic-acid-binding protein implicated in transcription termination
Q8DQV3	LGIMAHCD_00505	L7Ae family ribosomal protein
Q8DQV2	LGIMAHCD_00506	Translation initiation factor 2
Q8DQV1	LGIMAHCD_00507	Ribosome-binding factor A
Q8DQV0	LGIMAHCD_00508	Hypothetical protein
Q8CZ43	LGIMAHCD_00509	Hypothetical protein
Q8CY74	LGIMAHCD_00510	Hypothetical protein
Q8CZ42	LGIMAHCD_00511	Glycerate kinase
Q8DQU9	LGIMAHCD_00512	Hypothetical protein
Q8CZ41	LGIMAHCD_00513	Hypothetical protein
Q8CZ40	LGIMAHCD_00514	Hypothetical protein
Q8CZ39	LGIMAHCD_00515	Hypothetical protein
Q8DQU8	LGIMAHCD_00516	Acetyltransferase
Q8CZ38	LGIMAHCD_00517	Hypothetical protein
Q8DQU7	LGIMAHCD_00518	Valyl-tRNA synthetase
Q8DQU6	LGIMAHCD_00519	Hypothetical protein
Q8CZ37	LGIMAHCD_00520	Fic domain protein
Q8DNZ6	LGIMAHCD_00521	IS3 family transposase ISSpn11
Q8DNZ5	LGIMAHCD_00522	IS3 family transposase ISSpn11
Q8DQU2	LGIMAHCD_00523	hypothetical protein
Q8CZ36	LGIMAHCD_00524	hypothetical protein
Q8CZ34	LGIMAHCD_00525	hypothetical protein
Q8CZ33	LGIMAHCD_00526	hypothetical protein
Q8CZ32	LGIMAHCD_00527	hypothetical protein
	LGIMAHCD_00528	SpF19_sRNA
	LGIMAHCD_00528	
Q8DQU1	LGIMAHCD_00529	Beta-glucoside bgl operon antiterminator BglG
Q8DQU0	LGIMAHCD_00530	Beta-glucoside-specific PTS IIBCA components
Q8DQT9	LGIMAHCD_00531	6-phospho-beta-glucosidase
Q8DQT8	LGIMAHCD_00532	Phenylalanyl-tRNA synthetase alpha chain
Q8DQT7	LGIMAHCD_00533	N1-spermidine/spermine acetyltransferase PaiA
Q8DQT6	LGIMAHCD_00534	Phenylalanyl-tRNA synthetase beta chain
Q8CZ31	LGIMAHCD_00535	Putative integral membrane protein
Q8DQT5	LGIMAHCD_00536	ISSpn8 transposase
Q8DQT3	LGIMAHCD_00537	Antitoxin HigA
Q8DQT2	LGIMAHCD_00538	5-methyltetrahydropteroyltriglutamate-- homocysteine methyltransferase
Q8DQT1	LGIMAHCD_00539	5%2C10-methylenetetrahydrofolate reductase
Q8DQT0	LGIMAHCD_00540	Polyribonucleotide nucleotidyltransferase
Q8DQS9	LGIMAHCD_00541	Serine acetyltransferase
Q8CZ30	LGIMAHCD_00542	Acetyltransferase%2C GNAT family
Q8DQS8	LGIMAHCD_00543	Cysteinyl-tRNA synthetase
Q8DQS7	LGIMAHCD_00544	Mini-ribonuclease III
Q8DQS6	LGIMAHCD_00545	Leucine rich protein
Q8CZ29	LGIMAHCD_00546	hypothetical protein
	LGIMAHCD_00547	Intron_gpII
	LGIMAHCD_00547	
Q8DQS4	LGIMAHCD_00548	Peptide ABC transporter membrane-spanning permease Vex1
Q8DQS3	LGIMAHCD_00549	ABC transporter ATP-binding protein Vex2
Q8DQS2	LGIMAHCD_00550	Peptide ABC transporter membrane-spanning permease Vex3
Q8DQS0	LGIMAHCD_00551	Two-component system response regulator VncR
Q8DQR9	LGIMAHCD_00552	Two-component system sensor histidine kinase VncS
P0A4S2	LGIMAHCD_00553	Class II fructose-bisphosphate aldolase
Q8CZ28	LGIMAHCD_00554	Oxidoreductase
Q8DQR8	LGIMAHCD_00555	Glutamine ABC transporter permease GlnP2b
Q8DQR7	LGIMAHCD_00556	Glutamine ABC transporter permease GlnP2a
Q8CWT1	LGIMAHCD_00557	Glutamine ABC transporter substrate-binding protein GlnH2
Q8DQR6	LGIMAHCD_00558	Glutamine transport ATP-binding protein GlnQ
Q8DQR5	LGIMAHCD_00559	Glutamine ABC transporter ATP-binding protein GlnQ4
Q8DQR4	LGIMAHCD_00560	Single-stranded-DNA-specific exonuclease RecJ
Q8DQR3	LGIMAHCD_00561	Ribonuclease J2
Q8DQR2	LGIMAHCD_00562	Tributyrin esterase
Q8DQR1	LGIMAHCD_00563	tRNA-dependent lipid II--L-alanine/serine ligase MurM
Q8DQR0	LGIMAHCD_00564	tRNA-dependent lipid II-Ala--L-alanine ligase MurN
Q8CZ27	LGIMAHCD_00565	Putative Zn-dependent protease
Q8DQQ9	LGIMAHCD_00566	Excinuclease ABC subunit C
Q8DQQ8	LGIMAHCD_00567	Serine/threonine protein phosphatase
Q8CWT0	LGIMAHCD_00568	Cysteine ABC transporter substrate-binding protein
Q8DQQ7	LGIMAHCD_00569	Bifunctional oxygen-insensitive NAD(P)H nitroreductase/dihydropteridine reductase
Q8DQQ6	LGIMAHCD_00570	Dipeptidase PepV
Q8DQQ5	LGIMAHCD_00571	Uracil-DNA glycosylase
Q8CZ26	LGIMAHCD_00572	hypothetical protein
	LGIMAHCD_00573	SpF22_sRNA
	LGIMAHCD_00573	
Q8DQQ3	LGIMAHCD_00574	Branched-chain amino acid transport system carrier protein
Q8DQQ2	LGIMAHCD_00575	Deblocking aminopeptidase
Q8CZ25	LGIMAHCD_00576	Histidine triad family protein
Q8DQQ1	LGIMAHCD_00577	L%2CD-carboxypeptidase
Q8CWS9	LGIMAHCD_00578	LSU ribosomal protein L11p (L12e)
P66096	LGIMAHCD_00579	LSU ribosomal protein L1p (L10Ae)
	LGIMAHCD_00580	Intron_gpII
	LGIMAHCD_00580	
Q8DPE4	LGIMAHCD_00581	Hypothetical protein
Q8DP20	LGIMAHCD_00582	Hypothetical protein
Q8DPK2	LGIMAHCD_00583	Hypothetical protein
Q8DQQ0	LGIMAHCD_00584	ABC transporter ATP-binding protein
Q8DQP9	LGIMAHCD_00585	Antibiotic ABC transporter permease protein
Q8DQP8	LGIMAHCD_00586	Multidrug ABC transporter permease protein
Q8CZ24	LGIMAHCD_00587	hypothetical protein
Q8DPE4	LGIMAHCD_00588	Hypothetical protein
Q8DQP7	LGIMAHCD_00589	Serine protease PrtA precursor
Q8DQP6	LGIMAHCD_00590	Galactose-specific PTS IIA component
Q8CZ23	LGIMAHCD_00591	Galactose-specific PTS IIB component
Q8DQP5	LGIMAHCD_00592	Galactose-specific PTS IIC component
Q8DQP4	LGIMAHCD_00593	Beta-galactosidase BgaA
Q8CZ22	LGIMAHCD_00594	hypothetical protein
Q8CZ21	LGIMAHCD_00595	hypothetical protein
	LGIMAHCD_00596	SpF25_sRNA
	LGIMAHCD_00596	
Q8CZ20	LGIMAHCD_00597	Hypothetical protein
Q8CZ19	LGIMAHCD_00598	hypothetical protein
Q8CZ18	LGIMAHCD_00599	hypothetical protein
Q8DQP3	LGIMAHCD_00600	Putative rRNA methylase YtqB
Q8CZ17	LGIMAHCD_00601	Hypothetical protein
Q8DQP2	LGIMAHCD_00602	Na+/H+ antiporter
Q8DQP1	LGIMAHCD_00603	Inner membrane protein YihY
Q8DQP0	LGIMAHCD_00604	Cytochrome c-type biogenesis protein CcdA-1
Q8DQN9	LGIMAHCD_00605	Thiol:disulfide oxidoreductase
P65444	LGIMAHCD_00606	Peptide methionine sulfoxide reductase MsrAB2
Q8DQN8	LGIMAHCD_00607	Two-component response regulator YesN
Q8DQN7	LGIMAHCD_00608	Two-component sensor kinase YesM
Q8DQN6	LGIMAHCD_00609	YwlG
Q8DQN5	LGIMAHCD_00610	Zinc metalloprotease ZmpB precursor
Q8DQN4	LGIMAHCD_00611	Bifunctional para-aminobenzoate synthase%2C aminase component/aminodeoxychorismate lyase
P63414	LGIMAHCD_00612	Hypothetical protein
Q8CZ16	LGIMAHCD_00613	Endo-beta-N-acetylglucosaminidase%2C choline-binding protein CbpL
Q8DQN3	LGIMAHCD_00614	Glucokinase
P67050	LGIMAHCD_00615	Thymidylate synthase
Q8CZ15	LGIMAHCD_00616	Hypothetical protein
Q8CWS7	LGIMAHCD_00617	tRNA dimethylallyltransferase MiaA
Q8DQN2	LGIMAHCD_00618	GTP-binding protein HflX
Q8CZ13	LGIMAHCD_00619	Cystathionine beta-lyase
Q8DQN1	LGIMAHCD_00620	Ribonuclease Z
Q8DQN0	LGIMAHCD_00621	Short-chain dehydrogenase
Q8DQM9	LGIMAHCD_00622	Methionine biosynthesis and transport regulator MtaR%2C LysR family
Q8DQM8	LGIMAHCD_00623	Hypothetical protein
Q8DQM7	LGIMAHCD_00624	Rhodanese-like domain protein
Q8DQM6	LGIMAHCD_00625	Ribosomal small subunit pseudouridine synthase A
Q8CWS6	LGIMAHCD_00626	GTP-binding protein TypA
Q8CZ11	LGIMAHCD_00627	Putative membrane protein
Q8DQM5	LGIMAHCD_00628	Hypothetical protein
Q8DQM4	LGIMAHCD_00629	Putative immunity protein
Q8DQM3	LGIMAHCD_00630	ABC transporter ATP-binding protein
Q8DQM2	LGIMAHCD_00631	UDP-N-acetylmuramoylalanine--D-glutamate ligase
Q8DQM1	LGIMAHCD_00632	UDP-N-acetylglucosamine--N-acetylmuramyl- (pentapeptide) pyrophosphoryl-undecaprenol N-acetylglucosamine transferase
Q8DQM0	LGIMAHCD_00633	Cell division protein DivIB
Q8DN38	LGIMAHCD_00634	Hypothetical protein
Q8DPK1	LGIMAHCD_00635	Hypothetical protein
Q8CZ09	LGIMAHCD_00636	hypothetical protein
Q7CRB7	LGIMAHCD_00637	hypothetical protein
Q8CZ08	LGIMAHCD_00638	hypothetical protein
Q8DPY2	LGIMAHCD_00639	Hypothetical protein
Q8DQL8	LGIMAHCD_00640	Fluoroquinolones export ATP-binding protein
Q8CZ07	LGIMAHCD_00641	Putative membrane spanning protein
	LGIMAHCD_00642	PyrR
	LGIMAHCD_00642	
Q8DQL6	LGIMAHCD_00643	Orotidine 5'-phosphate decarboxylase
Q8DQL5	LGIMAHCD_00644	Orotate phosphoribosyltransferase
Q8CZ06	LGIMAHCD_00645	Hypothetical protein
Q8CZ05	LGIMAHCD_00646	Hypothetical protein
Q8CZ04	LGIMAHCD_00647	Hypothetical protein
Q8CZ03	LGIMAHCD_00648	Hypothetical protein
Q8DQL4	LGIMAHCD_00649	ABC transporter ATP-binding protein
Q8DQL3	LGIMAHCD_00650	Amino acid ABC transporter amino acid-binding/permease protein
Q8DQL2	LGIMAHCD_00651	hypothetical protein
Q8DQL1	LGIMAHCD_00652	Glutamine ABC transporter ATP-binding protein GlnQ3
Q8DQL0	LGIMAHCD_00653	Glutamine ABC transporter permease GlnP3b
Q8DQK9	LGIMAHCD_00654	Glutamine ABC transporter permease GlnP3a
Q8DQK7	LGIMAHCD_00655	L-Lactate 2-monooxygenase
Q8CWS5	LGIMAHCD_00656	Class II lysyl-tRNA synthetase
Q8DQK7	LGIMAHCD_00657	L-Lactate 2-monooxygenase
	LGIMAHCD_00658	TPP
	LGIMAHCD_00658	
Q8DQK6	LGIMAHCD_00659	Thiaminase II
Q8DQK5	LGIMAHCD_00660	Hydroxyethylthiazole kinase
Q8DQK4	LGIMAHCD_00661	Thiamin-phosphate pyrophosphorylase
	LGIMAHCD_00662	TPP
	LGIMAHCD_00662	
Q8DQK3	LGIMAHCD_00663	Substrate-specific component YkoE of thiamin-regulated ECF transporter for hydroxymethylpyrimidine
Q8DQK2	LGIMAHCD_00664	Duplicated ATPase component YkoD of energizing module of thiamin-regulated ECF transporter for hydroxymethylpyrimidine
Q8DQK1	LGIMAHCD_00665	Transmembrane component YkoC of energizing module of thiamin-regulated ECF transporter for hydroxymethylpyrimidine
Q8DQK0	LGIMAHCD_00666	Thiaminase II TenA
Q8CZ02	LGIMAHCD_00667	Substrate-specific component ThiW of putative thiazole ECF transporter
Q8DQJ9	LGIMAHCD_00668	Hydroxyethylthiazole kinase
P66921	LGIMAHCD_00669	Thiamin-phosphate pyrophosphorylase
Q8DQJ8	LGIMAHCD_00670	Hydroxymethylpyrimidine phosphate kinase ThiD
	LGIMAHCD_00671	TPP
	LGIMAHCD_00671	
Q8DQJ7	LGIMAHCD_00672	Negative transcriptional regulator of copper transport operon
Q8DQJ6	LGIMAHCD_00673	Copper-exporting ATPase
Q8DQJ5	LGIMAHCD_00674	Lead%2C cadmium%2C copper%2C zinc and mercury transporting P-type ATPase
Q8DQJ4	LGIMAHCD_00675	Pyruvate oxidase
Q8CZ01	LGIMAHCD_00676	Hypothetical protein
Q8DQJ3	LGIMAHCD_00677	IS630 family transposase ISSpn2
Q8CZ00	LGIMAHCD_00678	IS630 family transposase ISSpn2
Q8DQJ2	LGIMAHCD_00679	6-phospho-beta-glucosidase
Q8DQJ1	LGIMAHCD_00680	Mannose-6-phosphate isomerase
Q8DQJ0	LGIMAHCD_00681	Sodium-dependent transporter
Q8DQI9	LGIMAHCD_00682	hypothetical protein
Q8DQI8	LGIMAHCD_00683	MutT/Nudix family protein
Q8DQI7	LGIMAHCD_00684	NAD(FAD)-utilizing dehydrogenase
Q8DQI6	LGIMAHCD_00685	DegV family protein
Q8DQI5	LGIMAHCD_00686	Transcriptional regulator%2C AcrR family
Q8DQI4	LGIMAHCD_00687	dCMP deaminase
Q8DQI3	LGIMAHCD_00688	Uracil phosphoribosyltransferase
P63788	LGIMAHCD_00689	ATP-dependent Clp protease proteolytic subunit ClpP
Q8DQI2	LGIMAHCD_00690	Hypothetical protein
Q8DQI1	LGIMAHCD_00691	High-affinity leucine-specific transport system%2C periplasmic binding protein LivJ
Q8DQI0	LGIMAHCD_00692	High-affinity branched-chain amino acid transport system permease protein LivH
Q8DQH9	LGIMAHCD_00693	Branched-chain amino acid transport system permease protein LivM
Q8DQH8	LGIMAHCD_00694	Branched-chain amino acid transport ATP-binding protein LivG
Q8DQH7	LGIMAHCD_00695	Branched-chain amino acid transport ATP-binding protein LivF
Q8DQH6	LGIMAHCD_00696	CBS domain protein
Q8DQH5	LGIMAHCD_00697	Peptide chain release factor 2
Q8DQH4	LGIMAHCD_00698	Cell division transporter%2C ATP-binding protein FtsE
Q8DQH3	LGIMAHCD_00699	Cell division protein FtsX
Q8DQH2	LGIMAHCD_00700	Maltose- and glucose-specific PTS IICBA components
Q8CYZ8	LGIMAHCD_00701	Exodeoxyribonuclease III
Q8DQH1	LGIMAHCD_00702	ATP-dependent RNA helicase YqfR
Q8DQH0	LGIMAHCD_00703	S-adenosylmethionine synthetase
Q8DQG9	LGIMAHCD_00704	Dihydroorotate dehydrogenase (fumarate)
Q8DQG8	LGIMAHCD_00705	DNA polymerase III delta subunit
P0A4J7	LGIMAHCD_00706	Manganese superoxide dismutase
Q8CYZ7	LGIMAHCD_00707	hypothetical protein
Q8DQG7	LGIMAHCD_00708	Bifunctional 23S rRNA (adenine(2503)-C(2))-methyltransferase/tRNA (adenine(37)-C(2))-methyltransferase
Q8CYZ6	LGIMAHCD_00709	VanZF-related protein
Q8DQG6	LGIMAHCD_00710	ABC transporter ATP-binding protein
Q8DQG5	LGIMAHCD_00711	Peptidyl-prolyl cis-trans isomerase
Q8CYZ5	LGIMAHCD_00712	Hypothetical protein
P66445	LGIMAHCD_00713	SSU ribosomal protein S16p
Q8DQG4	LGIMAHCD_00714	KH domain RNA-binding protein
Q8CYI2	LGIMAHCD_00715	hypothetical protein
Q8CYZ3	LGIMAHCD_00716	hypothetical protein
Q8CYZ2	LGIMAHCD_00717	hypothetical protein
Q8DQG3	LGIMAHCD_00718	16S rRNA processing protein RimM
Q8CWS4	LGIMAHCD_00719	tRNA (guanine(37)-N(1))-methyltransferase
Q8CYZ1	LGIMAHCD_00720	Anaerobic ribonucleoside-triphosphate reductase
Q8CYZ0	LGIMAHCD_00721	Hypothetical protein
Q8DQG2	LGIMAHCD_00722	Hypothetical protein
Q8DQG1	LGIMAHCD_00723	Substrate-specific component BioY of biotin ECF transporter
Q8DQG0	LGIMAHCD_00724	Glutathione reductase
Q8DQF9	LGIMAHCD_00725	Periplasmic component of efflux system
Q8DQF8	LGIMAHCD_00726	ABC transporter ATP-binding protein
Q8DQF7	LGIMAHCD_00727	ABC transporter permease protein
P67581	LGIMAHCD_00728	Methionyl-tRNA synthetase
Q8DQF6	LGIMAHCD_00729	Transcriptional regulator%2C PadR family
Q8DQF5	LGIMAHCD_00730	Hypothetical protein
Q8DQF4	LGIMAHCD_00731	Putative oxidoreductase
Q8CYY9	LGIMAHCD_00732	Hypothetical protein
Q8CWS3	LGIMAHCD_00733	3-Ketoacyl-ACP reductase
Q8DQF3	LGIMAHCD_00734	MutT/Nudix family protein
Q8CYY8	LGIMAHCD_00735	Acetyltransferase%2C GNAT family
Q8CYY7	LGIMAHCD_00736	PEP-utilizing enzyme family protein
Q8DQF2	LGIMAHCD_00737	Hypothetical protein
Q8DQF1	LGIMAHCD_00738	Lysyl aminopeptidase PepN
P0A4H8	LGIMAHCD_00739	Two-component system response regulator CiaR
P0A4I6	LGIMAHCD_00740	Two-component system sensor histidine kinase CiaH
Q8CYY6	LGIMAHCD_00741	Hypothetical protein
Q8DQF0	LGIMAHCD_00742	Protease
Q8DQE9	LGIMAHCD_00743	Bifunctional DinG family ATP-dependent helicase YoaA/DnaQ family exonuclease
Q8DQE8	LGIMAHCD_00744	Cell shape-determining protein RodA
Q8DQE7	LGIMAHCD_00745	4-methyl-5(b-hydroxyethyl)-thiazole monophosphate biosynthesis enzyme
Q8DQE6	LGIMAHCD_00746	Hydrolase%2C haloacid dehalogenase-like family
P0A4M0	LGIMAHCD_00747	DNA gyrase subunit B
Q8DQE5	LGIMAHCD_00748	Septation ring formation regulator EzrA
Q8DQE4	LGIMAHCD_00749	IS630 family transposase ISSpn2
Q8DQE3	LGIMAHCD_00750	IS630 family transposase ISSpn2
Q8CYY5	LGIMAHCD_00751	Hypothetical protein
Q8DQE1	LGIMAHCD_00752	MutT/Nudix family protein
Q8DQE0	LGIMAHCD_00753	IS630 family transposase IS630-Spn1
Q8DQD7	LGIMAHCD_00754	ATP-dependent Clp protease ATP-binding subunit ClpE
Q8DQD6	LGIMAHCD_00755	Hypothetical protein
Q8DQD5	LGIMAHCD_00756	Glutamine ABC transporter permease GlnP4
Q8DQD4	LGIMAHCD_00757	Glutamine ABC transporter ATP-binding protein GlnQ4
Q8DQD3	LGIMAHCD_00758	Bifunctional methylenetetrahydrofolate dehydrogenase (NADP+)/methenyltetrahydrofolate cyclohydrolase
Q8DQD2	LGIMAHCD_00759	ADP-dependent (S)-NAD(P)H-hydrate dehydratase
Q8DQD1	LGIMAHCD_00760	Ribose 5-phosphate isomerase A
Q8DQD0	LGIMAHCD_00761	Phosphopentomutase
Q8CYY4	LGIMAHCD_00762	hypothetical protein
Q8CWS2	LGIMAHCD_00763	Bifunctional purine nucleoside phosphorylase/N-ribosylnicotinamide phosphorylase
Q8CYY3	LGIMAHCD_00764	hypothetical protein
Q8CYY2	LGIMAHCD_00765	Fucolectin-related protein
Q8DQC9	LGIMAHCD_00766	Thiol-activated cytolysin
Q8CWS1	LGIMAHCD_00767	Purine nucleoside phosphorylase
Q8DQC8	LGIMAHCD_00768	FlaR-related DNA topology modulation protein
Q8CWS0	LGIMAHCD_00769	SSU ribosomal protein S20p
Q8DQC7	LGIMAHCD_00770	Pantothenate kinase
Q8CYY1	LGIMAHCD_00771	Hypothetical protein
Q8DQC6	LGIMAHCD_00772	16S rRNA (guanine(1207)-N(2))-methyltransferase
Q8DQC5	LGIMAHCD_00773	Pyrimidine-nucleoside phosphorylase
Q8DQC4	LGIMAHCD_00774	Deoxyribose-phosphate aldolase
Q8DQC3	LGIMAHCD_00775	Cytidine deaminase
Q8DQC2	LGIMAHCD_00776	Nucleoside-binding protein
Q8DQC1	LGIMAHCD_00777	Vitamin B12 import ATP-binding protein BtuD
Q8DQC1	LGIMAHCD_00778	Putative deoxyribose-specific ABC transporter ATP-binding protein
Q8DQC0	LGIMAHCD_00779	Putative deoxyribose-specific ABC transporter permease protein
Q8DQB9	LGIMAHCD_00780	Putative deoxyribose-specific ABC transporter permease protein
Q8DQB8	LGIMAHCD_00781	IS3 family transposase ISSpn11
Q8DQB7	LGIMAHCD_00782	hypothetical protein
Q8CM57	LGIMAHCD_00783	hypothetical protein
Q8DQB6	LGIMAHCD_00784	IS3 family transposase ISSpn11
P0A4Q0	LGIMAHCD_00785	Acyl-phosphate:glycerol-3-phosphate O-acyltransferase PlsY
Q8DQB5	LGIMAHCD_00786	Topoisomerase IV subunit B
Q8DP97	LGIMAHCD_00787	Restriction enzyme BcgI alpha chain-like protein
Q8DQB4	LGIMAHCD_00788	Topoisomerase IV subunit A
Q8DQB3	LGIMAHCD_00789	Branched-chain amino acid aminotransferase
Q8DQB2	LGIMAHCD_00790	Oligopeptide ABC transporter substrate-binding protein
Q8DQB1	LGIMAHCD_00791	Hypothetical protein
Q8DQB0	LGIMAHCD_00792	Putative membrane protein
P65679	LGIMAHCD_00793	Pyrrolidone-carboxylate peptidase
Q8CYY0	LGIMAHCD_00794	Hypothetical protein
	LGIMAHCD_00795	tRNA-Tyr(gta)
	LGIMAHCD_00795	
	LGIMAHCD_00796	tRNA-Gln(ttg)
	LGIMAHCD_00796	
Q8CWR9	LGIMAHCD_00797	SSU ribosomal protein S1p
Q8DQA8	LGIMAHCD_00798	IS1167 transposase Orf2
Q8DNI4	LGIMAHCD_00799	hypothetical protein
Q8DQA7	LGIMAHCD_00800	IS1167 transposase Orf1
	LGIMAHCD_00801	Srn266
	LGIMAHCD_00801	
Q8DQA6	LGIMAHCD_00802	GAF domain-containing protein
Q8DQA5	LGIMAHCD_00803	DNA polymerase III subunits gamma and tau
Q8CYX9	LGIMAHCD_00804	Hypothetical protein
Q8DQA4	LGIMAHCD_00805	Iron-sulfur cluster assembly ATPase protein SufC
Q8DQA3	LGIMAHCD_00806	Iron-sulfur cluster assembly protein SufD
Q8DQA2	LGIMAHCD_00807	Cysteine desulfurase SufS
Q8DQA1	LGIMAHCD_00808	Putative iron-sulfur cluster assembly scaffold protein for SUF system SufE2
Q8DQA0	LGIMAHCD_00809	Iron-sulfur cluster assembly protein SufB
Q8DQ99	LGIMAHCD_00810	D-alanyl-D-alanine carboxypeptidase%2C penicillin-binding protein 3
Q8DQ98	LGIMAHCD_00811	Coordinator of zonal cell elongation
	LGIMAHCD_00812	transfer-messenger RNA%2C SsrA
	LGIMAHCD_00812	
	LGIMAHCD_00813	tRNA-Ser(gga)
	LGIMAHCD_00813	
Q8DQ97	LGIMAHCD_00814	Transcriptional repressor of the fructose operon%2C DeoR family
Q8DQ96	LGIMAHCD_00815	1-phosphofructokinase
Q8DQ95	LGIMAHCD_00816	Fructose-specific PTS IIABC components
P64167	LGIMAHCD_00817	DNA translocase FtsK
Q8CYX8	LGIMAHCD_00818	Acetyltransferase
Q8DQ93	LGIMAHCD_00819	Putative cysteine desulfurase
Q8DQ92	LGIMAHCD_00820	tRNA 4-thiouridine synthase ThiI
Q8CYX7	LGIMAHCD_00821	Putative alpha-dextrin endo-1%2C6-alpha-glucosidase
Q8CYX6	LGIMAHCD_00822	hypothetical protein
Q8CYX4	LGIMAHCD_00823	hypothetical protein
Q8CYX3	LGIMAHCD_00824	ATP-grasp-domain-containing protein
Q8DQ91	LGIMAHCD_00825	Type I restriction-modification system DNA-methyltransferase subunit M
Q8DQ90	LGIMAHCD_00826	Type I restriction-modification system specificity subunit S
Q8DQ89	LGIMAHCD_00827	Type I restriction-modification system restriction subunit R
Q8DPE4	LGIMAHCD_00828	Hypothetical protein
Q8DQ88	LGIMAHCD_00829	Arginine pathway regulatory protein ArgR2
Q8DQ87	LGIMAHCD_00830	Xaa-Pro dipeptidyl-peptidase
Q8DQ86	LGIMAHCD_00831	DNA polymerase III alpha subunit
Q8DQ85	LGIMAHCD_00832	6-phosphofructokinase
Q8DQ84	LGIMAHCD_00833	Pyruvate kinase
Q8CYX1	LGIMAHCD_00834	Membrane-associated protein
Q8DQ52	LGIMAHCD_00835	IS5 family transposase ISSpn7
Q8CYW9	LGIMAHCD_00836	Hypothetical protein
Q8CYW8	LGIMAHCD_00837	Hypothetical protein
Q8DQ82	LGIMAHCD_00838	ABC transporter substrate-binding protein
Q8DQ81	LGIMAHCD_00839	Putative permease
Q8DQ76	LGIMAHCD_00840	Hypothetical protein
Q8CYW7	LGIMAHCD_00841	hypothetical protein
Q8DQ80	LGIMAHCD_00842	hypothetical protein
Q8DQ79	LGIMAHCD_00843	Transcription accessory protein
Q8DQ78	LGIMAHCD_00844	Putative SprT family zinc-dependent metallopeptidase
Q8CYW6	LGIMAHCD_00845	Putative phage shock protein C
	LGIMAHCD_00846	Spd-sr07
	LGIMAHCD_00846	
Q8CYW5	LGIMAHCD_00847	Hypothetical protein
Q8DNF5	LGIMAHCD_00848	Hypothetical protein
Q8DQ77	LGIMAHCD_00849	ABC transporter ATP-binding protein
Q8DQ76	LGIMAHCD_00850	ABC transporter permease protein
Q8DQ75	LGIMAHCD_00851	Hypothetical protein
Q8DQ74	LGIMAHCD_00852	ISSpn8 transposase
Q8DQ73	LGIMAHCD_00853	Arginine decarboxylase
Q8DQ71	LGIMAHCD_00854	hypothetical protein
P66836	LGIMAHCD_00855	Spermidine synthase
Q8DQ70	LGIMAHCD_00856	Carboxynorspermidine synthase
Q8DQ69	LGIMAHCD_00857	Carboxynorspermidine decarboxylase
Q8DQ68	LGIMAHCD_00858	Agmatine deiminase
Q8DQ67	LGIMAHCD_00859	N-carbamoylputrescine amidase
Q8DQ66	LGIMAHCD_00860	Hydrolase%2C HAD superfamily
Q8CYW4	LGIMAHCD_00861	Hypothetical protein
Q8CYW3	LGIMAHCD_00862	CAAX amino terminal protease family protein
Q8DQ65	LGIMAHCD_00863	Cysteine and methionine metabolism regulator CmbR%2C LysR family
Q8DQ64	LGIMAHCD_00864	Lipoprotein signal peptidase
Q8DQ63	LGIMAHCD_00865	Ribosomal large subunit pseudouridine synthase D
Q8DQ62	LGIMAHCD_00866	Teichoic acid phosphorylcholine esterase%2C choline-binding protein CbpE
Q8DQ61	LGIMAHCD_00867	Glutamate 5-kinase
Q8DQ60	LGIMAHCD_00868	Gamma-glutamyl phosphate reductase
Q8DQ59	LGIMAHCD_00869	Pyrroline-5-carboxylate reductase
Q8DQ58	LGIMAHCD_00870	Thymidylate kinase
Q8DQ57	LGIMAHCD_00871	DNA polymerase III delta prime subunit
Q8DQ56	LGIMAHCD_00872	DNA replication initiation control protein YabA
Q8DQ55	LGIMAHCD_00873	16S rRNA (cytidine(1402)-2'-O)-methyltransferase
Q8DQ54	LGIMAHCD_00874	hypothetical protein
Q8CYW1	LGIMAHCD_00875	Replication protein
Q8DQ53	LGIMAHCD_00876	IS1381 transposase OrfB
Q8DQ52	LGIMAHCD_00877	IS5 family transposase ISSpn7
Q8DQ51	LGIMAHCD_00878	Methylenetetrahydrofolate--tRNA-(uracil-5-)- methyltransferase TrmFO
Q8DQ50	LGIMAHCD_00879	Uridine monophosphate kinase
Q8DQ49	LGIMAHCD_00880	Ribosome-recycling factor
Q8DQ48	LGIMAHCD_00881	S1 RNA-binding domain protein
Q8DQ47	LGIMAHCD_00882	Hypothetical protein
Q8DQ46	LGIMAHCD_00883	Phosphate starvation-inducible protein PhoH
Q8CYV9	LGIMAHCD_00884	Acetyltransferase
Q8CYV8	LGIMAHCD_00885	hypothetical protein
Q8DQ45	LGIMAHCD_00886	Alanine dehydrogenase
Q8DQ43	LGIMAHCD_00887	Alanine dehydrogenase
Q8DQ42	LGIMAHCD_00888	Acetyltransferase%2C GNAT family
Q8DQ41	LGIMAHCD_00889	Late competence DNA receptor ComEA
Q8DQ40	LGIMAHCD_00890	Late competence DNA transporter ComEC
Q8CYV6	LGIMAHCD_00891	ABC transporter%2C ATP-binding protein
Q8CYV5	LGIMAHCD_00892	Hypothetical protein
	LGIMAHCD_00893	L20_leader
	LGIMAHCD_00893	
P65145	LGIMAHCD_00894	Translation initiation factor 3
P66279	LGIMAHCD_00895	LSU ribosomal protein L35p
P66113	LGIMAHCD_00896	LSU ribosomal protein L20p
Q8DQ39	LGIMAHCD_00897	Lactoylglutathione lyase
Q8DQ38	LGIMAHCD_00898	Dihydroorotate dehydrogenase (NAD(+))%2C electron transfer subunit
Q8DQ37	LGIMAHCD_00899	Dihydroorotate dehydrogenase (NAD(+))%2C catalytic subunit
P59206	LGIMAHCD_00900	Endo-beta-N-acetylglucosaminidase LytB
Q8DQ36	LGIMAHCD_00901	Fibronectin/fibrinogen-binding protein
Q8DQ35	LGIMAHCD_00902	Metal-dependent hydrolase YbeY
Q8DQ34	LGIMAHCD_00903	Diacylglycerol kinase
P0A3C4	LGIMAHCD_00904	GTP-binding protein Era
Q8DQ33	LGIMAHCD_00905	Formamidopyrimidine-DNA glycosylase MutM
Q8DQ32	LGIMAHCD_00906	Dephospho-CoA kinase
P0A4K5	LGIMAHCD_00907	Multidrug resistance efflux pump PmrA
Q8DQ31	LGIMAHCD_00908	Protein-export membrane protein SecG
Q8DQ30	LGIMAHCD_00909	3'-to-5' exoribonuclease RNase R
Q8DQ29	LGIMAHCD_00910	tmRNA-binding protein SmpB
Q8DQ28	LGIMAHCD_00911	Tellurite methyltransferase TehB
Q8DQ27	LGIMAHCD_00912	Competence protein CoiA
Q8DQ26	LGIMAHCD_00913	Oligoendopeptidase F
Q8DQ25	LGIMAHCD_00914	O-methyltransferase family protein
Q8DQ24	LGIMAHCD_00915	Putative parvulin type peptidyl-prolyl isomerase PrsA
Q8DQ23	LGIMAHCD_00916	IS3 family transposase ISSpn1
Q8DQ22	LGIMAHCD_00917	hypothetical protein
Q8DQ21	LGIMAHCD_00918	Phosphoglycerate mutase family 5 protein
Q8DQ20	LGIMAHCD_00919	Transcriptional regulator
Q8DQ19	LGIMAHCD_00920	Membrane protein
Q8CYV3	LGIMAHCD_00921	1%2C4-beta-N-acetylmuramidase%2C lyzozyme M1
Q8DQ18	LGIMAHCD_00922	Bifunctional N-acetylglucosamine-1-phosphate uridyltransferase/glucosamine-1-phosphate N-acetyltransferase
Q8DQ17	LGIMAHCD_00923	ADP-ribose pyrophosphatase
Q8CYV2	LGIMAHCD_00924	Hypothetical protein
Q8DQ16	LGIMAHCD_00925	Bifunctional 5'-methylthioadenosine nucleosidase/S-adenosylhomocysteine nucleosidase
Q8DQ15	LGIMAHCD_00926	Transcriptional regulator OrfX
Q8DQ14	LGIMAHCD_00927	DNA polymerase III epsilon subunit
Q8CYV1	LGIMAHCD_00928	Glycerophosphoryl diester phosphodiesterase
Q8DQ13	LGIMAHCD_00929	IS630 family transposase IS630-Spn1
Q8CYU8	LGIMAHCD_00930	Hypothetical protein
Q8DQ11	LGIMAHCD_00931	Cytochrome c-type biogenesis protein CcdA-2
Q8DQ10	LGIMAHCD_00932	Thiol:disulfide oxidoreductase
	LGIMAHCD_00933	SpF36_sRNA
	LGIMAHCD_00933	
Q8CWR7	LGIMAHCD_00934	Cationic amino acid transporter%2C APC Superfamily
Q8DQ09	LGIMAHCD_00935	Laminin-binding surface protein
Q8DQ08	LGIMAHCD_00936	Pneumococcal histidine triad protein B
Q8DQ07	LGIMAHCD_00937	Pneumococcal histidine triad protein E
Q8DQ07	LGIMAHCD_00938	Pneumococcal histidine triad protein E
Q8DQ06	LGIMAHCD_00939	hypothetical protein
Q8CYU5	LGIMAHCD_00940	hypothetical protein
Q8DQ05	LGIMAHCD_00941	Tripeptide aminopeptidase PepT
Q8DQ04	LGIMAHCD_00942	Ferrochelatase%2C protoheme ferro-lyase
Q8DQ03	LGIMAHCD_00943	Large-conductance mechanosensitive channel MscL
Q8DQ02	LGIMAHCD_00944	GtrA family protein
	LGIMAHCD_00945	preQ1-II
	LGIMAHCD_00945	
Q8DQ01	LGIMAHCD_00946	Substrate-specific component QueT of putative queuosine-regulated ECF transporter
	LGIMAHCD_00947	tRNA-Thr(ggt)
	LGIMAHCD_00947	
	LGIMAHCD_00948	asd
	LGIMAHCD_00948	
Q8DQ00	LGIMAHCD_00949	Aspartate-semialdehyde dehydrogenase
Q8DPZ9	LGIMAHCD_00950	4-hydroxy-tetrahydrodipicolinate synthase
Q8DPZ8	LGIMAHCD_00951	GTPase and tRNA-U34 5-formylation enzyme MnmE
P67531	LGIMAHCD_00952	Bifunctional 4-oxalocrotonate tautomerase/xylose transport system permease protein XylH
Q8DPZ6	LGIMAHCD_00953	Thymidine kinase
Q8DPZ5	LGIMAHCD_00954	Spermine/spermidine acetyltransferase
Q8DPZ4	LGIMAHCD_00955	Peptide chain release factor 1
Q8DPZ3	LGIMAHCD_00956	Peptide chain release factor N(5)-glutamine methyltransferase
Q8DPZ2	LGIMAHCD_00957	Threonylcarbamoyl-AMP synthase TsaC
Q8DPZ1	LGIMAHCD_00958	N-acetyltransferase%2C GCN5-family
Q8DPZ0	LGIMAHCD_00959	Serine hydroxymethyltransferase
Q8CYU4	LGIMAHCD_00960	Pseudouridylate synthase%2C 23S RNA-specific
Q8DPY9	LGIMAHCD_00961	Pneumococcal vaccine antigen A
Q8DPY8	LGIMAHCD_00962	Extracellular protein
Q8DPY7	LGIMAHCD_00963	23S rRNA (uracil(1939)-C(5))-methyltransferase
	LGIMAHCD_00964	SpF61_sRNA
	LGIMAHCD_00964	
	LGIMAHCD_00965	SpF39_sRNA
	LGIMAHCD_00965	
Q8CYU3	LGIMAHCD_00966	Hypothetical protein
Q8DPY6	LGIMAHCD_00967	Iron compound ABC uptake transporter substrate-binding protein PiaA
Q8DPY5	LGIMAHCD_00968	Iron compound ABC uptake transporter permease protein PiaB
Q8DPY4	LGIMAHCD_00969	Iron compound ABC uptake transporter permease protein PiaC
Q8DPY3	LGIMAHCD_00970	Iron compound ABC uptake transporter ATP-binding protein PiaD
Q8CYU1	LGIMAHCD_00971	Putative type II restriction endonuclease
	LGIMAHCD_00972	pemK
	LGIMAHCD_00972	
Q8CYT9	LGIMAHCD_00973	Hypothetical protein
Q8DPY2	LGIMAHCD_00974	Phage integrase
Q8CYT8	LGIMAHCD_00975	Hypothetical protein
Q8CYT7	LGIMAHCD_00976	Hypothetical protein
Q8CYT6	LGIMAHCD_00977	Hypothetical protein
Q8DPY1	LGIMAHCD_00978	Putative hydrolase
Q8DPY0	LGIMAHCD_00979	Transcriptional regulator
Q8DPX9	LGIMAHCD_00980	Neopullulanase
Q8CYT5	LGIMAHCD_00981	hypothetical protein
Q8CYT4	LGIMAHCD_00982	hypothetical protein
Q8CYT3	LGIMAHCD_00983	Antitoxin PezA
Q8DPX8	LGIMAHCD_00984	Bifunctional UDP-N-acetylglucosamine kinase/zeta toxin PezT
Q8CYT2	LGIMAHCD_00985	putative protein
Q8CYT1	LGIMAHCD_00986	putative protein
	LGIMAHCD_00987	group-II-D1D4-3
	LGIMAHCD_00987	
Q8CYT0	LGIMAHCD_00988	Tn5252 Orf10 protein
Q8CYS9	LGIMAHCD_00989	Tn5252 Orf9 protein
Q8DPX7	LGIMAHCD_00990	hypothetical protein
Q8DPX6	LGIMAHCD_00991	hypothetical protein
Q8CYS8	LGIMAHCD_00992	hypothetical protein
Q8DPX5	LGIMAHCD_00993	Positive transcriptional regulator%2C MutR family
Q8DPX4	LGIMAHCD_00994	UDP-N-acetyl-D-mannosaminuronic acid dehydrogenase
Q8DPX3	LGIMAHCD_00995	GlcNAc-PI de-N-acetylase
Q8CYS7	LGIMAHCD_00996	hypothetical protein
Q8CYS6	LGIMAHCD_00997	Hypothetical protein
Q8CYS6	LGIMAHCD_00998	Hypothetical protein
Q8CYS6	LGIMAHCD_00999	Hypothetical protein
Q8CYS5	LGIMAHCD_01000	Nodulation protein L
Q8DPX2	LGIMAHCD_01001	Long-chain-fatty-acid--CoA ligase
Q8DPX1	LGIMAHCD_01002	Hypothetical protein
Q8CYS4	LGIMAHCD_01003	Hypothetical protein
Q8DPX0	LGIMAHCD_01004	Nikkomycin biosynthesis protein%2C carboxylase
Q8DPW9	LGIMAHCD_01005	N-acetylneuraminate synthase
Q8DPW8	LGIMAHCD_01006	Macrolide ABC transporter membrane-spanning permease
Q8DPW7	LGIMAHCD_01007	Putative repressor protein%2C phage associated
	LGIMAHCD_01008	pemK
	LGIMAHCD_01008	
Q8DPW6	LGIMAHCD_01009	Cell division protein FtsW
Q8DPW5	LGIMAHCD_01010	Phosphoenolpyruvate carboxylase
	LGIMAHCD_01011	T-box
	LGIMAHCD_01011	
Q8DPW4	LGIMAHCD_01012	ABC transporter substrate-binding protein
Q8DPW3	LGIMAHCD_01013	Putative tryptophan-specific ABC transporter permease protein TrpY
Q8DPW2	LGIMAHCD_01014	ABC transporter ATP-binding protein
Q8DPW1	LGIMAHCD_01015	DNA primase
P0A4J0	LGIMAHCD_01016	RNA polymerase sigma factor RpoD
Q8DPW0	LGIMAHCD_01017	Putative aromatic ring hydroxylating enzyme
Q8DPV9	LGIMAHCD_01018	Diglucosyl diacylglycerol synthase LafB
Q8CWR6	LGIMAHCD_01019	1%2C2-diacylglycerol 3-glucosyltransferase LafA
Q8CYS3	LGIMAHCD_01020	Hypothetical protein
Q8DQK2	LGIMAHCD_01021	Hypothetical protein
Q8DPV8	LGIMAHCD_01022	GTP-binding protein ObgE
Q8CYS2	LGIMAHCD_01023	Hypothetical protein
Q8DPV7	LGIMAHCD_01024	IS1167 transposase Orf2
Q8DPV6	LGIMAHCD_01025	hypothetical protein
Q8DPV5	LGIMAHCD_01026	IS1167 transposase Orf1
	LGIMAHCD_01027	Srn266
	LGIMAHCD_01027	
	LGIMAHCD_01028	group-II-D1D4-3
	LGIMAHCD_01028	
Q8DPV4	LGIMAHCD_01029	UDP-N-acetylglucosamine 1-carboxyvinyltransferase
Q8DPV3	LGIMAHCD_01030	Ribosomal-protein-S5p-alanine acetyltransferase
Q8DPV2	LGIMAHCD_01031	Cytosolic protein containing multiple CBS domains
Q8DPV1	LGIMAHCD_01032	Methionine aminopeptidase
Q8DPV0	LGIMAHCD_01033	hypothetical protein
Q8DPU9	LGIMAHCD_01034	IS1381 transposase OrfB
Q8DPU8	LGIMAHCD_01035	ATP-dependent DNA helicase PcrA
Q8DPU7	LGIMAHCD_01036	DNA repair protein RadC
Q8DPU6	LGIMAHCD_01037	Glutamine amidotransferase%2C class I
Q8DPU5	LGIMAHCD_01038	Redox-sensitive transcriptional regulator Rex
Q8CYS1	LGIMAHCD_01039	Hypothetical protein
Q8CYS0	LGIMAHCD_01040	Hypothetical protein
Q8DPU4	LGIMAHCD_01041	Cysteine desulfurase
P65242	LGIMAHCD_01042	Ribose-phosphate pyrophosphokinase
Q8DPU3	LGIMAHCD_01043	Adenylate cyclase
Q8DPU2	LGIMAHCD_01044	GTP pyrophosphokinase
P65780	LGIMAHCD_01045	NAD kinase
Q8DPU1	LGIMAHCD_01046	RluD-like protein
Q8DPU0	LGIMAHCD_01047	Phosphate acetyltransferase
	LGIMAHCD_01048	SpR14_sRNA
	LGIMAHCD_01048	
Q8CM31	LGIMAHCD_01049	IS1167 transposase Orf2
Q8DNI4	LGIMAHCD_01050	hypothetical protein
Q8DPT9	LGIMAHCD_01051	IS1167 transposase Orf1
	LGIMAHCD_01052	Srn266
	LGIMAHCD_01052	
P67267	LGIMAHCD_01053	Hypothetical protein co-occurring with RecR
Q8DPT8	LGIMAHCD_01054	Hypothetical protein
	LGIMAHCD_01055	L21_leader
	LGIMAHCD_01055	
Q8CWR5	LGIMAHCD_01056	LSU ribosomal protein L21p
Q8DPT7	LGIMAHCD_01057	Putative ribosomal protein
P66136	LGIMAHCD_01058	LSU ribosomal protein L27p
Q8DPT6	LGIMAHCD_01059	Bifunctional FMN adenylyltransferase/riboflavin kinase RibF
Q8DPT5	LGIMAHCD_01060	Transporter
Q8DPT4	LGIMAHCD_01061	DegV family protein
Q8DPT3	LGIMAHCD_01062	DNA-binding protein HlpA
Q8DPT2	LGIMAHCD_01063	ABC transporter ATP-binding protein
Q8DPT1	LGIMAHCD_01064	Positive transcriptional regulator%2C MutR family
Q8DPT0	LGIMAHCD_01065	Macrolide efflux ABC transporter membrane-spanning permease
Q8DPS9	LGIMAHCD_01066	DNA ligase (NAD(+))
Q8DPS8	LGIMAHCD_01067	Putative glycogen debranching enzyme
Q8DPS7	LGIMAHCD_01068	Glyceraldehyde-3-phosphate dehydrogenase (NADP(+))
Q8DPS6	LGIMAHCD_01069	1%2C4-alpha-glucan-branching enzyme GlgB
Q8DPS5	LGIMAHCD_01070	Glycogen biosynthesis glucose-1-phosphate adenylyltransferase subunit GlgC
Q8DPS4	LGIMAHCD_01071	Glycogen biosynthesis glucose-1-phosphate adenylyltransferase subunit GlgD
Q8DPS3	LGIMAHCD_01072	Glycogen biosynthesis ADP-glucose--glucan transglucosylase GlgA
Q8DPS1	LGIMAHCD_01073	Glycerate kinase
Q8CYR5	LGIMAHCD_01074	Hypothetical protein
Q8DPS0	LGIMAHCD_01075	Enolase
Q8DPR8	LGIMAHCD_01076	IS630 family transposase IS630-Spn1
Q8DPR7	LGIMAHCD_01077	ATP-dependent nuclease subunit RexB
Q8DPR6	LGIMAHCD_01078	ATP-dependent nuclease subunit RexA
Q8CYR4	LGIMAHCD_01079	Hypothetical protein
Q59947	LGIMAHCD_01080	IgA1 protease ZmpA
Q59947	LGIMAHCD_01081	IgA1 protease ZmpA
E6Y3U2	LGIMAHCD_01082	Tn5253 hypothetical protein
E6Y3U3	LGIMAHCD_01083	hypothetical protein
E6Y3U4	LGIMAHCD_01084	hypothetical protein
E6Y3U5	LGIMAHCD_01085	hypothetical protein
Q9ZBB5	LGIMAHCD_01086	hypothetical protein
D3GM91	LGIMAHCD_01087	Tn5253 hypothetical protein
E4Z7F0	LGIMAHCD_01088	hypothetical protein
D3GM89	LGIMAHCD_01089	Tn5253 putative CAAX amino terminal protease
E6Y3V0	LGIMAHCD_01090	hypothetical protein
E6Y3V1	LGIMAHCD_01091	hypothetical protein
E6Y3V2	LGIMAHCD_01092	hypothetical protein
E6Y3V3	LGIMAHCD_01093	hypothetical protein
A0AAX3HEI1	LGIMAHCD_01094	hypothetical protein
D3GM83	LGIMAHCD_01095	hypothetical protein
E8ZD03	LGIMAHCD_01096	hypothetical protein
E6Y3V7	LGIMAHCD_01097	hypothetical protein
A0AAX3HFZ9	LGIMAHCD_01098	hypothetical protein
E6Y3V9	LGIMAHCD_01099	hypothetical protein
P62905	LGIMAHCD_01100	Transposase from transposon Tn916
P61624	LGIMAHCD_01101	hypothetical protein
	LGIMAHCD_01102	pemK
	LGIMAHCD_01102	
A7DTD2	LGIMAHCD_01103	hypothetical protein
B7UTW8	LGIMAHCD_01104	hypothetical protein
A7DTD5	LGIMAHCD_01105	hypothetical protein
Q54807	LGIMAHCD_01106	Translation elongation factor G
	LGIMAHCD_01107	sRNA_0030
	LGIMAHCD_01107	
E8ZE87	LGIMAHCD_01108	hypothetical protein
B1B641	LGIMAHCD_01109	hypothetical protein
A0A6N8U834	LGIMAHCD_01110	hypothetical protein
B1B639	LGIMAHCD_01111	hypothetical protein
B1IC89	LGIMAHCD_01112	hypothetical protein
A9J071	LGIMAHCD_01113	hypothetical protein
A4F5E7	LGIMAHCD_01114	hypothetical protein
D3U1A0	LGIMAHCD_01115	hypothetical protein
B7UTY5	LGIMAHCD_01116	hypothetical protein
D3U1A2	LGIMAHCD_01117	hypothetical protein
B1B627	LGIMAHCD_01118	hypothetical protein
E6Y3Y4	LGIMAHCD_01119	ABC transporter ATP-binding protein
E6Y3Y5	LGIMAHCD_01120	Hypothetical protein
E6Y3Y7	LGIMAHCD_01121	hypothetical protein
UPI00030156AF	LGIMAHCD_01122	hypothetical protein
E6Y3Y9	LGIMAHCD_01123	hypothetical protein
E6Y3Z0	LGIMAHCD_01124	hypothetical protein
E6Y3Z1	LGIMAHCD_01125	hypothetical protein
E6Y3Z2	LGIMAHCD_01126	hypothetical protein
E6Y3Z3	LGIMAHCD_01127	hypothetical protein
B6ZCD5	LGIMAHCD_01128	hypothetical protein
E6Y3Z5	LGIMAHCD_01129	hypothetical protein
B6ZCD3	LGIMAHCD_01130	hypothetical protein
E6Y3Z7	LGIMAHCD_01131	Antitoxin PezA
E6Y3Z8	LGIMAHCD_01132	Bifunctional UDP-N-acetylglucosamine kinase/zeta toxin PezT
E6Y3Z9	LGIMAHCD_01133	hypothetical protein
B6ZCC9	LGIMAHCD_01134	hypothetical protein
B6ZCC8	LGIMAHCD_01135	Chloramphenicol acetyltransferase
E6Y402	LGIMAHCD_01136	hypothetical protein
D4P2Y7	LGIMAHCD_01137	hypothetical protein
E6Y406	LGIMAHCD_01138	Neopullulanase
E6Y407	LGIMAHCD_01139	hypothetical protein
B6ZCC4	LGIMAHCD_01140	Antitoxin PezA
E6Y409	LGIMAHCD_01141	Bifunctional UDP-N-acetylglucosamine kinase/zeta toxin PezT
E6Y410	LGIMAHCD_01142	hypothetical protein
E6Y411	LGIMAHCD_01143	DNA polymerase IV
B7UTV2	LGIMAHCD_01144	hypothetical protein
Q54886	LGIMAHCD_01145	hypothetical protein
Q54885	LGIMAHCD_01146	Tn5252 Orf10 protein
B7UTU9	LGIMAHCD_01147	Tn5252 Orf9 protein
E6Y416	LGIMAHCD_01148	hypothetical protein
Q54881	LGIMAHCD_01149	Putative repressor protein%2C phage associated
	LGIMAHCD_01150	pemK
	LGIMAHCD_01150	
E6Y419	LGIMAHCD_01151	hypothetical protein
E6Y420	LGIMAHCD_01152	Tyrosine recombinase XerC
A0A0E7T841	LGIMAHCD_01153	50S ribosomal subunit maturation GTPase RbgA
Q8DPR3	LGIMAHCD_01154	Ribonuclease HII
Q8DPR2	LGIMAHCD_01155	Voltage-gated chloride channel family protein
Q7ZAK7	LGIMAHCD_01156	Tyrosine recombinase XerS
Q8DPR1	LGIMAHCD_01157	Lipoate-protein ligase A
Q8DPR0	LGIMAHCD_01158	Dihydrolipoamide dehydrogenase of acetoin dehydrogenase
Q8DPQ9	LGIMAHCD_01159	Dihydrolipoamide acetyltransferase (E2) component of acetoin dehydrogenase complex
Q8DPQ8	LGIMAHCD_01160	Acetoin dehydrogenase E1 component beta-subunit
Q8DPQ7	LGIMAHCD_01161	Acetoin dehydrogenase E1 component alpha-subunit
Q8DPQ6	LGIMAHCD_01162	Dihydrolipoamide acetyltransferase
Q8DNX1	LGIMAHCD_01163	Hypothetical protein
Q8DPQ5	LGIMAHCD_01164	Dihydroorotase
P59659	LGIMAHCD_01165	8-oxo-dGTP diphosphatase MutX
Q8DPQ4	LGIMAHCD_01166	Uracil-DNA glycosylase%2C family 1
Q8CYR3	LGIMAHCD_01167	Hypothetical protein
Q8DPQ3	LGIMAHCD_01168	2-haloalkanoic acid dehalogenase
Q8DP70	LGIMAHCD_01169	PTS-dependent dihydroxyacetone kinase%2C phosphotransferase subunit DhaM
P0A4T2	LGIMAHCD_01170	PTS-dependent dihydroxyacetone kinase%2C phosphotransferase subunit DhaM
Q8CWR4	LGIMAHCD_01171	Pneumococcal histidine triad protein B
Q8DPQ1	LGIMAHCD_01172	Phosphoenolpyruvate-protein phosphotransferase of PTS
Q8DPQ0	LGIMAHCD_01173	Phosphotransferase system%2C phosphocarrier protein HPr
Q8DPP9	LGIMAHCD_01174	Glutaredoxin-like protein NrdH
Q8CWR3	LGIMAHCD_01175	Ribonucleotide reductase of class Ib%2C alpha subunit
Q8DPP8	LGIMAHCD_01176	Ribonucleotide reductase of class Ib%2C beta subunit
Q8DPP7	LGIMAHCD_01177	Lactose phosphotransferase system repressor
Q8DQ69	LGIMAHCD_01178	hypothetical protein
Q8DPP6	LGIMAHCD_01179	6-phospho-beta-galactosidase
Q8DPP5	LGIMAHCD_01180	Lactose-specific PTS IIBC components
Q8DPP4	LGIMAHCD_01181	Lactose-specific PTS IIA component
Q8DPP3	LGIMAHCD_01182	Beta-glucoside bgl operon antiterminator LacT%2C BglG family
Q8DPP2	LGIMAHCD_01183	Tagatose 1%2C6-diphosphate aldolase
Q8DPP1	LGIMAHCD_01184	Tagatose-6-phosphate kinase LacC
Q8DPP0	LGIMAHCD_01185	Galactose-6-phosphate isomerase%2C LacB subunit
Q8DPN9	LGIMAHCD_01186	Galactose-6-phosphate isomerase%2C LacA subunit
Q8DPN8	LGIMAHCD_01187	Aldose epimerase
Q8DPN7	LGIMAHCD_01188	IS1381 transposase OrfB
Q8DPN6	LGIMAHCD_01189	IS5 family transposase ISSpn7
Q8CYR0	LGIMAHCD_01190	Galactose-specific PTS IIB component
Q8CYQ9	LGIMAHCD_01191	Galactose-specific PTS IIA component
Q8DPN5	LGIMAHCD_01192	Translation elongation factor LepA
Q8DPN4	LGIMAHCD_01193	Serine/threonine protein phosphatase
Q8DPN3	LGIMAHCD_01194	DNA repair protein RecN
Q8DPN2	LGIMAHCD_01195	Arginine pathway regulatory protein AhrC
Q8DPN1	LGIMAHCD_01196	RNA-binding methyltransferase
Q8DPN0	LGIMAHCD_01197	(2E%2C6E)-farnesyl diphosphate synthase
P67466	LGIMAHCD_01198	Exodeoxyribonuclease VII small subunit
Q8DPM9	LGIMAHCD_01199	Exodeoxyribonuclease VII large subunit
P67414	LGIMAHCD_01200	Uridine kinase
Q8CYQ8	LGIMAHCD_01201	Hypothetical protein
Q8DRN0	LGIMAHCD_01202	Hypothetical protein
Q8CWR2	LGIMAHCD_01203	tRNA pseudouridine synthase B
Q8DPM8	LGIMAHCD_01204	Hypothetical protein
Q8DPM7	LGIMAHCD_01205	Hypothetical protein
Q8DPM6	LGIMAHCD_01206	Cystathionine gamma-synthase
Q8DNA2	LGIMAHCD_01207	O-acetyl-L-homoserine sulfhydrylase
Q8DPM4	LGIMAHCD_01208	Formate-nitrate transporter
Q8DPM3	LGIMAHCD_01209	Sortase SrtA%2C LPXTG specific
Q8DPM2	LGIMAHCD_01210	DNA gyrase subunit A
P0A3N0	LGIMAHCD_01211	L-lactate dehydrogenase
Q8DPM1	LGIMAHCD_01212	Type II restriction-modification system endonuclease
Q8DPM0	LGIMAHCD_01213	Type II restriction-modification system methyltransferase
Q8CYQ7	LGIMAHCD_01214	mRNA interferase RelE2
Q8CYQ6	LGIMAHCD_01215	Replicon stabilization protein RelB2
Q8DPL9	LGIMAHCD_01216	Zn-dependent hydrolase VicX
Q8DPL8	LGIMAHCD_01217	Two-component system sensor histidine kinase VicK
Q8DPL7	LGIMAHCD_01218	Two-component system response regulator VicR
Q8DPL6	LGIMAHCD_01219	A/G-specific adenine glycosylase
Q8DPL5	LGIMAHCD_01220	Formate--tetrahydrofolate ligase
Q8DPL4	LGIMAHCD_01221	Phosphopantothenoylcysteine synthetase
Q8DPL3	LGIMAHCD_01222	Phosphopantothenoylcysteine decarboxylase
Q8DPL2	LGIMAHCD_01223	Substrate-specific component PanT of putative pantothenate ECF transporter
Q8CYQ5	LGIMAHCD_01224	Substrate-specific component NiaX of putative niacin ECF transporter
Q8DPL1	LGIMAHCD_01225	Transcriptional repressor of NAD biosynthesis
Q8DPL0	LGIMAHCD_01226	MutT/Nudix family protein
Q8DPK9	LGIMAHCD_01227	Acetyltransferase
Q8DPK8	LGIMAHCD_01228	Acetyltransferase
Q8DPK7	LGIMAHCD_01229	Excinuclease ABC subunit B
Q8DPK6	LGIMAHCD_01230	CAAX amino terminal protease family protein
Q8DPK5	LGIMAHCD_01231	Glutamine ABC transporter GlnHP5%2C containing substrate-binding and permease domains
Q8DPK4	LGIMAHCD_01232	Glutamine transport ATP-binding protein GlnQ
Q8DPK3	LGIMAHCD_01233	Glucose-6-phosphate 1-dehydrogenase
Q8DPK2	LGIMAHCD_01234	Signal recognition particle receptor FtsY
Q8DPK1	LGIMAHCD_01235	Hydrolase%2C HAD superfamily
Q8DPK0	LGIMAHCD_01236	Hydrolase%2C HAD superfamily
Q8DPJ9	LGIMAHCD_01237	Chromosome partition protein SMC
Q8DPJ8	LGIMAHCD_01238	Ribonuclease III
	LGIMAHCD_01239	tRNA-Arg(ccg)
	LGIMAHCD_01239	
Q8DPJ7	LGIMAHCD_01240	GMP reductase
Q8CYQ4	LGIMAHCD_01241	Hypothetical protein
Q8CYQ3	LGIMAHCD_01242	Endonuclease
Q8CYQ2	LGIMAHCD_01243	Hypothetical protein
Q8DPJ6	LGIMAHCD_01244	3-isopropylmalate dehydratase small subunit
Q8DPJ5	LGIMAHCD_01245	Putative membrane protein
Q8DPJ4	LGIMAHCD_01246	3-isopropylmalate dehydrogenase
Q8DPJ3	LGIMAHCD_01247	2-isopropylmalate synthase
Q8DPJ2	LGIMAHCD_01248	2-isopropylmalate synthase
Q8CYQ0	LGIMAHCD_01249	Hypothetical protein
Q8DPJ1	LGIMAHCD_01250	Cytoplasmic copper homeostasis protein CutC
Q8DPJ0	LGIMAHCD_01251	Hypothetical protein related to heme utilization
Q8DPI9	LGIMAHCD_01252	DNA topoisomerase I
Q8DPI8	LGIMAHCD_01253	Integral membrane protein
Q8DPI7	LGIMAHCD_01254	DNA protecting protein DprA
Q8DPI6	LGIMAHCD_01255	Cholinephosphate cytidylyltransferase LicC
Q8DPI5	LGIMAHCD_01256	Choline permease LicB
Q8DPI4	LGIMAHCD_01257	Choline kinase LicA
Q8DPI3	LGIMAHCD_01258	Ribulose-5-phosphate reductase
Q8DPI2	LGIMAHCD_01259	Ribitol-5-phosphate cytidylyltransferase
Q8DPI1	LGIMAHCD_01260	Membrane protein TacF involved in the export of O-antigen and teichoic acid
Q8DPI0	LGIMAHCD_01261	Lipopolysaccharide cholinephosphotransferase LicD1
Q8CWR1	LGIMAHCD_01262	Lipopolysaccharide cholinephosphotransferase LicD2
Q8CWR0	LGIMAHCD_01263	Carbamoyl-phosphate synthase large chain CarB
P63734	LGIMAHCD_01264	Carbamoyl-phosphate synthase small chain CarA
Q8DPH9	LGIMAHCD_01265	Aspartate carbamoyltransferase
P65947	LGIMAHCD_01266	Bifunctional uracil phosphoribosyltransferase/pyrimidine operon regulatory protein PyrR
	LGIMAHCD_01267	PyrR
	LGIMAHCD_01267	
Q8DPH8	LGIMAHCD_01268	Endonuclease III
Q8DPH7	LGIMAHCD_01269	Protein%2C clustered with ribosomal protein L32p
Q8CYP8	LGIMAHCD_01270	BlpT protein
	LGIMAHCD_01271	SpF43_sRNA
	LGIMAHCD_01271	
Q8DPH6	LGIMAHCD_01272	ABC transporter ATP-binding protein
Q8DPH5	LGIMAHCD_01273	Heat shock protein HtpX
Q8DPH4	LGIMAHCD_01274	LemA
Q8DPH3	LGIMAHCD_01275	16S rRNA (guanine(527)-N(7))-methyltransferase RsmG
	LGIMAHCD_01276	SpF44_sRNA
	LGIMAHCD_01276	
Q8DPH2	LGIMAHCD_01277	Uracil permease
Q8DPH1	LGIMAHCD_01278	Signal recognition particle protein Ffh
Q8DPH0	LGIMAHCD_01279	Signal recognition particle associated protein
Q8CYP6	LGIMAHCD_01280	Hypothetical protein
Q8DPG9	LGIMAHCD_01281	dNTP triphosphohydrolase
Q8DPG8	LGIMAHCD_01282	Sugar phosphatase YidA
	LGIMAHCD_01283	tRNA-Arg(cct)
	LGIMAHCD_01283	
Q8CWQ9	LGIMAHCD_01284	LSU ribosomal protein L19p
Q8DPG7	LGIMAHCD_01285	ClC-type fluoride channel
Q8DPG6	LGIMAHCD_01286	ClC-type fluoride channel
Q8DPG5	LGIMAHCD_01287	Chorismate mutase I
Q8DPG4	LGIMAHCD_01288	Flavodoxin
Q8DPG3	LGIMAHCD_01289	DHH family phosphoesterase Pde2
P66201	LGIMAHCD_01290	LSU ribosomal protein L31p
Q8CYP5	LGIMAHCD_01291	Ferrous iron transport permease EfeU
Q8DPG2	LGIMAHCD_01292	Ferrous iron transport peroxidase EfeB
Q8DPG1	LGIMAHCD_01293	IS630 family transposase ISSpn2
Q8DPG0	LGIMAHCD_01294	NADP-specific glutamate dehydrogenase
Q8CYP4	LGIMAHCD_01295	Hypothetical protein
Q8DPF9	LGIMAHCD_01296	ABC transporter ATP-binding protein
	LGIMAHCD_01297	SpF25_sRNA
	LGIMAHCD_01297	
Q8CYP3	LGIMAHCD_01298	hypothetical protein
Q8CYP2	LGIMAHCD_01299	N-acetylmannosamine kinase
Q8DPF8	LGIMAHCD_01300	4-hydroxy-tetrahydrodipicolinate synthase
Q8CMJ8	LGIMAHCD_01301	hypothetical protein
Q8DPF7	LGIMAHCD_01302	Cytidine deaminase
Q8DPF6	LGIMAHCD_01303	Phosphatidylglycerophosphatase
Q8CYP1	LGIMAHCD_01304	Hypothetical protein
Q8DPF5	LGIMAHCD_01305	Oligopeptide transport ATP-binding protein
Q8DPF4	LGIMAHCD_01306	Dipeptide transport system permease protein
Q8DPF3	LGIMAHCD_01307	Oligopeptide transport system permease protein
Q8DPF2	LGIMAHCD_01308	Oligopeptide ABC transporter substrate-binding protein
Q8DPF1	LGIMAHCD_01309	N-acetylneuraminate epimerase
Q8DPF0	LGIMAHCD_01310	N-acetylmannosamine-6-phosphate 2-epimerase
Q8DPE9	LGIMAHCD_01311	IS1381 transposase OrfB
Q8CYP0	LGIMAHCD_01312	Hypothetical protein
Q8DQQ8	LGIMAHCD_01313	Hypothetical protein
Q8CYN8	LGIMAHCD_01314	Hypothetical protein
Q8DPE7	LGIMAHCD_01315	ABC transporter ATP-binding protein
Q8DPE7	LGIMAHCD_01316	ABC transporter ATP-binding protein
Q8DPE6	LGIMAHCD_01317	ABC transporter ATP-binding/membrane spanning protein
Q8CWQ8	LGIMAHCD_01318	Protease II
Q8DPE5	LGIMAHCD_01319	Lanthionine biosynthesis protein LanL
Q8DQQ8	LGIMAHCD_01320	Hypothetical protein
Q8CYN7	LGIMAHCD_01321	Tn5253 putative CAAX amino terminal protease
Q8DQC3	LGIMAHCD_01322	hypothetical protein
Q8CYN6	LGIMAHCD_01323	Tn5253 hypothetical protein
Q8CYN5	LGIMAHCD_01324	hypothetical protein
Q8CYN4	LGIMAHCD_01325	hypothetical protein
Q8CYN3	LGIMAHCD_01326	Tn5253 hypothetical protein
	LGIMAHCD_01327	rli38
	LGIMAHCD_01327	
P0A472	LGIMAHCD_01328	LSU ribosomal protein L7/L12 (P1/P2)
P66051	LGIMAHCD_01329	LSU ribosomal protein L10p (P0)
	LGIMAHCD_01330	L10_leader
	LGIMAHCD_01330	
Q8DPE4	LGIMAHCD_01331	Methylthioadenosine deaminase
Q8DPE3	LGIMAHCD_01332	ABC transporter ATP-binding/permease protein
Q8DPE2	LGIMAHCD_01333	ABC transporter ATP-binding/permease protein
P0A3R0	LGIMAHCD_01334	Peptide methionine sulfoxide reductase MsrAB1
Q8DPE4	LGIMAHCD_01335	Hypothetical protein
P0A3L8	LGIMAHCD_01336	Homoserine kinase
Q8DPE1	LGIMAHCD_01337	Homoserine dehydrogenase
Q8DPE0	LGIMAHCD_01338	Adaptor protein MecA
Q8CYN1	LGIMAHCD_01339	TarQ
Q8CYN0	LGIMAHCD_01340	Teichoic acid ribitol polymerase
Q8DPD9	LGIMAHCD_01341	Glycosyltransferase%2C group 2 family
Q8DPD8	LGIMAHCD_01342	Glycosyltransferase%2C group 1 family
Q8DPD7	LGIMAHCD_01343	Lipopolysaccharide cholinephosphotransferase LicD3
Q8DPD6	LGIMAHCD_01344	LytR-CpsA-Psr subfamily F1 cell envelope-associated transcriptional attenuator
Q8DPD5	LGIMAHCD_01345	Prephenate dehydratase
Q8DPD4	LGIMAHCD_01346	Shikimate kinase I
Q8CWQ7	LGIMAHCD_01347	5-Enolpyruvylshikimate-3-phosphate synthase
Q8DPD3	LGIMAHCD_01348	Transcriptional regulator
Q8DPD2	LGIMAHCD_01349	Prephenate dehydrogenase
P0A2Y7	LGIMAHCD_01350	Chorismate synthase
Q8DPD1	LGIMAHCD_01351	3-dehydroquinate synthase
P63596	LGIMAHCD_01352	Shikimate/quinate 5-dehydrogenase I beta
P63589	LGIMAHCD_01353	3-dehydroquinate dehydratase I
Q8DPD0	LGIMAHCD_01354	Putative ribosomal RNA large subunit methyltransferase YwbD
Q8CYM9	LGIMAHCD_01355	ABC transporter permease
Q8DPC9	LGIMAHCD_01356	ABC transporter ATP-binding protein
Q8DPC8	LGIMAHCD_01357	Cytoplasmic alpha-amylase
Q8DPC7	LGIMAHCD_01358	Alanyl-tRNA synthetase
Q8DPC6	LGIMAHCD_01359	Hypothetical protein
Q8DPC5	LGIMAHCD_01360	Spermidine/putrescine import ABC transporter substrate-binding protein PotD
Q8DPC4	LGIMAHCD_01361	Spermidine/putrescine import ABC transporter permease protein PotC
Q8DPC3	LGIMAHCD_01362	Spermidine/putrescine import ABC transporter permease protein PotB
Q8DPC2	LGIMAHCD_01363	Spermidine/putrescine import ABC transporter ATP-binding protein PotA
P65467	LGIMAHCD_01364	UDP-N-acetylenolpyruvoylglucosamine reductase
Q8DPC0	LGIMAHCD_01365	Hypothetical protein
Q8DPB9	LGIMAHCD_01366	Alpha-acetolactate decarboxylase
Q8DPB8	LGIMAHCD_01367	Putative transcriptional regulator of pyridoxine metabolism
Q8DPB7	LGIMAHCD_01368	Amino acid ABC transporter amino acid-binding/permease protein
Q8DPB6	LGIMAHCD_01369	Phosphate transport system regulatory protein PhoU2
P63374	LGIMAHCD_01370	Phosphate transport ATP-binding protein PstB2_2
Q8DPB4	LGIMAHCD_01371	Phosphate transport ATP-binding protein PstB2_1
Q8DPB3	LGIMAHCD_01372	Phosphate transport system permease protein PstA2
Q8DPB2	LGIMAHCD_01373	Phosphate transport system permease protein PstC2
Q8DPB1	LGIMAHCD_01374	Phosphate ABC transporter periplasmic phosphate-binding protein PstS2
Q8DNH0	LGIMAHCD_01375	Hypothetical protein
Q8DPB0	LGIMAHCD_01376	tRNA and rRNA cytosine-C5-methylase
Q8DPA9	LGIMAHCD_01377	Inositol-1-monophosphatase
P67362	LGIMAHCD_01378	Hypothetical protein
Q8DPA8	LGIMAHCD_01379	Transcriptional regulator SpxA1
Q8CYM6	LGIMAHCD_01380	Integral membrane protein
Q8DPA7	LGIMAHCD_01381	Putative NagD-like phosphatase
Q8CYM5	LGIMAHCD_01382	Acyl-ACP thioesterase
Q8DPA6	LGIMAHCD_01383	Putative radical SAM family enzyme
Q8DPA5	LGIMAHCD_01384	Hypothetical protein
Q8DPA4	LGIMAHCD_01385	General stress protein
Q8DPA3	LGIMAHCD_01386	Prolipoprotein diacylglyceryl transferase
Q8DPA2	LGIMAHCD_01387	HPr kinase/phosphorylase
P66525	LGIMAHCD_01388	SSU ribosomal protein S21p
Q8DPA1	LGIMAHCD_01389	Glucosamine-6-phosphate deaminase
Q8DPA0	LGIMAHCD_01390	S-adenosylmethionine:tRNA ribosyltransferase-isomerase
Q8DP99	LGIMAHCD_01391	Choline-binding protein CbpM
Q8CZ52	LGIMAHCD_01392	Hypothetical protein
Q8DP98	LGIMAHCD_01393	Acetyltransferase%2C GNAT family
P65509	LGIMAHCD_01394	NAD synthetase
Q8DP97	LGIMAHCD_01395	Nicotinate phosphoribosyltransferase
Q8CYM4	LGIMAHCD_01396	Hypothetical protein
Q8DP96	LGIMAHCD_01397	Transcriptional repressor
Q8CYM3	LGIMAHCD_01398	Hypothetical protein
Q8DP95	LGIMAHCD_01399	Multidrug efflux ABC transporter ATP-binding protein
Q8DP94	LGIMAHCD_01400	Peptidase%2C U32 family large subunit (C1)
Q8DP93	LGIMAHCD_01401	hypothetical protein
Q8DP92	LGIMAHCD_01402	hypothetical protein
Q8DP91	LGIMAHCD_01403	Type II restriction-modification system methyltransferase
Q8CYM0	LGIMAHCD_01404	Transcriptional regulator%2C AraC family
Q8DP90	LGIMAHCD_01405	ABC transporter ATP-binding/permease protein
Q8DP89	LGIMAHCD_01406	ABC transporter ATP-binding/permease protein
Q8CYL9	LGIMAHCD_01407	Substrate-specific component of putative ECF transporter
Q8DP88	LGIMAHCD_01408	Transmembrane component of energizing module of putative ECF transporter
Q8DP87	LGIMAHCD_01409	Duplicated ATPase component of energizing module of putative ECF transporter
Q8CYL7	LGIMAHCD_01410	hypothetical protein
Q8DP85	LGIMAHCD_01411	IS66 family transposase Orf2
Q8DP84	LGIMAHCD_01412	IS66 family transposase Orf1
	LGIMAHCD_01413	SpR18_sRNA
	LGIMAHCD_01413	
P64298	LGIMAHCD_01414	GMP synthase%2C amidotransferase and ATP pyrophosphatase subunits
Q8DP83	LGIMAHCD_01415	Transcriptional regulator in cluster with beta-lactamase%2C GntR family
Q8DP82	LGIMAHCD_01416	Drug/metabolite transporter superfamily protein
Q8CYL5	LGIMAHCD_01417	Beta-lactamase%2C class C
Q8DP81	LGIMAHCD_01418	C3-degrading proteinase
Q8CYL4	LGIMAHCD_01419	Bifunctional N-acetylneuraminate cytidylyltransferase/platelet activating factor
Q8DP80	LGIMAHCD_01420	HAD superfamily hydrolase
Q8CYL3	LGIMAHCD_01421	hypothetical protein
Q8CYL2	LGIMAHCD_01422	Capsule biosynthesis protein CapA
Q8DP79	LGIMAHCD_01423	Peptide deformylase
Q8CWQ6	LGIMAHCD_01424	23S rRNA (guanosine(2251)-2'-O)-methyltransferase
Q8DP78	LGIMAHCD_01425	Thioredoxin reductase
Q8CYL0	LGIMAHCD_01426	Hypothetical protein
Q8DP77	LGIMAHCD_01427	Cysteine ABC transporter ATP-binding protein
Q8DP76	LGIMAHCD_01428	Cysteine ABC transporter permease protein
Q8DP75	LGIMAHCD_01429	Arsenate reductase
Q8DP74	LGIMAHCD_01430	Methylated-DNA--protein-cysteine methyltransferase
Q8CYK9	LGIMAHCD_01431	Acetyltransferase
Q8CYK8	LGIMAHCD_01432	Hypothetical protein
Q8DP73	LGIMAHCD_01433	Hemolysin III
Q8DP72	LGIMAHCD_01434	Pyridoxal 5'-phosphate synthase%2C glutaminase subunit PdxT
Q8DP71	LGIMAHCD_01435	Pyridoxal 5'-phosphate synthase%2C synthase subunit PdxS
Q8DP70	LGIMAHCD_01436	NADH peroxidase
Q8DP69	LGIMAHCD_01437	Putative thiamin biosynthesis lipoprotein
Q8DP68	LGIMAHCD_01438	Fumarate reductase%2C flavoprotein subunit precursor
Q8CYK7	LGIMAHCD_01439	Fumarate reductase%2C flavoprotein subunit precursor
Q8DP67	LGIMAHCD_01440	Hypothetical protein
Q8DP66	LGIMAHCD_01441	Glycyl-tRNA synthetase beta chain
Q8DP65	LGIMAHCD_01442	Glycyl-tRNA synthetase alpha chain
Q8CYK6	LGIMAHCD_01443	hypothetical protein
Q8CYK5	LGIMAHCD_01444	hypothetical protein
	LGIMAHCD_01445	SpR19_sRNA
	LGIMAHCD_01445	
Q8DP64	LGIMAHCD_01446	Ooxidoreductase of aldo/keto reductase family%2C subgroup 1
Q8DP63	LGIMAHCD_01447	Peptidoglycan N-acetylglucosamine deacetylase
Q8DP62	LGIMAHCD_01448	Oxidoreductase%2C Gfo/Idh/MocA family
Q8DP61	LGIMAHCD_01449	ATP-dependent RNA helicase YfmL
Q8DP59	LGIMAHCD_01450	IS630 family transposase ISSpn2
Q8DQB6	LGIMAHCD_01451	IS3 family transposase ISSpn11
Q8CM57	LGIMAHCD_01452	hypothetical protein
Q8DP57	LGIMAHCD_01453	IS3 family transposase ISSpn11
Q8DP56	LGIMAHCD_01454	IS630 family transposase ISSpn2
P64031	LGIMAHCD_01455	Translation elongation factor Tu
Q8DP55	LGIMAHCD_01456	Major intrinsic protein family aquaporin
Q8CYK3	LGIMAHCD_01457	Cell wall surface anchor family protein MucB
Q8CYK2	LGIMAHCD_01458	Hypothetical protein
Q8CYK1	LGIMAHCD_01459	Hypothetical protein
Q8DP54	LGIMAHCD_01460	hypothetical protein
Q8DP52	LGIMAHCD_01461	Phosphoglucomutase
Q8DP51	LGIMAHCD_01462	Bacterocin transport accessory protein
Q8DP50	LGIMAHCD_01463	Glutamine ABC transporter substrate-binding protein GlnH6
Q8DP49	LGIMAHCD_01464	Glutamine ABC transporter ATP-binding protein GlnQ6
Q8DP48	LGIMAHCD_01465	Glutamine ABC transporter permease GlnP6
Q8DP47	LGIMAHCD_01466	TPR-repeat-containing protein
Q8DP46	LGIMAHCD_01467	Hypothetical protein
Q8DP45	LGIMAHCD_01468	6-phosphogluconolactonase
P63668	LGIMAHCD_01469	ATP synthase F1 sector epsilon chain
Q8DP44	LGIMAHCD_01470	ATP synthase F1 sector beta chain
Q7CRB2	LGIMAHCD_01471	ATP synthase F1 sector gamma chain
Q7CRB1	LGIMAHCD_01472	ATP synthase F1 sector alpha chain
P0A2Z5	LGIMAHCD_01473	ATP synthase F1 sector delta chain
P0A2Z3	LGIMAHCD_01474	ATP synthase F0 sector subunit b
P0A2Y9	LGIMAHCD_01475	ATP synthase F0 sector subunit a
P0A307	LGIMAHCD_01476	ATP synthase F0 sector subunit c
Q8DP43	LGIMAHCD_01477	ISSpn8 transposase
Q8CYJ9	LGIMAHCD_01478	Acetyltransferase
Q8DNL2	LGIMAHCD_01479	Hypothetical protein
Q8DP42	LGIMAHCD_01480	Transcription elongation factor GreA
Q8CYJ8	LGIMAHCD_01481	Endolytic murein transglycosylase MltG
Q8DP41	LGIMAHCD_01482	Acetyltransferase%2C GNAT family
Q8CYJ7	LGIMAHCD_01483	hypothetical protein
Q8DP40	LGIMAHCD_01484	UDP-N-acetylmuramate--alanine ligase
Q8CYJ6	LGIMAHCD_01485	Hypothetical protein
Q8DP39	LGIMAHCD_01486	SWF/SNF family helicase
Q8DP38	LGIMAHCD_01487	Bifunctional PLP-dependent beta-cystathionase/maltose regulon repressor
Q8DP37	LGIMAHCD_01488	Cystathionine gamma-synthase
Q8DP35	LGIMAHCD_01489	ABC transporter%2C ATP-binding/permease protein
Q8DP34	LGIMAHCD_01490	Multidrug resistance ABC transporter ATP-binding and permease protein
Q8DP33	LGIMAHCD_01491	hypothetical protein
P0A4G1	LGIMAHCD_01492	Oligopeptide ABC transporter oligopeptide-binding protein AliB
Q8DP32	LGIMAHCD_01493	Putative cell division protein YtgP
Q8CWQ5	LGIMAHCD_01494	UDP-N-acetylmuramoylalanyl-D-glutamate--L-lysine ligase
Q8CYJ5	LGIMAHCD_01495	Hypothetical protein
Q8CYJ4	LGIMAHCD_01496	hypothetical protein
Q8CYJ3	LGIMAHCD_01497	hypothetical protein
Q8CYJ2	LGIMAHCD_01498	Glutamate synthase [NADPH] large chain
P65756	LGIMAHCD_01499	Manganese-dependent inorganic pyrophosphatase
Q8DP31	LGIMAHCD_01500	Putative endonuclease
Q8DP30	LGIMAHCD_01501	tRNA(1)(Val) (adenine(37)-N(6))-methyltransferase
Q8DP29	LGIMAHCD_01502	General stress protein 13
Q8CYJ1	LGIMAHCD_01503	Bifunctional lipoprotein rotamase A/peptidyl-prolyl cis-trans isomerase
P66473	LGIMAHCD_01504	SSU ribosomal protein S18p
P66855	LGIMAHCD_01505	Single-stranded DNA-binding protein
P66603	LGIMAHCD_01506	SSU ribosomal protein S6p
Q8CWQ4	LGIMAHCD_01507	Asparaginyl-tRNA synthetase
Q8DP27	LGIMAHCD_01508	Putative lactoylglutathione lyase
Q8DP26	LGIMAHCD_01509	Aspartate aminotransferase
Q8DP25	LGIMAHCD_01510	Hypothetical protein
Q8CYI9	LGIMAHCD_01511	Hypothetical protein
Q8CYI8	LGIMAHCD_01512	Pneumococcal collagen-like protein PclA
Q8DP24	LGIMAHCD_01513	M protein trans-acting positive regulator Mga1
Q8DP23	LGIMAHCD_01514	hypothetical protein
Q8CYI7	LGIMAHCD_01515	Hypothetical protein
	LGIMAHCD_01516	SpR20_sRNA
	LGIMAHCD_01516	
Q8CYI6	LGIMAHCD_01517	Cell shape-determining protein
Q8DP22	LGIMAHCD_01518	Peptide deformylase
Q8DP21	LGIMAHCD_01519	Glutathione S-transferase
Q8DP20	LGIMAHCD_01520	Calcium-transporting ATPase
	LGIMAHCD_01521	SSRC10
	LGIMAHCD_01521	
Q8DP19	LGIMAHCD_01522	Cobalt-zinc-cadmium resistance protein
Q8DP18	LGIMAHCD_01523	ATPase component of ABC transporter with duplicated ATPase domains
Q8CWQ3	LGIMAHCD_01524	CCA tRNA nucleotidyltransferase
P63896	LGIMAHCD_01525	4-hydroxy-tetrahydrodipicolinate reductase
Q8DP17	LGIMAHCD_01526	DegV family protein
Q8CYI5	LGIMAHCD_01527	Hypothetical protein
Q8DP16	LGIMAHCD_01528	Phosphoglucosamine mutase
Q8DP15	LGIMAHCD_01529	Hypothetical protein
Q8DP14	LGIMAHCD_01530	Bacterial checkpoint controller DisA
Q8DP13	LGIMAHCD_01531	Thioredoxin reductase
Q8DP12	LGIMAHCD_01532	Putative cytoplasmic protein
Q8DP11	LGIMAHCD_01533	LPPG:FO 2-phospho-L-lactate transferase-like protein
Q8DP10	LGIMAHCD_01534	Putative P-loop-containing kinase
Q8DP09	LGIMAHCD_01535	RidA/YER057c/UK114 superfamily protein
P64073	LGIMAHCD_01536	GTP-binding protein EngB
P63792	LGIMAHCD_01537	ATP-dependent Clp protease ATP-binding subunit ClpX
Q8CYI3	LGIMAHCD_01538	Hypothetical protein
Q7CRB0	LGIMAHCD_01539	Dihydrofolate reductase
Q8DP08	LGIMAHCD_01540	Bifunctional non-specific DNA-binding protein/ferroxidase Dpr
Q8DP07	LGIMAHCD_01541	1%2C4-beta-N-acetylmuramidase%2C lyzozyme LytC
P66943	LGIMAHCD_01542	Triosephosphate isomerase
Q8DP06	LGIMAHCD_01543	Chromosome replication initiation protein DnaD
Q8DP05	LGIMAHCD_01544	Homoserine O-succinyltransferase
P63545	LGIMAHCD_01545	Adenine phosphoribosyltransferase
Q8DP04	LGIMAHCD_01546	SAM-dependent methyltransferase
Q8DP03	LGIMAHCD_01547	Multiple sugar ABC transporter%2C ATP-binding protein
	LGIMAHCD_01548	tRNA-Leu(aag)
	LGIMAHCD_01548	
Q8DP02	LGIMAHCD_01549	Nicotinamidase
Q8DP01	LGIMAHCD_01550	GTP-sensing transcriptional pleiotropic repressor CodY
P0A4D8	LGIMAHCD_01551	DEAD-box ATP-dependent RNA helicase CshA
Q8CWQ2	LGIMAHCD_01552	Major facilitator oxalate:formate antiporter
Q8DP00	LGIMAHCD_01553	Pyridine nucleotide-disulfide oxidoreductase
Q8DP00	LGIMAHCD_01554	Pyridine nucleotide-disulfide oxidoreductase
Q8DNZ9	LGIMAHCD_01555	Mur ligase family protein
Q8DNZ8	LGIMAHCD_01556	Putative amidotransferase similar to cobyric acid synthase
Q8DNZ7	LGIMAHCD_01557	Xaa-Pro dipeptidase
Q8DNZ6	LGIMAHCD_01558	IS3 family transposase ISSpn11
Q8DNZ5	LGIMAHCD_01559	IS3 family transposase ISSpn11
Q8DNZ4	LGIMAHCD_01560	hypothetical protein
Q8DNZ3	LGIMAHCD_01561	Substrate-specific component PdxU2 of putative pyridoxin-related ECF transporter
Q8DNZ2	LGIMAHCD_01562	Pyridoxal kinase%2C thiD family
Q8CWQ1	LGIMAHCD_01563	tRNA pseudouridine synthase A
Q8DNZ1	LGIMAHCD_01564	Major facilitator superfamily transporter-permease
Q8CYI1	LGIMAHCD_01565	Hypothetical protein
Q8DNZ0	LGIMAHCD_01566	Protein PhnA
Q8DNY9	LGIMAHCD_01567	Cytidylate kinase
Q8CYI0	LGIMAHCD_01568	Hypothetical protein
Q8DNY8	LGIMAHCD_01569	Ferredoxin
Q8DNY7	LGIMAHCD_01570	Bactoprenol glucosyl transferase
Q8DNY6	LGIMAHCD_01571	UDP-glucose 4-epimerase
Q8DNY5	LGIMAHCD_01572	Glycine/D-amino acid oxidases family protein
Q8DNY4	LGIMAHCD_01573	Putative GTP cyclohydrolase 1 type 2 protein YbgI
Q8DNY3	LGIMAHCD_01574	tRNA (adenine(22)-N(1))-methyltransferase
Q8DNY2	LGIMAHCD_01575	Cadmium-transporting ATPase
Q8DNY1	LGIMAHCD_01576	Acyl-ACP:1-acyl-sn-glycerol-3-phosphate acyltransferase
Q8DNY0	LGIMAHCD_01577	Cadmium resistance protein CadD
Q8CWQ0	LGIMAHCD_01578	SSU ribosomal protein S15p (S13e)
Q8DNX9	LGIMAHCD_01579	Rrf2-linked NADH-flavin reductase
Q8CYH9	LGIMAHCD_01580	Hypothetical protein
Q8CYH8	LGIMAHCD_01581	hypothetical protein
Q8CYH7	LGIMAHCD_01582	hypothetical protein
Q8DNX8	LGIMAHCD_01583	Threonyl-tRNA synthetase
Q8DNX7	LGIMAHCD_01584	Two-component system sensor histidine kinase
Q8DNX6	LGIMAHCD_01585	Two-component system response regulator
Q8CYH6	LGIMAHCD_01586	Esterase/lipase
Q8CYH5	LGIMAHCD_01587	Hypothetical protein
Q8DNX5	LGIMAHCD_01588	Rrf2 family transcriptional regulator%2C group III
Q8DNX4	LGIMAHCD_01589	Putative diadenosine tetraphosphatase
Q8DNX3	LGIMAHCD_01590	Mn-dependent transcriptional regulator MntR
Q8CYH2	LGIMAHCD_01591	hypothetical protein
Q8CYH1	LGIMAHCD_01592	Hypothetical protein
Q8CYH0	LGIMAHCD_01593	Hypothetical protein
Q8DQ61	LGIMAHCD_01594	Hypothetical protein
Q8DNR3	LGIMAHCD_01595	hypothetical protein
Q8DNX2	LGIMAHCD_01596	D-tyrosyl-tRNA(Tyr) deacylase
Q8DNX1	LGIMAHCD_01597	Bifunctional guanosine-3'%2C5'-bis(diphosphate) 3'-pyrophosphohydrolase/(p)ppGpp synthetase II
Q8DNX0	LGIMAHCD_01598	Hydroxyacylglutathione hydrolase
Q8DNW9	LGIMAHCD_01599	Neutral endopeptidase O
Q8DNW8	LGIMAHCD_01600	Manganese ABC transporter%2C ATP-binding protein PsaB
Q8DNW7	LGIMAHCD_01601	Manganese ABC transporter%2C inner membrane permease protein PsaC
P0A4G3	LGIMAHCD_01602	Manganese ABC transporter%2C periplasmic-binding protein PsaA
P0A4M6	LGIMAHCD_01603	Thiol peroxidase%2C Tpx-type
Q8CYG6	LGIMAHCD_01604	ABC transporter%2C permease protein
Q8DNW6	LGIMAHCD_01605	ABC transporter%2C ATP-binding protein
Q8DNW5	LGIMAHCD_01606	Putative large secreted protein
P0A3Y4	LGIMAHCD_01607	Phosphoglycerate mutase
Q8CYG5	LGIMAHCD_01608	Hypothetical protein
Q8DNW4	LGIMAHCD_01609	Isoleucyl-tRNA synthetase
Q8CWP9	LGIMAHCD_01610	Cell division initiation protein DivIVA
Q8DNW3	LGIMAHCD_01611	YlmH
Q8DNW2	LGIMAHCD_01612	Cell division integral membrane protein YlmG%2C YGGT family
Q8DNW1	LGIMAHCD_01613	FtsZ-interacting protein related to cell division YlmF
Q8DNW0	LGIMAHCD_01614	YlmE
Q8DNV9	LGIMAHCD_01615	Cell division protein FtsZ
Q8DNV8	LGIMAHCD_01616	Cell division protein FtsA
Q8CYG1	LGIMAHCD_01617	Putative membrane protein
Q8DNV7	LGIMAHCD_01618	MutT/nudix family protein phosphohydrolase
Q8DNV6	LGIMAHCD_01619	UDP-N-acetylmuramoyl-tripeptide--D-alanyl-D- alanine ligase
Q8DNV5	LGIMAHCD_01620	D-alanine--D-alanine ligase
P0A454	LGIMAHCD_01621	Recombination protein RecR
P0A3M6	LGIMAHCD_01622	Penicillin-binding protein 2B
Q8DNV4	LGIMAHCD_01623	Sialic acid utilization regulator%2C RpiR family
Q8DNV3	LGIMAHCD_01624	N-acetylmannosamine kinase
Q8DNV2	LGIMAHCD_01625	4-hydroxy-tetrahydrodipicolinate synthase
Q8CMJ8	LGIMAHCD_01626	hypothetical protein
Q8CYG0	LGIMAHCD_01627	Hypothetical protein
Q8CYF9	LGIMAHCD_01628	Hypothetical protein
Q8DNV1	LGIMAHCD_01629	Protein YjgK%2C linked to biofilm formation
Q8DNV0	LGIMAHCD_01630	ABC transporter%2C putative N-acetylneuraminate transport system permease protein 2
Q8DNU9	LGIMAHCD_01631	ABC transporter%2C putative N-acetylneuraminate transport system permease protein 1
Q8DNU8	LGIMAHCD_01632	ABC transporter%2C putative N-acetylneuraminate-binding protein
Q8DNU7	LGIMAHCD_01633	N-acetylglucosamine-specific PTS IIABC components
P65521	LGIMAHCD_01634	N-acetylmannosamine-6-phosphate 2-epimerase
Q8DNU5	LGIMAHCD_01635	Oxidoreductase
Q8CWP8	LGIMAHCD_01636	Sialidase
Q8DNU4	LGIMAHCD_01637	ABC transporter%2C permease protein
Q8DNU3	LGIMAHCD_01638	ABC transporter membrane-spanning permease%2C sugar transport YcjO
Q8DNU2	LGIMAHCD_01639	ABC transporter substrate-binding protein - sugar transport
Q8CYF8	LGIMAHCD_01640	Putative beta-D-galactosidase
P62576	LGIMAHCD_01641	Sialidase NanA
Q8CYF7	LGIMAHCD_01642	Hypothetical protein
Q8DNU1	LGIMAHCD_01643	Bifunctional acetyl xylan esterase 1/cephalosporin-C deacetylase
Q7ZAK6	LGIMAHCD_01644	ATP-dependent DNA helicase RecG
P0A2W9	LGIMAHCD_01645	Alanine racemase
P0A2W7	LGIMAHCD_01646	Holo-[acyl-carrier protein] synthase
Q8DNU0	LGIMAHCD_01647	2-keto-3-deoxy-D-arabino-heptulosonate-7- phosphate synthase I alpha
Q8DNT9	LGIMAHCD_01648	2-keto-3-deoxy-D-arabino-heptulosonate-7- phosphate synthase I alpha
Q8DNT8	LGIMAHCD_01649	Protein translocase subunit SecA
Q8DMW2	LGIMAHCD_01650	hypothetical protein
Q8DNT7	LGIMAHCD_01651	ABC transporter%2C ATP-binding protein
Q8CYF5	LGIMAHCD_01652	Hypothetical protein
Q8CYF4	LGIMAHCD_01653	Hypothetical protein
Q8CYF3	LGIMAHCD_01654	Hypothetical protein
Q8DNT6	LGIMAHCD_01655	MutR-like transcriptional regulator
Q8CYF2	LGIMAHCD_01656	Hypothetical protein
Q8CYF1	LGIMAHCD_01657	Hypothetical protein
P64063	LGIMAHCD_01658	GTP-binding protein EngA
Q8DNT5	LGIMAHCD_01659	NADPH-flavin oxidoreductase
Q8CWP7	LGIMAHCD_01660	Helicase loader DnaI
Q8CWP6	LGIMAHCD_01661	Helicase loader DnaB
P67319	LGIMAHCD_01662	Ribonucleotide reductase transcriptional regulator NrdR
Q8DNT4	LGIMAHCD_01663	Transcriptional regulator%2C GntR family
Q8DNT3	LGIMAHCD_01664	Multidrug ABC transporter%2C ATP-binding protein
Q8CYF0	LGIMAHCD_01665	ABC transporter ATP-binding protein
Q8DNT2	LGIMAHCD_01666	ABC transporter membrane-spanning permease - Na+ export
Q8DNT1	LGIMAHCD_01667	ABC transporter ATP-binding protein - Na+ export
Q8CYE9	LGIMAHCD_01668	Immunoreactive protein Se23.5-like protein
Q8DNS9	LGIMAHCD_01669	Fructokinase
Q8DNS8	LGIMAHCD_01670	Sucrose-specific PTS IIBCA components
Q8DNS7	LGIMAHCD_01671	Sucrose-6-phosphate hydrolase
Q8DNS6	LGIMAHCD_01672	Sucrose operon repressor ScrR%2C LacI family
Q8DNS5	LGIMAHCD_01673	Hydroxymethylglutaryl-CoA reductase
Q8DNS4	LGIMAHCD_01674	Hydroxymethylglutaryl-CoA synthase
Q8CYE8	LGIMAHCD_01675	Hypothetical protein
Q8DQ53	LGIMAHCD_01676	IS1381 transposase OrfB
Q8CYE7	LGIMAHCD_01677	Putative membrane-spanning protein
Q8DNS1	LGIMAHCD_01678	Membrane protein
Q8DNS0	LGIMAHCD_01679	Serine/threonine protein kinase StkP
Q8DNR9	LGIMAHCD_01680	Protein serine/threonine phosphatase PhpP
Q8DNR8	LGIMAHCD_01681	16S rRNA (cytosine(967)-C(5))-methyltransferase
Q8DNR7	LGIMAHCD_01682	Methionyl-tRNA formyltransferase
Q8DNR6	LGIMAHCD_01683	Helicase PriA essential for oriC/DnaA-independent DNA replication
P66731	LGIMAHCD_01684	DNA-directed RNA polymerase omega subunit
Q8DNR5	LGIMAHCD_01685	Guanylate kinase
P67283	LGIMAHCD_01686	Ribonuclease Y
Q8DNR3	LGIMAHCD_01687	YoeB toxin protein
Q8DNR2	LGIMAHCD_01688	Antitoxin YefM
Q8DNR1	LGIMAHCD_01689	hypothetical protein
Q8DNR0	LGIMAHCD_01690	Methyltransferase
Q8DNQ9	LGIMAHCD_01691	Ribosomal silencing factor RsfA
Q8DNQ8	LGIMAHCD_01692	Isochorismatase
Q8DNQ7	LGIMAHCD_01693	HAD superfamily hydrolase YqeK
P65505	LGIMAHCD_01694	Nicotinate-nucleotide adenylyltransferase
Q8DNQ6	LGIMAHCD_01695	RNA-binding protein
Q8DNQ5	LGIMAHCD_01696	GTP-binding protein YqeH%2C required for biogenesis of 30S ribosome subunit
Q8DNQ4	LGIMAHCD_01697	Hydrolase%2C HAD subfamily IIIA
Q8DNQ3	LGIMAHCD_01698	Magnesium and cobalt transport protein CorA2
Q8CYE6	LGIMAHCD_01699	Potassium efflux system KefA protein
Q8DNQ2	LGIMAHCD_01700	Serine/threonine transporter SstT
Q8DNQ1	LGIMAHCD_01701	Membrane protein
Q8DNQ0	LGIMAHCD_01702	Transcriptional regulator%2C MarR family
Q8CYE5	LGIMAHCD_01703	Hypothetical protein
Q8DNP9	LGIMAHCD_01704	Thioredoxin
Q8DNP8	LGIMAHCD_01705	NADPH-dependent 7-cyano-7-deazaguanine reductase
Q8DPE4	LGIMAHCD_01706	Hypothetical protein
Q8DNP7	LGIMAHCD_01707	Aquaporin Z
Q8CYE4	LGIMAHCD_01708	Hypothetical protein
Q8DQH2	LGIMAHCD_01709	Putative membrane protein
Q8DNP6	LGIMAHCD_01710	Oligoendopeptidase F
Q8DNP5	LGIMAHCD_01711	16S rRNA (uracil(1498)-N(3))-methyltransferase
Q8DNP4	LGIMAHCD_01712	Ribosomal protein L11 methyltransferase
Q8DNP3	LGIMAHCD_01713	7%2C8-dihydro-8-oxoguanine-triphosphatase
Q8CYE3	LGIMAHCD_01714	Hypothetical protein
Q8CYE2	LGIMAHCD_01715	Hypothetical protein
Q8DNP2	LGIMAHCD_01716	Addiction module antitoxin HicB
Q8CYE1	LGIMAHCD_01717	Addiction module toxin HicA
Q8CYD9	LGIMAHCD_01718	Hypothetical protein
Q8DNP1	LGIMAHCD_01719	Chromosome segregation helicase
	LGIMAHCD_01720	tRNA-Lys(ctt)
	LGIMAHCD_01720	
Q8DNP0	LGIMAHCD_01721	Sucrose-6-phosphate hydrolase
Q8DNN9	LGIMAHCD_01722	Multiple sugar ABC transporter%2C membrane-spanning permease protein
Q8DNN8	LGIMAHCD_01723	Multiple sugar ABC transporter%2C membrane-spanning permease protein
Q8DNN7	LGIMAHCD_01724	Multiple sugar ABC transporter%2C substrate-binding protein
Q8DNN6	LGIMAHCD_01725	Multiple sugar metabolism operon regulatory protein
Q8DNN5	LGIMAHCD_01726	M protein trans-acting positive regulator Mga2
Q8CYD8	LGIMAHCD_01727	Hypothetical protein
Q8DNN4	LGIMAHCD_01728	Small integral membrane protein
Q8DNN3	LGIMAHCD_01729	General stress protein%2C Gls24 family
Q8CYD7	LGIMAHCD_01730	Hypothetical protein
Q8DNN2	LGIMAHCD_01731	Acetyltransferase
Q8DNN1	LGIMAHCD_01732	Type IV prepilin peptidase
Q8DNN0	LGIMAHCD_01733	Transcriptional regulator%2C Xre family
Q8CYD6	LGIMAHCD_01734	Hypothetical protein
Q8DNM9	LGIMAHCD_01735	Tryptophan synthase alpha chain
Q8DNM8	LGIMAHCD_01736	Tryptophan synthase beta chain
Q8DNM7	LGIMAHCD_01737	Phosphoribosylanthranilate isomerase
Q8DNM6	LGIMAHCD_01738	Indole-3-glycerol phosphate synthase
P67000	LGIMAHCD_01739	Anthranilate phosphoribosyltransferase
Q8CWP5	LGIMAHCD_01740	Bifunctional anthranilate synthase%2C amidotransferase component/para-aminobenzoate synthase%2Camidotransferase component
Q8DNM5	LGIMAHCD_01741	Anthranilate synthase%2C aminase component
Q8DPE4	LGIMAHCD_01742	Hypothetical protein
Q8DNM4	LGIMAHCD_01743	Galactose operon repressor%2C GalR-LacI family
Q8CYD4	LGIMAHCD_01744	Hypothetical protein
Q8DNM3	LGIMAHCD_01745	Mg(2+)-transport-ATPase-associated protein MgtC
Q8DNM2	LGIMAHCD_01746	Iron(III)-transport system permease protein SfuB
Q8DNM1	LGIMAHCD_01747	ABC transporter%2C ATP-binding protein
Q8DNM0	LGIMAHCD_01748	ABC transporter%2C substrate-binding protein
Q8CYD2	LGIMAHCD_01749	Hypothetical protein
Q8DNL9	LGIMAHCD_01750	UDP-glucose 4-epimerase
Q8DNL8	LGIMAHCD_01751	Galactose-1-phosphate uridylyltransferase
Q8DNL7	LGIMAHCD_01752	Phosphate transport system protein PhoU3
Q8CYD1	LGIMAHCD_01753	hypothetical protein
Q8CYD0	LGIMAHCD_01754	hypothetical protein
Q8CYC9	LGIMAHCD_01755	Plasmin- and fibronectin-binding protein PfbA
Q8DNL6	LGIMAHCD_01756	Putative UDP-4-keto-6-deoxy-D-glucose 4-transaminase AatB
Q8DNL5	LGIMAHCD_01757	Sugar transferases involved in lipopolysaccharide synthesis
Q8DNL4	LGIMAHCD_01758	ABC transporter%2C ATP-binding/permease protein
Q8DNL3	LGIMAHCD_01759	ABC transporter%2C ATP-binding/permease protein
Q8DNL2	LGIMAHCD_01760	hypothetical protein
Q8CYC7	LGIMAHCD_01761	hypothetical protein
Q8CYE3	LGIMAHCD_01762	hypothetical protein
P0A2X4	LGIMAHCD_01763	Exodeoxyribonuclease III
Q8CYC6	LGIMAHCD_01764	hypothetical protein
	LGIMAHCD_01765	Purine
	LGIMAHCD_01765	
Q8DNL1	LGIMAHCD_01766	Xanthine phosphoribosyltransferase
Q8DNL0	LGIMAHCD_01767	Xanthine permease
P0A3T5	LGIMAHCD_01768	Type II restriction-modification system component DpnD
P0A460	LGIMAHCD_01769	Type II restriction-modification system endonuclease DpnC
P0A460	LGIMAHCD_01770	Type II restriction-modification system endonuclease DpnC
Q8DNK9	LGIMAHCD_01771	Thioesterase
Q8DNK8	LGIMAHCD_01772	Galactose-1-phosphate uridylyltransferase
Q8DNK7	LGIMAHCD_01773	Galactokinase
Q8DNK6	LGIMAHCD_01774	Galactose operon repressor%2C GalR-LacI family
Q8DNK5	LGIMAHCD_01775	Alcohol dehydrogenase
Q8DNK4	LGIMAHCD_01776	Transcriptional regulator%2C MerR family
Q8DNK3	LGIMAHCD_01777	Cobalt-zinc-cadmium resistance protein CzcD
Q8DNK2	LGIMAHCD_01778	Transcriptional regulator SczA%2C TetR family
Q8DNK1	LGIMAHCD_01779	Ribosyl nicotinamide transporter PnuC
	LGIMAHCD_01780	Srn266
	LGIMAHCD_01780	
Q8DRM8	LGIMAHCD_01781	IS1167 transposase Orf1
Q8DNI4	LGIMAHCD_01782	hypothetical protein
Q8CM31	LGIMAHCD_01783	IS1167 transposase Orf2
Q8DNJ9	LGIMAHCD_01784	Glycine betaine/L-proline transport substrate-binding/permease protein ProWX
Q8DNJ8	LGIMAHCD_01785	Glycine betaine/L-proline transport ATP-binding protein ProV
Q8CYC5	LGIMAHCD_01786	Hypothetical protein
Q8CYC4	LGIMAHCD_01787	Transcriptional regulator%2C MarR family
Q8CYC3	LGIMAHCD_01788	Hypothetical protein
Q8DNJ7	LGIMAHCD_01789	Glutamyl aminopeptidase
Q8DNJ6	LGIMAHCD_01790	UDP-glucose 4-epimerase
Q8DNJ5	LGIMAHCD_01791	Iron compound ABC uptake transporter permease protein PiuB
Q8DNJ4	LGIMAHCD_01792	Iron compound ABC uptake transporter permease protein PiuC
Q8DNJ3	LGIMAHCD_01793	Iron compound ABC uptake transporter ATP-binding protein PiuD
Q8DNJ2	LGIMAHCD_01794	Iron compound ABC uptake transporter substrate-binding protein PiuA
Q8DNJ1	LGIMAHCD_01795	Putative membrane protein insertion efficiency factor YidD
Q8DNJ0	LGIMAHCD_01796	Ribosomal large subunit pseudouridine synthase B
Q8DNI9	LGIMAHCD_01797	Segregation and condensation protein B
Q9EUQ7	LGIMAHCD_01798	Segregation and condensation protein A
P0A4T0	LGIMAHCD_01799	Tyrosine recombinase XerD
Q7CRA7	LGIMAHCD_01800	CBS domain protein
Q8DNI8	LGIMAHCD_01801	Phosphoesterase
P64311	LGIMAHCD_01802	Nucleoside 5-triphosphatase RdgB (dHAPTP%2C dITP%2C XTP-specific)
P63641	LGIMAHCD_01803	Glutamate racemase
P67294	LGIMAHCD_01804	Hypothetical protein
Q8DNI7	LGIMAHCD_01805	Trehalose-6-phosphate hydrolase
Q8DNI6	LGIMAHCD_01806	Trehalose-specific PTS IIBCA components
Q8DNI5	LGIMAHCD_01807	Trehalose operon transcriptional repressor
	LGIMAHCD_01808	Srn266
	LGIMAHCD_01808	
Q8DNI4	LGIMAHCD_01809	IS1167 transposase
Q8DNI3	LGIMAHCD_01810	IS1167 transposase Orf2
Q8DNI2	LGIMAHCD_01811	Peptide ABC transporter ATP-binding protein AmiF
P0A2U9	LGIMAHCD_01812	Peptide ABC transporter ATP-binding protein AmiE
P0A4N0	LGIMAHCD_01813	Peptide ABC transporter permease AmiD
P0A4M8	LGIMAHCD_01814	Peptide ABC transporter permease AmiC
Q8DNI1	LGIMAHCD_01815	Peptide ABC transporter substrate-binding protein AmiA
Q8CYC1	LGIMAHCD_01816	Wall teichoic acid biosynthesis protein RafX
Q8CWP4	LGIMAHCD_01817	Sucrose phosphorylase
Q8DNI0	LGIMAHCD_01818	Multiple sugar ABC transporter%2C membrane-spanning permease protein MsmG
Q8DNH9	LGIMAHCD_01819	Multiple sugar ABC transporter%2C membrane-spanning permease protein MsmF
Q8DNH8	LGIMAHCD_01820	Multiple sugar ABC transporter%2C substrate-binding protein MsmE
Q8CWP3	LGIMAHCD_01821	Alpha-galactosidase
Q8CWP2	LGIMAHCD_01822	Multiple sugar metabolism operon regulatory protein MsmR
Q8DNH7	LGIMAHCD_01823	Bifunctional biotin operon repressor/Biotin--protein ligase
	LGIMAHCD_01824	Srn266
	LGIMAHCD_01824	
Q8CWP1	LGIMAHCD_01825	hypothetical protein
	LGIMAHCD_01826	tRNA-Ser(gct)
	LGIMAHCD_01826	
	LGIMAHCD_01827	tRNA-Ile(gat)
	LGIMAHCD_01827	
	LGIMAHCD_01828	tRNA-Gly(tcc)
	LGIMAHCD_01828	
	LGIMAHCD_01829	tRNA-Phe(gaa)
	LGIMAHCD_01829	
	LGIMAHCD_01830	tRNA-Met(cat)
	LGIMAHCD_01830	
	LGIMAHCD_01831	tRNA-Ser(tga)
	LGIMAHCD_01831	
	LGIMAHCD_01832	tRNA-Met(cat)
	LGIMAHCD_01832	
	LGIMAHCD_01833	tRNA-Met(cat)
	LGIMAHCD_01833	
	LGIMAHCD_01834	tRNA-Pro(tgg)
	LGIMAHCD_01834	
	LGIMAHCD_01835	tRNA-Arg(acg)
	LGIMAHCD_01835	
	LGIMAHCD_01836	tRNA-Leu(taa)
	LGIMAHCD_01836	
	LGIMAHCD_01837	tRNA-Gly(gcc)
	LGIMAHCD_01837	
	LGIMAHCD_01838	tRNA-Thr(tgt)
	LGIMAHCD_01838	
	LGIMAHCD_01839	tRNA-Leu(tag)
	LGIMAHCD_01839	
	LGIMAHCD_01840	tRNA-Lys(ttt)
	LGIMAHCD_01840	
	LGIMAHCD_01841	tRNA-Asp(gtc)
	LGIMAHCD_01841	
	LGIMAHCD_01842	tRNA-Val(tac)
	LGIMAHCD_01842	
	LGIMAHCD_01843	5S ribosomal RNA
	LGIMAHCD_01843	
	LGIMAHCD_01844	23S ribosomal RNA
	LGIMAHCD_01844	
	LGIMAHCD_01845	tRNA-Ala(tgc)
	LGIMAHCD_01845	
	LGIMAHCD_01846	16S ribosomal RNA
	LGIMAHCD_01846	
	LGIMAHCD_01847	tRNA-Glu(ttc)
	LGIMAHCD_01847	
Q8DNH6	LGIMAHCD_01848	RNA methyltransferase%2C TrmA family
P59212	LGIMAHCD_01849	Regulatory protein RecX
Q8DNH5	LGIMAHCD_01850	Cysteinyl-tRNA synthetase related protein
	LGIMAHCD_01851	Spy392987
	LGIMAHCD_01851	
Q8CYC0	LGIMAHCD_01852	Hypothetical protein
	LGIMAHCD_01853	Srn266
	LGIMAHCD_01853	
Q8CWP0	LGIMAHCD_01854	IS1167 transposase
P0A336	LGIMAHCD_01855	Heat shock protein 60 family chaperone GroEL
Q8CWN9	LGIMAHCD_01856	Heat shock protein 60 family co-chaperone GroES
Q8DNH4	LGIMAHCD_01857	Single-stranded DNA-binding protein SsbB
Q8DNH3	LGIMAHCD_01858	Short-chain dehydrogenase
Q8DNH2	LGIMAHCD_01859	Phenylalanyl-tRNA synthetase domain protein
Q8DNH1	LGIMAHCD_01860	Thioredoxin
Q8CYB9	LGIMAHCD_01861	Hypothetical protein
Q8CYB8	LGIMAHCD_01862	Membrane protein
Q8CYB7	LGIMAHCD_01863	Response regulator of the LytR/AlgR family protein
Q8DNG9	LGIMAHCD_01864	Phosphatidylglycerophosphatase B
Q8CYB6	LGIMAHCD_01865	Hypothetical protein
Q8DNG8	LGIMAHCD_01866	putative ABC transporter ATP-binding protein
Q8DNG7	LGIMAHCD_01867	hypothetical protein
Q8DNG6	LGIMAHCD_01868	Multidrug resistance ABC transporter ATP-binding and permease protein
Q8DNG5	LGIMAHCD_01869	hypothetical protein
P67187	LGIMAHCD_01870	Transcriptional regulatory protein YeeN
Q7ZAK5	LGIMAHCD_01871	Pneumolysin
Q8CYB5	LGIMAHCD_01872	Hypothetical protein
Q8CYB4	LGIMAHCD_01873	Hypothetical protein
Q8CYB3	LGIMAHCD_01874	Hypothetical protein
Q8DNG3	LGIMAHCD_01875	hypothetical protein
Q8CYB1	LGIMAHCD_01876	Hypothetical protein
Q8CYB0	LGIMAHCD_01877	Hypothetical protein
Q8CYA9	LGIMAHCD_01878	hypothetical protein
Q8CYA8	LGIMAHCD_01879	hypothetical protein
Q8CYA7	LGIMAHCD_01880	hypothetical protein
Q8CYA6	LGIMAHCD_01881	Putative toxin
Q8CYA5	LGIMAHCD_01882	Putative toxin
Q7ZAK4	LGIMAHCD_01883	Autolysin/N-acetylmuramoyl-L-alanine amidase LytA
Q8DNG1	LGIMAHCD_01884	MATE efflux family protein DinF
P0A452	LGIMAHCD_01885	DNA recombination/repair protein RecA
Q7ZAK3	LGIMAHCD_01886	Bifunctional ADP-ribose pyrophosphatase/nicotinamide-nucleotide amidase
Q8DNG0	LGIMAHCD_01887	Transcriptional regulator LytR
Q8DNF9	LGIMAHCD_01888	Acetyltransferase
Q8DNF8	LGIMAHCD_01889	TsaE protein%2C required for threonylcarbamoyladenosine t(6)A37 formation in tRNA
Q8CYA2	LGIMAHCD_01890	Immunity factor ComM
Q8DNF7	LGIMAHCD_01891	Putative transcriptional regulator PlcR
Q8CYA1	LGIMAHCD_01892	Hypothetical protein
Q8CYA0	LGIMAHCD_01893	Class II two-component lantibiotic peptide PneA1
Q8CY99	LGIMAHCD_01894	Class II two-component lantibiotic peptide PneA2
Q8DNF6	LGIMAHCD_01895	Lanthionine biosynthesis protein LanM
Q8DNF5	LGIMAHCD_01896	Putative flavin adenine dinucleotide (FAD)-dependent flavoprotein WrbA
Q8CY98	LGIMAHCD_01897	Hypothetical protein
Q8DNF4	LGIMAHCD_01898	Toxin secretion ABC transporter%2C ATP-binding/permease protein
Q8DNF3	LGIMAHCD_01899	Epidermin leader peptide processing serine protease EPIP precursor
Q8CY97	LGIMAHCD_01900	Putative immunity protein
Q8DNF2	LGIMAHCD_01901	ABC transporter%2C ATP-binding protein
Q8CY96	LGIMAHCD_01902	hypothetical protein
P65537	LGIMAHCD_01903	Nucleoside diphosphate kinase
Q8DNF1	LGIMAHCD_01904	DNA-directed RNA polymerase beta' subunit
Q8DNF0	LGIMAHCD_01905	DNA-directed RNA polymerase beta subunit
	LGIMAHCD_01906	Lacto-rpoB
	LGIMAHCD_01906	
	LGIMAHCD_01907	tRNA-Cys(gca)
	LGIMAHCD_01907	
Q8DNE9	LGIMAHCD_01908	Putative hemolysin
P0A3S4	LGIMAHCD_01909	DNA-entry nuclease
Q7ZAK2	LGIMAHCD_01910	Competence-associated EpuA protein
Q8DNE8	LGIMAHCD_01911	UDP-N-acetylglucosamine 1-carboxyvinyltransferase
Q8DRE7	LGIMAHCD_01912	Hypothetical protein
Q8DNE7	LGIMAHCD_01913	Lon-like protease
Q8DNE6	LGIMAHCD_01914	Phosphopantetheine adenylyltransferase
Q8DNE5	LGIMAHCD_01915	16S rRNA (guanine(966)-N(2))-methyltransferase
Q8CWN8	LGIMAHCD_01916	Aspartate--ammonia ligase
Q8DNE4	LGIMAHCD_01917	Membrane protein
Q8DNE3	LGIMAHCD_01918	rRNA methylase
Q8DNE2	LGIMAHCD_01919	Putative nucleoside phosphatase
Q8DNE1	LGIMAHCD_01920	Inner membrane protein translocase component YidC1
Q8DNE0	LGIMAHCD_01921	Pyruvate formate-lyase activating enzyme
Q8DND9	LGIMAHCD_01922	Diaminopimelate decarboxylase
P65833	LGIMAHCD_01923	PurR: transcription regulator associated with purine metabolism
Q8DND8	LGIMAHCD_01924	3'->5' exoribonuclease YhaM
Q8DND7	LGIMAHCD_01925	DNA recombination protein RmuC
Q8DND6	LGIMAHCD_01926	Thiamin pyrophosphokinase
Q8DND5	LGIMAHCD_01927	Ribulose-phosphate 3-epimerase
P67685	LGIMAHCD_01928	Ribosome small subunit-stimulated GTPase RsgA
Q8DND3	LGIMAHCD_01929	SSU rRNA (adenine(1518)-N(6)/adenine(1519)-N(6))- dimethyltransferase
Q8CY94	LGIMAHCD_01930	Hypothetical protein
Q8DND2	LGIMAHCD_01931	ABC transporter%2C ATP-binding protein
Q8DND1	LGIMAHCD_01932	Putative immunity protein
	LGIMAHCD_01933	SpR08_sRNA
	LGIMAHCD_01933	
Q8DND0	LGIMAHCD_01934	Transcriptional regulator
Q8DNC9	LGIMAHCD_01935	Ribonuclease M5
Q8DNC8	LGIMAHCD_01936	Putative deoxyribonuclease TatD
Q8CY93	LGIMAHCD_01937	Cell wall surface anchor family protein
P66257	LGIMAHCD_01938	LSU ribosomal protein L34p
Q8DNC7	LGIMAHCD_01939	Alanine transaminase
Q8CY92	LGIMAHCD_01940	Hypothetical protein
Q8DNC6	LGIMAHCD_01941	Universal stress protein family protein
Q8DNC5	LGIMAHCD_01942	Hydrolase%2C HAD superfamily
Q8DNC4	LGIMAHCD_01943	L-asparaginase
Q8DNC3	LGIMAHCD_01944	Catabolite control protein A
Q8DNC2	LGIMAHCD_01945	Two-component system response regulator
Q8DNC1	LGIMAHCD_01946	Two-component system sensor histidine kinase
Q8DNC0	LGIMAHCD_01947	ABC transporter%2C permease protein
Q8DNB9	LGIMAHCD_01948	ABC transporter%2C ATP-binding protein
Q8CY71	LGIMAHCD_01949	Hypothetical protein
Q8CY91	LGIMAHCD_01950	Hypothetical protein
	LGIMAHCD_01951	tRNA-Pro(tgg)
	LGIMAHCD_01951	
	LGIMAHCD_01952	tRNA-Arg(acg)
	LGIMAHCD_01952	
	LGIMAHCD_01953	tRNA-Leu(taa)
	LGIMAHCD_01953	
	LGIMAHCD_01954	tRNA-Gly(gcc)
	LGIMAHCD_01954	
	LGIMAHCD_01955	tRNA-Thr(tgt)
	LGIMAHCD_01955	
	LGIMAHCD_01956	tRNA-Leu(tag)
	LGIMAHCD_01956	
	LGIMAHCD_01957	tRNA-Lys(ttt)
	LGIMAHCD_01957	
	LGIMAHCD_01958	tRNA-Asp(gtc)
	LGIMAHCD_01958	
	LGIMAHCD_01959	tRNA-Val(tac)
	LGIMAHCD_01959	
	LGIMAHCD_01960	5S ribosomal RNA
	LGIMAHCD_01960	
	LGIMAHCD_01961	23S ribosomal RNA
	LGIMAHCD_01961	
	LGIMAHCD_01962	tRNA-Ala(tgc)
	LGIMAHCD_01962	
	LGIMAHCD_01963	16S ribosomal RNA
	LGIMAHCD_01963	
	LGIMAHCD_01964	tRNA-Glu(ttc)
	LGIMAHCD_01964	
Q8CM18	LGIMAHCD_01965	Competence-specific sigma factor ComX
Q8DNB8	LGIMAHCD_01966	Transcription antitermination protein NusG
Q8DNB7	LGIMAHCD_01967	Protein translocase subunit SecE
Q8DNB6	LGIMAHCD_01968	Multimodular transpeptidase-transglycosylase%2C penicillin-binding protein 2A
Q8DNB5	LGIMAHCD_01969	RluD-like protein
Q8CWN6	LGIMAHCD_01970	NAD-dependent glyceraldehyde-3-phosphate dehydrogenase
Q8DNB4	LGIMAHCD_01971	ABC transporter%2C permease protein
Q8DNB3	LGIMAHCD_01972	IS630 family transposase IS630-Spn1
Q8CM37	LGIMAHCD_01973	IS630 family transposase IS630-Spn1
Q8DNB2	LGIMAHCD_01974	Quinolinate phosphoribosyltransferase
Q8DNB1	LGIMAHCD_01975	Malonate permease
Q8CY90	LGIMAHCD_01976	hypothetical protein
Q8DNB0	LGIMAHCD_01977	Transcriptional regulator%2C GntR family
Q8DNA9	LGIMAHCD_01978	6-phospho-beta-glucosidase
Q8DNA8	LGIMAHCD_01979	Cellobiose-specific PTS IIC component
Q8DNA8	LGIMAHCD_01980	Cellobiose-specific PTS IIC component
Q8DNA7	LGIMAHCD_01981	Cellobiose-specific PTS IIB component
Q8DNA6	LGIMAHCD_01982	Cellobiose-specific PTS IIA component
Q8DNA5	LGIMAHCD_01983	Bifunctional acetaldehyde dehydrogenase/alcohol dehydrogenase
Q8CY89	LGIMAHCD_01984	Hypothetical protein
Q8DNA4	LGIMAHCD_01985	Low molecular weight protein tyrosine phosphatase
Q8DNA3	LGIMAHCD_01986	Preprotein translocase subunit YajC
Q8DNA2	LGIMAHCD_01987	Transketolase
Q8DNA1	LGIMAHCD_01988	Putative L-ascorbate-6-phosphate lactonase UlaG
Q8DNA0	LGIMAHCD_01989	Transcriptional antiterminator
Q8DN99	LGIMAHCD_01990	L-ribulose-5-phosphate 4-epimerase
Q8DN98	LGIMAHCD_01991	L-xylulose 5-phosphate 3-epimerase
Q8DN97	LGIMAHCD_01992	3-keto-L-gulonate 6-phosphate decarboxylase
Q8DN96	LGIMAHCD_01993	Ascorbate-specific PTS IIA component
Q8DN95	LGIMAHCD_01994	Ascorbate-specific PTS IIB component
Q8DN94	LGIMAHCD_01995	Ascorbate-specific PTS IIC component
Q8CY88	LGIMAHCD_01996	Sakacin A production response regulator
Q8CY87	LGIMAHCD_01997	KH domain RNA-binding protein
Q8DN93	LGIMAHCD_01998	Inner membrane protein translocase component YidC2
Q8DN92	LGIMAHCD_01999	Ribonuclease P protein component
P63414	LGIMAHCD_02000	Acetate kinase
Q8DN91	LGIMAHCD_02001	Adenine-specific methyltransferase
Q8CY86	LGIMAHCD_02002	hypothetical protein
Q8CY85	LGIMAHCD_02003	hypothetical protein
Q8CY84	LGIMAHCD_02004	Late competence protein ComGG
Q8DN90	LGIMAHCD_02005	Late competence protein ComGF
C0HMA8	LGIMAHCD_02006	Late competence protein ComGE
Q8DN89	LGIMAHCD_02007	Late competence protein ComGD
Q8DN88	LGIMAHCD_02008	Late competence protein ComGC
Q8DN87	LGIMAHCD_02009	Late competence protein ComGB
Q8DN86	LGIMAHCD_02010	Late competence protein ComGA
Q8DN85	LGIMAHCD_02011	DNA-binding protein
Q8DN84	LGIMAHCD_02012	Putative Zn-dependent alcohol dehydrogenase
Q8DN83	LGIMAHCD_02013	N-acetylglucosamine-6-phosphate deacetylase
Q8CY83	LGIMAHCD_02014	Acyltransferase family protein
P66908	LGIMAHCD_02015	tRNA-guanine transglycosylase
Q8CY82	LGIMAHCD_02016	Membrane protein
Q8DN82	LGIMAHCD_02017	Pyrrolidone-carboxylate peptidase
Q8DN81	LGIMAHCD_02018	Pyrrolidone-carboxylate peptidase
Q8DN80	LGIMAHCD_02019	Hypothetical protein
Q8DN79	LGIMAHCD_02020	hypothetical protein
P63958	LGIMAHCD_02021	hypothetical protein
Q8DN78	LGIMAHCD_02022	Surface immunogenic protein
Q8CY81	LGIMAHCD_02023	Hydrolase%2C haloacid dehalogenase-like family
V9H0I2	LGIMAHCD_02024	Multi antimicrobial extrusion family transporter
Q8DN76	LGIMAHCD_02025	Threonine synthase
Q8CY80	LGIMAHCD_02026	Hypothetical protein
	LGIMAHCD_02027	tRNA-Leu(caa)
	LGIMAHCD_02027	
	LGIMAHCD_02028	tRNA-Gln(ttg)
	LGIMAHCD_02028	
	LGIMAHCD_02029	tRNA-His(gtg)
	LGIMAHCD_02029	
	LGIMAHCD_02030	tRNA-Trp(cca)
	LGIMAHCD_02030	
	LGIMAHCD_02031	tRNA-Tyr(gta)
	LGIMAHCD_02031	
	LGIMAHCD_02032	tRNA-Phe(gaa)
	LGIMAHCD_02032	
	LGIMAHCD_02033	tRNA-Met(cat)
	LGIMAHCD_02033	
	LGIMAHCD_02034	tRNA-Ser(tga)
	LGIMAHCD_02034	
	LGIMAHCD_02035	tRNA-Ile(gat)
	LGIMAHCD_02035	
	LGIMAHCD_02036	tRNA-Gly(tcc)
	LGIMAHCD_02036	
	LGIMAHCD_02037	tRNA-Val(tac)
	LGIMAHCD_02037	
	LGIMAHCD_02038	5S ribosomal RNA
	LGIMAHCD_02038	
	LGIMAHCD_02039	23S ribosomal RNA
	LGIMAHCD_02039	
	LGIMAHCD_02040	tRNA-Ala(tgc)
	LGIMAHCD_02040	
	LGIMAHCD_02041	16S ribosomal RNA
	LGIMAHCD_02041	
	LGIMAHCD_02042	tRNA-Glu(ttc)
	LGIMAHCD_02042	
Q8DN75	LGIMAHCD_02043	Cytidine/deoxycytidylate deaminase family protein
Q8CWN5	LGIMAHCD_02044	Glutamyl-tRNA synthetase
Q8DN74	LGIMAHCD_02045	Glucose-6-phosphate isomerase
Q8DN73	LGIMAHCD_02046	Glutamine amidotransferase%2C class I
Q8DN72	LGIMAHCD_02047	Multidrug resistance ABC transporter ATP-binding and permease protein
Q8DN71	LGIMAHCD_02048	hypothetical protein
Q8DN70	LGIMAHCD_02049	Multidrug resistance ABC transporter ATP-binding and permease protein
	LGIMAHCD_02050	patAB
	LGIMAHCD_02050	
P0A3R4	LGIMAHCD_02051	DNA mismatch repair protein HexA
	LGIMAHCD_02052	SpR10_sRNA
	LGIMAHCD_02052	
P0A2Y3	LGIMAHCD_02053	Arginine pathway regulatory protein ArgR1
Q8DN69	LGIMAHCD_02054	Arginyl-tRNA synthetase
Q8DN68	LGIMAHCD_02055	IS1381 transposase OrfB
Q8DN67	LGIMAHCD_02056	Putative cupin superfamily protein
Q8DN66	LGIMAHCD_02057	Two-component system response regulator PnpR
Q8DN65	LGIMAHCD_02058	Two-component system sensor histidine kinase PnpS
Q8DN64	LGIMAHCD_02059	Phosphate ABC transporter periplasmic phosphate-binding protein PstS1
Q8DN63	LGIMAHCD_02060	Phosphate transport system permease protein PstC1
Q8DN62	LGIMAHCD_02061	Phosphate transport system permease protein PstA1
P0A2V9	LGIMAHCD_02062	Phosphate transport ATP-binding protein PstB1
P0A3Y8	LGIMAHCD_02063	Phosphate transport system regulatory protein PhoU1
Q8DN60	LGIMAHCD_02064	IS1380 family transposase ISSpn5
Q8CY78	LGIMAHCD_02065	Transcriptional regulator
Q8DN59	LGIMAHCD_02066	Glycerol-3-phosphate dehydrogenase [NAD(P)+]
Q8DN58	LGIMAHCD_02067	UTP--glucose-1-phosphate uridylyltransferase
Q8DN57	LGIMAHCD_02068	Rhomboid family serine protease
Q8DN56	LGIMAHCD_02069	5-formyltetrahydrofolate cyclo-ligase
Q8DN55	LGIMAHCD_02070	N-acetyl-L%2CL-diaminopimelate deacetylase
Q8DN54	LGIMAHCD_02071	2%2C3%2C4%2C5-tetrahydropyridine-2%2C6-dicarboxylate N-acetyltransferase
Q8DN53	LGIMAHCD_02072	Drug/metabolite transporter superfamily permease
Q7CRA4	LGIMAHCD_02073	Multimodular transpeptidase-transglycosylase%2C penicillin-binding protein 1B
Q8DN52	LGIMAHCD_02074	Tyrosyl-tRNA synthetase
Q8DN51	LGIMAHCD_02075	Lead%2C cadmium%2C zinc and mercury transporting ATPase
Q8CY77	LGIMAHCD_02076	Hypothetical protein
Q8DN50	LGIMAHCD_02077	23S rRNA (guanine(745)-N(1))-methyltransferase
Q8CY75	LGIMAHCD_02078	Hypothetical protein
Q8DQQ3	LGIMAHCD_02079	Hypothetical protein
Q8DN49	LGIMAHCD_02080	Maltodextrin phosphorylase
P0A3Q1	LGIMAHCD_02081	4-alpha-glucanotransferase (amylomaltase)
P59214	LGIMAHCD_02082	Maltose/maltodextrin ABC transporter%2C substrate binding periplasmic protein MalX
P0A4N2	LGIMAHCD_02083	Maltose/maltodextrin ABC transporter%2C permease protein MalC
P0A4N4	LGIMAHCD_02084	Maltose/maltodextrin ABC transporter%2C permease protein MalD
P59204	LGIMAHCD_02085	Maltodextrose utilization protein MalA
P0A4T2	LGIMAHCD_02086	Maltose operon transcriptional repressor MalR%2C LacI family
Q8DPE4	LGIMAHCD_02087	hypothetical protein
Q8DN48	LGIMAHCD_02088	Integral membrane protein
Q8CWN4	LGIMAHCD_02089	Aspartyl-tRNA synthetase
Q8DPE4	LGIMAHCD_02090	Hypothetical protein
Q8CY74	LGIMAHCD_02091	Hypothetical protein
Q8CY73	LGIMAHCD_02092	Membrane-bound protease%2C CAAX family
Q8CY72	LGIMAHCD_02093	Hypothetical protein
Q8CY71	LGIMAHCD_02094	Hypothetical protein
Q8DN47	LGIMAHCD_02095	Transcriptional regulator%2C Cro/CI family
Q8CY70	LGIMAHCD_02096	Hypothetical protein
Q8DPE4	LGIMAHCD_02097	Hypothetical protein
Q8DN46	LGIMAHCD_02098	Histidyl-tRNA synthetase
Q8DN45	LGIMAHCD_02099	Macrolide-efflux protein
Q8DN44	LGIMAHCD_02100	Positive transcriptional regulator%2C MutR family
Q8DN43	LGIMAHCD_02101	Putative aromatic ring hydroxylating enzyme
P65160	LGIMAHCD_02102	Dihydroxy-acid dehydratase
Q8DN42	LGIMAHCD_02103	hypothetical protein
Q8DN41	LGIMAHCD_02104	hypothetical protein
Q8DN40	LGIMAHCD_02105	Putative transport protein SgaT
Q8CY69	LGIMAHCD_02106	Putative PTS IIB component
Q8DN39	LGIMAHCD_02107	Transcription antiterminator%2C BglG family
Q8CY68	LGIMAHCD_02108	Membrane protease family protein
Q8CY67	LGIMAHCD_02109	Hypothetical protein
Q8CWN3	LGIMAHCD_02110	LSU ribosomal protein L32p
P61361	LGIMAHCD_02111	LSU ribosomal protein L33p
Q8DN38	LGIMAHCD_02112	Choline-binding protein CbpN
Q8DN37	LGIMAHCD_02113	hypothetical protein
Q8DN36	LGIMAHCD_02114	IS1381 transposase OrfB
Q8CY66	LGIMAHCD_02115	hypothetical protein
Q8CY65	LGIMAHCD_02116	Glycosyl hydrolase-related protein
Q8DN35	LGIMAHCD_02117	N-acetylmannosamine kinase
Q8DN34	LGIMAHCD_02118	Alpha-mannosidase
Q8DN33	LGIMAHCD_02119	Hypothetical protein
Q8DN32	LGIMAHCD_02120	Alpha-1%2C2-mannosidase
Q8CY64	LGIMAHCD_02121	Glycosyl hydrolase family 29 alpha-L-fucosidase
Q8DN31	LGIMAHCD_02122	Arginine deiminase
Q8DN30	LGIMAHCD_02123	Arginine deiminase
P65608	LGIMAHCD_02124	Ornithine carbamoyltransferase
Q8DN28	LGIMAHCD_02125	Carbamate kinase
Q8CLX6	LGIMAHCD_02126	Arginine/ornithine antiporter ArcD
Q8DN27	LGIMAHCD_02127	Putative Xaa-His dipeptidase
Q8CY63	LGIMAHCD_02128	IgA1 protease
Q8DRL6	LGIMAHCD_02129	hypothetical protein
Q8DN26	LGIMAHCD_02130	Putative stomatin/prohibitin-family membrane protease subunit YbbK
Q8DN25	LGIMAHCD_02131	Lactaldehyde dehydrogenase involved in fucose or rhamnose utilization
Q8DN24	LGIMAHCD_02132	Bifunctional L-fucose isomerase/D-arabinose ketol-isomerase
Q8CY62	LGIMAHCD_02133	Fucolectin-related protein
Q8DN23	LGIMAHCD_02134	Putative large secreted protein
Q8DN22	LGIMAHCD_02135	Mannose-specific PTS IID component
Q8DN21	LGIMAHCD_02136	Mannose-specific PTS IIC component
Q8DN20	LGIMAHCD_02137	PTS IIB component
Q8DN19	LGIMAHCD_02138	PTS IIA component
Q8DN18	LGIMAHCD_02139	L-fucose mutarotase
Q8DN17	LGIMAHCD_02140	L-fuculose phosphate aldolase
Q8DN16	LGIMAHCD_02141	L-fuculokinase
Q8DN15	LGIMAHCD_02142	L-fucose operon activator
	LGIMAHCD_02143	SpF66_sRNA
	LGIMAHCD_02143	
	LGIMAHCD_02144	SpF66_sRNA
	LGIMAHCD_02144	
Q8CWN2	LGIMAHCD_02145	Zinc ABC transporter%2C substrate-binding lipoprotein AdcA
Q8CWN1	LGIMAHCD_02146	Zinc ABC transporter%2C permease protein AdcB
P0A2U7	LGIMAHCD_02147	Zinc ABC transporter%2C ATP-binding protein AdcC
Q8DN14	LGIMAHCD_02148	Transcriptional repressor AdcR for Zn(2+)-responsive expression
Q8DN13	LGIMAHCD_02149	Poly(glycerophosphate chain) D-alanine transfer protein DltD
P63958	LGIMAHCD_02150	D-alanine--poly(phosphoribitol) ligase subunit 2
Q8DN12	LGIMAHCD_02151	D-alanyl transfer protein DltB
P0A399	LGIMAHCD_02152	D-alanine--poly(phosphoribitol) ligase subunit 1
Q8DN11	LGIMAHCD_02153	Macrolide-efflux protein
	LGIMAHCD_02154	Intron_gpII
	LGIMAHCD_02154	
Q8DN10	LGIMAHCD_02155	hypothetical protein
Q8DN09	LGIMAHCD_02156	hypothetical protein
	LGIMAHCD_02157	group-II-D1D4-1
	LGIMAHCD_02157	
	LGIMAHCD_02158	group-II-D1D4-3
	LGIMAHCD_02158	
Q8CY61	LGIMAHCD_02159	Hypothetical protein
P0A3Q8	LGIMAHCD_02160	Glycerol uptake facilitator protein
Q8DN07	LGIMAHCD_02161	Alpha-glycerophosphate oxidase
P63743	LGIMAHCD_02162	Glycerol kinase
Q8CY59	LGIMAHCD_02163	Trans-acting positive regulator
P64404	LGIMAHCD_02164	Chaperonin%2C heat shock protein 33
Q8DN06	LGIMAHCD_02165	tRNA dihydrouridine synthase B
Q8DN05	LGIMAHCD_02166	Choline-binding protein A
Q8DN05	LGIMAHCD_02167	Choline-binding protein A
Q8DN04	LGIMAHCD_02168	Rhomboid family integral membrane protein
Q8DN03	LGIMAHCD_02169	Two-component system sensor histidine kinase
Q8DN02	LGIMAHCD_02170	Two-component system response regulator
Q8DN00	LGIMAHCD_02171	ATP-dependent Clp protease ATP-binding subunit ClpC
Q8DMZ9	LGIMAHCD_02172	Transcriptional regulator CtsR
Q8DMZ8	LGIMAHCD_02173	Thiamin ABC transporter ThiZ%2C ATPase component
Q8DMZ7	LGIMAHCD_02174	Thiamin ABC transporter ThiY%2C substrate-binding component
Q8DMZ6	LGIMAHCD_02175	Thiamin ABC transporter ThiX%2C transmembrane component
Q8DMZ5	LGIMAHCD_02176	Cytoplasmic thiamin-binding component of thiamin ABC transporter
	LGIMAHCD_02177	TPP
	LGIMAHCD_02177	
Q8DMZ4	LGIMAHCD_02178	Choline-binding protein D
Q8DMZ3	LGIMAHCD_02179	Hypothetical protein
Q8DMZ2	LGIMAHCD_02180	Replicative DNA helicase DnaC
P66321	LGIMAHCD_02181	LSU ribosomal protein L9p
Q8DMZ1	LGIMAHCD_02182	DHH family phosphoesterase Pde1
Q8DMZ0	LGIMAHCD_02183	Ribosome hibernation promotion factor%2C long form
Q8CWN0	LGIMAHCD_02184	Phosphoribosyltransferase domain protein%2C ComF operon protein C
Q8CWM9	LGIMAHCD_02185	DNA transporter ATPase%2C ComF operon protein A
Q8DMY9	LGIMAHCD_02186	Protein co-occurring with transport systems
Q8DMY8	LGIMAHCD_02187	Cysteine synthase
Q8DMY7	LGIMAHCD_02188	hypothetical protein
Q8DMY5	LGIMAHCD_02189	IS66 family transposase Orf2
	LGIMAHCD_02190	SpF51_sRNA
	LGIMAHCD_02190	
P0A3B8	LGIMAHCD_02191	Translation elongation factor Ts
Q8CWM8	LGIMAHCD_02192	SSU ribosomal protein S2p (SAe)
Q8DMY4	LGIMAHCD_02193	Secreted antigen GbpB/SagA/PcsB%2C putative peptidoglycan hydrolase
Q8DMY3	LGIMAHCD_02194	Cell shape-determining protein MreD
Q8DMY2	LGIMAHCD_02195	Cell shape-determining protein MreC
Q8DMY1	LGIMAHCD_02196	Transmembrane component of general energizing module of ECF transporter
Q8DMY0	LGIMAHCD_02197	ATPase component of general energizing module of ECF transporter
Q8DMX9	LGIMAHCD_02198	ATPase component of general energizing module of ECF transporter
Q8DMX8	LGIMAHCD_02199	CDP-diacylglycerol--glycerol-3-phosphate 3-phosphatidyltransferase
Q8DMX7	LGIMAHCD_02200	Transcriptional regulator
Q8DMX6	LGIMAHCD_02201	Peptidase%2C M16 family
Q8DMX5	LGIMAHCD_02202	Zinc protease
Q8DMX4	LGIMAHCD_02203	Hypothetical protein
Q8DMX3	LGIMAHCD_02204	DNA recombination and repair protein RecF
Q8DMX2	LGIMAHCD_02205	Inosine-5'-monophosphate dehydrogenase
P67596	LGIMAHCD_02206	Tryptophanyl-tRNA synthetase
Q8DMX1	LGIMAHCD_02207	ABC transporter%2C ATP-binding protein
Q8DMX0	LGIMAHCD_02208	ABC transporter%2C permease protein
Q8DMW8	LGIMAHCD_02209	hypothetical protein
Q8DMW7	LGIMAHCD_02210	hypothetical protein
Q8DMW6	LGIMAHCD_02211	Transcriptional regulator%2C AcrR family
	LGIMAHCD_02212	tRNA-Asn(gtt)
	LGIMAHCD_02212	
	LGIMAHCD_02213	tRNA-Glu(ttc)
	LGIMAHCD_02213	
Q8DMW5	LGIMAHCD_02214	Two-component system response regulator ComE
Q8DMW4	LGIMAHCD_02215	Two-component system sensor histidine kinase ComD
P60243	LGIMAHCD_02216	Competence-stimulating peptide precursor ComC
	LGIMAHCD_02217	tRNA-Arg(tct)
	LGIMAHCD_02217	
P0A4S4	LGIMAHCD_02218	23S rRNA (pseudouridine(1915)-N(3))-methyltransferase
Q8DMW2	LGIMAHCD_02219	Serine protease%2C DegP/HtrA
Q8DMW1	LGIMAHCD_02220	Chromosome partitioning protein ParB
Q8DRQ4	LGIMAHCD_02221	Chromosomal replication initiator protein DnaA
P59651	LGIMAHCD_02222	DNA polymerase III beta subunit
