uniprot	locus_tag	product
A0AA86Y265	JDJMKJEM_00001	Hypothetical protein
O06672	JDJMKJEM_00002	DNA polymerase III beta subunit
Q8DRQ4	JDJMKJEM_00003	Chromosomal replication initiator protein DnaA
A0A0B7LQV2	JDJMKJEM_00004	Chromosome partitioning protein ParB
B2IP00	JDJMKJEM_00005	Serine protease%2C DegP/HtrA
Q04HU2	JDJMKJEM_00006	23S rRNA (pseudouridine(1915)-N(3))-methyltransferase
	JDJMKJEM_00007	tRNA-Arg(tct)
	JDJMKJEM_00007	
Q9WW44	JDJMKJEM_00008	Competence-stimulating peptide precursor ComC
C1CHN6	JDJMKJEM_00009	Two-component system sensor histidine kinase ComD
Q8DMW5	JDJMKJEM_00010	Two-component system response regulator ComE
	JDJMKJEM_00011	tRNA-Glu(ttc)
	JDJMKJEM_00011	
	JDJMKJEM_00012	tRNA-Asn(gtt)
	JDJMKJEM_00012	
Q8DMW6	JDJMKJEM_00013	Transcriptional regulator%2C AcrR family
A0A4J1Z877	JDJMKJEM_00014	hypothetical protein
A0A4M6DWY3	JDJMKJEM_00015	hypothetical protein
A0A4J1SSX5	JDJMKJEM_00016	ABC transporter%2C permease protein
C1CHM9	JDJMKJEM_00017	ABC transporter%2C ATP-binding protein
C1CHM8	JDJMKJEM_00018	Tryptophanyl-tRNA synthetase
Q8DMX2	JDJMKJEM_00019	Inosine-5'-monophosphate dehydrogenase
C1CHM6	JDJMKJEM_00020	DNA recombination and repair protein RecF
Q8DMX4	JDJMKJEM_00021	Hypothetical protein
A0A4N5IZQ9	JDJMKJEM_00022	Zinc protease
B2INP1	JDJMKJEM_00023	Peptidase%2C M16 family
C1CBK0	JDJMKJEM_00024	Transcriptional regulator
Q8DMX8	JDJMKJEM_00025	CDP-diacylglycerol--glycerol-3-phosphate 3-phosphatidyltransferase
C1CHM0	JDJMKJEM_00026	ATPase component of general energizing module of ECF transporter
Q97N51	JDJMKJEM_00027	ATPase component of general energizing module of ECF transporter
Q8DMY1	JDJMKJEM_00028	Transmembrane component of general energizing module of ECF transporter
C1CHL7	JDJMKJEM_00029	Cell shape-determining protein MreC
C1CHL6	JDJMKJEM_00030	Cell shape-determining protein MreD
C1CHL5	JDJMKJEM_00031	Secreted antigen GbpB/SagA/PcsB%2C putative peptidoglycan hydrolase
C1CUD2	JDJMKJEM_00032	SSU ribosomal protein S2p (SAe)
Q04HW4	JDJMKJEM_00033	Translation elongation factor Ts
	JDJMKJEM_00034	SpF51_sRNA
	JDJMKJEM_00034	
A0A559A4Q6	JDJMKJEM_00035	IS66 family transposase Orf2
A0A4M6DX03	JDJMKJEM_00036	IS630 family transposase ISSpn2
A0A264SBY9	JDJMKJEM_00037	hypothetical protein
C1CBI7	JDJMKJEM_00038	Cysteine synthase
Q8DMY9	JDJMKJEM_00039	Protein co-occurring with transport systems
C1CBI5	JDJMKJEM_00040	DNA transporter ATPase%2C ComF operon protein A
Q8CWN0	JDJMKJEM_00041	Phosphoribosyltransferase domain protein%2C ComF operon protein C
C1CHK5	JDJMKJEM_00042	Ribosome hibernation promotion factor%2C long form
A0A4J1SX87	JDJMKJEM_00043	DHH family phosphoesterase Pde1
Q04HX2	JDJMKJEM_00044	LSU ribosomal protein L9p
Q8DMZ2	JDJMKJEM_00045	Replicative DNA helicase DnaC
Q8DMZ3	JDJMKJEM_00046	Hypothetical protein
B2INL9	JDJMKJEM_00047	Choline-binding protein D
	JDJMKJEM_00048	TPP
	JDJMKJEM_00048	
B1IA12	JDJMKJEM_00049	Cytoplasmic thiamin-binding component of thiamin ABC transporter
B1IA11	JDJMKJEM_00050	Thiamin ABC transporter ThiX%2C transmembrane component
Q8DMZ7	JDJMKJEM_00051	Thiamin ABC transporter ThiY%2C substrate-binding component
Q8DMZ8	JDJMKJEM_00052	Thiamin ABC transporter ThiZ%2C ATPase component
C1CHJ5	JDJMKJEM_00053	Transcriptional regulator CtsR
A0A4J2F7U4	JDJMKJEM_00054	ATP-dependent Clp protease ATP-binding subunit ClpC
A0A0B7M3U6	JDJMKJEM_00055	Two-component system response regulator
A2T3V7	JDJMKJEM_00056	Two-component system sensor histidine kinase
A0A0U0F393	JDJMKJEM_00057	Rhomboid family integral membrane protein
F2WWM3	JDJMKJEM_00058	hypothetical protein
C1CHI9	JDJMKJEM_00059	tRNA dihydrouridine synthase B
Q04HY8	JDJMKJEM_00060	Chaperonin%2C heat shock protein 33
A0A9P1LP27	JDJMKJEM_00061	Trans-acting positive regulator
B8ZQ22	JDJMKJEM_00062	Glycerol kinase
A0A0U0JAN3	JDJMKJEM_00063	Alpha-glycerophosphate oxidase
A0AAD2Q881	JDJMKJEM_00064	Glycerol uptake facilitator protein
Q8CY60	JDJMKJEM_00065	hypothetical protein
B1I9Z2	JDJMKJEM_00066	Hypothetical protein
A0A4J1NJ06	JDJMKJEM_00067	hypothetical protein
	JDJMKJEM_00068	group-II-D1D4-3
	JDJMKJEM_00068	
	JDJMKJEM_00069	group-II-D1D4-1
	JDJMKJEM_00069	
A0A4J1X5D2	JDJMKJEM_00070	Group II intron-encoded protein LtrA
A0A4J1TZW7	JDJMKJEM_00071	hypothetical protein
A0AA95IJM4	JDJMKJEM_00072	hypothetical protein
B2INJ7	JDJMKJEM_00073	Macrolide-efflux protein
C1CU95	JDJMKJEM_00074	D-alanine--poly(phosphoribitol) ligase subunit 1
A0A0B7L8I4	JDJMKJEM_00075	D-alanyl transfer protein DltB
Q04HZ9	JDJMKJEM_00076	D-alanine--poly(phosphoribitol) ligase subunit 2
A0A4J1SV00	JDJMKJEM_00077	Poly(glycerophosphate chain) D-alanine transfer protein DltD
A0A0B7LWX5	JDJMKJEM_00078	Transcriptional repressor AdcR for Zn(2+)-responsive expression
B2INJ0	JDJMKJEM_00079	Zinc ABC transporter%2C ATP-binding protein AdcC
O33704	JDJMKJEM_00080	Zinc ABC transporter%2C permease protein AdcB
A0A6I3UPZ2	JDJMKJEM_00081	Zinc ABC transporter%2C substrate-binding lipoprotein AdcA
	JDJMKJEM_00082	SpF66_sRNA
	JDJMKJEM_00082	
	JDJMKJEM_00083	SpF66_sRNA
	JDJMKJEM_00083	
A0A0B7LC33	JDJMKJEM_00084	L-fucose operon activator
A0A4J2BSX0	JDJMKJEM_00085	L-fuculokinase
A0A558TAT7	JDJMKJEM_00086	L-fuculose phosphate aldolase
A0A0H2US10	JDJMKJEM_00087	L-fucose mutarotase
B1I9X4	JDJMKJEM_00088	PTS IIA component
C1CHG2	JDJMKJEM_00089	PTS IIB component
Q8DN21	JDJMKJEM_00090	Mannose-specific PTS IIC component
Q8DN22	JDJMKJEM_00091	Mannose-specific PTS IID component
C1CHF9	JDJMKJEM_00092	Putative large secreted protein
C1CHF8	JDJMKJEM_00093	Fucolectin-related protein
B8ZPZ6	JDJMKJEM_00094	Bifunctional L-fucose isomerase/D-arabinose ketol-isomerase
A0AA36PY91	JDJMKJEM_00095	Lactaldehyde dehydrogenase involved in fucose or rhamnose utilization
Q8DN26	JDJMKJEM_00096	Putative stomatin/prohibitin-family membrane protease subunit YbbK
A0A0B7MDS5	JDJMKJEM_00097	hypothetical protein
A0A4J2EA28	JDJMKJEM_00098	IgA1 protease
A0A4J1XJM7	JDJMKJEM_00099	Putative Xaa-His dipeptidase
A0A4J1XHS8	JDJMKJEM_00100	Arginine/ornithine antiporter ArcD
Q8DN28	JDJMKJEM_00101	Carbamate kinase
A0A0B7LE02	JDJMKJEM_00102	Ornithine carbamoyltransferase
C1CU66	JDJMKJEM_00103	Arginine deiminase
B2ING8	JDJMKJEM_00104	Glycosyl hydrolase family 29 alpha-L-fucosidase
A0A4J1SW39	JDJMKJEM_00105	Alpha-1%2C2-mannosidase
C1CH78	JDJMKJEM_00106	Hypothetical protein
A0A4J1SXA1	JDJMKJEM_00107	Alpha-mannosidase
A0A4N9N831	JDJMKJEM_00108	N-acetylmannosamine kinase
A0A4J2AN64	JDJMKJEM_00109	Glycosyl hydrolase-related protein
A0A0H2US30	JDJMKJEM_00110	hypothetical protein
B2IN49	JDJMKJEM_00111	hypothetical protein
A0A4J1QMY7	JDJMKJEM_00112	IS1381 transposase OrfB
A0A4J1QMV3	JDJMKJEM_00113	hypothetical protein
C1CH70	JDJMKJEM_00114	hypothetical protein
A0AAE4FXB9	JDJMKJEM_00115	Choline-binding protein CbpN
C1CCX0	JDJMKJEM_00116	IS1167 transposase
	JDJMKJEM_00117	Srn266
	JDJMKJEM_00117	
Q04I36	JDJMKJEM_00118	LSU ribosomal protein L33p
Q8CWN3	JDJMKJEM_00119	LSU ribosomal protein L32p
Q8CY67	JDJMKJEM_00120	Hypothetical protein
A0A4J6Y1C3	JDJMKJEM_00121	Membrane protease family protein
A0A4V0K0Z4	JDJMKJEM_00122	Transcription antiterminator%2C BglG family
Q8CY69	JDJMKJEM_00123	Putative PTS IIB component
A0A4M9WZC6	JDJMKJEM_00124	Putative transport protein SgaT
A0A0B7M913	JDJMKJEM_00125	hypothetical protein
A0A0T8CD92	JDJMKJEM_00126	hypothetical protein
Q04I44	JDJMKJEM_00127	Dihydroxy-acid dehydratase
C1CH57	JDJMKJEM_00128	Putative aromatic ring hydroxylating enzyme
C1CC84	JDJMKJEM_00129	ISSpn8 transposase
A0A4N9N7Y9	JDJMKJEM_00130	Positive transcriptional regulator%2C MutR family
I6L8M4	JDJMKJEM_00131	IS1380 family transposase ISSpn5
A0A4J2BAY9	JDJMKJEM_00132	Macrolide-efflux protein
Q8DN46	JDJMKJEM_00133	Histidyl-tRNA synthetase
A0AA36PYR7	JDJMKJEM_00134	Hypothetical protein
A0A7X2XL73	JDJMKJEM_00135	Hypothetical protein
C1CH50	JDJMKJEM_00136	Transcriptional regulator%2C Cro/CI family
C1CH49	JDJMKJEM_00137	Hypothetical protein
B2IN36	JDJMKJEM_00138	Hypothetical protein
C1CH47	JDJMKJEM_00139	Membrane-bound protease%2C CAAX family
Q8CY74	JDJMKJEM_00140	Hypothetical protein
C1CH45	JDJMKJEM_00141	Hypothetical protein
C1CH44	JDJMKJEM_00142	Aspartyl-tRNA synthetase
C1CH43	JDJMKJEM_00143	Integral membrane protein
A0A4J1TGD8	JDJMKJEM_00144	Hypothetical protein
	JDJMKJEM_00145	Srn266
	JDJMKJEM_00145	
A0A6G2D532	JDJMKJEM_00146	IS1167 transposase
C1CH41	JDJMKJEM_00147	Maltose operon transcriptional repressor MalR%2C LacI family
C1CH40	JDJMKJEM_00148	Maltodextrose utilization protein MalA
C1CH39	JDJMKJEM_00149	Maltose/maltodextrin ABC transporter%2C permease protein MalD
P0A4N2	JDJMKJEM_00150	Maltose/maltodextrin ABC transporter%2C permease protein MalC
C1CH37	JDJMKJEM_00151	Maltose/maltodextrin ABC transporter%2C substrate binding periplasmic protein MalX
P0A3Q1	JDJMKJEM_00152	4-alpha-glucanotransferase (amylomaltase)
C1CH35	JDJMKJEM_00153	Maltodextrin phosphorylase
C1CH34	JDJMKJEM_00154	Hypothetical protein
C1CH33	JDJMKJEM_00155	Hypothetical protein
A0A4J1Y8G3	JDJMKJEM_00156	hypothetical protein
C1CH31	JDJMKJEM_00157	23S rRNA (guanine(745)-N(1))-methyltransferase
Q8CY77	JDJMKJEM_00158	Hypothetical protein
A0A4N9NIV2	JDJMKJEM_00159	Lead%2C cadmium%2C zinc and mercury transporting ATPase
Q97NE3	JDJMKJEM_00160	Tyrosyl-tRNA synthetase
Q75YK0	JDJMKJEM_00161	Multimodular transpeptidase-transglycosylase%2C penicillin-binding protein 1B
Q8DN53	JDJMKJEM_00162	Drug/metabolite transporter superfamily permease
Q8DN54	JDJMKJEM_00163	2%2C3%2C4%2C5-tetrahydropyridine-2%2C6-dicarboxylate N-acetyltransferase
Q8DN55	JDJMKJEM_00164	N-acetyl-L%2CL-diaminopimelate deacetylase
C1CH23	JDJMKJEM_00165	5-formyltetrahydrofolate cyclo-ligase
Q8DN57	JDJMKJEM_00166	Rhomboid family serine protease
C1CH21	JDJMKJEM_00167	UTP--glucose-1-phosphate uridylyltransferase
Q8DN59	JDJMKJEM_00168	Glycerol-3-phosphate dehydrogenase [NAD(P)+]
A0AA95IKJ6	JDJMKJEM_00169	Transcriptional regulator
Q8DN60	JDJMKJEM_00170	IS1380 family transposase ISSpn5
P0A3Y8	JDJMKJEM_00171	Phosphate transport system regulatory protein PhoU1
C1CH16	JDJMKJEM_00172	Phosphate transport ATP-binding protein PstB1
Q9X4T2	JDJMKJEM_00173	Phosphate transport system permease protein PstA1
Q8DN63	JDJMKJEM_00174	Phosphate transport system permease protein PstC1
Q8DN64	JDJMKJEM_00175	Phosphate ABC transporter periplasmic phosphate-binding protein PstS1
B2IN02	JDJMKJEM_00176	Two-component system sensor histidine kinase PnpS
Q9S1J6	JDJMKJEM_00177	Two-component system response regulator PnpR
A0A6I3T908	JDJMKJEM_00178	Putative cupin superfamily protein
A0A4G4E311	JDJMKJEM_00179	IS1381 transposase OrfB
Q8DN69	JDJMKJEM_00180	Arginyl-tRNA synthetase
P0A2Y3	JDJMKJEM_00181	Arginine pathway regulatory protein ArgR1
	JDJMKJEM_00182	SpR10_sRNA
	JDJMKJEM_00182	
B2IMZ6	JDJMKJEM_00183	DNA mismatch repair protein HexA
C1CH05	JDJMKJEM_00184	Multidrug resistance ABC transporter ATP-binding and permease protein
A0A0B7LCX1	JDJMKJEM_00185	hypothetical protein
C1CH03	JDJMKJEM_00186	Multidrug resistance ABC transporter ATP-binding and permease protein
C1CH02	JDJMKJEM_00187	Glutamine amidotransferase%2C class I
C1CH00	JDJMKJEM_00188	Glucose-6-phosphate isomerase
C1CGZ9	JDJMKJEM_00189	Glutamyl-tRNA synthetase
C1CGZ8	JDJMKJEM_00190	Cytidine/deoxycytidylate deaminase family protein
	JDJMKJEM_00191	tRNA-Glu(ttc)
	JDJMKJEM_00191	
	JDJMKJEM_00192	16S ribosomal RNA
	JDJMKJEM_00192	
	JDJMKJEM_00193	tRNA-Ala(tgc)
	JDJMKJEM_00193	
	JDJMKJEM_00194	23S ribosomal RNA
	JDJMKJEM_00194	
	JDJMKJEM_00195	5S ribosomal RNA
	JDJMKJEM_00195	
	JDJMKJEM_00196	tRNA-Val(tac)
	JDJMKJEM_00196	
	JDJMKJEM_00197	tRNA-Gly(tcc)
	JDJMKJEM_00197	
	JDJMKJEM_00198	tRNA-Ile(gat)
	JDJMKJEM_00198	
	JDJMKJEM_00199	tRNA-Ser(tga)
	JDJMKJEM_00199	
	JDJMKJEM_00200	tRNA-Met(cat)
	JDJMKJEM_00200	
	JDJMKJEM_00201	tRNA-Phe(gaa)
	JDJMKJEM_00201	
	JDJMKJEM_00202	tRNA-Tyr(gta)
	JDJMKJEM_00202	
	JDJMKJEM_00203	tRNA-Trp(cca)
	JDJMKJEM_00203	
	JDJMKJEM_00204	tRNA-His(gtg)
	JDJMKJEM_00204	
	JDJMKJEM_00205	tRNA-Gln(ttg)
	JDJMKJEM_00205	
	JDJMKJEM_00206	tRNA-Leu(caa)
	JDJMKJEM_00206	
C1CGZ7	JDJMKJEM_00207	Hypothetical protein
A0A0H2US33	JDJMKJEM_00208	Threonine synthase
C1CGZ5	JDJMKJEM_00209	Multi antimicrobial extrusion family transporter
Q8CY81	JDJMKJEM_00210	Hydrolase%2C haloacid dehalogenase-like family
C1CGZ3	JDJMKJEM_00211	Surface immunogenic protein
B2IMN8	JDJMKJEM_00212	hypothetical protein
C1CGZ1	JDJMKJEM_00213	Hypothetical protein
Q97NG9	JDJMKJEM_00214	Pyrrolidone-carboxylate peptidase
C1CGY9	JDJMKJEM_00215	Membrane protein
Q04IB3	JDJMKJEM_00216	tRNA-guanine transglycosylase
B2IMN2	JDJMKJEM_00217	Acyltransferase family protein
B2IMN1	JDJMKJEM_00218	N-acetylglucosamine-6-phosphate deacetylase
Q8DN84	JDJMKJEM_00219	Putative Zn-dependent alcohol dehydrogenase
Q8DN85	JDJMKJEM_00220	DNA-binding protein
C1CGY3	JDJMKJEM_00221	Late competence protein ComGA
A0A4J2AI34	JDJMKJEM_00222	Late competence protein ComGB
C1CGY1	JDJMKJEM_00223	Late competence protein ComGC
B2IMM5	JDJMKJEM_00224	Late competence protein ComGD
A0A0B7KTY0	JDJMKJEM_00225	Late competence protein ComGE
C1CGX8	JDJMKJEM_00226	Late competence protein ComGF
C1CGX7	JDJMKJEM_00227	hypothetical protein
Q8CY85	JDJMKJEM_00228	hypothetical protein
B2IMM0	JDJMKJEM_00229	hypothetical protein
B2IML9	JDJMKJEM_00230	Adenine-specific methyltransferase
C1CTV0	JDJMKJEM_00231	Acetate kinase
Q8DN92	JDJMKJEM_00232	Ribonuclease P protein component
B2IML5	JDJMKJEM_00233	Inner membrane protein translocase component YidC2
B2IML4	JDJMKJEM_00234	KH domain RNA-binding protein
B2IML3	JDJMKJEM_00235	Sakacin A production response regulator
B2IML2	JDJMKJEM_00236	Ascorbate-specific PTS IIC component
Q8DN95	JDJMKJEM_00237	Ascorbate-specific PTS IIB component
Q8DN96	JDJMKJEM_00238	Ascorbate-specific PTS IIA component
C1CA80	JDJMKJEM_00239	3-keto-L-gulonate 6-phosphate decarboxylase
B2IMK8	JDJMKJEM_00240	L-xylulose 5-phosphate 3-epimerase
A0A4J1RBS7	JDJMKJEM_00241	L-xylulose 5-phosphate 3-epimerase
A0A4H9FP53	JDJMKJEM_00242	L-ribulose-5-phosphate 4-epimerase
C1CGW2	JDJMKJEM_00243	Transcriptional antiterminator
Q8DNA1	JDJMKJEM_00244	Putative L-ascorbate-6-phosphate lactonase UlaG
C1CGW0	JDJMKJEM_00245	Transketolase
Q8DNA3	JDJMKJEM_00246	Preprotein translocase subunit YajC
C1CGV8	JDJMKJEM_00247	Low molecular weight protein tyrosine phosphatase
Q8CY89	JDJMKJEM_00248	Hypothetical protein
C1CGV5	JDJMKJEM_00249	Bifunctional acetaldehyde dehydrogenase/alcohol dehydrogenase
B2IMJ8	JDJMKJEM_00250	Cellobiose-specific PTS IIA component
A0A2L1H0A2	JDJMKJEM_00251	Cellobiose-specific PTS IIB component
Q8DNA8	JDJMKJEM_00252	Cellobiose-specific PTS IIC component
A0AA86J9C7	JDJMKJEM_00253	6-phospho-beta-glucosidase
Q8DNB0	JDJMKJEM_00254	Transcriptional regulator%2C GntR family
A0A0H2XDB2	JDJMKJEM_00255	hypothetical protein
C1CGU8	JDJMKJEM_00256	Malonate permease
B2IMJ1	JDJMKJEM_00257	Quinolinate phosphoribosyltransferase
C1CGU6	JDJMKJEM_00258	IS630 family transposase IS630-Spn1
B2IMI9	JDJMKJEM_00259	IS630 family transposase IS630-Spn1
A0A0U0FY76	JDJMKJEM_00260	ABC transporter%2C permease protein
C1CGU4	JDJMKJEM_00261	NAD-dependent glyceraldehyde-3-phosphate dehydrogenase
Q8DNB5	JDJMKJEM_00262	RluD-like protein
C1CGU2	JDJMKJEM_00263	Multimodular transpeptidase-transglycosylase%2C penicillin-binding protein 2A
Q8DNB7	JDJMKJEM_00264	Protein translocase subunit SecE
C1CGT9	JDJMKJEM_00265	Transcription antitermination protein NusG
Q9R2W8	JDJMKJEM_00266	Competence-specific sigma factor ComX
	JDJMKJEM_00267	tRNA-Glu(ttc)
	JDJMKJEM_00267	
	JDJMKJEM_00268	16S ribosomal RNA
	JDJMKJEM_00268	
	JDJMKJEM_00269	tRNA-Ala(tgc)
	JDJMKJEM_00269	
	JDJMKJEM_00270	23S ribosomal RNA
	JDJMKJEM_00270	
	JDJMKJEM_00271	5S ribosomal RNA
	JDJMKJEM_00271	
	JDJMKJEM_00272	tRNA-Val(tac)
	JDJMKJEM_00272	
	JDJMKJEM_00273	tRNA-Asp(gtc)
	JDJMKJEM_00273	
	JDJMKJEM_00274	tRNA-Lys(ttt)
	JDJMKJEM_00274	
	JDJMKJEM_00275	tRNA-Leu(tag)
	JDJMKJEM_00275	
	JDJMKJEM_00276	tRNA-Thr(tgt)
	JDJMKJEM_00276	
	JDJMKJEM_00277	tRNA-Gly(gcc)
	JDJMKJEM_00277	
	JDJMKJEM_00278	tRNA-Leu(taa)
	JDJMKJEM_00278	
	JDJMKJEM_00279	tRNA-Arg(acg)
	JDJMKJEM_00279	
	JDJMKJEM_00280	tRNA-Pro(tgg)
	JDJMKJEM_00280	
C1CGT7	JDJMKJEM_00281	Hypothetical protein
C1CGT6	JDJMKJEM_00282	Hypothetical protein
A0A0H2URR2	JDJMKJEM_00283	ABC transporter%2C ATP-binding protein
A0A0B7LZR8	JDJMKJEM_00284	ABC transporter%2C permease protein
A0A4N9N5S8	JDJMKJEM_00285	Two-component system sensor histidine kinase
A0A0H2ZNM2	JDJMKJEM_00286	Two-component system response regulator
C1CA45	JDJMKJEM_00287	Catabolite control protein A
C1CA43	JDJMKJEM_00288	L-asparaginase
A0A0E8P5D6	JDJMKJEM_00289	Hydrolase%2C HAD superfamily
C1CGS7	JDJMKJEM_00290	Universal stress protein family protein
A0A0B7LHZ7	JDJMKJEM_00291	Hypothetical protein
C1CGS5	JDJMKJEM_00292	Alanine transaminase
Q04IH6	JDJMKJEM_00293	LSU ribosomal protein L34p
A0AA86XN69	JDJMKJEM_00294	hypothetical protein
A0A4M6CYD8	JDJMKJEM_00295	Putative deoxyribonuclease TatD
A0A064BZW1	JDJMKJEM_00296	Ribonuclease M5
C1CGS0	JDJMKJEM_00297	Transcriptional regulator
B2IM57	JDJMKJEM_00298	Hypothetical protein
A0A0H2URR8	JDJMKJEM_00299	Putative immunity protein
Q8DND2	JDJMKJEM_00300	ABC transporter%2C ATP-binding protein
A0A4J1TIZ6	JDJMKJEM_00301	Hypothetical protein
Q97NN5	JDJMKJEM_00302	SSU rRNA (adenine(1518)-N(6)/adenine(1519)-N(6))- dimethyltransferase
C1CGR4	JDJMKJEM_00303	Ribosome small subunit-stimulated GTPase RsgA
A0A0H2US58	JDJMKJEM_00304	Ribulose-phosphate 3-epimerase
A0A0H2URX8	JDJMKJEM_00305	Thiamin pyrophosphokinase
A0A0H2URR5	JDJMKJEM_00306	DNA recombination protein RmuC
Q8DND8	JDJMKJEM_00307	3'->5' exoribonuclease YhaM
C1CGQ9	JDJMKJEM_00308	PurR: transcription regulator associated with purine metabolism
A0A0E7TTS1	JDJMKJEM_00309	Diaminopimelate decarboxylase
A0A0B7L6D8	JDJMKJEM_00310	Pyruvate formate-lyase activating enzyme
A0A0E7TR12	JDJMKJEM_00311	Inner membrane protein translocase component YidC1
Q8DNE2	JDJMKJEM_00312	Putative nucleoside phosphatase
A0A0E8P6L3	JDJMKJEM_00313	rRNA methylase
C1CGQ4	JDJMKJEM_00314	Membrane protein
Q97NQ0	JDJMKJEM_00315	Aspartate--ammonia ligase
A0A064C0J9	JDJMKJEM_00316	16S rRNA (guanine(966)-N(2))-methyltransferase
B8ZNX4	JDJMKJEM_00317	Phosphopantetheine adenylyltransferase
A0AA87CB90	JDJMKJEM_00318	Lon-like protease
A0A0E8SWW9	JDJMKJEM_00319	Hypothetical protein
A0A4M6CVU0	JDJMKJEM_00320	UDP-N-acetylglucosamine 1-carboxyvinyltransferase
Q03159	JDJMKJEM_00321	Competence-associated EpuA protein
C1CGP6	JDJMKJEM_00322	DNA-entry nuclease
Q8DNE9	JDJMKJEM_00323	Putative hemolysin
	JDJMKJEM_00324	tRNA-Cys(gca)
	JDJMKJEM_00324	
	JDJMKJEM_00325	Lacto-rpoB
	JDJMKJEM_00325	
A0A0B7LZ45	JDJMKJEM_00326	DNA-directed RNA polymerase beta subunit
Q04IK7	JDJMKJEM_00327	DNA-directed RNA polymerase beta' subunit
A0A0B7LBQ0	JDJMKJEM_00328	Nucleoside diphosphate kinase
A0A0B7LDE7	JDJMKJEM_00329	hypothetical protein
Q8CY96	JDJMKJEM_00330	hypothetical protein
C1CA02	JDJMKJEM_00331	ABC transporter%2C ATP-binding protein
A0A4M6D8I7	JDJMKJEM_00332	Putative immunity protein
Q8DNF3	JDJMKJEM_00333	Epidermin leader peptide processing serine protease EPIP precursor
C1CGN7	JDJMKJEM_00334	Toxin secretion ABC transporter%2C ATP-binding/permease protein
Q8CY98	JDJMKJEM_00335	Hypothetical protein
Q8DNF5	JDJMKJEM_00336	Putative flavin adenine dinucleotide (FAD)-dependent flavoprotein WrbA
A0A4J1TCN9	JDJMKJEM_00337	Lanthionine biosynthesis protein LanM
Q8CY99	JDJMKJEM_00338	Class II two-component lantibiotic peptide PneA2
Q8CYA0	JDJMKJEM_00339	Class II two-component lantibiotic peptide PneA1
Q8CYA1	JDJMKJEM_00340	Hypothetical protein
Q8DNF7	JDJMKJEM_00341	Putative transcriptional regulator PlcR
Q8CYA2	JDJMKJEM_00342	Immunity factor ComM
Q8DNF8	JDJMKJEM_00343	TsaE protein%2C required for threonylcarbamoyladenosine t(6)A37 formation in tRNA
Q8DNF9	JDJMKJEM_00344	Acetyltransferase
A0A0E8P863	JDJMKJEM_00345	Transcriptional regulator LytR
C1C9K9	JDJMKJEM_00346	Bifunctional ADP-ribose pyrophosphatase/nicotinamide-nucleotide amidase
Q04IM6	JDJMKJEM_00347	DNA recombination/repair protein RecA
A0A4J1S9E8	JDJMKJEM_00348	MATE efflux family protein DinF
Q8KLP2	JDJMKJEM_00349	Autolysin/N-acetylmuramoyl-L-alanine amidase LytA
A0A0B7MDF1	JDJMKJEM_00350	Putative toxin
A0A0H2URQ7	JDJMKJEM_00351	Putative toxin
C1C9K2	JDJMKJEM_00352	hypothetical protein
A0A4J2F937	JDJMKJEM_00353	hypothetical protein
Q8CYA9	JDJMKJEM_00354	hypothetical protein
A0A4G5QRW7	JDJMKJEM_00355	Hypothetical protein
C1CGL6	JDJMKJEM_00356	Hypothetical protein
A0A4J1TBX4	JDJMKJEM_00357	IS1381 transposase OrfB
A0A4J1ZS35	JDJMKJEM_00358	IS5 family transposase ISSpn7
B2IM15	JDJMKJEM_00359	Hypothetical protein
Q8CYB4	JDJMKJEM_00360	Hypothetical protein
Q8CYB5	JDJMKJEM_00361	Hypothetical protein
B1I8C5	JDJMKJEM_00362	Pneumolysin
Q04IN9	JDJMKJEM_00363	Transcriptional regulatory protein YeeN
A0A0B7LGM0	JDJMKJEM_00364	hypothetical protein
A0A4J1STA1	JDJMKJEM_00365	Multidrug resistance ABC transporter ATP-binding and permease protein
B2IM07	JDJMKJEM_00366	putative ABC transporter ATP-binding protein
Q8CYB6	JDJMKJEM_00367	Hypothetical protein
C1CGK7	JDJMKJEM_00368	Phosphatidylglycerophosphatase B
A0A0H2URK9	JDJMKJEM_00369	Response regulator of the LytR/AlgR family protein
C1CGK5	JDJMKJEM_00370	Membrane protein
Q8CYB9	JDJMKJEM_00371	Hypothetical protein
Q8DNH1	JDJMKJEM_00372	Thioredoxin
C1CGK1	JDJMKJEM_00373	Phenylalanyl-tRNA synthetase domain protein
C1CGK0	JDJMKJEM_00374	Short-chain dehydrogenase
A0A0E8PDH7	JDJMKJEM_00375	Single-stranded DNA-binding protein SsbB
Q8VTM9	JDJMKJEM_00376	Heat shock protein 60 family co-chaperone GroES
Q04IQ3	JDJMKJEM_00377	Heat shock protein 60 family chaperone GroEL
A0A4J1XM17	JDJMKJEM_00378	IS1167 transposase Orf2
C1CE88	JDJMKJEM_00379	hypothetical protein
A0A4J2F989	JDJMKJEM_00380	IS1167 transposase Orf1
	JDJMKJEM_00381	Srn266
	JDJMKJEM_00381	
Q8CYC0	JDJMKJEM_00382	Hypothetical protein
	JDJMKJEM_00383	Spy392987
	JDJMKJEM_00383	
B8ZNK8	JDJMKJEM_00384	Cysteinyl-tRNA synthetase related protein
A0A5R9ATB6	JDJMKJEM_00385	Regulatory protein RecX
C1CGD1	JDJMKJEM_00386	RNA methyltransferase%2C TrmA family
	JDJMKJEM_00387	tRNA-Glu(ttc)
	JDJMKJEM_00387	
	JDJMKJEM_00388	16S ribosomal RNA
	JDJMKJEM_00388	
	JDJMKJEM_00389	tRNA-Ala(tgc)
	JDJMKJEM_00389	
	JDJMKJEM_00390	23S ribosomal RNA
	JDJMKJEM_00390	
	JDJMKJEM_00391	5S ribosomal RNA
	JDJMKJEM_00391	
	JDJMKJEM_00392	tRNA-Val(tac)
	JDJMKJEM_00392	
	JDJMKJEM_00393	tRNA-Asp(gtc)
	JDJMKJEM_00393	
	JDJMKJEM_00394	tRNA-Lys(ttt)
	JDJMKJEM_00394	
	JDJMKJEM_00395	tRNA-Leu(tag)
	JDJMKJEM_00395	
	JDJMKJEM_00396	tRNA-Thr(tgt)
	JDJMKJEM_00396	
	JDJMKJEM_00397	tRNA-Gly(gcc)
	JDJMKJEM_00397	
	JDJMKJEM_00398	tRNA-Leu(taa)
	JDJMKJEM_00398	
	JDJMKJEM_00399	tRNA-Arg(acg)
	JDJMKJEM_00399	
	JDJMKJEM_00400	tRNA-Pro(tgg)
	JDJMKJEM_00400	
	JDJMKJEM_00401	tRNA-Met(cat)
	JDJMKJEM_00401	
	JDJMKJEM_00402	tRNA-Met(cat)
	JDJMKJEM_00402	
	JDJMKJEM_00403	tRNA-Ser(tga)
	JDJMKJEM_00403	
	JDJMKJEM_00404	tRNA-Met(cat)
	JDJMKJEM_00404	
	JDJMKJEM_00405	tRNA-Phe(gaa)
	JDJMKJEM_00405	
	JDJMKJEM_00406	tRNA-Gly(tcc)
	JDJMKJEM_00406	
	JDJMKJEM_00407	tRNA-Ile(gat)
	JDJMKJEM_00407	
	JDJMKJEM_00408	tRNA-Ser(gct)
	JDJMKJEM_00408	
A0A4M6D5V0	JDJMKJEM_00409	IS1167 transposase Orf2
C1CF90	JDJMKJEM_00410	IS1167 transposase
	JDJMKJEM_00411	Srn266
	JDJMKJEM_00411	
A0A0E8P577	JDJMKJEM_00412	Bifunctional biotin operon repressor/Biotin--protein ligase
A0A0H2URT9	JDJMKJEM_00413	Multiple sugar metabolism operon regulatory protein MsmR
A0A4J1ST81	JDJMKJEM_00414	Alpha-galactosidase
C1CGC5	JDJMKJEM_00415	Multiple sugar ABC transporter%2C substrate-binding protein MsmE
A0A7X2XIH7	JDJMKJEM_00416	Multiple sugar ABC transporter%2C membrane-spanning permease protein MsmF
A0A4J5GPT0	JDJMKJEM_00417	Multiple sugar ABC transporter%2C membrane-spanning permease protein MsmG
A0AA86XFB4	JDJMKJEM_00418	Sucrose phosphorylase
Q8CYC1	JDJMKJEM_00419	Wall teichoic acid biosynthesis protein RafX
	JDJMKJEM_00420	group-II-D1D4-3
	JDJMKJEM_00420	
A0A062WTD1	JDJMKJEM_00421	Peptide ABC transporter substrate-binding protein AmiA
C1C9F9	JDJMKJEM_00422	Peptide ABC transporter permease AmiC
C1CGB7	JDJMKJEM_00423	Peptide ABC transporter permease AmiD
A0A0B7LLF7	JDJMKJEM_00424	Peptide ABC transporter ATP-binding protein AmiE
B2ISY6	JDJMKJEM_00425	Peptide ABC transporter ATP-binding protein AmiF
A0A0B7LEI6	JDJMKJEM_00426	ABC transporter substrate-binding protein
A0A0B7LDL1	JDJMKJEM_00427	ABC transporter substrate-binding protein
A0A4J1SRW4	JDJMKJEM_00428	Putative tryptophan-specific ABC transporter permease protein TrpY
A0A7X2XK89	JDJMKJEM_00429	ABC transporter ATP-binding protein
A0A7X2XHN6	JDJMKJEM_00430	Trehalose operon transcriptional repressor
A0A7X2XHR6	JDJMKJEM_00431	Trehalose-specific PTS IIBCA components
A0AA86J6G1	JDJMKJEM_00432	Trehalose-6-phosphate hydrolase
B2ISY0	JDJMKJEM_00433	Hypothetical protein
Q04IS7	JDJMKJEM_00434	Glutamate racemase
B2ISX8	JDJMKJEM_00435	Nucleoside 5-triphosphatase RdgB (dHAPTP%2C dITP%2C XTP-specific)
C1CGA3	JDJMKJEM_00436	Phosphoesterase
Q9EUQ9	JDJMKJEM_00437	CBS domain protein
C1C9E3	JDJMKJEM_00438	Tyrosine recombinase XerD
A0A0T8RTE1	JDJMKJEM_00439	Segregation and condensation protein A
Q8DNI9	JDJMKJEM_00440	Segregation and condensation protein B
Q8DNJ0	JDJMKJEM_00441	Ribosomal large subunit pseudouridine synthase B
C1CG97	JDJMKJEM_00442	Putative membrane protein insertion efficiency factor YidD
A0A0B7M871	JDJMKJEM_00443	Iron compound ABC uptake transporter substrate-binding protein PiuA
A0A0B7M6K1	JDJMKJEM_00444	Iron compound ABC uptake transporter ATP-binding protein PiuD
C1CG94	JDJMKJEM_00445	Iron compound ABC uptake transporter permease protein PiuC
A0A0H2ZMI3	JDJMKJEM_00446	Iron compound ABC uptake transporter permease protein PiuB
A0A0E7ZNQ0	JDJMKJEM_00447	UDP-glucose 4-epimerase
Q8DNJ7	JDJMKJEM_00448	Glutamyl aminopeptidase
A0A0E8P644	JDJMKJEM_00449	Hypothetical protein
Q8CYC4	JDJMKJEM_00450	Transcriptional regulator%2C MarR family
A0A0B7LCB4	JDJMKJEM_00451	Hypothetical protein
C1CG87	JDJMKJEM_00452	Glycine betaine/L-proline transport ATP-binding protein ProV
A0A0T7KAV4	JDJMKJEM_00453	Glycine betaine/L-proline transport substrate-binding/permease protein ProWX
Q8DNK1	JDJMKJEM_00454	Ribosyl nicotinamide transporter PnuC
A0A0H2ZQB6	JDJMKJEM_00455	Transcriptional regulator SczA%2C TetR family
Q8DNK3	JDJMKJEM_00456	Cobalt-zinc-cadmium resistance protein CzcD
Q8DNK4	JDJMKJEM_00457	Transcriptional regulator%2C MerR family
C1CG80	JDJMKJEM_00458	Alcohol dehydrogenase
Q8DNK6	JDJMKJEM_00459	Galactose operon repressor%2C GalR-LacI family
A0A0E8P399	JDJMKJEM_00460	Galactokinase
A0A4J1SPH5	JDJMKJEM_00461	Galactose-1-phosphate uridylyltransferase
A0A062WM72	JDJMKJEM_00462	Thioesterase
A0A0B7M887	JDJMKJEM_00463	hypothetical protein
A0AA44MQS6	JDJMKJEM_00464	Type-2 restriction enzyme Sau3AI
A0A4M6DAQ7	JDJMKJEM_00465	Xanthine permease
Q3I0D6	JDJMKJEM_00466	Xanthine phosphoribosyltransferase
	JDJMKJEM_00467	Purine
	JDJMKJEM_00467	
Q8CYC6	JDJMKJEM_00468	hypothetical protein
C1CG71	JDJMKJEM_00469	Exodeoxyribonuclease III
A0A0H2ZQA0	JDJMKJEM_00470	hypothetical protein
Q8CYC7	JDJMKJEM_00471	hypothetical protein
Q8DNL2	JDJMKJEM_00472	hypothetical protein
A0A0H2ZML2	JDJMKJEM_00473	ABC transporter%2C ATP-binding/permease protein
C1CG66	JDJMKJEM_00474	ABC transporter%2C ATP-binding/permease protein
Q8DNL5	JDJMKJEM_00475	Sugar transferases involved in lipopolysaccharide synthesis
C1CG64	JDJMKJEM_00476	Putative UDP-4-keto-6-deoxy-D-glucose 4-transaminase AatB
C7G4B8	JDJMKJEM_00477	Plasmin- and fibronectin-binding protein PfbA
Q8CYD0	JDJMKJEM_00478	hypothetical protein
C1CG60	JDJMKJEM_00479	hypothetical protein
Q8DNL7	JDJMKJEM_00480	Phosphate transport system protein PhoU3
Q8DNL8	JDJMKJEM_00481	Galactose-1-phosphate uridylyltransferase
C1CG57	JDJMKJEM_00482	UDP-glucose 4-epimerase
Q8CYD2	JDJMKJEM_00483	Hypothetical protein
C1C979	JDJMKJEM_00484	ABC transporter%2C substrate-binding protein
C1CG53	JDJMKJEM_00485	ABC transporter%2C ATP-binding protein
A0A0H2ZPF8	JDJMKJEM_00486	Iron(III)-transport system permease protein SfuB
Q8DNM3	JDJMKJEM_00487	Mg(2+)-transport-ATPase-associated protein MgtC
Q8CYD4	JDJMKJEM_00488	Hypothetical protein
Q8DNM4	JDJMKJEM_00489	Galactose operon repressor%2C GalR-LacI family
	JDJMKJEM_00490	T-box
	JDJMKJEM_00490	
A0AA44MTK3	JDJMKJEM_00491	Anthranilate synthase%2C aminase component
A0A0E8P369	JDJMKJEM_00492	Bifunctional anthranilate synthase%2C amidotransferase component/para-aminobenzoate synthase%2Camidotransferase component
C1CT54	JDJMKJEM_00493	Anthranilate phosphoribosyltransferase
Q97P30	JDJMKJEM_00494	Indole-3-glycerol phosphate synthase
B8ZN60	JDJMKJEM_00495	Phosphoribosylanthranilate isomerase
B8ZN59	JDJMKJEM_00496	Tryptophan synthase beta chain
B8ZN58	JDJMKJEM_00497	Tryptophan synthase alpha chain
Q8CYD6	JDJMKJEM_00498	Hypothetical protein
C1CG39	JDJMKJEM_00499	Transcriptional regulator%2C Xre family
A0A9P1LPI9	JDJMKJEM_00500	Type IV prepilin peptidase
A0A9P1QBZ8	JDJMKJEM_00501	Acetyltransferase
A0A0B7M2Q2	JDJMKJEM_00502	Xylose repressor protein
A0A0U0J622	JDJMKJEM_00503	Cellobiose-specific PTS IIC component
A0A0B7L735	JDJMKJEM_00504	hypothetical protein
C1CG33	JDJMKJEM_00505	Cellobiose-specific PTS IIB component
C1CG32	JDJMKJEM_00506	Lactose-specific PTS IIA component
B2ISF4	JDJMKJEM_00507	Cellobiose-specific PTS IIC component
B2ISF3	JDJMKJEM_00508	Arylsulfatase
B2ISF2	JDJMKJEM_00509	Formylglycine-generating enzyme
C1CG28	JDJMKJEM_00510	hypothetical protein
Q97P39	JDJMKJEM_00511	Hypothetical protein
Q8DNN3	JDJMKJEM_00512	General stress protein%2C Gls24 family
Q8DNN4	JDJMKJEM_00513	Small integral membrane protein
B2ISG1	JDJMKJEM_00514	Hypothetical protein
C1C945	JDJMKJEM_00515	Membrane protein
Q97P44	JDJMKJEM_00516	M protein trans-acting positive regulator Mga2
C1CG19	JDJMKJEM_00517	Multiple sugar metabolism operon regulatory protein
C1CG18	JDJMKJEM_00518	Multiple sugar ABC transporter%2C membrane-spanning permease protein
B2ISF6	JDJMKJEM_00519	ABC transporter permease protein
A0A0B7LIL5	JDJMKJEM_00520	hypothetical protein
A0A4J1XRF0	JDJMKJEM_00521	Sucrose-6-phosphate hydrolase
	JDJMKJEM_00522	tRNA-Lys(ctt)
	JDJMKJEM_00522	
A0A0H2ZP67	JDJMKJEM_00523	Chromosome segregation helicase
A0AA87CCE4	JDJMKJEM_00524	Hypothetical protein
A0A6G2DHC2	JDJMKJEM_00525	Addiction module toxin HicA
Q8DNP2	JDJMKJEM_00526	Addiction module antitoxin HicB
A0A0E8P8F3	JDJMKJEM_00527	Hypothetical protein
A0A0B7LKK5	JDJMKJEM_00528	Hypothetical protein
C1CG08	JDJMKJEM_00529	7%2C8-dihydro-8-oxoguanine-triphosphatase
B2ISE0	JDJMKJEM_00530	hypothetical protein
A0A0B7L667	JDJMKJEM_00531	hypothetical protein
Q5I8Q8	JDJMKJEM_00532	hypothetical protein
B8ZMW2	JDJMKJEM_00533	Ribosomal protein L11 methyltransferase
A0A822QC14	JDJMKJEM_00534	16S rRNA (uracil(1498)-N(3))-methyltransferase
A0A0B7M8H5	JDJMKJEM_00535	Oligoendopeptidase F
C1CG01	JDJMKJEM_00536	Putative membrane protein
A0A4J1SVL3	JDJMKJEM_00537	hypothetical protein
B2ISD3	JDJMKJEM_00538	Aquaporin Z
A0A4J1ST00	JDJMKJEM_00539	NADPH-dependent 7-cyano-7-deazaguanine reductase
C1CFZ6	JDJMKJEM_00540	Thioredoxin
Q8CYE5	JDJMKJEM_00541	Hypothetical protein
C1CFZ4	JDJMKJEM_00542	Transcriptional regulator%2C MarR family
A0A4J1YXD6	JDJMKJEM_00543	hypothetical protein
A0A4J1TRK6	JDJMKJEM_00544	hypothetical protein
B2ISC6	JDJMKJEM_00545	UDP-N-acetylglucosamine--peptide N-acetylglucosaminyltransferase stabilizing protein GtfB
C1CFZ1	JDJMKJEM_00546	Glycosyltransferase GlyE
A0AAD2QAF9	JDJMKJEM_00547	Glycosyltransferase%2C group 2 family
A0A4J1WNG3	JDJMKJEM_00548	Glycosyltransferase GlyG
C1C904	JDJMKJEM_00549	Glucosyltransferase 3
A0A4J1THF8	JDJMKJEM_00550	Glycosyltransferase GlyD
A0A4J1PY38	JDJMKJEM_00551	Glycosyltransferase GlyG
B1I7M9	JDJMKJEM_00552	Glycosyltransferase GlyE
A0A4J1S4E3	JDJMKJEM_00553	Glycosyltransferase GlyE
A0A4J1Y8V7	JDJMKJEM_00554	Glycosyltransferase%2C group 2 family
C1C8Z9	JDJMKJEM_00555	Protein translocase subunit SecY
A0A4M6DF35	JDJMKJEM_00556	Accessory Sec system protein Asp1
A0A4J1YPC4	JDJMKJEM_00557	Accessory Sec system protein Asp2
A0A4J1TGN0	JDJMKJEM_00558	Accessory Sec system protein Asp3
A0AAE4JZ65	JDJMKJEM_00559	Protein translocase subunit SecA
B2ISB1	JDJMKJEM_00560	UDP-N-acetylglucosamine--peptide N-acetylglucosaminyltransferase GtfA subunit
A0A6G2DWF0	JDJMKJEM_00561	UDP-N-acetylglucosamine--peptide N-acetylglucosaminyltransferase stabilizing protein GtfB
C1CFX7	JDJMKJEM_00562	hypothetical protein
B1I7L8	JDJMKJEM_00563	hypothetical protein
A0A4J1TGD8	JDJMKJEM_00564	hypothetical protein
B1I7L6	JDJMKJEM_00565	Membrane protein
A0A237KAY3	JDJMKJEM_00566	Serine/threonine transporter SstT
B2ISA3	JDJMKJEM_00567	Potassium efflux system KefA protein
A0A4M6CUZ6	JDJMKJEM_00568	Magnesium and cobalt transport protein CorA2
B2ISA1	JDJMKJEM_00569	Hydrolase%2C HAD subfamily IIIA
A0A4V0IZN5	JDJMKJEM_00570	GTP-binding protein YqeH%2C required for biogenesis of 30S ribosome subunit
Q8DNQ6	JDJMKJEM_00571	RNA-binding protein
P65505	JDJMKJEM_00572	Nicotinate-nucleotide adenylyltransferase
B2IS97	JDJMKJEM_00573	HAD superfamily hydrolase YqeK
B2IS96	JDJMKJEM_00574	Isochorismatase
Q8DNQ9	JDJMKJEM_00575	Ribosomal silencing factor RsfA
A0A0T8UQ75	JDJMKJEM_00576	Methyltransferase
B8ZMR7	JDJMKJEM_00577	hypothetical protein
A0A4M6D4L6	JDJMKJEM_00578	IS1167 transposase Orf2
A0A064C1Y8	JDJMKJEM_00579	hypothetical protein
A0A4J1ZQD4	JDJMKJEM_00580	hypothetical protein
A0A248XE06	JDJMKJEM_00581	hypothetical protein
A0A4J1ZQK1	JDJMKJEM_00582	hypothetical protein
A0A4J1ZRK5	JDJMKJEM_00583	hypothetical protein
Q04J36	JDJMKJEM_00584	Ribonuclease Y
Q97PA3	JDJMKJEM_00585	Guanylate kinase
Q04J38	JDJMKJEM_00586	DNA-directed RNA polymerase omega subunit
A0A4M6CTF0	JDJMKJEM_00587	Helicase PriA essential for oriC/DnaA-independent DNA replication
C1CFV7	JDJMKJEM_00588	Methionyl-tRNA formyltransferase
C1CFV6	JDJMKJEM_00589	16S rRNA (cytosine(967)-C(5))-methyltransferase
C1CFV5	JDJMKJEM_00590	Protein serine/threonine phosphatase PhpP
C1CFV4	JDJMKJEM_00591	Serine/threonine protein kinase StkP
C1CFV3	JDJMKJEM_00592	Membrane protein
C1CFV2	JDJMKJEM_00593	Putative membrane-spanning protein
C1CFV0	JDJMKJEM_00594	IS1381 transposase OrfB
A0A4J1Y9X1	JDJMKJEM_00595	Hypothetical protein
Q9FD56	JDJMKJEM_00596	Hydroxymethylglutaryl-CoA synthase
Q8DNS5	JDJMKJEM_00597	Hydroxymethylglutaryl-CoA reductase
C1CFU6	JDJMKJEM_00598	Sucrose operon repressor ScrR%2C LacI family
C1CFU5	JDJMKJEM_00599	Sucrose-6-phosphate hydrolase
C1CFU3	JDJMKJEM_00600	Sucrose-specific PTS IIBCA components
C1CFU2	JDJMKJEM_00601	Fructokinase
C1CFU1	JDJMKJEM_00602	Immunoreactive protein Se23.5-like protein
C1CFT9	JDJMKJEM_00603	ABC transporter ATP-binding protein - Na+ export
C1CFT8	JDJMKJEM_00604	ABC transporter membrane-spanning permease - Na+ export
B2IRX1	JDJMKJEM_00605	ABC transporter ATP-binding protein
C1CFT6	JDJMKJEM_00606	Multidrug ABC transporter%2C ATP-binding protein
Q8DNT4	JDJMKJEM_00607	Transcriptional regulator%2C GntR family
B2IRW8	JDJMKJEM_00608	Ribonucleotide reductase transcriptional regulator NrdR
A0A4J2GDI7	JDJMKJEM_00609	Helicase loader DnaB
C1CFT2	JDJMKJEM_00610	Helicase loader DnaI
C1CFT1	JDJMKJEM_00611	NADPH-flavin oxidoreductase
Q04J64	JDJMKJEM_00612	GTP-binding protein EngA
B2IRW3	JDJMKJEM_00613	Hypothetical protein
A0A237JXL5	JDJMKJEM_00614	Hypothetical protein
U4KJB6	JDJMKJEM_00615	MutR-like transcriptional regulator
U4KJA5	JDJMKJEM_00616	Hypothetical protein
C1CFS5	JDJMKJEM_00617	Hypothetical protein
C1CFS4	JDJMKJEM_00618	Hypothetical protein
C1CFS3	JDJMKJEM_00619	ABC transporter%2C ATP-binding protein
C1CFS2	JDJMKJEM_00620	hypothetical protein
Q97PD6	JDJMKJEM_00621	Protein translocase subunit SecA
C1CFS0	JDJMKJEM_00622	2-keto-3-deoxy-D-arabino-heptulosonate-7- phosphate synthase I alpha
Q8DNU0	JDJMKJEM_00623	2-keto-3-deoxy-D-arabino-heptulosonate-7- phosphate synthase I alpha
B2IRV4	JDJMKJEM_00624	Holo-[acyl-carrier protein] synthase
Q04J74	JDJMKJEM_00625	Alanine racemase
C1CFR6	JDJMKJEM_00626	ATP-dependent DNA helicase RecG
C1CFR5	JDJMKJEM_00627	Bifunctional acetyl xylan esterase 1/cephalosporin-C deacetylase
A0A4M9XLB3	JDJMKJEM_00628	Hypothetical protein
Q8CYF7	JDJMKJEM_00629	Hypothetical protein
B8XTU1	JDJMKJEM_00630	Sialidase NanA
Q8CYF8	JDJMKJEM_00631	Putative beta-D-galactosidase
A0A4J2CHU6	JDJMKJEM_00632	ABC transporter substrate-binding protein - sugar transport
A0A4J2G5L7	JDJMKJEM_00633	ABC transporter membrane-spanning permease%2C sugar transport YcjO
C1CFQ8	JDJMKJEM_00634	ABC transporter%2C permease protein
C1CFQ7	JDJMKJEM_00635	Sialidase
C1CFQ6	JDJMKJEM_00636	Oxidoreductase
P65521	JDJMKJEM_00637	N-acetylmannosamine-6-phosphate 2-epimerase
C1CFQ4	JDJMKJEM_00638	N-acetylglucosamine-specific PTS IIABC components
A0A4J1SFB9	JDJMKJEM_00639	ABC transporter%2C putative N-acetylneuraminate-binding protein
A0A4J2FX14	JDJMKJEM_00640	ABC transporter%2C putative N-acetylneuraminate transport system permease protein 1
Q8DNV0	JDJMKJEM_00641	ABC transporter%2C putative N-acetylneuraminate transport system permease protein 2
C1CFQ0	JDJMKJEM_00642	Protein YjgK%2C linked to biofilm formation
A0A0U0E7C1	JDJMKJEM_00643	Hypothetical protein
C1CFP8	JDJMKJEM_00644	hypothetical protein
C1CFP7	JDJMKJEM_00645	4-hydroxy-tetrahydrodipicolinate synthase
B2IRT0	JDJMKJEM_00646	N-acetylmannosamine kinase
B2IRS9	JDJMKJEM_00647	Sialic acid utilization regulator%2C RpiR family
B0B6H3	JDJMKJEM_00648	Penicillin-binding protein 2B
Q9R2M1	JDJMKJEM_00649	Recombination protein RecR
Q9R372	JDJMKJEM_00650	D-alanine--D-alanine ligase
C1CFP1	JDJMKJEM_00651	UDP-N-acetylmuramoyl-tripeptide--D-alanyl-D- alanine ligase
A0A4L3I074	JDJMKJEM_00652	MutT/nudix family protein phosphohydrolase
Q8CYG1	JDJMKJEM_00653	Putative membrane protein
Q9ZHC0	JDJMKJEM_00654	Cell division protein FtsA
Q8DNV9	JDJMKJEM_00655	Cell division protein FtsZ
C1CFN6	JDJMKJEM_00656	YlmE
Q8DNW1	JDJMKJEM_00657	FtsZ-interacting protein related to cell division YlmF
Q9ZHB6	JDJMKJEM_00658	Cell division integral membrane protein YlmG%2C YGGT family
Q9ZHB5	JDJMKJEM_00659	YlmH
C1CFN2	JDJMKJEM_00660	Cell division initiation protein DivIVA
B8ZM55	JDJMKJEM_00661	Isoleucyl-tRNA synthetase
A0A5R9AZB9	JDJMKJEM_00662	hypothetical protein
C1CSS1	JDJMKJEM_00663	Phosphoglycerate mutase
A0A4J2CYJ8	JDJMKJEM_00664	Putative large secreted protein
C1C8P3	JDJMKJEM_00665	ABC transporter%2C ATP-binding protein
A0A4J1SEI3	JDJMKJEM_00666	ABC transporter%2C permease protein
B2IRQ7	JDJMKJEM_00667	Thiol peroxidase%2C Tpx-type
D2CTJ2	JDJMKJEM_00668	Manganese ABC transporter%2C periplasmic-binding protein PsaA
C1CFM0	JDJMKJEM_00669	Manganese ABC transporter%2C inner membrane permease protein PsaC
B2IRQ4	JDJMKJEM_00670	Manganese ABC transporter%2C ATP-binding protein PsaB
B2IRQ3	JDJMKJEM_00671	Neutral endopeptidase O
A0AA44S635	JDJMKJEM_00672	Hydroxyacylglutathione hydrolase
C1CFL5	JDJMKJEM_00673	Bifunctional guanosine-3'%2C5'-bis(diphosphate) 3'-pyrophosphohydrolase/(p)ppGpp synthetase II
Q8DNX2	JDJMKJEM_00674	D-tyrosyl-tRNA(Tyr) deacylase
B2IRP7	JDJMKJEM_00675	hypothetical protein
A0A0B7LPG5	JDJMKJEM_00676	Hypothetical protein
A0A0B7KM94	JDJMKJEM_00677	hypothetical protein
B2IRP3	JDJMKJEM_00678	Mn-dependent transcriptional regulator MntR
A0A6A8VMJ1	JDJMKJEM_00679	Putative diadenosine tetraphosphatase
Q8DNX5	JDJMKJEM_00680	Rrf2 family transcriptional regulator%2C group III
C1CFK4	JDJMKJEM_00681	Hypothetical protein
B1I706	JDJMKJEM_00682	Esterase/lipase
A0A0E8P5H0	JDJMKJEM_00683	Two-component system response regulator
Q9S1K1	JDJMKJEM_00684	Two-component system sensor histidine kinase
B8ZM32	JDJMKJEM_00685	Threonyl-tRNA synthetase
C1CFJ9	JDJMKJEM_00686	hypothetical protein
A0A558XFJ3	JDJMKJEM_00687	Hypothetical protein
C1CFJ8	JDJMKJEM_00688	Rrf2-linked NADH-flavin reductase
Q97PI9	JDJMKJEM_00689	SSU ribosomal protein S15p (S13e)
Q8DNY0	JDJMKJEM_00690	Cadmium resistance protein CadD
B2IRD2	JDJMKJEM_00691	Acyl-ACP:1-acyl-sn-glycerol-3-phosphate acyltransferase
A0A4J1Y4G8	JDJMKJEM_00692	Cadmium-transporting ATPase
C1CFJ3	JDJMKJEM_00693	tRNA (adenine(22)-N(1))-methyltransferase
C1CFJ2	JDJMKJEM_00694	Putative GTP cyclohydrolase 1 type 2 protein YbgI
A0A558TP87	JDJMKJEM_00695	Glycine/D-amino acid oxidases family protein
C1CFI9	JDJMKJEM_00696	UDP-glucose 4-epimerase
A0A4J1Y7S1	JDJMKJEM_00697	Bactoprenol glucosyl transferase
C1CFI7	JDJMKJEM_00698	Ferredoxin
Q8CYI0	JDJMKJEM_00699	Hypothetical protein
A0A064C099	JDJMKJEM_00700	Cytidylate kinase
Q8DNZ0	JDJMKJEM_00701	Protein PhnA
Q8CYI1	JDJMKJEM_00702	Hypothetical protein
C1CFI1	JDJMKJEM_00703	Major facilitator superfamily transporter-permease
Q8CWQ1	JDJMKJEM_00704	tRNA pseudouridine synthase A
C1CFH8	JDJMKJEM_00705	Pyridoxal kinase%2C thiD family
C1CFH7	JDJMKJEM_00706	Substrate-specific component PdxU2 of putative pyridoxin-related ECF transporter
Q8DNZ4	JDJMKJEM_00707	IS3 family transposase ISSpn11
C1CFH5	JDJMKJEM_00708	hypothetical protein
A0A4J2G4D0	JDJMKJEM_00709	IS3 family transposase ISSpn11
C1CFH2	JDJMKJEM_00710	Xaa-Pro dipeptidase
C1CFH1	JDJMKJEM_00711	Putative amidotransferase similar to cobyric acid synthase
C1CFH0	JDJMKJEM_00712	Mur ligase family protein
C1CFG9	JDJMKJEM_00713	Pyridine nucleotide-disulfide oxidoreductase
C1CFG8	JDJMKJEM_00714	Major facilitator oxalate:formate antiporter
C1CFG7	JDJMKJEM_00715	DEAD-box ATP-dependent RNA helicase CshA
C1CSK2	JDJMKJEM_00716	GTP-sensing transcriptional pleiotropic repressor CodY
Q8DP02	JDJMKJEM_00717	Nicotinamidase
	JDJMKJEM_00718	tRNA-Leu(aag)
	JDJMKJEM_00718	
Q8DP03	JDJMKJEM_00719	Multiple sugar ABC transporter%2C ATP-binding protein
Q8DP04	JDJMKJEM_00720	SAM-dependent methyltransferase
C1CFG1	JDJMKJEM_00721	Adenine phosphoribosyltransferase
Q8DP05	JDJMKJEM_00722	Homoserine O-succinyltransferase
C1CFF8	JDJMKJEM_00723	Chromosome replication initiation protein DnaD
Q04JH4	JDJMKJEM_00724	Triosephosphate isomerase
A0A2L1GZ10	JDJMKJEM_00725	1%2C4-beta-N-acetylmuramidase%2C lyzozyme LytC
B2IR90	JDJMKJEM_00726	Bifunctional non-specific DNA-binding protein/ferroxidase Dpr
O85262	JDJMKJEM_00727	Dihydrofolate reductase
B2IR88	JDJMKJEM_00728	Hypothetical protein
B8ZLT1	JDJMKJEM_00729	ATP-dependent Clp protease ATP-binding subunit ClpX
B2IR86	JDJMKJEM_00730	GTP-binding protein EngB
Q8DP09	JDJMKJEM_00731	RidA/YER057c/UK114 superfamily protein
A0A0B7LZK7	JDJMKJEM_00732	Putative P-loop-containing kinase
C1CFE8	JDJMKJEM_00733	LPPG:FO 2-phospho-L-lactate transferase-like protein
Q9JRK5	JDJMKJEM_00734	Putative cytoplasmic protein
C1CFE6	JDJMKJEM_00735	Thioredoxin reductase
C1CFE5	JDJMKJEM_00736	Bacterial checkpoint controller DisA
Q8DP15	JDJMKJEM_00737	Hypothetical protein
B8ZLM2	JDJMKJEM_00738	Phosphoglucosamine mutase
C1C8F0	JDJMKJEM_00739	Hypothetical protein
C1C8E9	JDJMKJEM_00740	DegV family protein
Q04JJ1	JDJMKJEM_00741	4-hydroxy-tetrahydrodipicolinate reductase
A0A4J1T4X4	JDJMKJEM_00742	CCA tRNA nucleotidyltransferase
A0A4M6CU72	JDJMKJEM_00743	ATPase component of ABC transporter with duplicated ATPase domains
A0A4J1T4Z9	JDJMKJEM_00744	Cobalt-zinc-cadmium resistance protein
	JDJMKJEM_00745	SSRC10
	JDJMKJEM_00745	
C1CFD6	JDJMKJEM_00746	Calcium-transporting ATPase
A0A4M6DA44	JDJMKJEM_00747	Glutathione S-transferase
Q8DP22	JDJMKJEM_00748	Peptide deformylase
C1CFD3	JDJMKJEM_00749	Cell shape-determining protein
A0A7X2XJ35	JDJMKJEM_00750	Hypothetical protein
	JDJMKJEM_00751	SpR20_sRNA
	JDJMKJEM_00751	
C1CFD1	JDJMKJEM_00752	hypothetical protein
C1CFD0	JDJMKJEM_00753	M protein trans-acting positive regulator Mga1
A0A4J1T3C6	JDJMKJEM_00754	hypothetical protein
A0A0B7L6M7	JDJMKJEM_00755	Hypothetical protein
A0A4J2A0L3	JDJMKJEM_00756	Hypothetical protein
A0A4N9BIM3	JDJMKJEM_00757	Aspartate aminotransferase
C1C8D2	JDJMKJEM_00758	Putative lactoylglutathione lyase
C1CFC3	JDJMKJEM_00759	Asparaginyl-tRNA synthetase
Q04JK8	JDJMKJEM_00760	SSU ribosomal protein S6p
P66855	JDJMKJEM_00761	Single-stranded DNA-binding protein
Q04JL0	JDJMKJEM_00762	SSU ribosomal protein S18p
C1CFB9	JDJMKJEM_00763	Bifunctional lipoprotein rotamase A/peptidyl-prolyl cis-trans isomerase
Q8DP29	JDJMKJEM_00764	General stress protein 13
C1CFB7	JDJMKJEM_00765	tRNA(1)(Val) (adenine(37)-N(6))-methyltransferase
Q97PR7	JDJMKJEM_00766	Putative endonuclease
Q04JL5	JDJMKJEM_00767	Manganese-dependent inorganic pyrophosphatase
C1CFB4	JDJMKJEM_00768	Glutamate synthase [NADPH] large chain
C1CFB3	JDJMKJEM_00769	hypothetical protein
C1CFB2	JDJMKJEM_00770	Hypothetical protein
C1CFB1	JDJMKJEM_00771	UDP-N-acetylmuramoylalanyl-D-glutamate--L-lysine ligase
B2IR49	JDJMKJEM_00772	Putative cell division protein YtgP
C1CFA9	JDJMKJEM_00773	Oligopeptide ABC transporter oligopeptide-binding protein AliB
A0A4J1T3R1	JDJMKJEM_00774	ABC transporter%2C ATP-binding/permease protein
C1CFA8	JDJMKJEM_00775	Cystathionine gamma-synthase
C1CFA7	JDJMKJEM_00776	Bifunctional PLP-dependent beta-cystathionase/maltose regulon repressor
A0A4J1T880	JDJMKJEM_00777	SWF/SNF family helicase
A0A4J1T5P0	JDJMKJEM_00778	Hypothetical protein
B8ZLC2	JDJMKJEM_00779	UDP-N-acetylmuramate--alanine ligase
C1CFA4	JDJMKJEM_00780	hypothetical protein
Q8DP41	JDJMKJEM_00781	Acetyltransferase%2C GNAT family
A0A4M3JKY1	JDJMKJEM_00782	Endolytic murein transglycosylase MltG
Q8DP42	JDJMKJEM_00783	Transcription elongation factor GreA
Q8CYJ9	JDJMKJEM_00784	Acetyltransferase
C1CFA0	JDJMKJEM_00785	ISSpn8 transposase
Q79RW7	JDJMKJEM_00786	ATP synthase F0 sector subunit c
Q79MQ8	JDJMKJEM_00787	ATP synthase F0 sector subunit a
Q04HT5	JDJMKJEM_00788	ATP synthase F0 sector subunit b
Q04HT6	JDJMKJEM_00789	ATP synthase F1 sector delta chain
C1CF95	JDJMKJEM_00790	ATP synthase F1 sector alpha chain
C1CSC9	JDJMKJEM_00791	ATP synthase F1 sector gamma chain
Q97PT6	JDJMKJEM_00792	ATP synthase F1 sector beta chain
Q04N64	JDJMKJEM_00793	ATP synthase F1 sector epsilon chain
Q8DP45	JDJMKJEM_00794	6-phosphogluconolactonase
Q8DP46	JDJMKJEM_00795	Hypothetical protein
A0A0E8P9B6	JDJMKJEM_00796	TPR-repeat-containing protein
C1CF86	JDJMKJEM_00797	Glutamine ABC transporter permease GlnP6
B1ICS3	JDJMKJEM_00798	Glutamine ABC transporter ATP-binding protein GlnQ6
A0A0T9HTZ7	JDJMKJEM_00799	Glutamine ABC transporter substrate-binding protein GlnH6
Q8DP51	JDJMKJEM_00800	Bacterocin transport accessory protein
C1CF82	JDJMKJEM_00801	Phosphoglucomutase
A0A0T8RFC8	JDJMKJEM_00802	IS630 family transposase IS630-Spn1
C1CF78	JDJMKJEM_00803	Hypothetical protein
A0A6I3UND0	JDJMKJEM_00804	Hypothetical protein
A0A0E8AEX3	JDJMKJEM_00805	Cell wall surface anchor family protein MucB
A0A559A5L3	JDJMKJEM_00806	Major intrinsic protein family aquaporin
Q4K0E5	JDJMKJEM_00807	ISSpn8 transposase
B2IQV2	JDJMKJEM_00808	Translation elongation factor Tu
A0A4J1ZJR5	JDJMKJEM_00809	IS1167 transposase Orf2
C1CE88	JDJMKJEM_00810	hypothetical protein
A0A4J4YX98	JDJMKJEM_00811	IS1167 transposase Orf1
	JDJMKJEM_00812	Srn266
	JDJMKJEM_00812	
A0A4J1XT90	JDJMKJEM_00813	IS630 family transposase ISSpn2
A0AAD2IMW0	JDJMKJEM_00814	hypothetical protein
A0A0E8P802	JDJMKJEM_00815	ATP-dependent RNA helicase YfmL
C1CF63	JDJMKJEM_00816	Oxidoreductase%2C Gfo/Idh/MocA family
C1CF62	JDJMKJEM_00817	hypothetical protein
A0A4M6DNK1	JDJMKJEM_00818	Peptidoglycan N-acetylglucosamine deacetylase
A0A4J1T0M0	JDJMKJEM_00819	Ooxidoreductase of aldo/keto reductase family%2C subgroup 1
	JDJMKJEM_00820	SpR19_sRNA
	JDJMKJEM_00820	
C1CF59	JDJMKJEM_00821	hypothetical protein
C1CF58	JDJMKJEM_00822	Glycyl-tRNA synthetase alpha chain
Q97PW6	JDJMKJEM_00823	Glycyl-tRNA synthetase beta chain
Q8DP67	JDJMKJEM_00824	Hypothetical protein
A0A0E8P6Q8	JDJMKJEM_00825	Fumarate reductase%2C flavoprotein subunit precursor
A0A0U0FT63	JDJMKJEM_00826	Fumarate reductase%2C flavoprotein subunit precursor
C1C866	JDJMKJEM_00827	Putative thiamin biosynthesis lipoprotein
C1C864	JDJMKJEM_00828	NADH peroxidase
Q97PX2	JDJMKJEM_00829	Pyridoxal 5'-phosphate synthase%2C synthase subunit PdxS
Q97PX3	JDJMKJEM_00830	Pyridoxal 5'-phosphate synthase%2C glutaminase subunit PdxT
C1CF48	JDJMKJEM_00831	Hemolysin III
Q8CYK8	JDJMKJEM_00832	Hypothetical protein
C1CF46	JDJMKJEM_00833	Acetyltransferase
C1CF45	JDJMKJEM_00834	Methylated-DNA--protein-cysteine methyltransferase
Q8DP75	JDJMKJEM_00835	Arsenate reductase
Q8DP76	JDJMKJEM_00836	Cysteine ABC transporter permease protein
C1CF42	JDJMKJEM_00837	Cysteine ABC transporter ATP-binding protein
C1CF41	JDJMKJEM_00838	Hypothetical protein
C1CF40	JDJMKJEM_00839	Thioredoxin reductase
C1CF39	JDJMKJEM_00840	23S rRNA (guanosine(2251)-2'-O)-methyltransferase
Q04JP7	JDJMKJEM_00841	Peptide deformylase
A0A0E8PBR5	JDJMKJEM_00842	Capsule biosynthesis protein CapA
Q8CYL3	JDJMKJEM_00843	hypothetical protein
Q8DP80	JDJMKJEM_00844	HAD superfamily hydrolase
Q8CYL4	JDJMKJEM_00845	Bifunctional N-acetylneuraminate cytidylyltransferase/platelet activating factor
C1CF33	JDJMKJEM_00846	C3-degrading proteinase
C1CF32	JDJMKJEM_00847	Beta-lactamase%2C class C
C1CF31	JDJMKJEM_00848	Drug/metabolite transporter superfamily protein
C1CF30	JDJMKJEM_00849	Transcriptional regulator in cluster with beta-lactamase%2C GntR family
C1CF29	JDJMKJEM_00850	GMP synthase%2C amidotransferase and ATP pyrophosphatase subunits
	JDJMKJEM_00851	SpR18_sRNA
	JDJMKJEM_00851	
B2IQR0	JDJMKJEM_00852	IS66 family transposase Orf1
Q8DP85	JDJMKJEM_00853	IS66 family transposase Orf2
Q8CYL7	JDJMKJEM_00854	hypothetical protein
Q8DP87	JDJMKJEM_00855	Duplicated ATPase component of energizing module of putative ECF transporter
C1CF21	JDJMKJEM_00856	Transmembrane component of energizing module of putative ECF transporter
Q8CYL9	JDJMKJEM_00857	Substrate-specific component of putative ECF transporter
A0A120ZVQ5	JDJMKJEM_00858	ABC transporter ATP-binding/permease protein
C1CF18	JDJMKJEM_00859	ABC transporter ATP-binding/permease protein
Q8CYM0	JDJMKJEM_00860	Transcriptional regulator%2C AraC family
Q8RT72	JDJMKJEM_00861	Type II restriction-modification system methyltransferase
Q8DP92	JDJMKJEM_00862	hypothetical protein
Q8DP93	JDJMKJEM_00863	hypothetical protein
Q8DP94	JDJMKJEM_00864	Peptidase%2C U32 family large subunit (C1)
C1CF12	JDJMKJEM_00865	Peptidase%2C U32 family large subunit (C1)
A0A0B7L5B4	JDJMKJEM_00866	Multidrug efflux ABC transporter ATP-binding protein
A0A6G2D9P5	JDJMKJEM_00867	Multidrug efflux ABC transporter ATP-binding protein
C1CF11	JDJMKJEM_00868	Hypothetical protein
C1CF10	JDJMKJEM_00869	Transcriptional repressor
C1CF09	JDJMKJEM_00870	Hypothetical protein
Q8DP97	JDJMKJEM_00871	Nicotinate phosphoribosyltransferase
Q04JT1	JDJMKJEM_00872	NAD synthetase
B2IQN7	JDJMKJEM_00873	Acetyltransferase%2C GNAT family
A0A0B7KSA0	JDJMKJEM_00874	Hypothetical protein
A0A6G2CT29	JDJMKJEM_00875	Choline-binding protein CbpM
B2IQN5	JDJMKJEM_00876	S-adenosylmethionine:tRNA ribosyltransferase-isomerase
C1CQU2	JDJMKJEM_00877	Glucosamine-6-phosphate deaminase
B2IQN3	JDJMKJEM_00878	SSU ribosomal protein S21p
A0A229FYZ7	JDJMKJEM_00879	HPr kinase/phosphorylase
B8ZKX1	JDJMKJEM_00880	Prolipoprotein diacylglyceryl transferase
Q8DPA4	JDJMKJEM_00881	General stress protein
C1CEZ8	JDJMKJEM_00882	Hypothetical protein
Q8DPA6	JDJMKJEM_00883	Putative radical SAM family enzyme
C1CEZ6	JDJMKJEM_00884	Acyl-ACP thioesterase
C1CEZ5	JDJMKJEM_00885	Putative NagD-like phosphatase
C1CEZ4	JDJMKJEM_00886	Integral membrane protein
Q97Q26	JDJMKJEM_00887	Transcriptional regulator SpxA1
Q04JU6	JDJMKJEM_00888	Hypothetical protein
C1CEZ1	JDJMKJEM_00889	Inositol-1-monophosphatase
A0A0B7L9H3	JDJMKJEM_00890	tRNA and rRNA cytosine-C5-methylase
A0A0B7MDL7	JDJMKJEM_00891	Hypothetical protein
A0A4J1XWI1	JDJMKJEM_00892	Phosphate ABC transporter periplasmic phosphate-binding protein PstS2
A0AA87C5M4	JDJMKJEM_00893	Phosphate transport system permease protein PstC2
A0A654U910	JDJMKJEM_00894	Phosphate transport system permease protein PstC2
Q8DPB3	JDJMKJEM_00895	Phosphate transport system permease protein PstA2
C1CEY5	JDJMKJEM_00896	Phosphate transport ATP-binding protein PstB2_1
C1CEY4	JDJMKJEM_00897	Phosphate transport ATP-binding protein PstB2_2
Q8DPB6	JDJMKJEM_00898	Phosphate transport system regulatory protein PhoU2
A0A0E8P4G7	JDJMKJEM_00899	Amino acid ABC transporter amino acid-binding/permease protein
A0A4J1T117	JDJMKJEM_00900	Putative transcriptional regulator of pyridoxine metabolism
B1ICJ2	JDJMKJEM_00901	Alpha-acetolactate decarboxylase
A0A4J1SXK2	JDJMKJEM_00902	Hypothetical protein
Q04JV9	JDJMKJEM_00903	UDP-N-acetylenolpyruvoylglucosamine reductase
Q04JW0	JDJMKJEM_00904	Spermidine/putrescine import ABC transporter ATP-binding protein PotA
A0A0H2UQT6	JDJMKJEM_00905	Spermidine/putrescine import ABC transporter permease protein PotB
C1C7Y7	JDJMKJEM_00906	Spermidine/putrescine import ABC transporter permease protein PotC
C1C7Y6	JDJMKJEM_00907	Spermidine/putrescine import ABC transporter substrate-binding protein PotD
C1CEX2	JDJMKJEM_00908	Hypothetical protein
A0A4J1VA56	JDJMKJEM_00909	Alanyl-tRNA synthetase
C1C7Y2	JDJMKJEM_00910	Cytoplasmic alpha-amylase
C1C7Y1	JDJMKJEM_00911	ABC transporter ATP-binding protein
C1CEW8	JDJMKJEM_00912	ABC transporter permease
C1CEW7	JDJMKJEM_00913	Putative ribosomal RNA large subunit methyltransferase YwbD
B8ZKM6	JDJMKJEM_00914	3-dehydroquinate dehydratase I
Q3HZX6	JDJMKJEM_00915	Shikimate/quinate 5-dehydrogenase I beta
Q3I049	JDJMKJEM_00916	3-dehydroquinate synthase
B8ZKM3	JDJMKJEM_00917	Chorismate synthase
C1CEW2	JDJMKJEM_00918	Prephenate dehydrogenase
C1CL81	JDJMKJEM_00919	Transcriptional regulator
C1CL80	JDJMKJEM_00920	5-Enolpyruvylshikimate-3-phosphate synthase
C1CEV9	JDJMKJEM_00921	Shikimate kinase I
C1CEV8	JDJMKJEM_00922	Prephenate dehydratase
Q8DPD6	JDJMKJEM_00923	LytR-CpsA-Psr subfamily F1 cell envelope-associated transcriptional attenuator
B1ICG8	JDJMKJEM_00924	Lipopolysaccharide cholinephosphotransferase LicD3
A0A558U8Y0	JDJMKJEM_00925	Glycosyltransferase%2C group 1 family
A0A0H2UQP1	JDJMKJEM_00926	Glycosyltransferase%2C group 2 family
B1ICG5	JDJMKJEM_00927	Teichoic acid ribitol polymerase
C1CEV2	JDJMKJEM_00928	TarQ
C1C7W3	JDJMKJEM_00929	Adaptor protein MecA
C1CEV0	JDJMKJEM_00930	Homoserine dehydrogenase
Q04JY7	JDJMKJEM_00931	Homoserine kinase
P0A3Q9	JDJMKJEM_00932	Peptide methionine sulfoxide reductase MsrAB1
A0A4M6CMS6	JDJMKJEM_00933	ABC transporter ATP-binding/permease protein
A0A4M6CSA7	JDJMKJEM_00934	ABC transporter ATP-binding/permease protein
A0AAD2I614	JDJMKJEM_00935	Methylthioadenosine deaminase
	JDJMKJEM_00936	L10_leader
	JDJMKJEM_00936	
Q04JZ3	JDJMKJEM_00937	LSU ribosomal protein L10p (P0)
Q04JZ4	JDJMKJEM_00938	LSU ribosomal protein L7/L12 (P1/P2)
	JDJMKJEM_00939	rli38
	JDJMKJEM_00939	
A0A060QN20	JDJMKJEM_00940	Tn5253 hypothetical protein
B2IQG8	JDJMKJEM_00941	hypothetical protein
A0A0T7K880	JDJMKJEM_00942	hypothetical protein
B2IQG7	JDJMKJEM_00943	hypothetical protein
B2IQG6	JDJMKJEM_00944	hypothetical protein
A0A4J1N361	JDJMKJEM_00945	Tn5253 hypothetical protein
E4Z7F0	JDJMKJEM_00946	hypothetical protein
B2IQG4	JDJMKJEM_00947	Tn5253 putative CAAX amino terminal protease
B2IQG3	JDJMKJEM_00948	Transposase from transposon Tn916
B2IQG2	JDJMKJEM_00949	Transposase from transposon Tn916
P61624	JDJMKJEM_00950	hypothetical protein
	JDJMKJEM_00951	pemK
	JDJMKJEM_00951	
B2IQG0	JDJMKJEM_00952	hypothetical protein
B7UTW8	JDJMKJEM_00953	hypothetical protein
B1IC82	JDJMKJEM_00954	hypothetical protein
E8ZEK0	JDJMKJEM_00955	Translation elongation factor G
	JDJMKJEM_00956	sRNA_0030
	JDJMKJEM_00956	
A0A7D5A3K0	JDJMKJEM_00957	hypothetical protein
B2IRZ0	JDJMKJEM_00958	hypothetical protein
A0A2Z4HX68	JDJMKJEM_00959	hypothetical protein
B2IRY8	JDJMKJEM_00960	hypothetical protein
B2IRY7	JDJMKJEM_00961	hypothetical protein
B2IRY6	JDJMKJEM_00962	hypothetical protein
B1IC91	JDJMKJEM_00963	hypothetical protein
B7UTY4	JDJMKJEM_00964	hypothetical protein
B2IQE9	JDJMKJEM_00965	hypothetical protein
B2IQE8	JDJMKJEM_00966	hypothetical protein
B2IQE7	JDJMKJEM_00967	hypothetical protein
B2IQE5	JDJMKJEM_00968	hypothetical protein
B2IQ92	JDJMKJEM_00969	hypothetical protein
B2IQ91	JDJMKJEM_00970	hypothetical protein
B2IQ90	JDJMKJEM_00971	hypothetical protein
B2IQ89	JDJMKJEM_00972	hypothetical protein
D3GM83	JDJMKJEM_00973	hypothetical protein
B2IQE3	JDJMKJEM_00974	hypothetical protein
B2IQE2	JDJMKJEM_00975	hypothetical protein
A0A4J1T9U6	JDJMKJEM_00976	hypothetical protein
A0A4J1T863	JDJMKJEM_00977	hypothetical protein
B2IQD9	JDJMKJEM_00978	hypothetical protein
A0A4J1T7I4	JDJMKJEM_00979	hypothetical protein
A0A4J1T6D6	JDJMKJEM_00980	hypothetical protein
E8ZCQ5	JDJMKJEM_00981	Group II intron-encoded protein LtrA
	JDJMKJEM_00982	Intron_gpII
	JDJMKJEM_00982	
A0A4J2GAI8	JDJMKJEM_00983	hypothetical protein
A0A4J1TCY4	JDJMKJEM_00984	hypothetical protein
A0A4J1XWM0	JDJMKJEM_00985	hypothetical protein
A0A4J1TA02	JDJMKJEM_00986	Putative transcriptional regulator PlcR
A0A4J1XX31	JDJMKJEM_00987	hypothetical protein
A0A4J1TA20	JDJMKJEM_00988	Bacitracin transport ATP-binding protein BcrA
A0A4J1TBC3	JDJMKJEM_00989	hypothetical protein
A0A4J1Y0K5	JDJMKJEM_00990	hypothetical protein
A0A4J1XYX7	JDJMKJEM_00991	hypothetical protein
A0A4J1TBE5	JDJMKJEM_00992	hypothetical protein
A0A384ZZT7	JDJMKJEM_00993	Competence-stimulating peptide ABC transporter ATP-binding protein ComA
A0A4J1T6P1	JDJMKJEM_00994	hypothetical protein
A0A4J1XX97	JDJMKJEM_00995	hypothetical protein
B6ZCD5	JDJMKJEM_00996	hypothetical protein
A0A4J1XXQ8	JDJMKJEM_00997	hypothetical protein
A0A4J1Y0W6	JDJMKJEM_00998	hypothetical protein
B2IQC8	JDJMKJEM_00999	Antitoxin PezA
B2IQC7	JDJMKJEM_01000	Bifunctional UDP-N-acetylglucosamine kinase/zeta toxin PezT
E6Y3Z9	JDJMKJEM_01001	hypothetical protein
B6ZCC9	JDJMKJEM_01002	hypothetical protein
B6ZCC8	JDJMKJEM_01003	Chloramphenicol acetyltransferase
E6Y402	JDJMKJEM_01004	hypothetical protein
E8ZCP1	JDJMKJEM_01005	hypothetical protein
A0A4M6D2D0	JDJMKJEM_01006	hypothetical protein
B2IQC2	JDJMKJEM_01007	hypothetical protein
B2IQC1	JDJMKJEM_01008	hypothetical protein
B2IQC0	JDJMKJEM_01009	hypothetical protein
B2IQB9	JDJMKJEM_01010	hypothetical protein
B2IQB8	JDJMKJEM_01011	hypothetical protein
B2IQB7	JDJMKJEM_01012	hypothetical protein
A0A4M6CW13	JDJMKJEM_01013	hypothetical protein
B2IQB5	JDJMKJEM_01014	hypothetical protein
B2IQB4	JDJMKJEM_01015	hypothetical protein
B2IQB3	JDJMKJEM_01016	hypothetical protein
B2IQB2	JDJMKJEM_01017	ATP-dependent DNA helicase Rep
B2IQB1	JDJMKJEM_01018	hypothetical protein
B2IQB0	JDJMKJEM_01019	Tn5252 Orf10 protein
B2IQA9	JDJMKJEM_01020	Tn5252 Orf9 protein
B2IQA8	JDJMKJEM_01021	hypothetical protein
A0A5R9AW72	JDJMKJEM_01022	Putative repressor protein%2C phage associated
	JDJMKJEM_01023	pemK
	JDJMKJEM_01023	
E8ZCV0	JDJMKJEM_01024	hypothetical protein
B2IQA6	JDJMKJEM_01025	Tyrosine recombinase XerC
	JDJMKJEM_01026	rli38
	JDJMKJEM_01026	
A0A098ANF2	JDJMKJEM_01027	hypothetical protein
Q8CYN4	JDJMKJEM_01028	hypothetical protein
A0A0E8P7K6	JDJMKJEM_01029	hypothetical protein
A0A4J1T976	JDJMKJEM_01030	Tn5253 hypothetical protein
E7AJJ3	JDJMKJEM_01031	hypothetical protein
A0A0H2UQQ4	JDJMKJEM_01032	Tn5253 putative CAAX amino terminal protease
C1C7U1	JDJMKJEM_01033	Hypothetical protein
A0A4J1T8L3	JDJMKJEM_01034	Lanthionine biosynthesis protein LanL
A0A4J1XYR7	JDJMKJEM_01035	Protease II
C1C7U4	JDJMKJEM_01036	ABC transporter ATP-binding/membrane spanning protein
C1C7U3	JDJMKJEM_01037	ABC transporter ATP-binding protein
A0A0B7LVA5	JDJMKJEM_01038	Hypothetical protein
C1C7U1	JDJMKJEM_01039	Hypothetical protein
A0A0B7LKL9	JDJMKJEM_01040	hypothetical protein
A0A6G2D5X8	JDJMKJEM_01041	IS3 family transposase ISSpn4
A0A0B7LRD2	JDJMKJEM_01042	hypothetical protein
A0A0U0JBG0	JDJMKJEM_01043	hypothetical protein
A0AAD2IKW3	JDJMKJEM_01044	putative HTH-type transcriptional regulator YbbH
A0A4J2AUL1	JDJMKJEM_01045	IS1167 transposase
	JDJMKJEM_01046	Srn266
	JDJMKJEM_01046	
A0A4N9N509	JDJMKJEM_01047	N-acetylmannosamine-6-phosphate 2-epimerase
B2IP31	JDJMKJEM_01048	N-acetylneuraminate lyase
	JDJMKJEM_01049	tRNA-Phe(aaa)
	JDJMKJEM_01049	
A0A4N9N500	JDJMKJEM_01050	Putative beta-D-galactosidase
A0A4N9N2W3	JDJMKJEM_01051	Sialidase
B2IP35	JDJMKJEM_01052	Oxidoreductase
A0A0Y2MUZ0	JDJMKJEM_01053	N-acetylmannosamine kinase
C1CES8	JDJMKJEM_01054	hypothetical protein
A0A656E9W8	JDJMKJEM_01055	hypothetical protein
C1CES6	JDJMKJEM_01056	V-type sodium ATPase subunit K
A0A4N9N367	JDJMKJEM_01057	V-type proton ATPase subunit E
A0A4N9N2B3	JDJMKJEM_01058	V-type sodium ATPase subunit C
C1CES3	JDJMKJEM_01059	V-type sodium ATPase subunit G
Q97QA8	JDJMKJEM_01060	V-type sodium ATPase catalytic subunit A
Q97QA9	JDJMKJEM_01061	V-type sodium ATPase subunit B
Q97QB0	JDJMKJEM_01062	V-type sodium ATPase subunit D
A0AAD2KAC6	JDJMKJEM_01063	hypothetical protein
A0A4J2E338	JDJMKJEM_01064	IS66 family transposase Orf2
A0A4M6D2Q1	JDJMKJEM_01065	IS66 family transposase ISDeal1
A0A654UCG4	JDJMKJEM_01066	hypothetical protein
A0A0H2UQD7	JDJMKJEM_01067	IS5 family transposase ISSpn7
A0A380LUQ8	JDJMKJEM_01068	IS1381 transposase OrfB
A0A0B7LGH5	JDJMKJEM_01069	ABC transporter ATP-binding protein
A0A0B7LLJ2	JDJMKJEM_01070	Hypothetical protein
C1CEQ8	JDJMKJEM_01071	NADP-specific glutamate dehydrogenase
C1CEQ7	JDJMKJEM_01072	IS630 family transposase ISSpn2
C1CEQ5	JDJMKJEM_01073	Ferrous iron transport permease EfeU
A0AA87CAZ5	JDJMKJEM_01074	LSU ribosomal protein L31p
C1CEQ3	JDJMKJEM_01075	DHH family phosphoesterase Pde2
C1CEQ2	JDJMKJEM_01076	Flavodoxin
C1CEQ1	JDJMKJEM_01077	Chorismate mutase I
Q97QC4	JDJMKJEM_01078	ClC-type fluoride channel
Q97QC5	JDJMKJEM_01079	ClC-type fluoride channel
Q97QC6	JDJMKJEM_01080	LSU ribosomal protein L19p
	JDJMKJEM_01081	tRNA-Arg(cct)
	JDJMKJEM_01081	
Q8DPG8	JDJMKJEM_01082	Sugar phosphatase YidA
Q8DPG9	JDJMKJEM_01083	dNTP triphosphohydrolase
B2IQ80	JDJMKJEM_01084	Hypothetical protein
Q8DPH0	JDJMKJEM_01085	Signal recognition particle associated protein
C1C7R7	JDJMKJEM_01086	Signal recognition particle protein Ffh
C1CEP1	JDJMKJEM_01087	Uracil permease
	JDJMKJEM_01088	SpF44_sRNA
	JDJMKJEM_01088	
C1CEP0	JDJMKJEM_01089	16S rRNA (guanine(527)-N(7))-methyltransferase RsmG
Q8DPH4	JDJMKJEM_01090	LemA
C1CEN8	JDJMKJEM_01091	Heat shock protein HtpX
C1CEN7	JDJMKJEM_01092	ABC transporter ATP-binding protein
	JDJMKJEM_01093	SpF43_sRNA
	JDJMKJEM_01093	
C1CC84	JDJMKJEM_01094	ISSpn8 transposase
C1CEN5	JDJMKJEM_01095	BlpT protein
C1CEN4	JDJMKJEM_01096	Protein%2C clustered with ribosomal protein L32p
A0A4M6CXP0	JDJMKJEM_01097	Endonuclease III
	JDJMKJEM_01098	PyrR
	JDJMKJEM_01098	
Q04K45	JDJMKJEM_01099	Bifunctional uracil phosphoribosyltransferase/pyrimidine operon regulatory protein PyrR
Q97QE2	JDJMKJEM_01100	Aspartate carbamoyltransferase
A0A064BWJ2	JDJMKJEM_01101	Carbamoyl-phosphate synthase small chain CarA
B8ZJT9	JDJMKJEM_01102	Carbamoyl-phosphate synthase large chain CarB
Q9X4D5	JDJMKJEM_01103	Lipopolysaccharide cholinephosphotransferase LicD2
C1C7Q1	JDJMKJEM_01104	Lipopolysaccharide cholinephosphotransferase LicD1
C1C7Q0	JDJMKJEM_01105	Membrane protein TacF involved in the export of O-antigen and teichoic acid
A0A0D6J8J2	JDJMKJEM_01106	Ribitol-5-phosphate cytidylyltransferase
C1CEM4	JDJMKJEM_01107	Ribulose-5-phosphate reductase
Q93MI3	JDJMKJEM_01108	Choline kinase LicA
C1CEM2	JDJMKJEM_01109	Choline permease LicB
C1CEM1	JDJMKJEM_01110	Cholinephosphate cytidylyltransferase LicC
A0A0H2UQA6	JDJMKJEM_01111	DNA protecting protein DprA
C1CEL8	JDJMKJEM_01112	Integral membrane protein
C1CEL7	JDJMKJEM_01113	DNA topoisomerase I
A0A098Z265	JDJMKJEM_01114	Hypothetical protein related to heme utilization
C1CEL5	JDJMKJEM_01115	Cytoplasmic copper homeostasis protein CutC
C1CEL4	JDJMKJEM_01116	Hypothetical protein
A0A0T9GHH1	JDJMKJEM_01117	2-isopropylmalate synthase
A0A0B7LNM6	JDJMKJEM_01118	2-isopropylmalate synthase
C1CEL3	JDJMKJEM_01119	3-isopropylmalate dehydrogenase
C1CEL2	JDJMKJEM_01120	Putative membrane protein
C1CEL1	JDJMKJEM_01121	3-isopropylmalate dehydratase small subunit
A0A4M6CXU1	JDJMKJEM_01122	hypothetical protein
Q8CYQ2	JDJMKJEM_01123	Hypothetical protein
A0AA36PWJ1	JDJMKJEM_01124	Endonuclease
A0A6I3T7Z1	JDJMKJEM_01125	Hypothetical protein
B8ZJR9	JDJMKJEM_01126	GMP reductase
	JDJMKJEM_01127	tRNA-Arg(ccg)
	JDJMKJEM_01127	
A0A064C285	JDJMKJEM_01128	Ribonuclease III
A0A4J1Z3N6	JDJMKJEM_01129	Chromosome partition protein SMC
A0A4J1TAD5	JDJMKJEM_01130	Hydrolase%2C HAD superfamily
A0A4J1T9Z4	JDJMKJEM_01131	Hydrolase%2C HAD superfamily
A0A4J1T8X0	JDJMKJEM_01132	Signal recognition particle receptor FtsY
A0A4J1Z348	JDJMKJEM_01133	Glucose-6-phosphate 1-dehydrogenase
C1CEJ8	JDJMKJEM_01134	Glutamine transport ATP-binding protein GlnQ
C1CEJ7	JDJMKJEM_01135	Glutamine ABC transporter GlnHP5%2C containing substrate-binding and permease domains
A0A4J1Z3M6	JDJMKJEM_01136	CAAX amino terminal protease family protein
Q54986	JDJMKJEM_01137	Excinuclease ABC subunit B
A0AAD2KAC8	JDJMKJEM_01138	Acetyltransferase
B2IPP6	JDJMKJEM_01139	Acetyltransferase
Q8DPL0	JDJMKJEM_01140	MutT/Nudix family protein
Q8DPL1	JDJMKJEM_01141	Transcriptional repressor of NAD biosynthesis
C1CEJ0	JDJMKJEM_01142	Substrate-specific component NiaX of putative niacin ECF transporter
Q8DPL2	JDJMKJEM_01143	Substrate-specific component PanT of putative pantothenate ECF transporter
Q8DPL3	JDJMKJEM_01144	Phosphopantothenoylcysteine decarboxylase
A0A4M6D869	JDJMKJEM_01145	Phosphopantothenoylcysteine synthetase
Q8DPL5	JDJMKJEM_01146	Formate--tetrahydrofolate ligase
C8XPY5	JDJMKJEM_01147	A/G-specific adenine glycosylase
Q9S1K0	JDJMKJEM_01148	Two-component system response regulator VicR
C1CEI3	JDJMKJEM_01149	Two-component system sensor histidine kinase VicK
Q9RCS5	JDJMKJEM_01150	Zn-dependent hydrolase VicX
A0A558SUE3	JDJMKJEM_01151	Replicon stabilization protein RelB2
Q8CYQ7	JDJMKJEM_01152	mRNA interferase RelE2
A0A0T7L7N8	JDJMKJEM_01153	hypothetical protein
A0AA87CBD3	JDJMKJEM_01154	L-lactate dehydrogenase
Q9R867	JDJMKJEM_01155	DNA gyrase subunit A
Q8DPM3	JDJMKJEM_01156	Sortase SrtA%2C LPXTG specific
A0A4N2S0D4	JDJMKJEM_01157	Formate-nitrate transporter
A0A0E8P684	JDJMKJEM_01158	O-acetyl-L-homoserine sulfhydrylase
A0A4J1Z459	JDJMKJEM_01159	Cystathionine gamma-synthase
A0A4J1Z4B8	JDJMKJEM_01160	Hypothetical protein
A0A916L4P2	JDJMKJEM_01161	tRNA pseudouridine synthase B
A0A0B4ZIX7	JDJMKJEM_01162	Hypothetical protein
Q8CYQ8	JDJMKJEM_01163	Hypothetical protein
Q04KA9	JDJMKJEM_01164	Uridine kinase
C1CEH0	JDJMKJEM_01165	Exodeoxyribonuclease VII large subunit
Q04KB1	JDJMKJEM_01166	Exodeoxyribonuclease VII small subunit
C1CEG8	JDJMKJEM_01167	(2E%2C6E)-farnesyl diphosphate synthase
C1CEG7	JDJMKJEM_01168	RNA-binding methyltransferase
A0A0T8BDD5	JDJMKJEM_01169	Arginine pathway regulatory protein AhrC
B2IPS8	JDJMKJEM_01170	DNA repair protein RecN
C1CEG4	JDJMKJEM_01171	Serine/threonine protein phosphatase
Q8DPN5	JDJMKJEM_01172	Translation elongation factor LepA
Q8DQP6	JDJMKJEM_01173	Galactose-specific PTS IIA component
A0A4J1TAJ6	JDJMKJEM_01174	Galactose-specific PTS IIB component
A0A4J1TGK8	JDJMKJEM_01175	IS5 family transposase ISSpn7
Q8DPN8	JDJMKJEM_01176	Aldose epimerase
B8ZQ66	JDJMKJEM_01177	Galactose-6-phosphate isomerase%2C LacA subunit
Q8DPP0	JDJMKJEM_01178	Galactose-6-phosphate isomerase%2C LacB subunit
B8ZQ64	JDJMKJEM_01179	Tagatose-6-phosphate kinase LacC
C1CEF1	JDJMKJEM_01180	Tagatose 1%2C6-diphosphate aldolase
C1CEF0	JDJMKJEM_01181	Beta-glucoside bgl operon antiterminator LacT%2C BglG family
Q8DPP4	JDJMKJEM_01182	Lactose-specific PTS IIA component
A0AA86MPJ9	JDJMKJEM_01183	Lactose-specific PTS IIBC components
B8ZQ59	JDJMKJEM_01184	6-phospho-beta-galactosidase
A0A4J1UM06	JDJMKJEM_01185	hypothetical protein
C1CEE5	JDJMKJEM_01186	Lactose phosphotransferase system repressor
Q8DPP8	JDJMKJEM_01187	Ribonucleotide reductase of class Ib%2C beta subunit
Q8CWR3	JDJMKJEM_01188	Ribonucleotide reductase of class Ib%2C alpha subunit
Q8DPP9	JDJMKJEM_01189	Glutaredoxin-like protein NrdH
Q8DPQ0	JDJMKJEM_01190	Phosphotransferase system%2C phosphocarrier protein HPr
A0A0B7LFZ1	JDJMKJEM_01191	Phosphoenolpyruvate-protein phosphotransferase of PTS
A0A6I3UWJ8	JDJMKJEM_01192	Pneumococcal histidine triad protein B
A0A0E8IDI5	JDJMKJEM_01193	PTS-dependent dihydroxyacetone kinase%2C phosphotransferase subunit DhaM
A0A4J1SJ02	JDJMKJEM_01194	2-haloalkanoic acid dehalogenase
A0A2L1GXP5	JDJMKJEM_01195	Hypothetical protein
B2IPV6	JDJMKJEM_01196	Uracil-DNA glycosylase%2C family 1
C8XPX7	JDJMKJEM_01197	8-oxo-dGTP diphosphatase MutX
A0A4J1TFL0	JDJMKJEM_01198	Dihydroorotase
A0A0B7L0U2	JDJMKJEM_01199	Hypothetical protein
A0A0U0IWL7	JDJMKJEM_01200	Dihydrolipoamide acetyltransferase
Q8DPQ7	JDJMKJEM_01201	Acetoin dehydrogenase E1 component alpha-subunit
A0A0H2ZQ55	JDJMKJEM_01202	Acetoin dehydrogenase E1 component beta-subunit
C1C7D3	JDJMKJEM_01203	Dihydrolipoamide acetyltransferase (E2) component of acetoin dehydrogenase complex
A0A0I5HNM3	JDJMKJEM_01204	Dihydrolipoamide dehydrogenase of acetoin dehydrogenase
A0A4J2T105	JDJMKJEM_01205	Lipoate-protein ligase A
C1C7D0	JDJMKJEM_01206	Tyrosine recombinase XerS
A0A0H2ZRM2	JDJMKJEM_01207	Voltage-gated chloride channel family protein
C1CEC3	JDJMKJEM_01208	Ribonuclease HII
C1CEC2	JDJMKJEM_01209	50S ribosomal subunit maturation GTPase RbgA
C1CEC1	JDJMKJEM_01210	Zinc metalloprotease ZmpB precursor
A0A4J1SJ04	JDJMKJEM_01211	hypothetical protein
C1CEB9	JDJMKJEM_01212	Hypothetical protein
B8ZQ32	JDJMKJEM_01213	ATP-dependent nuclease subunit RexA
B8ZQ31	JDJMKJEM_01214	ATP-dependent nuclease subunit RexB
C1CEB6	JDJMKJEM_01215	IS630 family transposase IS630-Spn1
C1CRM6	JDJMKJEM_01216	Enolase
C1CEB2	JDJMKJEM_01217	Hypothetical protein
C1CEB1	JDJMKJEM_01218	hypothetical protein
A0A0B7M8L9	JDJMKJEM_01219	Phosphoserine phosphatase
B8ZPW5	JDJMKJEM_01220	Glycogen biosynthesis ADP-glucose--glucan transglucosylase GlgA
C1CEA9	JDJMKJEM_01221	Glycogen biosynthesis glucose-1-phosphate adenylyltransferase subunit GlgD
Q97QS7	JDJMKJEM_01222	Glycogen biosynthesis glucose-1-phosphate adenylyltransferase subunit GlgC
C1CEA7	JDJMKJEM_01223	1%2C4-alpha-glucan-branching enzyme GlgB
C1CEA6	JDJMKJEM_01224	Glyceraldehyde-3-phosphate dehydrogenase (NADP(+))
C1CEA5	JDJMKJEM_01225	Putative glycogen debranching enzyme
C1CEA4	JDJMKJEM_01226	DNA ligase (NAD(+))
C1CEA3	JDJMKJEM_01227	Macrolide efflux ABC transporter membrane-spanning permease
C1CEA2	JDJMKJEM_01228	Positive transcriptional regulator%2C MutR family
C1CEA1	JDJMKJEM_01229	ABC transporter ATP-binding protein
C1CEA0	JDJMKJEM_01230	DNA-binding protein HlpA
C1CE99	JDJMKJEM_01231	DegV family protein
Q8DPT5	JDJMKJEM_01232	Transporter
Q8DPT6	JDJMKJEM_01233	Bifunctional FMN adenylyltransferase/riboflavin kinase RibF
Q04KI2	JDJMKJEM_01234	LSU ribosomal protein L27p
C1CE93	JDJMKJEM_01235	Putative ribosomal protein
Q97QU4	JDJMKJEM_01236	LSU ribosomal protein L21p
	JDJMKJEM_01237	L21_leader
	JDJMKJEM_01237	
A0A0B7M7N6	JDJMKJEM_01238	Hypothetical protein
Q04KI6	JDJMKJEM_01239	Hypothetical protein co-occurring with RecR
	JDJMKJEM_01240	Srn266
	JDJMKJEM_01240	
A0A4J4YX98	JDJMKJEM_01241	IS1167 transposase Orf1
C1CE88	JDJMKJEM_01242	hypothetical protein
A0A4L7WZN0	JDJMKJEM_01243	IS1167 transposase Orf2
	JDJMKJEM_01244	SpR14_sRNA
	JDJMKJEM_01244	
Q8DPU0	JDJMKJEM_01245	Phosphate acetyltransferase
Q8DPU1	JDJMKJEM_01246	RluD-like protein
C1CE84	JDJMKJEM_01247	NAD kinase
C1CE83	JDJMKJEM_01248	GTP pyrophosphokinase
Q8DPU3	JDJMKJEM_01249	Adenylate cyclase
P65242	JDJMKJEM_01250	Ribose-phosphate pyrophosphokinase
A0A4M6CYX1	JDJMKJEM_01251	Cysteine desulfurase
Q8CYS0	JDJMKJEM_01252	Hypothetical protein
A0A237JSH2	JDJMKJEM_01253	Hypothetical protein
C1CRJ3	JDJMKJEM_01254	Redox-sensitive transcriptional regulator Rex
C1C786	JDJMKJEM_01255	Glutamine amidotransferase%2C class I
A0A062WLA7	JDJMKJEM_01256	DNA repair protein RadC
A0A4J1YE00	JDJMKJEM_01257	ATP-dependent DNA helicase PcrA
C1CE73	JDJMKJEM_01258	IS1381 transposase OrfB
C1CE72	JDJMKJEM_01259	hypothetical protein
Q8DPV1	JDJMKJEM_01260	Methionine aminopeptidase
C1CE70	JDJMKJEM_01261	Cytosolic protein containing multiple CBS domains
C1CE69	JDJMKJEM_01262	Ribosomal-protein-S5p-alanine acetyltransferase
Q97QW6	JDJMKJEM_01263	UDP-N-acetylglucosamine 1-carboxyvinyltransferase
	JDJMKJEM_01264	group-II-D1D4-3
	JDJMKJEM_01264	
C1CE67	JDJMKJEM_01265	Hypothetical protein
C1CE66	JDJMKJEM_01266	GTP-binding protein ObgE
C1CE65	JDJMKJEM_01267	Hypothetical protein
C1CE64	JDJMKJEM_01268	Hypothetical protein
C1CE63	JDJMKJEM_01269	1%2C2-diacylglycerol 3-glucosyltransferase LafA
C1CE62	JDJMKJEM_01270	Diglucosyl diacylglycerol synthase LafB
Q8DPW0	JDJMKJEM_01271	Putative aromatic ring hydroxylating enzyme
P0A4J0	JDJMKJEM_01272	RNA polymerase sigma factor RpoD
A0A0I7DN99	JDJMKJEM_01273	DNA primase
A0A0I7DD97	JDJMKJEM_01274	ABC transporter ATP-binding protein
A0A0H2UPW3	JDJMKJEM_01275	Putative tryptophan-specific ABC transporter permease protein TrpY
A0A0E8SZ16	JDJMKJEM_01276	ABC transporter substrate-binding protein
	JDJMKJEM_01277	T-box
	JDJMKJEM_01277	
C1CE55	JDJMKJEM_01278	Phosphoenolpyruvate carboxylase
C1CE54	JDJMKJEM_01279	Cell division protein FtsW
	JDJMKJEM_01280	pemK
	JDJMKJEM_01280	
Q8DPW7	JDJMKJEM_01281	Putative repressor protein%2C phage associated
	JDJMKJEM_01282	hypothetical protein
C1CE51	JDJMKJEM_01283	hypothetical protein
C1CE50	JDJMKJEM_01284	hypothetical protein
C1CE49	JDJMKJEM_01285	ABC transporter ATP-binding protein
C1CE48	JDJMKJEM_01286	Hypothetical protein
C1CE47	JDJMKJEM_01287	Lactococcin-G-processing and transport ATP-binding protein LagD
C1CE46	JDJMKJEM_01288	hypothetical protein
A0A4J1ZHW1	JDJMKJEM_01289	Positive transcriptional regulator%2C MutR family
A0A4J1TNL6	JDJMKJEM_01290	hypothetical protein
A0A7X2XKF7	JDJMKJEM_01291	hypothetical protein
A0A0U0EP22	JDJMKJEM_01292	hypothetical protein
Q8CYS9	JDJMKJEM_01293	Tn5252 Orf9 protein
Q8CYT0	JDJMKJEM_01294	Tn5252 Orf10 protein
	JDJMKJEM_01295	group-II-D1D4-3
	JDJMKJEM_01295	
Q97QY9	JDJMKJEM_01296	putative protein
C1CE40	JDJMKJEM_01297	putative protein
C1CE39	JDJMKJEM_01298	Bifunctional UDP-N-acetylglucosamine kinase/zeta toxin PezT
A0A4M6DAD2	JDJMKJEM_01299	Antitoxin PezA
R4H742	JDJMKJEM_01300	hypothetical protein
R4H7X7	JDJMKJEM_01301	hypothetical protein
B2IPK4	JDJMKJEM_01302	Neopullulanase
Q8DPY0	JDJMKJEM_01303	Transcriptional regulator
Q8DPY1	JDJMKJEM_01304	Putative hydrolase
C1CE31	JDJMKJEM_01305	Hypothetical protein
B2IPK0	JDJMKJEM_01306	Hypothetical protein
C1CE29	JDJMKJEM_01307	Hypothetical protein
A0AA36PXX0	JDJMKJEM_01308	Phage integrase
B1IBJ7	JDJMKJEM_01309	Phage integrase
C1CE28	JDJMKJEM_01310	Hypothetical protein
	JDJMKJEM_01311	pemK
	JDJMKJEM_01311	
Q8CYU1	JDJMKJEM_01312	Putative type II restriction endonuclease
Q8DPY3	JDJMKJEM_01313	Iron compound ABC uptake transporter ATP-binding protein PiaD
Q8DPY4	JDJMKJEM_01314	Iron compound ABC uptake transporter permease protein PiaC
B2IPI9	JDJMKJEM_01315	Iron compound ABC uptake transporter permease protein PiaB
Q8DPY6	JDJMKJEM_01316	Iron compound ABC uptake transporter substrate-binding protein PiaA
C1CE21	JDJMKJEM_01317	Hypothetical protein
	JDJMKJEM_01318	SpF39_sRNA
	JDJMKJEM_01318	
	JDJMKJEM_01319	SpF61_sRNA
	JDJMKJEM_01319	
A0A6A8VKU8	JDJMKJEM_01320	23S rRNA (uracil(1939)-C(5))-methyltransferase
A0A0B7LWH7	JDJMKJEM_01321	Extracellular protein
A0A111E4E2	JDJMKJEM_01322	Pneumococcal vaccine antigen A
A0A6A8VKT1	JDJMKJEM_01323	Pseudouridylate synthase%2C 23S RNA-specific
A0AAD2K9Z7	JDJMKJEM_01324	Serine hydroxymethyltransferase
C1CE15	JDJMKJEM_01325	N-acetyltransferase%2C GCN5-family
C1CE14	JDJMKJEM_01326	Threonylcarbamoyl-AMP synthase TsaC
C1CE13	JDJMKJEM_01327	Peptide chain release factor N(5)-glutamine methyltransferase
Q8DPZ4	JDJMKJEM_01328	Peptide chain release factor 1
C1CE11	JDJMKJEM_01329	Thymidine kinase
B2IPH4	JDJMKJEM_01330	Bifunctional 4-oxalocrotonate tautomerase/xylose transport system permease protein XylH
C1CE09	JDJMKJEM_01331	GTPase and tRNA-U34 5-formylation enzyme MnmE
C1CE08	JDJMKJEM_01332	4-hydroxy-tetrahydrodipicolinate synthase
C1CE07	JDJMKJEM_01333	Aspartate-semialdehyde dehydrogenase
	JDJMKJEM_01334	asd
	JDJMKJEM_01334	
	JDJMKJEM_01335	tRNA-Thr(ggt)
	JDJMKJEM_01335	
Q8DQ01	JDJMKJEM_01336	Substrate-specific component QueT of putative queuosine-regulated ECF transporter
	JDJMKJEM_01337	preQ1-II
	JDJMKJEM_01337	
Q8DQ02	JDJMKJEM_01338	GtrA family protein
Q8DQ03	JDJMKJEM_01339	Large-conductance mechanosensitive channel MscL
C1CE03	JDJMKJEM_01340	Ferrochelatase%2C protoheme ferro-lyase
B8ZPG1	JDJMKJEM_01341	Tripeptide aminopeptidase PepT
A0A0D6J8R7	JDJMKJEM_01342	hypothetical protein
C1C6Y2	JDJMKJEM_01343	hypothetical protein
A0A0B7LLD3	JDJMKJEM_01344	Pneumococcal histidine triad protein E
C1C6Y1	JDJMKJEM_01345	Pneumococcal histidine triad protein E
A0A0E3JFL0	JDJMKJEM_01346	Pneumococcal histidine triad protein D
Q8DQ09	JDJMKJEM_01347	Laminin-binding surface protein
B2IPF3	JDJMKJEM_01348	Cationic amino acid transporter%2C APC Superfamily
	JDJMKJEM_01349	SpF36_sRNA
	JDJMKJEM_01349	
A0A5R9ATM3	JDJMKJEM_01350	Thiol:disulfide oxidoreductase
C1CDZ4	JDJMKJEM_01351	Cytochrome c-type biogenesis protein CcdA-2
A0A4J2FXE2	JDJMKJEM_01352	Hypothetical protein
A0A4M6CWT3	JDJMKJEM_01353	Hypothetical protein
C1CGU6	JDJMKJEM_01354	IS630 family transposase IS630-Spn1
A0A0U0JDY9	JDJMKJEM_01355	Glycerophosphoryl diester phosphodiesterase
A0A4M6CXM9	JDJMKJEM_01356	DNA polymerase III epsilon subunit
A0A0H2UPQ5	JDJMKJEM_01357	Transcriptional regulator OrfX
B2IPE3	JDJMKJEM_01358	Bifunctional 5'-methylthioadenosine nucleosidase/S-adenosylhomocysteine nucleosidase
Q8CYV2	JDJMKJEM_01359	Hypothetical protein
A0A0H2UPW5	JDJMKJEM_01360	ADP-ribose pyrophosphatase
Q8DQ18	JDJMKJEM_01361	Bifunctional N-acetylglucosamine-1-phosphate uridyltransferase/glucosamine-1-phosphate N-acetyltransferase
A0A0U0JDU3	JDJMKJEM_01362	1%2C4-beta-N-acetylmuramidase%2C lyzozyme M1
A0A0B7LXZ4	JDJMKJEM_01363	Membrane protein
A0A0H2UPP4	JDJMKJEM_01364	Transcriptional regulator
A0A0E9GXV5	JDJMKJEM_01365	Phosphoglycerate mutase family 5 protein
A0A4I9Q0H5	JDJMKJEM_01366	hypothetical protein
C1C6V9	JDJMKJEM_01367	IS3 family transposase ISSpn1
Q8DQ24	JDJMKJEM_01368	Putative parvulin type peptidyl-prolyl isomerase PrsA
Q8DQ25	JDJMKJEM_01369	O-methyltransferase family protein
Q8DQ26	JDJMKJEM_01370	Oligoendopeptidase F
A0A0H2UPP6	JDJMKJEM_01371	Competence protein CoiA
Q8DQ28	JDJMKJEM_01372	Tellurite methyltransferase TehB
Q8DQ29	JDJMKJEM_01373	tmRNA-binding protein SmpB
A0A4J1ZLY1	JDJMKJEM_01374	3'-to-5' exoribonuclease RNase R
Q8DQ31	JDJMKJEM_01375	Protein-export membrane protein SecG
C1C6U9	JDJMKJEM_01376	Multidrug resistance efflux pump PmrA
A0A6I3VK08	JDJMKJEM_01377	Dephospho-CoA kinase
A0A6G2DTY4	JDJMKJEM_01378	Formamidopyrimidine-DNA glycosylase MutM
A0A0B7L0X2	JDJMKJEM_01379	GTP-binding protein Era
A0A4J1ZMI9	JDJMKJEM_01380	Diacylglycerol kinase
Q8DQ35	JDJMKJEM_01381	Metal-dependent hydrolase YbeY
A0A4J1ZM63	JDJMKJEM_01382	Fibronectin/fibrinogen-binding protein
A0A6G2DJI0	JDJMKJEM_01383	Endo-beta-N-acetylglucosaminidase LytB
B2IPB8	JDJMKJEM_01384	Dihydroorotate dehydrogenase (NAD(+))%2C catalytic subunit
C1C6U0	JDJMKJEM_01385	Dihydroorotate dehydrogenase (NAD(+))%2C electron transfer subunit
C1CDV7	JDJMKJEM_01386	Lactoylglutathione lyase
Q04KW7	JDJMKJEM_01387	LSU ribosomal protein L20p
Q04KW8	JDJMKJEM_01388	LSU ribosomal protein L35p
Q04KW9	JDJMKJEM_01389	Translation initiation factor 3
	JDJMKJEM_01390	L20_leader
	JDJMKJEM_01390	
A0A0E8T6Q0	JDJMKJEM_01391	Hypothetical protein
A0A6I3T907	JDJMKJEM_01392	ABC transporter%2C ATP-binding protein
A0A4M6CZN2	JDJMKJEM_01393	hypothetical protein
A0A6I3VL05	JDJMKJEM_01394	Late competence DNA transporter ComEC
C1C6T1	JDJMKJEM_01395	Late competence DNA receptor ComEA
A0A0E9A013	JDJMKJEM_01396	Acetyltransferase%2C GNAT family
A0A0E8P851	JDJMKJEM_01397	Alanine dehydrogenase
Q8DQ45	JDJMKJEM_01398	Alanine dehydrogenase
Q8CYV8	JDJMKJEM_01399	hypothetical protein
A0A4J1SMZ3	JDJMKJEM_01400	Acetyltransferase
Q8CYV9	JDJMKJEM_01401	Acetyltransferase
Q8DQ46	JDJMKJEM_01402	Phosphate starvation-inducible protein PhoH
Q97R80	JDJMKJEM_01403	Hypothetical protein
A0A0U0JDN6	JDJMKJEM_01404	S1 RNA-binding domain protein
C1CRV3	JDJMKJEM_01405	Ribosome-recycling factor
Q8DQ50	JDJMKJEM_01406	Uridine monophosphate kinase
C1CK27	JDJMKJEM_01407	Methylenetetrahydrofolate--tRNA-(uracil-5-)- methyltransferase TrmFO
B2IP97	JDJMKJEM_01408	IS5 family transposase ISSpn7
A0A4L7JUD1	JDJMKJEM_01409	IS1381 transposase OrfB
A0A0B7M0Z7	JDJMKJEM_01410	Replication protein
A0A0T8E219	JDJMKJEM_01411	Replication protein
C1C6S0	JDJMKJEM_01412	hypothetical protein
C1C6R9	JDJMKJEM_01413	16S rRNA (cytidine(1402)-2'-O)-methyltransferase
Q97R89	JDJMKJEM_01414	DNA replication initiation control protein YabA
B2IP91	JDJMKJEM_01415	DNA polymerase III delta prime subunit
B8ZP37	JDJMKJEM_01416	Thymidylate kinase
A0A0E8P9M0	JDJMKJEM_01417	Pyrroline-5-carboxylate reductase
B8ZP35	JDJMKJEM_01418	Gamma-glutamyl phosphate reductase
B8ZP34	JDJMKJEM_01419	Glutamate 5-kinase
A0A0B7LRZ5	JDJMKJEM_01420	Teichoic acid phosphorylcholine esterase%2C choline-binding protein CbpE
C1CDS6	JDJMKJEM_01421	Ribosomal large subunit pseudouridine synthase D
Q8DQ64	JDJMKJEM_01422	Lipoprotein signal peptidase
Q8DQ65	JDJMKJEM_01423	Cysteine and methionine metabolism regulator CmbR%2C LysR family
A0A4U1IZD4	JDJMKJEM_01424	CAAX amino terminal protease family protein
A0A660FUU0	JDJMKJEM_01425	Hypothetical protein
A0A098Z4D2	JDJMKJEM_01426	Hydrolase%2C HAD superfamily
A0A660FQA8	JDJMKJEM_01427	N-carbamoylputrescine amidase
B8ZP26	JDJMKJEM_01428	Agmatine deiminase
Q8DQ69	JDJMKJEM_01429	Carboxynorspermidine decarboxylase
A0A0B7KU13	JDJMKJEM_01430	Carboxynorspermidine synthase
A0A0B7L927	JDJMKJEM_01431	Spermidine synthase
Q8DQ71	JDJMKJEM_01432	hypothetical protein
A0A660FZ96	JDJMKJEM_01433	Arginine decarboxylase
A0A4J2A672	JDJMKJEM_01434	ISSpn8 transposase
A0A4J1SKQ9	JDJMKJEM_01435	Hypothetical protein
A0A4J1YXH0	JDJMKJEM_01436	ABC transporter permease protein
C1CDQ8	JDJMKJEM_01437	ABC transporter ATP-binding protein
A0A0B7KXN1	JDJMKJEM_01438	Hypothetical protein
Q8CYW5	JDJMKJEM_01439	Hypothetical protein
	JDJMKJEM_01440	Spd-sr07
	JDJMKJEM_01440	
A0A5C8QW28	JDJMKJEM_01441	Putative phage shock protein C
A0AA86YAT6	JDJMKJEM_01442	Putative SprT family zinc-dependent metallopeptidase
A0A4M6CWK7	JDJMKJEM_01443	Transcription accessory protein
C1CDQ2	JDJMKJEM_01444	Hypothetical protein
C1CDQ1	JDJMKJEM_01445	Putative permease
C1CDQ0	JDJMKJEM_01446	ABC transporter substrate-binding protein
A0A0U0FI83	JDJMKJEM_01447	Hypothetical protein
B2IP60	JDJMKJEM_01448	Hypothetical protein
B2IP59	JDJMKJEM_01449	IS5 family transposase ISSpn7
Q8CYX1	JDJMKJEM_01450	Membrane-associated protein
B2IP54	JDJMKJEM_01451	Pyruvate kinase
Q97RC6	JDJMKJEM_01452	6-phosphofructokinase
A0A4J1S8C9	JDJMKJEM_01453	DNA polymerase III alpha subunit
B8ZNT8	JDJMKJEM_01454	Xaa-Pro dipeptidyl-peptidase
A0A4M6DTR9	JDJMKJEM_01455	Arginine pathway regulatory protein ArgR2
A0A6G2DB63	JDJMKJEM_01456	Type I restriction-modification system restriction subunit R
A0A5B6RZR9	JDJMKJEM_01457	hypothetical protein
C1CDN8	JDJMKJEM_01458	Tyrosine recombinase XerC
C1CDN7	JDJMKJEM_01459	hypothetical protein
C1CDN6	JDJMKJEM_01460	hypothetical protein
A0A6G2DJ72	JDJMKJEM_01461	hypothetical protein
A0A0I6L251	JDJMKJEM_01462	Type I restriction-modification system specificity subunit S
Q8DQ91	JDJMKJEM_01463	Type I restriction-modification system DNA-methyltransferase subunit M
C1CDN2	JDJMKJEM_01464	ATP-grasp-domain-containing protein
C1CDN1	JDJMKJEM_01465	hypothetical protein
C1CJW9	JDJMKJEM_01466	tRNA 4-thiouridine synthase ThiI
C1CDM9	JDJMKJEM_01467	Putative cysteine desulfurase
C1CDM8	JDJMKJEM_01468	Acetyltransferase
A0A0B4ZMK1	JDJMKJEM_01469	DNA translocase FtsK
C1CDM5	JDJMKJEM_01470	Fructose-specific PTS IIABC components
A0A0H2ZPQ7	JDJMKJEM_01471	1-phosphofructokinase
Q8DQ97	JDJMKJEM_01472	Transcriptional repressor of the fructose operon%2C DeoR family
	JDJMKJEM_01473	tRNA-Ser(gga)
	JDJMKJEM_01473	
	JDJMKJEM_01474	transfer-messenger RNA%2C SsrA
	JDJMKJEM_01474	
Q8DQ98	JDJMKJEM_01475	Coordinator of zonal cell elongation
Q75Y35	JDJMKJEM_01476	D-alanyl-D-alanine carboxypeptidase%2C penicillin-binding protein 3
C1CDM0	JDJMKJEM_01477	Iron-sulfur cluster assembly protein SufB
C1CDL9	JDJMKJEM_01478	Putative iron-sulfur cluster assembly scaffold protein for SUF system SufE2
C1CDL8	JDJMKJEM_01479	Cysteine desulfurase SufS
Q8DQA3	JDJMKJEM_01480	Iron-sulfur cluster assembly protein SufD
B2INY7	JDJMKJEM_01481	Iron-sulfur cluster assembly ATPase protein SufC
Q8CYX9	JDJMKJEM_01482	Hypothetical protein
C1CDL4	JDJMKJEM_01483	DNA polymerase III subunits gamma and tau
Q8DQA6	JDJMKJEM_01484	GAF domain-containing protein
	JDJMKJEM_01485	Srn266
	JDJMKJEM_01485	
C1CDL2	JDJMKJEM_01486	IS1167 transposase Orf1
C1CDL1	JDJMKJEM_01487	hypothetical protein
C1CDL0	JDJMKJEM_01488	IS1167 transposase Orf2
C1CDK9	JDJMKJEM_01489	SSU ribosomal protein S1p
	JDJMKJEM_01490	tRNA-Gln(ttg)
	JDJMKJEM_01490	
	JDJMKJEM_01491	tRNA-Tyr(gta)
	JDJMKJEM_01491	
Q8CYY0	JDJMKJEM_01492	Hypothetical protein
Q04L55	JDJMKJEM_01493	Pyrrolidone-carboxylate peptidase
Q8DQB0	JDJMKJEM_01494	Putative membrane protein
C1CDK5	JDJMKJEM_01495	Hypothetical protein
C1CDK4	JDJMKJEM_01496	Oligopeptide ABC transporter substrate-binding protein
C1CDK3	JDJMKJEM_01497	Branched-chain amino acid aminotransferase
Q3HYG4	JDJMKJEM_01498	Topoisomerase IV subunit A
B2INX2	JDJMKJEM_01499	Restriction enzyme BcgI alpha chain-like protein
Q3HZ49	JDJMKJEM_01500	Topoisomerase IV subunit B
Q04L63	JDJMKJEM_01501	Acyl-phosphate:glycerol-3-phosphate O-acyltransferase PlsY
A0AA87CA59	JDJMKJEM_01502	IS3 family transposase ISSpn11
C1CDJ7	JDJMKJEM_01503	hypothetical protein
C1CDJ6	JDJMKJEM_01504	IS3 family transposase ISSpn11
Q8DQB9	JDJMKJEM_01505	Putative deoxyribose-specific ABC transporter permease protein
B2INW4	JDJMKJEM_01506	Putative deoxyribose-specific ABC transporter permease protein
Q8DQC1	JDJMKJEM_01507	Putative deoxyribose-specific ABC transporter ATP-binding protein
C1CDJ2	JDJMKJEM_01508	Nucleoside-binding protein
A0A4J1Z0A0	JDJMKJEM_01509	Cytidine deaminase
C1CDJ0	JDJMKJEM_01510	Deoxyribose-phosphate aldolase
A0A4J1TI39	JDJMKJEM_01511	Pyrimidine-nucleoside phosphorylase
A0A0H2UPK7	JDJMKJEM_01512	16S rRNA (guanine(1207)-N(2))-methyltransferase
C1CDI7	JDJMKJEM_01513	Hypothetical protein
C1CS52	JDJMKJEM_01514	Pantothenate kinase
C1CS53	JDJMKJEM_01515	SSU ribosomal protein S20p
A0A4J6YJR2	JDJMKJEM_01516	FlaR-related DNA topology modulation protein
Q8CWS1	JDJMKJEM_01517	Purine nucleoside phosphorylase
Q8DQC9	JDJMKJEM_01518	Thiol-activated cytolysin
A0AA86XHC5	JDJMKJEM_01519	hypothetical protein
A0A0B7LRS6	JDJMKJEM_01520	hypothetical protein
A0A9P1LTW4	JDJMKJEM_01521	Bifunctional purine nucleoside phosphorylase/N-ribosylnicotinamide phosphorylase
A0A0B7KVG5	JDJMKJEM_01522	hypothetical protein
C1CS61	JDJMKJEM_01523	Phosphopentomutase
C1CDH6	JDJMKJEM_01524	Ribose 5-phosphate isomerase A
C1CDH5	JDJMKJEM_01525	ADP-dependent (S)-NAD(P)H-hydrate dehydratase
A0A4M6DTZ2	JDJMKJEM_01526	hypothetical protein
A0AA86XIX6	JDJMKJEM_01527	Bifunctional methylenetetrahydrofolate dehydrogenase (NADP+)/methenyltetrahydrofolate cyclohydrolase
C1CDH2	JDJMKJEM_01528	Glutamine ABC transporter ATP-binding protein GlnQ4
C1CDH1	JDJMKJEM_01529	Glutamine ABC transporter permease GlnP4
Q8DQD6	JDJMKJEM_01530	Hypothetical protein
C1CDG9	JDJMKJEM_01531	ATP-dependent Clp protease ATP-binding subunit ClpE
C1CDZ0	JDJMKJEM_01532	IS630 family transposase IS630-Spn1
Q8DQE1	JDJMKJEM_01533	MutT/Nudix family protein
C1CDG6	JDJMKJEM_01534	Hypothetical protein
A0A4J0LT84	JDJMKJEM_01535	IS66 family transposase Orf2
C1CDG4	JDJMKJEM_01536	Septation ring formation regulator EzrA
Q59957	JDJMKJEM_01537	DNA gyrase subunit B
Q8DQE6	JDJMKJEM_01538	Hydrolase%2C haloacid dehalogenase-like family
Q8DQE7	JDJMKJEM_01539	4-methyl-5(b-hydroxyethyl)-thiazole monophosphate biosynthesis enzyme
Q8DQE8	JDJMKJEM_01540	Cell shape-determining protein RodA
C1CDF9	JDJMKJEM_01541	Bifunctional DinG family ATP-dependent helicase YoaA/DnaQ family exonuclease
C1CDF8	JDJMKJEM_01542	Protease
Q8CYY6	JDJMKJEM_01543	Hypothetical protein
Q7B3G0	JDJMKJEM_01544	Two-component system sensor histidine kinase CiaH
A0A4J1TIU3	JDJMKJEM_01545	Two-component system response regulator CiaR
	JDJMKJEM_01546	Srn266
	JDJMKJEM_01546	
C1CCX0	JDJMKJEM_01547	IS1167 transposase
C1CDF3	JDJMKJEM_01548	Lysyl aminopeptidase PepN
C1CDF2	JDJMKJEM_01549	Hypothetical protein
A0AAD2KF13	JDJMKJEM_01550	PEP-utilizing enzyme family protein
Q8CYY8	JDJMKJEM_01551	Acetyltransferase%2C GNAT family
A0A6G2DBK5	JDJMKJEM_01552	MutT/Nudix family protein
A0A4M6CTJ4	JDJMKJEM_01553	3-Ketoacyl-ACP reductase
B2INR6	JDJMKJEM_01554	Hypothetical protein
A0A4M6CY98	JDJMKJEM_01555	Putative oxidoreductase
C1CDE4	JDJMKJEM_01556	Hypothetical protein
Q8DQF6	JDJMKJEM_01557	Transcriptional regulator%2C PadR family
C1CDE1	JDJMKJEM_01558	Methionyl-tRNA synthetase
C1CDE0	JDJMKJEM_01559	ABC transporter permease protein
Q8DQF8	JDJMKJEM_01560	ABC transporter ATP-binding protein
C1CDD8	JDJMKJEM_01561	Periplasmic component of efflux system
C1CDD7	JDJMKJEM_01562	Glutathione reductase
C1CDD6	JDJMKJEM_01563	hypothetical protein
C1CDD5	JDJMKJEM_01564	ABC transporter%2C ATP-binding protein
C1CDD4	JDJMKJEM_01565	hypothetical protein
C1CDD3	JDJMKJEM_01566	hypothetical protein
C1CDD2	JDJMKJEM_01567	Substrate-specific component BioY of biotin ECF transporter
A0A0B7LRQ8	JDJMKJEM_01568	hypothetical protein
A0A4J1TKU3	JDJMKJEM_01569	Hypothetical protein
Q8CYZ0	JDJMKJEM_01570	Hypothetical protein
Q8CYZ1	JDJMKJEM_01571	Anaerobic ribonucleoside-triphosphate reductase
Q97RM4	JDJMKJEM_01572	tRNA (guanine(37)-N(1))-methyltransferase
Q8DQG3	JDJMKJEM_01573	16S rRNA processing protein RimM
A0A0D6J9D9	JDJMKJEM_01574	hypothetical protein
C1CDC4	JDJMKJEM_01575	KH domain RNA-binding protein
Q04LD0	JDJMKJEM_01576	SSU ribosomal protein S16p
Q8CYZ5	JDJMKJEM_01577	Hypothetical protein
C1CDB9	JDJMKJEM_01578	Peptidyl-prolyl cis-trans isomerase
	JDJMKJEM_01579	Srn266
	JDJMKJEM_01579	
A0A4J1VXL8	JDJMKJEM_01580	IS1167 transposase
C1C6B2	JDJMKJEM_01581	ABC transporter ATP-binding protein
A0A0B7LPC8	JDJMKJEM_01582	VanZF-related protein
A0A4J1XPF6	JDJMKJEM_01583	putative dual-specificity RNA methyltransferase RlmN
Q8CYZ7	JDJMKJEM_01584	hypothetical protein
C1C6A8	JDJMKJEM_01585	Manganese superoxide dismutase
C1C6A7	JDJMKJEM_01586	DNA polymerase III delta subunit
Q9X9S0	JDJMKJEM_01587	Dihydroorotate dehydrogenase (fumarate)
A0AAE9QY95	JDJMKJEM_01588	S-adenosylmethionine synthetase
Q8DQH1	JDJMKJEM_01589	ATP-dependent RNA helicase YqfR
C1CDA8	JDJMKJEM_01590	Exodeoxyribonuclease III
C1CDA7	JDJMKJEM_01591	Maltose- and glucose-specific PTS IICBA components
B2INE0	JDJMKJEM_01592	Cell division protein FtsX
C1C6A0	JDJMKJEM_01593	Cell division transporter%2C ATP-binding protein FtsE
Q2MGI2	JDJMKJEM_01594	Peptide chain release factor 2
A0A4J1RYU7	JDJMKJEM_01595	CBS domain protein
C1C697	JDJMKJEM_01596	Branched-chain amino acid transport ATP-binding protein LivF
Q8DQH8	JDJMKJEM_01597	Branched-chain amino acid transport ATP-binding protein LivG
Q8DQH9	JDJMKJEM_01598	Branched-chain amino acid transport system permease protein LivM
C1CD99	JDJMKJEM_01599	High-affinity branched-chain amino acid transport system permease protein LivH
Q8DQI1	JDJMKJEM_01600	High-affinity leucine-specific transport system%2C periplasmic binding protein LivJ
A0A0T9AB05	JDJMKJEM_01601	Hypothetical protein
Q04LF4	JDJMKJEM_01602	ATP-dependent Clp protease proteolytic subunit ClpP
Q8DQI3	JDJMKJEM_01603	Uracil phosphoribosyltransferase
C1CD94	JDJMKJEM_01604	dCMP deaminase
Q8DQI5	JDJMKJEM_01605	Transcriptional regulator%2C AcrR family
Q97RQ6	JDJMKJEM_01606	DegV family protein
C1C686	JDJMKJEM_01607	NAD(FAD)-utilizing dehydrogenase
Q8DQI8	JDJMKJEM_01608	MutT/Nudix family protein
A0A0U0JTZ9	JDJMKJEM_01609	HTH-type transcriptional activator mta
A0A6I3TBD9	JDJMKJEM_01610	Sodium-dependent transporter
A0A0B7M6S3	JDJMKJEM_01611	Mannose-6-phosphate isomerase
A0A4M6CX50	JDJMKJEM_01612	6-phospho-beta-glucosidase
B2INB5	JDJMKJEM_01613	IS630 family transposase ISSpn2
B2INB4	JDJMKJEM_01614	IS630 family transposase ISSpn2
Q8CZ01	JDJMKJEM_01615	Hypothetical protein
B2INB2	JDJMKJEM_01616	Pyruvate oxidase
B2INB1	JDJMKJEM_01617	Lead%2C cadmium%2C copper%2C zinc and mercury transporting P-type ATPase
B2INB0	JDJMKJEM_01618	Copper-exporting ATPase
C1CD79	JDJMKJEM_01619	Negative transcriptional regulator of copper transport operon
	JDJMKJEM_01620	TPP
	JDJMKJEM_01620	
B2INA8	JDJMKJEM_01621	Hydroxymethylpyrimidine phosphate kinase ThiD
B2INA7	JDJMKJEM_01622	Thiamin-phosphate pyrophosphorylase
B8ZN21	JDJMKJEM_01623	Hydroxyethylthiazole kinase
B2INA5	JDJMKJEM_01624	Substrate-specific component ThiW of putative thiazole ECF transporter
B2INA4	JDJMKJEM_01625	Thiaminase II TenA
B2INA3	JDJMKJEM_01626	Transmembrane component YkoC of energizing module of thiamin-regulated ECF transporter for hydroxymethylpyrimidine
B2INA2	JDJMKJEM_01627	Duplicated ATPase component YkoD of energizing module of thiamin-regulated ECF transporter for hydroxymethylpyrimidine
C1CD71	JDJMKJEM_01628	Substrate-specific component YkoE of thiamin-regulated ECF transporter for hydroxymethylpyrimidine
	JDJMKJEM_01629	TPP
	JDJMKJEM_01629	
A0AAD2IJV4	JDJMKJEM_01630	Thiamin-phosphate pyrophosphorylase
A0AAD2IJZ5	JDJMKJEM_01631	Hydroxyethylthiazole kinase
B2IN98	JDJMKJEM_01632	Hypothetical protein
B2IN97	JDJMKJEM_01633	Thiaminase II
	JDJMKJEM_01634	TPP
	JDJMKJEM_01634	
C1CD67	JDJMKJEM_01635	L-Lactate 2-monooxygenase
C1CD66	JDJMKJEM_01636	Class II lysyl-tRNA synthetase
C1CD65	JDJMKJEM_01637	L-Lactate 2-monooxygenase
C1CD63	JDJMKJEM_01638	Glutamine ABC transporter permease GlnP3a
Q8DQL0	JDJMKJEM_01639	Glutamine ABC transporter permease GlnP3b
C1CD61	JDJMKJEM_01640	Glutamine ABC transporter ATP-binding protein GlnQ3
A0A0B7M0G9	JDJMKJEM_01641	hypothetical protein
A0A4J1ND47	JDJMKJEM_01642	Amino acid ABC transporter amino acid-binding/permease protein
A0A4J1UN03	JDJMKJEM_01643	ABC transporter ATP-binding protein
Q8CZ03	JDJMKJEM_01644	Hypothetical protein
C1CD58	JDJMKJEM_01645	Hypothetical protein
C1CD57	JDJMKJEM_01646	Hypothetical protein
A0A4L7TRY1	JDJMKJEM_01647	Hypothetical protein
P0CB78	JDJMKJEM_01648	Orotate phosphoribosyltransferase
C1CD54	JDJMKJEM_01649	Orotidine 5'-phosphate decarboxylase
	JDJMKJEM_01650	PyrR
	JDJMKJEM_01650	
C1CD53	JDJMKJEM_01651	Cell division protein DivIB
B8ZMZ7	JDJMKJEM_01652	UDP-N-acetylglucosamine--N-acetylmuramyl- (pentapeptide) pyrophosphoryl-undecaprenol N-acetylglucosamine transferase
A0AA86Y4V8	JDJMKJEM_01653	UDP-N-acetylmuramoylalanine--D-glutamate ligase
C1CD50	JDJMKJEM_01654	ABC transporter ATP-binding protein
A0A4J1XCJ7	JDJMKJEM_01655	Putative immunity protein
A0A098APW8	JDJMKJEM_01656	Putative immunity protein
C1CD48	JDJMKJEM_01657	Putative membrane protein
A0AA86Y837	JDJMKJEM_01658	GTP-binding protein TypA
C1CD46	JDJMKJEM_01659	Ribosomal small subunit pseudouridine synthase A
Q8DQM7	JDJMKJEM_01660	Rhodanese-like domain protein
Q8DQM8	JDJMKJEM_01661	Hypothetical protein
Q8DQM9	JDJMKJEM_01662	Methionine biosynthesis and transport regulator MtaR%2C LysR family
Q8DQN0	JDJMKJEM_01663	Short-chain dehydrogenase
Q8DQN1	JDJMKJEM_01664	Ribonuclease Z
C1CD40	JDJMKJEM_01665	Cystathionine beta-lyase
Q8DQN2	JDJMKJEM_01666	GTP-binding protein HflX
C1CD38	JDJMKJEM_01667	tRNA dimethylallyltransferase MiaA
Q8CZ15	JDJMKJEM_01668	Hypothetical protein
C1CD36	JDJMKJEM_01669	Thymidylate synthase
C1CD35	JDJMKJEM_01670	Glucokinase
C1CD34	JDJMKJEM_01671	hypothetical protein
C1CD32	JDJMKJEM_01672	hypothetical protein
C1CD31	JDJMKJEM_01673	Bifunctional para-aminobenzoate synthase%2C aminase component/aminodeoxychorismate lyase
A0A7X3BXR7	JDJMKJEM_01674	hypothetical protein
A0A5R9AXL8	JDJMKJEM_01675	YwlG
Q9S1I9	JDJMKJEM_01676	Two-component sensor kinase YesM
Q8DQN8	JDJMKJEM_01677	Two-component response regulator YesN
C1CD27	JDJMKJEM_01678	Peptide methionine sulfoxide reductase MsrAB2
A0AA87CBX6	JDJMKJEM_01679	Thiol:disulfide oxidoreductase
C1CD25	JDJMKJEM_01680	Cytochrome c-type biogenesis protein CcdA-1
C1CD24	JDJMKJEM_01681	Inner membrane protein YihY
A0A0B7M2V6	JDJMKJEM_01682	Na+/H+ antiporter
C1CD22	JDJMKJEM_01683	Hypothetical protein
Q8DQP3	JDJMKJEM_01684	Putative rRNA methylase YtqB
B2IMW4	JDJMKJEM_01685	hypothetical protein
B2IMW3	JDJMKJEM_01686	hypothetical protein
A0A4J1XJX9	JDJMKJEM_01687	Hypothetical protein
	JDJMKJEM_01688	SpF25_sRNA
	JDJMKJEM_01688	
B2IMW1	JDJMKJEM_01689	hypothetical protein
B2IMW0	JDJMKJEM_01690	hypothetical protein
B2IMV9	JDJMKJEM_01691	Beta-galactosidase BgaA
B2IMV8	JDJMKJEM_01692	Galactose-specific PTS IIC component
Q8CZ23	JDJMKJEM_01693	Galactose-specific PTS IIB component
B2IMV6	JDJMKJEM_01694	Galactose-specific PTS IIA component
B2IMV5	JDJMKJEM_01695	Serine protease PrtA precursor
Q8DQP8	JDJMKJEM_01696	Multidrug ABC transporter permease protein
Q8DQP9	JDJMKJEM_01697	Antibiotic ABC transporter permease protein
B2IMV0	JDJMKJEM_01698	ABC transporter ATP-binding protein
A0AAD2IHS4	JDJMKJEM_01699	hypothetical protein
A0A0B7LEL3	JDJMKJEM_01700	Hypothetical protein
	JDJMKJEM_01701	Intron_gpII
	JDJMKJEM_01701	
B8ZML9	JDJMKJEM_01702	LSU ribosomal protein L1p (L10Ae)
Q97RZ6	JDJMKJEM_01703	LSU ribosomal protein L11p (L12e)
C1CD01	JDJMKJEM_01704	L%2CD-carboxypeptidase
C1CD00	JDJMKJEM_01705	Histidine triad family protein
C1CCZ9	JDJMKJEM_01706	Deblocking aminopeptidase
A0A5R9B059	JDJMKJEM_01707	Branched-chain amino acid transport system carrier protein
	JDJMKJEM_01708	SpF22_sRNA
	JDJMKJEM_01708	
C1CCZ6	JDJMKJEM_01709	hypothetical protein
C1CCZ5	JDJMKJEM_01710	Uracil-DNA glycosylase
C1CCZ4	JDJMKJEM_01711	Dipeptidase PepV
C1CCZ3	JDJMKJEM_01712	Bifunctional oxygen-insensitive NAD(P)H nitroreductase/dihydropteridine reductase
Q8CWT0	JDJMKJEM_01713	Cysteine ABC transporter substrate-binding protein
B2IMT6	JDJMKJEM_01714	Serine/threonine protein phosphatase
B2IMT5	JDJMKJEM_01715	Serine/threonine protein phosphatase
B8ZMK5	JDJMKJEM_01716	Excinuclease ABC subunit C
C1C5Y5	JDJMKJEM_01717	Putative Zn-dependent protease
Q9L446	JDJMKJEM_01718	tRNA-dependent lipid II-Ala--L-alanine ligase MurN
Q4TUJ7	JDJMKJEM_01719	tRNA-dependent lipid II--L-alanine/serine ligase MurM
B2IMT0	JDJMKJEM_01720	Tributyrin esterase
Q8DQR3	JDJMKJEM_01721	Ribonuclease J2
A0AAD2KA13	JDJMKJEM_01722	Single-stranded-DNA-specific exonuclease RecJ
C1CCY4	JDJMKJEM_01723	Glutamine ABC transporter ATP-binding protein GlnQ4
A0AA86Y851	JDJMKJEM_01724	Glutamine ABC transporter substrate-binding protein GlnH2
A0AA87CGT1	JDJMKJEM_01725	Glutamine ABC transporter permease GlnP2a
C1C5X6	JDJMKJEM_01726	Glutamine ABC transporter permease GlnP2b
C1C5X5	JDJMKJEM_01727	Oxidoreductase
C1CCX9	JDJMKJEM_01728	Class II fructose-bisphosphate aldolase
A0A4J1S2Z6	JDJMKJEM_01729	Two-component system sensor histidine kinase VncS
C1CCX7	JDJMKJEM_01730	Two-component system response regulator VncR
Q9S4J0	JDJMKJEM_01731	Peptide ABC transporter membrane-spanning permease Vex3
A0A098Z2X1	JDJMKJEM_01732	ABC transporter ATP-binding protein Vex2
C1C5W8	JDJMKJEM_01733	Peptide ABC transporter membrane-spanning permease Vex1
A0A0T7YKG5	JDJMKJEM_01734	hypothetical protein
	JDJMKJEM_01735	Srn266
	JDJMKJEM_01735	
C1CCX0	JDJMKJEM_01736	IS1167 transposase
C1CCW9	JDJMKJEM_01737	Leucine rich protein
C1CCW8	JDJMKJEM_01738	Mini-ribonuclease III
C1CCW7	JDJMKJEM_01739	Cysteinyl-tRNA synthetase
C1CCW6	JDJMKJEM_01740	Acetyltransferase%2C GNAT family
A0A0B7LFB4	JDJMKJEM_01741	Serine acetyltransferase
B8ZMC0	JDJMKJEM_01742	Polyribonucleotide nucleotidyltransferase
C1CCW3	JDJMKJEM_01743	5%2C10-methylenetetrahydrofolate reductase
C1CCW2	JDJMKJEM_01744	5-methyltetrahydropteroyltriglutamate-- homocysteine methyltransferase
A0A4J1W747	JDJMKJEM_01745	ISSpn8 transposase
A0A4J2BTD4	JDJMKJEM_01746	Putative integral membrane protein
A0A4J1TLE6	JDJMKJEM_01747	Phenylalanyl-tRNA synthetase beta chain
Q8DQT7	JDJMKJEM_01748	N1-spermidine/spermine acetyltransferase PaiA
Q8DQT8	JDJMKJEM_01749	Phenylalanyl-tRNA synthetase alpha chain
A0A0D6J947	JDJMKJEM_01750	6-phospho-beta-glucosidase
A0A4M6DVQ7	JDJMKJEM_01751	Beta-glucoside-specific PTS IIBCA components
B2IMP8	JDJMKJEM_01752	Beta-glucoside bgl operon antiterminator BglG
	JDJMKJEM_01753	SpF19_sRNA
	JDJMKJEM_01753	
A0A4J1WJ66	JDJMKJEM_01754	hypothetical protein
A0A0H2UP32	JDJMKJEM_01755	hypothetical protein
	JDJMKJEM_01756	Srn266
	JDJMKJEM_01756	
A0A4J2FD88	JDJMKJEM_01757	IS1167 transposase Orf1
A0A0B4ZLE6	JDJMKJEM_01758	hypothetical protein
A0A0Z5LAV6	JDJMKJEM_01759	hypothetical protein
A0A064BZI4	JDJMKJEM_01760	Fic domain protein
C1CCV2	JDJMKJEM_01761	Hypothetical protein
A0A4J1Z8Z2	JDJMKJEM_01762	Valyl-tRNA synthetase
C1CCV0	JDJMKJEM_01763	Hypothetical protein
A0A6G2DCL4	JDJMKJEM_01764	Acetyltransferase
C1C5U0	JDJMKJEM_01765	Hypothetical protein
C1CCU6	JDJMKJEM_01766	Hypothetical protein
Q8CZ41	JDJMKJEM_01767	Hypothetical protein
A0A4M3JXY5	JDJMKJEM_01768	Hypothetical protein
Q8CZ42	JDJMKJEM_01769	Glycerate kinase
A0A4J1UP14	JDJMKJEM_01770	Hypothetical protein
A0A0E8P689	JDJMKJEM_01771	Hypothetical protein
A0A5R9B118	JDJMKJEM_01772	Hypothetical protein
C1CQ49	JDJMKJEM_01773	Ribosome-binding factor A
B8ZM93	JDJMKJEM_01774	Translation initiation factor 2
C1CCT7	JDJMKJEM_01775	L7Ae family ribosomal protein
Q8DQV4	JDJMKJEM_01776	Putative nucleic-acid-binding protein implicated in transcription termination
C1CCT5	JDJMKJEM_01777	Transcription termination/antitermination protein NusA
Q97S61	JDJMKJEM_01778	Bacterial ribosome SSU maturation protein RimP
A0A064C0Y7	JDJMKJEM_01779	tRNA (guanine46-N7-)-methyltransferase
C1CCT2	JDJMKJEM_01780	Aminoglycoside phosphotransferase family protein
A0A0B7M7P4	JDJMKJEM_01781	Putative protease
Q9FBH0	JDJMKJEM_01782	Immunity protein BlpZ
C1C5R9	JDJMKJEM_01783	Bacteriocin immunity protein BlpY
Q9ETT3	JDJMKJEM_01784	hypothetical protein
A0A0B7M8R9	JDJMKJEM_01785	hypothetical protein
A7XHD0	JDJMKJEM_01786	hypothetical protein
A7XHC5	JDJMKJEM_01787	hypothetical protein
Q9ETM2	JDJMKJEM_01788	hypothetical protein
Q9EU53	JDJMKJEM_01789	hypothetical protein
Q9ETN5	JDJMKJEM_01790	Competence-stimulating peptide ABC transporter ATP-binding protein ComA
Q9EW68	JDJMKJEM_01791	Competence-stimulating peptide ABC transporter ATP-binding protein ComA
C1CCS0	JDJMKJEM_01792	Competence-stimulating peptide ABC transporter permease protein ComB
A0AA36V9Y1	JDJMKJEM_01793	hypothetical protein
C1CCR8	JDJMKJEM_01794	Two-component system sensor histidine kinase BlpH
Q9S1I6	JDJMKJEM_01795	Two-component system response regulator BlpR
Q9ETK5	JDJMKJEM_01796	BlpS protein
Q9FBH2	JDJMKJEM_01797	BlpT protein
C1CCR4	JDJMKJEM_01798	ABC transporter permease protein EcsB
C1CCR3	JDJMKJEM_01799	ABC transporter ATP-binding protein EcsA
Q8DQW8	JDJMKJEM_01800	Histidine triad nucleotide-binding protein
C1CCR1	JDJMKJEM_01801	Hypothetical protein
A0A4U1IYY9	JDJMKJEM_01802	hypothetical protein
C1CCQ9	JDJMKJEM_01803	Chaperone protein DnaJ
	JDJMKJEM_01804	SpF14_sRNA
	JDJMKJEM_01804	
A0A0T7I8D2	JDJMKJEM_01805	Hypothetical protein
P95829	JDJMKJEM_01806	Chaperone protein DnaK
B2IMB4	JDJMKJEM_01807	Heat shock protein GrpE
Q04LY2	JDJMKJEM_01808	Heat-inducible transcription repressor HrcA
Q8CZ49	JDJMKJEM_01809	Hypothetical protein
Q8CZ50	JDJMKJEM_01810	Hypothetical protein
C1CCQ3	JDJMKJEM_01811	Type I restriction-modification system restriction subunit R
C1CCQ2	JDJMKJEM_01812	Type I restriction-modification system DNA-methyltransferase subunit M
B1IA45	JDJMKJEM_01813	Type I restriction-modification system%2C specificity subunit S components 1.1-2.1
A0A0B7LN89	JDJMKJEM_01814	Type I restriction-modification system%2C specificity subunit S type F
C1CCQ0	JDJMKJEM_01815	Integrase/recombinase CreX (XerC/CodV family)
B1IA42	JDJMKJEM_01816	Type I restriction-modification system%2C specificity subunit S components 1.1-2.1
C1C5M8	JDJMKJEM_01817	hypothetical protein
Q8DQX6	JDJMKJEM_01818	Glutamine synthetase type I
C1CCP5	JDJMKJEM_01819	Transcriptional regulator%2C MerR family
Q8CZ51	JDJMKJEM_01820	Hypothetical protein
C1CQ04	JDJMKJEM_01821	Phosphoglycerate kinase
A0A4N9MY07	JDJMKJEM_01822	Endo-beta-N-acetylglucosaminidase EndoD
B2IM99	JDJMKJEM_01823	Sodium-dependent phosphate transporter NptA
C1CCP1	JDJMKJEM_01824	CTP synthase
P66718	JDJMKJEM_01825	DNA-directed RNA polymerase delta subunit
Q8CZ53	JDJMKJEM_01826	Hypothetical protein
C1CCN7	JDJMKJEM_01827	Hypothetical protein
A0A0E8P6N5	JDJMKJEM_01828	Membrane-associated phospholipid phosphatase
C1C5L4	JDJMKJEM_01829	Substrate-specific component RibU of riboflavin ECF transporter
	JDJMKJEM_01830	FMN
	JDJMKJEM_01830	
C1CCN4	JDJMKJEM_01831	tRNA (cytidine(34)-2'-O)-methyltransferase
	JDJMKJEM_01832	23S-methyl
	JDJMKJEM_01832	
C1CCN3	JDJMKJEM_01833	Transmembrane component MtsC of energizing module of methionine-regulated ECF transporter
B2IM90	JDJMKJEM_01834	Duplicated ATPase component MtsB of energizing module of methionine-regulated ECF transporter
B2IM89	JDJMKJEM_01835	Hypothetical protein
C1CIX7	JDJMKJEM_01836	Substrate-specific component MtsA of methionine-regulated ECF transporter
C1CCM9	JDJMKJEM_01837	Hypothetical protein
C1CCM8	JDJMKJEM_01838	Trk family potassium uptake protein TrkA
C1CCM7	JDJMKJEM_01839	Trk family potassium uptake protein TrkH
B2IM84	JDJMKJEM_01840	Lactose-specific PTS IIBC components
A0A4U8X7Z5	JDJMKJEM_01841	Lactose-specific PTS IIBC components
Q8CZ56	JDJMKJEM_01842	Hypothetical protein
Q8DQZ5	JDJMKJEM_01843	Hypothetical protein
B2IM82	JDJMKJEM_01844	hypothetical protein
Q8DQZ6	JDJMKJEM_01845	Pyruvate formate-lyase
Q97SC7	JDJMKJEM_01846	DNA polymerase IV
Q04M23	JDJMKJEM_01847	Undecaprenyl-diphosphatase
A0A4J1RQD1	JDJMKJEM_01848	hypothetical protein
A0A4J1YLB8	JDJMKJEM_01849	Hypothetical protein
C1CCL6	JDJMKJEM_01850	Glutamine ABC transporter permease GlnHP1
Q8DR01	JDJMKJEM_01851	Glutamine ABC transporter ATP-binding protein GlnQ1
Q8CZ60	JDJMKJEM_01852	Hypothetical protein
C1CCL2	JDJMKJEM_01853	Threonine dehydratase
C1CCL1	JDJMKJEM_01854	Hypothetical protein
A0A0E8Z4Y1	JDJMKJEM_01855	hypothetical protein
A0A098YY27	JDJMKJEM_01856	Ketol-acid reductoisomerase
Q8DR04	JDJMKJEM_01857	Acetolactate synthase small subunit
C1CCK7	JDJMKJEM_01858	Acetolactate synthase large subunit
C1CCK6	JDJMKJEM_01859	Dihydroxyacetone kinase-like protein
C1CCK5	JDJMKJEM_01860	Putative alkaline-shock protein
A0A064BZB4	JDJMKJEM_01861	LSU ribosomal protein L28p
Q8DR08	JDJMKJEM_01862	Putative CDP-glycerol:glycerophosphate glycerophosphotransferase
Q8DR09	JDJMKJEM_01863	Peptide chain release factor 3
Q04M40	JDJMKJEM_01864	Bifunctional aspartyl-tRNA(Asp) amidotransferase subunit C/glutamyl-tRNA(Glu) amidotransferase subunit C
Q8DR10	JDJMKJEM_01865	Bifunctional aspartyl-tRNA(Asp) amidotransferase subunit A/glutamyl-tRNA(Glu) amidotransferase subunit A
B8ZLK0	JDJMKJEM_01866	Bifunctional aspartyl-tRNA(Asp) amidotransferase subunit B/glutamyl-tRNA(Glu) amidotransferase subunit B
Q04M43	JDJMKJEM_01867	Translation elongation factor P
Q8DR12	JDJMKJEM_01868	Alkaline shock protein
Q04M45	JDJMKJEM_01869	Transcription termination protein NusB
C1C5G7	JDJMKJEM_01870	hypothetical protein
A0AAD2IJT5	JDJMKJEM_01871	hypothetical protein
A0A4J2AQS9	JDJMKJEM_01872	Hypothetical protein
A0A064BZA7	JDJMKJEM_01873	Acetyl-coenzyme A carboxyl transferase alpha chain
Q7CRB7	JDJMKJEM_01874	Acetyl-coenzyme A carboxyl transferase beta chain
Q9FBB9	JDJMKJEM_01875	Biotin carboxylase of acetyl-CoA carboxylase
C1C5G1	JDJMKJEM_01876	3-hydroxyacyl-(acyl-carrier-protein) dehydratase FabZ
Q9FBC1	JDJMKJEM_01877	Biotin carboxyl carrier protein of acetyl-CoA carboxylase
Q8DR14	JDJMKJEM_01878	3-oxoacyl-(acyl-carrier-protein) synthase FabF
C1CCI6	JDJMKJEM_01879	3-oxoacyl-[acyl-carrier protein] reductase FabG1
A0A4J1UWP7	JDJMKJEM_01880	Malonyl CoA-acyl carrier protein transacylase FabD
A0A0B7LVS4	JDJMKJEM_01881	Enoyl-(acyl-carrier-protein) reductase FabK
P0A2W1	JDJMKJEM_01882	Acyl carrier protein
Q04M58	JDJMKJEM_01883	3-oxoacyl-(acyl-carrier-protein) synthase FabH
Q8DR18	JDJMKJEM_01884	Transcriptional regulator of fatty acid biosynthesis FabT
C1CCI0	JDJMKJEM_01885	Trans-2%2Ccis-3-Decenoyl-ACP isomerase
A0A4J1YFL2	JDJMKJEM_01886	Aspartokinase
C1C5E9	JDJMKJEM_01887	Putative regulator of the mannose operon ManO
B8ZLH8	JDJMKJEM_01888	Seryl-tRNA synthetase
A0A4J1YFG7	JDJMKJEM_01889	Exfoliative toxin A
Q8DR24	JDJMKJEM_01890	Macrophage infectivity potentiator protein
A0A4J1YFK7	JDJMKJEM_01891	Sodium/glycine symporter GlyP
	JDJMKJEM_01892	Glycine
	JDJMKJEM_01892	
B8ZLH4	JDJMKJEM_01893	Recombination inhibitory protein MutS2
C1C5E3	JDJMKJEM_01894	Z-ring positive regulator ZapB
C1CCH1	JDJMKJEM_01895	Z-ring positive regulator ZapA
Q3HYM8	JDJMKJEM_01896	Ribonuclease HIII
Q3I0J2	JDJMKJEM_01897	Signal peptidase I
A0A4J1RSI0	JDJMKJEM_01898	RecD-like DNA helicase YrrC
B8ZLG8	JDJMKJEM_01899	Cell division trigger factor
B8ZLG6	JDJMKJEM_01900	Mannitol-1-phosphate 5-dehydrogenase
C1C5D5	JDJMKJEM_01901	Mannitol-specific PTS IIA component
A0A4J2F8V7	JDJMKJEM_01902	Mannitol operon activator%2C BglG family
A0AAD2Q7Z2	JDJMKJEM_01903	Mannitol-specific PTS IIBC components
B2ILT9	JDJMKJEM_01904	hypothetical protein
A0A4M6D248	JDJMKJEM_01905	hypothetical protein
A0A4J2F4X3	JDJMKJEM_01906	hypothetical protein
A0A4L8IKT0	JDJMKJEM_01907	IS3 family transposase ISSpn11
A0A7X2XMT0	JDJMKJEM_01908	Choline-binding protein CbpK
A0A4J1NYB1	JDJMKJEM_01909	hypothetical protein
C1C5C9	JDJMKJEM_01910	Hypothetical protein
A0A4J2BC58	JDJMKJEM_01911	hypothetical protein
Q9S1J7	JDJMKJEM_01912	Two-component transcriptional regulator VraR
B2ILS7	JDJMKJEM_01913	Two-component system sensor histidine kinase VraS
C1CCF1	JDJMKJEM_01914	Cell wall-active antibiotics response protein VraT
Q97SH8	JDJMKJEM_01915	Isopentenyl-diphosphate delta-isomerase%2C FMN-dependent
B2ILS4	JDJMKJEM_01916	Phosphomevalonate kinase
B2ILS3	JDJMKJEM_01917	Diphosphomevalonate decarboxylase
C1C5C0	JDJMKJEM_01918	Mevalonate kinase
A0A4J2FK19	JDJMKJEM_01919	hypothetical protein
B2ILS1	JDJMKJEM_01920	hypothetical protein
B2ILS0	JDJMKJEM_01921	Macrolide-efflux protein
B2ILR9	JDJMKJEM_01922	Choline-binding protein CbpF
B2ILR8	JDJMKJEM_01923	Orphan response regulator RitR
A0A0T9HRS5	JDJMKJEM_01924	6-phosphogluconate dehydrogenase%2C decarboxylating
A0AA95IJJ4	JDJMKJEM_01925	Mid-cell-anchored protein Z
A0A4J1NHK2	JDJMKJEM_01926	23S rRNA (guanine(2445)-N(2))-methyltransferase
	JDJMKJEM_01927	RNaseP_bact_b
	JDJMKJEM_01927	
B8ZL84	JDJMKJEM_01928	Cell division protein GpsB
Q8DR58	JDJMKJEM_01929	Hypothetical protein
H8ZYN7	JDJMKJEM_01930	RecU Holliday junction resolvase
H8ZYN1	JDJMKJEM_01931	Multimodular transpeptidase-transglycosylase%2C penicillin-binding protein 1A
Q7DL40	JDJMKJEM_01932	Multimodular transpeptidase-transglycosylase%2C penicillin-binding protein 1A
H8ZYM2	JDJMKJEM_01933	Endo-alpha-N-acetylgalactosaminidase Eng
O52230	JDJMKJEM_01934	Oligopeptide ABC transporter%2C periplasmic oligopeptide-binding protein AliA
A0A0B7LWA4	JDJMKJEM_01935	hypothetical protein
O54579	JDJMKJEM_01936	dTDP-4-dehydrorhamnose reductase Cps2O
Q8DR64	JDJMKJEM_01937	dTDP-glucose 4%2C6-dehydratase Cps2N
O54547	JDJMKJEM_01938	dTDP-4-dehydrorhamnose 3%2C5-epimerase Cps2M
Q4K0A8	JDJMKJEM_01939	Glucose-1-phosphate thymidylyltransferase Cps2L
Q4K015	JDJMKJEM_01940	Putative NagD-like phosphatase
O85005	JDJMKJEM_01941	CTP:phosphoglutamine cytidylyltransferase
Q9R921	JDJMKJEM_01942	hypothetical protein
A0A4J1RUW1	JDJMKJEM_01943	Teichoic acid poly(glycerol phosphate) polymerase
Q9R923	JDJMKJEM_01944	Polysaccharide biosynthesis protein Cps2J
Q9R924	JDJMKJEM_01945	hypothetical protein
O85000	JDJMKJEM_01946	Glycosyltransferase%2C group 2 family
Q9R925	JDJMKJEM_01947	hypothetical protein
Q9R926	JDJMKJEM_01948	Alpha-D-GlcNAc alpha-1%2C2-L-rhamnosyltransferase Cps2T
A0A4J1RSY9	JDJMKJEM_01949	Undecaprenyl-phosphate galactosephosphotransferase Cps2E
O84996	JDJMKJEM_01950	Tyrosine-protein kinase Cps2D
Q4K0G3	JDJMKJEM_01951	Capsular biosynthesis protein Cps2C
O54645	JDJMKJEM_01952	Tyrosine-protein phosphatase Cps2B
O54597	JDJMKJEM_01953	Exopolysaccharide biosynthesis transcriptional regulator Cps2A
Q8CZ69	JDJMKJEM_01954	S-ribosylhomocysteinase
B2ISR0	JDJMKJEM_01955	Glucan 1%2C6-alpha-glucosidase
B8ZL58	JDJMKJEM_01956	ATP-dependent Zn protease
C1CCB3	JDJMKJEM_01957	Bifunctional S-ribosylhomocysteine lyase/autoinducer-2 production protein LuxS
A0A4G4F412	JDJMKJEM_01958	hypothetical protein
	JDJMKJEM_01959	group-II-D1D4-3
	JDJMKJEM_01959	
H8ZYI1	JDJMKJEM_01960	Putative ATP-dependent Clp proteinase ATP-binding subunit ClpL
H8ZYG8	JDJMKJEM_01961	Phospho-N-acetylmuramoyl-pentapeptide- transferase
Q9RES8	JDJMKJEM_01962	Penicillin-binding protein 2X
Q8DR70	JDJMKJEM_01963	Cell division protein FtsL
H8ZYQ0	JDJMKJEM_01964	16S rRNA (cytosine(1402)-N(4))-methyltransferase MraW
B2ISQ1	JDJMKJEM_01965	Transcriptional regulator%2C PbsX family
Q8CZ72	JDJMKJEM_01966	Hypothetical protein
C1CCA5	JDJMKJEM_01967	hypothetical protein
C1CCA4	JDJMKJEM_01968	Transcriptional regulator RegR
B2ISP8	JDJMKJEM_01969	Oligohyaluronate lyase
Q8DR73	JDJMKJEM_01970	Preprotein translocase subunit YajC
C1CBA4	JDJMKJEM_01971	Hyaluronate-oligosaccharide-specific PTS IID component
Q8DR75	JDJMKJEM_01972	Hyaluronate-oligosaccharide-specific PTS IIC component
A0A4M6D2F1	JDJMKJEM_01973	Hyaluronate-oligosaccharide-specific PTS IIB component
A0A4J2BZH8	JDJMKJEM_01974	Unsaturated chondroitin disaccharide hydrolase
Q8DR78	JDJMKJEM_01975	Hyaluronate-oligosaccharide-specific PTS IIA component
Q8DR79	JDJMKJEM_01976	2-deoxy-D-gluconate 3-dehydrogenase
C1CB98	JDJMKJEM_01977	Putative 4-deoxy-L-threo-5-hexosulose-uronate ketol-isomerase
B2ISN9	JDJMKJEM_01978	2-dehydro-3-deoxygluconokinase
C1CC93	JDJMKJEM_01979	Bifunctional 4-hydroxy-2-oxoglutarate aldolase/2-dehydro-3-deoxyphosphogluconate aldolase
A0A4J1RX59	JDJMKJEM_01980	IS200/IS605 family transposase ISStin10
M4Y9A8	JDJMKJEM_01981	Hyaluronate lyase precursor SpnHL
B1I935	JDJMKJEM_01982	Glutathione peroxidase family protein
	JDJMKJEM_01983	SpF11_sRNA
	JDJMKJEM_01983	
A0A4J1RV88	JDJMKJEM_01984	Maltodextrin glucosidase
	JDJMKJEM_01985	SpF10_sRNA
	JDJMKJEM_01985	
A0A4H9TH55	JDJMKJEM_01986	hypothetical protein
Q8CZ76	JDJMKJEM_01987	Hypothetical protein
C1CC87	JDJMKJEM_01988	Tyrosine recombinase XerC
Q97SN4	JDJMKJEM_01989	SSU ribosomal protein S9p (S16e)
Q8CWU5	JDJMKJEM_01990	LSU ribosomal protein L13p (L13Ae)
	JDJMKJEM_01991	L13_leader
	JDJMKJEM_01991	
Q8CZ79	JDJMKJEM_01992	Hypothetical protein
A0A4J1RUJ2	JDJMKJEM_01993	Bifunctional dihydroneopterin aldolase/2-amino-4-hydroxy-6-hydroxymethyldihydropteridine pyrophosphokinase
B8ZL26	JDJMKJEM_01994	GTP cyclohydrolase I type 1
A0A4J1RUM8	JDJMKJEM_01995	Bifunctional dihydrofolate synthase/folylpolyglutamate synthase
A0A4M6D2I9	JDJMKJEM_01996	Dihydropteroate synthase
A0A4J1YBA3	JDJMKJEM_01997	Membrane-bound protease%2C CAAX family
A0A4J1YBD8	JDJMKJEM_01998	Guanine-hypoxanthine permease
B2ISL4	JDJMKJEM_01999	Hydrolase%2C HAD superfamily
A0A0B7LSF0	JDJMKJEM_02000	Alcohol dehydrogenase
C1CB58	JDJMKJEM_02001	Mannose-specific PTS IIAB components
Q8DR98	JDJMKJEM_02002	Mannose-specific PTS IIC component
Q8DR99	JDJMKJEM_02003	Mannose-specific PTS IID component
C1CC70	JDJMKJEM_02004	Aminopeptidase C
A0A4J1RXE1	JDJMKJEM_02005	Ribosomal small subunit pseudouridine synthase A
A0A4J1YC86	JDJMKJEM_02006	Membrane protein
A0A4J1YDT1	JDJMKJEM_02007	Aminopeptidase PepS
A0A4J1RWJ5	JDJMKJEM_02008	Hypothetical protein
A0A4J1YC42	JDJMKJEM_02009	hypothetical protein
A0A4M6D124	JDJMKJEM_02010	Antitoxin RelB1
	JDJMKJEM_02011	Srn266
	JDJMKJEM_02011	
A0A6G2D532	JDJMKJEM_02012	IS1167 transposase
A0A4M6CSU0	JDJMKJEM_02013	DNA polymerase III
B8ZKU0	JDJMKJEM_02014	Translation elongation factor G
Q8CWU6	JDJMKJEM_02015	SSU ribosomal protein S7p (S5e)
A0A4M6CUJ6	JDJMKJEM_02016	SSU ribosomal protein S12p (S23e)
A0A4J1QUU9	JDJMKJEM_02017	Pullulanase SpuA
Q8DRA7	JDJMKJEM_02018	Oxidoreductase
C1CC57	JDJMKJEM_02019	Glucosamine--fructose-6-phosphate aminotransferase
C1CC56	JDJMKJEM_02020	6-phospho-beta-glucosidase
A0A0B7LYW8	JDJMKJEM_02021	Prolyl-tRNA synthetase
C1CC54	JDJMKJEM_02022	Intramembrane protease Eep
C1CC53	JDJMKJEM_02023	Phosphatidate cytidylyltransferase
Q8DRB3	JDJMKJEM_02024	Undecaprenyl diphosphate synthase
	JDJMKJEM_02025	csRNA
	JDJMKJEM_02025	
C1CC51	JDJMKJEM_02026	Hypothetical protein
C1CC50	JDJMKJEM_02027	Holliday junction DNA helicase RuvB
	JDJMKJEM_02028	csRNA
	JDJMKJEM_02028	
	JDJMKJEM_02029	csRNA
	JDJMKJEM_02029	
Q8DRB4	JDJMKJEM_02030	Acetyltransferase%2C GNAT family
C1CC48	JDJMKJEM_02031	Acetyltransferase%2C GNAT family
C1CC47	JDJMKJEM_02032	Leucyl-tRNA synthetase
Q8DRB7	JDJMKJEM_02033	Glycerol dehydrogenase
Q97SS2	JDJMKJEM_02034	Transaldolase
Q8DRB9	JDJMKJEM_02035	Pyruvate formate-lyase
A0A4J1UHJ1	JDJMKJEM_02036	Cellobiose-specific PTS IIC component
Q8DRC1	JDJMKJEM_02037	Cellobiose-specific PTS IIB component
C1CC41	JDJMKJEM_02038	Cellobiose-specific PTS IIA component
Q8DRC3	JDJMKJEM_02039	Transcriptional regulator
B1I8X4	JDJMKJEM_02040	Transcriptional regulator%2C DeoR family
C1CAP6	JDJMKJEM_02041	Pyruvate formate-lyase activating enzyme
A0A0T8FPC6	JDJMKJEM_02042	putative protein
A0A916P5K7	JDJMKJEM_02043	hypothetical protein
A0A5R9B0L1	JDJMKJEM_02044	Ferric iron ABC transporter ATP-binding protein
A0A098Z906	JDJMKJEM_02045	Iron(III)-transport system permease protein SfuB
A0A0T7KEN0	JDJMKJEM_02046	hypothetical protein
A0A0U0JI51	JDJMKJEM_02047	hypothetical protein
A0A0B7M6X8	JDJMKJEM_02048	Phosphoglycerate mutase family protein
	JDJMKJEM_02049	csRNA
	JDJMKJEM_02049	
Q8DRD2	JDJMKJEM_02050	hypothetical protein
C1CC34	JDJMKJEM_02051	ACT domain-containing transcriptional regulator
	JDJMKJEM_02052	L17DE
	JDJMKJEM_02052	
Q8CWU8	JDJMKJEM_02053	LSU ribosomal protein L17p
Q04ML1	JDJMKJEM_02054	DNA-directed RNA polymerase alpha subunit
Q04ML2	JDJMKJEM_02055	SSU ribosomal protein S11p (S14e)
Q04ML3	JDJMKJEM_02056	SSU ribosomal protein S13p (S18e)
P0A496	JDJMKJEM_02057	LSU ribosomal protein L36p
Q04ML4	JDJMKJEM_02058	Translation initiation factor 1
Q8DRD4	JDJMKJEM_02059	Adenylate kinase
Q8DRD5	JDJMKJEM_02060	Protein translocase subunit SecY
Q97SU3	JDJMKJEM_02061	LSU ribosomal protein L15p (L27Ae)
Q97SU4	JDJMKJEM_02062	LSU ribosomal protein L30p (L7e)
Q04ML9	JDJMKJEM_02063	SSU ribosomal protein S5p (S2e)
Q97SU6	JDJMKJEM_02064	LSU ribosomal protein L18p (L5e)
B8ZKP5	JDJMKJEM_02065	LSU ribosomal protein L6p (L9e)
Q04MM2	JDJMKJEM_02066	SSU ribosomal protein S8p (S15Ae)
Q04MM3	JDJMKJEM_02067	SSU ribosomal protein S14p (S29e)
Q97SV1	JDJMKJEM_02068	LSU ribosomal protein L5p (L11e)
Q04MM5	JDJMKJEM_02069	LSU ribosomal protein L24p (L26e)
Q04MM6	JDJMKJEM_02070	LSU ribosomal protein L14p (L23e)
Q04MM7	JDJMKJEM_02071	SSU ribosomal protein S17p (S11e)
A0A0B7M1U7	JDJMKJEM_02072	LSU ribosomal protein L29p (L35e)
Q04MM9	JDJMKJEM_02073	LSU ribosomal protein L16p (L10e)
Q04MN0	JDJMKJEM_02074	SSU ribosomal protein S3p (S3e)
Q04MN1	JDJMKJEM_02075	LSU ribosomal protein L22p (L17e)
Q04MN2	JDJMKJEM_02076	SSU ribosomal protein S19p (S15e)
Q97SV2	JDJMKJEM_02077	LSU ribosomal protein L2p (L8e)
Q97SV3	JDJMKJEM_02078	LSU ribosomal protein L23p (L23Ae)
Q3V5X6	JDJMKJEM_02079	LSU ribosomal protein L4p (L1e)
Q97SV5	JDJMKJEM_02080	LSU ribosomal protein L3p (L3e)
Q04MN7	JDJMKJEM_02081	SSU ribosomal protein S10p (S20e)
B2IS38	JDJMKJEM_02082	Hypothetical protein
C1CAK9	JDJMKJEM_02083	Ribonucleotide reductase of class III%2C activating protein
Q8CZ86	JDJMKJEM_02084	Acetyltransferase
C1CC00	JDJMKJEM_02085	Ribonucleotide reductase of class III%2C large subunit
C1CBZ9	JDJMKJEM_02086	Competence-damage induced protein
Q8DRD8	JDJMKJEM_02087	Hypothetical protein
Q8DRD9	JDJMKJEM_02088	Cardiolipin synthetase
C1CBZ7	JDJMKJEM_02089	Hypothetical protein
A0AA86XP36	JDJMKJEM_02090	Bifunctional dihydrofolate synthase/folylpolyglutamate synthase
Q97SX0	JDJMKJEM_02091	Hypothetical protein
Q8DRE2	JDJMKJEM_02092	Putative pre-16S rRNA nuclease YqgF
Q97SX1	JDJMKJEM_02093	Hypothetical protein
C1CBZ2	JDJMKJEM_02094	Hypothetical protein
Q8DRE3	JDJMKJEM_02095	Transcriptional regulator SpxA2
C1CBZ0	JDJMKJEM_02096	MP-%2CMA-%2CMS-%2CAP-%2CNP-specific aminopeptidase YpdF
C1CAJ5	JDJMKJEM_02097	Excinuclease ABC subunit A UvrA
Q8DRE5	JDJMKJEM_02098	Magnesium and cobalt transport protein CorA1
A0A7X2XHY7	JDJMKJEM_02099	Integral membrane protein
A0A0H2UN46	JDJMKJEM_02100	Muramoyltetrapeptide carboxypeptidase
A0A0T8RH17	JDJMKJEM_02101	CAAX amino terminal protease family protein
Q8CWV9	JDJMKJEM_02102	DNA-3-methyladenine glycosylase
Q8DRE8	JDJMKJEM_02103	Holliday junction DNA helicase RuvA
	JDJMKJEM_02104	FMN
	JDJMKJEM_02104	
A0A655GQY4	JDJMKJEM_02105	Bifunctional diaminohydroxyphosphoribosylaminopyrimidine deaminase/5-amino-6-(5-phosphoribosylamino)uracil reductase RibD
C1CBY1	JDJMKJEM_02106	Riboflavin synthase RibE
C1CBY0	JDJMKJEM_02107	Bifunctional 3%2C4-dihydroxy-2-butanone 4-phosphate synthase/GTP cyclohydrolase II RibB
Q04MR3	JDJMKJEM_02108	6%2C7-dimethyl-8-ribityllumazine synthase RibH
Q04MR4	JDJMKJEM_02109	DNA mismatch repair protein HexB
A0A0B7LVH6	JDJMKJEM_02110	DNA-binding protein
Q8CZ92	JDJMKJEM_02111	Hypothetical protein
B2IS07	JDJMKJEM_02112	NRAMP family Mn2+/Fe2+ transporter
Q97T03	JDJMKJEM_02113	Ribonucleotide reduction protein NrdI
A0AA86XQL0	JDJMKJEM_02114	Hypothetical protein
A0A4M6DRL2	JDJMKJEM_02115	Two-component system response regulator
A0A0B7M579	JDJMKJEM_02116	Two-component system sensor histidine kinase
C1CBX0	JDJMKJEM_02117	Hypothetical protein
C1CBW9	JDJMKJEM_02118	Substrate-specific component of putative ECF transporter
C1CAH3	JDJMKJEM_02119	Methionine ABC transporter permease protein
C1CAH2	JDJMKJEM_02120	Methionine ABC transporter ATP-binding protein
C1CAH1	JDJMKJEM_02121	N-acyl-L-amino acid amidohydrolase
B1I8D6	JDJMKJEM_02122	Methionine ABC transporter substrate-binding protein
C1CBW4	JDJMKJEM_02123	Cysteine ABC transporter substrate-binding protein
C1CBW3	JDJMKJEM_02124	hypothetical protein
C1CBW2	JDJMKJEM_02125	hypothetical protein
C1CBW1	JDJMKJEM_02126	Macrolide-efflux protein
C1CBW0	JDJMKJEM_02127	Hypothetical protein
C1CBV9	JDJMKJEM_02128	hypothetical protein
C1CBV8	JDJMKJEM_02129	Positive transcriptional regulator%2C MutR family
C1CBV7	JDJMKJEM_02130	UDP-glucose 6-dehydrogenase
A0A0I7YXD8	JDJMKJEM_02131	Hypothetical protein
A0AAE4K1P3	JDJMKJEM_02132	Asparagine synthetase
A0A4L4Z587	JDJMKJEM_02133	hypothetical protein
C1CBV4	JDJMKJEM_02134	ABC transporter ATP-binding protein
C1CBV3	JDJMKJEM_02135	Family 2 glycosyltransferase
A0A098ZKN5	JDJMKJEM_02136	Exopolysaccharide biosynthesis glycosyltransferase EpsF
B2IRL6	JDJMKJEM_02137	Exopolysaccharide biosynthesis glycosyltransferase EpsF
	JDJMKJEM_02138	Srn266
	JDJMKJEM_02138	
C1CBV2	JDJMKJEM_02139	IS1167 transposase
C1CBV1	JDJMKJEM_02140	IS1167 transposase Orf2
B8ZK13	JDJMKJEM_02141	N(6)-L-threonylcarbamoyladenine synthase TsaD
C1CBU9	JDJMKJEM_02142	Ribosomal-protein-S18p-alanine acetyltransferase
A0A4M6CTH8	JDJMKJEM_02143	tRNA threonylcarbamoyladenosine biosynthesis protein TsaB
Q8CZA0	JDJMKJEM_02144	Two-peptide bacteriocin peptide CibA
Q8DRH5	JDJMKJEM_02145	Two-peptide bacteriocin peptide CibB
A0A4J1SJW5	JDJMKJEM_02146	Hypothetical protein
C1CBU5	JDJMKJEM_02147	Hypothetical protein
C1CBU4	JDJMKJEM_02148	Ribonuclease J1 (endonuclease and 5' exonuclease)
A0A6G2DVM1	JDJMKJEM_02149	tRNA uridine 5-carboxymethylaminomethyl modification enzyme MnmG
C1CBU1	JDJMKJEM_02150	MutT/Nudix family protein
	JDJMKJEM_02151	Spd-sr37
	JDJMKJEM_02151	
B8ZK04	JDJMKJEM_02152	tRNA-specific 2-thiouridylase MnmA
A0A1W6AZ08	JDJMKJEM_02153	Surface protein PspA precursor
A0A1W6AZE2	JDJMKJEM_02154	Surface protein PspA precursor
A0A4J1TJG1	JDJMKJEM_02155	hypothetical protein
	JDJMKJEM_02156	Bacilli-1
	JDJMKJEM_02156	
	JDJMKJEM_02157	SpF03_sRNA
	JDJMKJEM_02157	
A0A4J1YHL4	JDJMKJEM_02158	Hypothetical protein
A0A4J1YKL3	JDJMKJEM_02159	Hypothetical protein
	JDJMKJEM_02160	Srn266
	JDJMKJEM_02160	
C1CCX0	JDJMKJEM_02161	IS1167 transposase
A0A4J1TRI6	JDJMKJEM_02162	Hypothetical protein
	JDJMKJEM_02163	Bacilli-1
	JDJMKJEM_02163	
A0A6I3VHX5	JDJMKJEM_02164	Argininosuccinate synthase
B2IRI9	JDJMKJEM_02165	Amino acid ABC transporter substrate-binding/permease protein
Q8DRI7	JDJMKJEM_02166	ABC transporter ATP-binding protein
C1CAC4	JDJMKJEM_02167	Amino acid ABC transporter membrane-spanning permease
C1CAC3	JDJMKJEM_02168	Putative bacteriocin
C1CAC1	JDJMKJEM_02169	Aggregation-promoting factor
Q8DRI9	JDJMKJEM_02170	L-serine dehydratase%2C beta subunit
Q8DRJ0	JDJMKJEM_02171	L-serine dehydratase%2C alpha subunit
B2IRI1	JDJMKJEM_02172	Phosphoglycolate phosphatase
A0A4J2EHM2	JDJMKJEM_02173	Hypothetical protein
	JDJMKJEM_02174	Srn266
	JDJMKJEM_02174	
C1CCX0	JDJMKJEM_02175	IS1167 transposase
C1CBR9	JDJMKJEM_02176	Putative UDP-GlcNAc 4%2C6-dehydratase AatA
A0A4I9N9J6	JDJMKJEM_02177	Glycosyltransferase%2C group 2 family
B2IRH7	JDJMKJEM_02178	Cyanate permease
C1C9Z6	JDJMKJEM_02179	Transcriptional regulator%2C PadR family
A0A0E8P7P5	JDJMKJEM_02180	Integral membrane protein (putative)
A0A4J1ZP36	JDJMKJEM_02181	Putative membrane-associated protein
A0A4M6CXQ5	JDJMKJEM_02182	Putative membrane protein
A0A4J1TTB4	JDJMKJEM_02183	tRNA (5-methylaminomethyl-2-thiouridylate)-methyltransferase
Q04MY5	JDJMKJEM_02184	hypothetical protein
B2IRH0	JDJMKJEM_02185	ABC transporter substrate-binding protein
B2IRG9	JDJMKJEM_02186	ABC transporter permease protein
Q8DRJ8	JDJMKJEM_02187	Multiple sugar ABC transporter%2C membrane-spanning permease protein
A0AA86XNR3	JDJMKJEM_02188	Hypothetical protein
A0A0B7LLV1	JDJMKJEM_02189	Hypothetical protein
	JDJMKJEM_02190	SpF01_sRNA
	JDJMKJEM_02190	
Q04MZ3	JDJMKJEM_02191	SSU ribosomal protein S4p (S9e)
Q9S1J1	JDJMKJEM_02192	Two-component system sensor histidine kinase
B2IRG2	JDJMKJEM_02193	Two-component system response regulator
A0A6G2D8M6	JDJMKJEM_02194	Cell wall surface anchor family protein PavB
A0A098Z1Y7	JDJMKJEM_02195	hypothetical protein
A0A4F3K571	JDJMKJEM_02196	hypothetical protein
A0A098Z228	JDJMKJEM_02197	Hypothetical protein
Q8DRK4	JDJMKJEM_02198	Trk family potassium uptake protein CabP
C1CBP8	JDJMKJEM_02199	Trk family potassium uptake protein
Q8DRK6	JDJMKJEM_02200	Uridine phosphorylase
B2IRF1	JDJMKJEM_02201	Sulfurtransferase
A0A4J1TDY4	JDJMKJEM_02202	hypothetical protein
A0A0T8PBX3	JDJMKJEM_02203	Hypothetical protein
A0A0E8AHW1	JDJMKJEM_02204	Glyoxalase family protein
A0A0B7M4V6	JDJMKJEM_02205	Aldose 1-epimerase
A0AAD2Q7V3	JDJMKJEM_02206	Galactosamine-6-phosphate isomerase
Q8DRL0	JDJMKJEM_02207	Galactosamine-specific PTS IIA component
B2IRE5	JDJMKJEM_02208	Galactosamine-specific PTS IID component
C1CBN7	JDJMKJEM_02209	Galactosamine-specific PTS IIC component
Q8DRL3	JDJMKJEM_02210	Galactosamine-specific PTS IIB component
A0A0B7L1X5	JDJMKJEM_02211	Beta-galactosidase
A0A4J1TEZ4	JDJMKJEM_02212	Transcriptional regulator%2C GntR family
A0A4J1TEY3	JDJMKJEM_02213	Beta-hexosaminidase StrH
C1CBN2	JDJMKJEM_02214	Adenylosuccinate lyase
C1CBN1	JDJMKJEM_02215	hypothetical protein
C1CBN0	JDJMKJEM_02216	N5-carboxyaminoimidazole ribonucleotide synthase
C1CBM9	JDJMKJEM_02217	N5-carboxyaminoimidazole ribonucleotide mutase
C1CBM8	JDJMKJEM_02218	Phosphoribosylamine--glycine ligase
A0A660FM53	JDJMKJEM_02219	Bifunctional inosine monophosphate cyclohydrolase/phosphoribosylaminoimidazolecarboxamide formyltransferase
Q8DRM2	JDJMKJEM_02220	Teicoplanin resistance protein VanZ
Q8DRM3	JDJMKJEM_02221	Phosphoribosylglycinamide formyltransferase
A0A062WPB5	JDJMKJEM_02222	Phosphoribosylformylglycinamidine cyclo-ligase
A0A0E8P8H6	JDJMKJEM_02223	Amidophosphoribosyltransferase
A0A2L1GV50	JDJMKJEM_02224	Phosphoribosylformylglycinamidine synthase%2C synthetase and glutamine amidotransferase subunits
B8ZJM7	JDJMKJEM_02225	Phosphoribosylaminoimidazole-succinocarboxamide synthase
B2IR33	JDJMKJEM_02226	Competence-stimulating peptide ABC transporter permease protein ComB
B2IR32	JDJMKJEM_02227	Competence-stimulating peptide ABC transporter ATP-binding protein ComA
C1CHD8	JDJMKJEM_02228	Hypothetical protein
Q8DRN0	JDJMKJEM_02229	Bacteriocin BlpU
B2IR28	JDJMKJEM_02230	Acyl carrier protein
B8ZJM1	JDJMKJEM_02231	Phosphate:acyl-ACP acyltransferase PlsX
Q97TA7	JDJMKJEM_02232	DNA recombination and repair protein RecO
B2IR24	JDJMKJEM_02233	N-acetyl-L%2CL-diaminopimelate aminotransferase
A0A0T8S6U2	JDJMKJEM_02234	Putative membrane protein YeiH
A0A4J1R5C3	JDJMKJEM_02235	Hypothetical protein
Q8DRN7	JDJMKJEM_02236	CoA-binding protein
A0A0T7TS73	JDJMKJEM_02237	DNA polymerase I
B2IR18	JDJMKJEM_02238	hypothetical protein
B2IR17	JDJMKJEM_02239	Ribose-phosphate pyrophosphokinase
Q8CZC9	JDJMKJEM_02240	hypothetical protein
C1CHC1	JDJMKJEM_02241	Carbonic anhydrase
C1CHC0	JDJMKJEM_02242	DNA repair protein RadA
Q8DRP1	JDJMKJEM_02243	Hypothetical protein
Q8DRP2	JDJMKJEM_02244	Deoxyuridine 5'-triphosphate nucleotidohydrolase
C1CHB7	JDJMKJEM_02245	hypothetical protein
C1CHB5	JDJMKJEM_02246	Autolysin/N-acetylmuramoyl-L-alanine amidase LytA
C1CHB4	JDJMKJEM_02247	hypothetical protein
C1CHB3	JDJMKJEM_02248	hypothetical protein
C1CHB2	JDJMKJEM_02249	hypothetical protein
C1CHB1	JDJMKJEM_02250	hypothetical protein
A0A0B7MB27	JDJMKJEM_02251	hypothetical protein
C1CHB0	JDJMKJEM_02252	hypothetical protein
C1CHA9	JDJMKJEM_02253	hypothetical protein
C1CHA8	JDJMKJEM_02254	hypothetical protein
C1CHA7	JDJMKJEM_02255	mRNA interferase RelE2
C1CHA6	JDJMKJEM_02256	hypothetical protein
C1CHA5	JDJMKJEM_02257	hypothetical protein
C1CHA4	JDJMKJEM_02258	hypothetical protein
C1CHA3	JDJMKJEM_02259	Tyrosine recombinase XerD
	JDJMKJEM_02260	Bacteria_small_SRP
	JDJMKJEM_02260	
C1CHA2	JDJMKJEM_02261	tRNA-specific adenosine-34 deaminase
	JDJMKJEM_02262	csRNA
	JDJMKJEM_02262	
C1CHA1	JDJMKJEM_02263	Adenylosuccinate synthetase
Q8CZD0	JDJMKJEM_02264	Competence positive regulator ComW
Q8DRP4	JDJMKJEM_02265	IS1167 transposase Orf1
Q8DRP7	JDJMKJEM_02266	IS630 family transposase IS630-Spn1
C1CH95	JDJMKJEM_02267	IS630 family transposase IS630-Spn1
	JDJMKJEM_02268	tRNA-Asn(gtt)
	JDJMKJEM_02268	
	JDJMKJEM_02269	5S ribosomal RNA
	JDJMKJEM_02269	
	JDJMKJEM_02270	23S ribosomal RNA
	JDJMKJEM_02270	
	JDJMKJEM_02271	tRNA-Ala(tgc)
	JDJMKJEM_02271	
	JDJMKJEM_02272	16S ribosomal RNA
	JDJMKJEM_02272	
	JDJMKJEM_02273	tRNA-Glu(ttc)
	JDJMKJEM_02273	
Q9R2W8	JDJMKJEM_02274	Competence-specific sigma factor ComX
	JDJMKJEM_02275	Srn266
	JDJMKJEM_02275	
A0A6G2D532	JDJMKJEM_02276	IS1167 transposase
C1CH93	JDJMKJEM_02277	Cell division protein FtsH
Q97TC4	JDJMKJEM_02278	Hypoxanthine-guanine phosphoribosyltransferase
B8ZJI9	JDJMKJEM_02279	tRNA(Ile)-lysidine synthetase TilS
C1CH90	JDJMKJEM_02280	Hypothetical protein
C1CH89	JDJMKJEM_02281	Hypothetical protein
Q8CZD2	JDJMKJEM_02282	Cell division protein DivIC
P64406	JDJMKJEM_02283	Ribosome-associated heat shock protein
C1CH86	JDJMKJEM_02284	Transcription-repair coupling factor
C1CH85	JDJMKJEM_02285	Peptidyl-tRNA hydrolase
Q8DRQ3	JDJMKJEM_02286	GTP-binding and nucleic acid-binding protein YchF
