uniprot	locus_tag	product
A0AA36PVG8	BPAJBCOI_00001	hypothetical protein
A0A656CAZ7	BPAJBCOI_00002	hypothetical protein
C1CAD6	BPAJBCOI_00003	hypothetical protein
A0A6B9PW06	BPAJBCOI_00004	hypothetical protein
A0A4J2AMU0	BPAJBCOI_00005	hypothetical protein
A0A0T8B2F9	BPAJBCOI_00006	hypothetical protein
A0A0B7LD26	BPAJBCOI_00007	hypothetical protein
A0A380LAE6	BPAJBCOI_00008	hypothetical protein
A0A6I3U2Y3	BPAJBCOI_00009	hypothetical protein
A0A6I3U1G6	BPAJBCOI_00010	hypothetical protein
A0A6B9PSL3	BPAJBCOI_00011	hypothetical protein
	BPAJBCOI_00012	SpF03_sRNA
	BPAJBCOI_00013	Bacilli-1
	BPAJBCOI_00013	
A0A4G1WHL2	BPAJBCOI_00014	hypothetical protein
Q9LAZ3	BPAJBCOI_00015	hypothetical protein
A0A4J1WJS5	BPAJBCOI_00016	tRNA-specific 2-thiouridylase MnmA
	BPAJBCOI_00017	Spd-sr37
	BPAJBCOI_00017	
C1CBU1	BPAJBCOI_00018	hypothetical protein
C1CBU2	BPAJBCOI_00019	tRNA uridine 5-carboxymethylaminomethyl modification enzyme MnmG
C1CBU4	BPAJBCOI_00020	Ribonuclease J 1
C1CBU5	BPAJBCOI_00021	hypothetical protein
B2IRK7	BPAJBCOI_00022	hypothetical protein
Q8DRH5	BPAJBCOI_00023	hypothetical protein
Q8CZA0	BPAJBCOI_00024	hypothetical protein
B2IRL1	BPAJBCOI_00025	tRNA threonylcarbamoyladenosine biosynthesis protein TsaB
B2IRL2	BPAJBCOI_00026	hypothetical protein
B2IRL3	BPAJBCOI_00027	tRNA N6-adenosine threonylcarbamoyltransferase
C1CBV1	BPAJBCOI_00028	ISL3 family transposase ISSth1
C1CAF8	BPAJBCOI_00029	hypothetical protein
	BPAJBCOI_00030	Srn266
A0A0U0C7K3	BPAJBCOI_00031	hypothetical protein
A0A098ZKN5	BPAJBCOI_00032	N-acetyl-alpha-D-glucosaminyl L-malate synthase
A0A0I7S5J2	BPAJBCOI_00033	hypothetical protein
C1CBV4	BPAJBCOI_00034	Lipid A export ATP-binding/permease protein MsbA
A0A8B5XHG1	BPAJBCOI_00035	hypothetical protein
A0A0D6J4X8	BPAJBCOI_00036	hypothetical protein
B2IRM1	BPAJBCOI_00037	hypothetical protein
B2IRM2	BPAJBCOI_00038	2'-N-acetylparomamine deacetylase
A0A4P0AIV4	BPAJBCOI_00039	UDP-glucose 6-dehydrogenase
A0AA36PVN8	BPAJBCOI_00040	hypothetical protein
Q8CZ98	BPAJBCOI_00041	hypothetical protein
Q8CZ97	BPAJBCOI_00042	hypothetical protein
Q8CZ96	BPAJBCOI_00043	hypothetical protein
A0A5C8R1J0	BPAJBCOI_00044	hypothetical protein
B1I8D3	BPAJBCOI_00045	hypothetical protein
B1I8D4	BPAJBCOI_00046	hypothetical protein
Q8DRG2	BPAJBCOI_00047	L-cystine-binding protein TcyA
A0A0H2UN92	BPAJBCOI_00048	D-methionine-binding lipoprotein MetQ
B1I8D7	BPAJBCOI_00049	Succinyl-diaminopimelate desuccinylase
C1CAH2	BPAJBCOI_00050	Methionine import ATP-binding protein MetN
C1CAH3	BPAJBCOI_00051	Methionine import system permease protein MetP
Q8CZ94	BPAJBCOI_00052	hypothetical protein
Q8DRF7	BPAJBCOI_00053	hypothetical protein
A0A6G2D826	BPAJBCOI_00054	hypothetical protein
C1CBX2	BPAJBCOI_00055	Protein-glutamate methylesterase/protein-glutamine glutaminase
A0A0Y2R0I6	BPAJBCOI_00056	hypothetical protein
Q97T03	BPAJBCOI_00057	Putative NrdI-like protein
B2IS07	BPAJBCOI_00058	hypothetical protein
C1CAI1	BPAJBCOI_00059	hypothetical protein
C1CAI2	BPAJBCOI_00060	putative HTH-type transcriptional regulator
	BPAJBCOI_00061	SpF56_sRNA
	BPAJBCOI_00061	
A0A0B7LCD9	BPAJBCOI_00062	hypothetical protein
A0A0E8T4H9	BPAJBCOI_00063	hypothetical protein
A0A0H2UN75	BPAJBCOI_00064	Coenzyme A biosynthesis bifunctional protein CoaBC
A0A0U0C8E2	BPAJBCOI_00065	hypothetical protein
A0A0H2UNA7	BPAJBCOI_00066	2-[(L-alanin-3-ylcarbamoyl)methyl]-2-hydroxybutanedioate decarboxylase
A0A0H2UN34	BPAJBCOI_00067	hypothetical protein
A0A0H2UN36	BPAJBCOI_00068	hypothetical protein
A0A822RC43	BPAJBCOI_00069	DNA mismatch repair protein MutL
A0A0I7MEW4	BPAJBCOI_00070	6%2C7-dimethyl-8-ribityllumazine synthase
C1CBY0	BPAJBCOI_00071	Riboflavin biosynthesis protein RibBA
C1CAI7	BPAJBCOI_00072	Riboflavin synthase
C1CBY2	BPAJBCOI_00073	Riboflavin biosynthesis protein RibD
	BPAJBCOI_00074	FMN
Q97SY4	BPAJBCOI_00075	Holliday junction ATP-dependent DNA helicase RuvA
Q8CWV9	BPAJBCOI_00076	DNA-3-methyladenine glycosylase 1
A0A4L7JNP3	BPAJBCOI_00077	hypothetical protein
A0A0U0LDX2	BPAJBCOI_00078	Microcin C7 self-immunity protein MccF
A0A064C1E4	BPAJBCOI_00079	hypothetical protein
Q8DRE5	BPAJBCOI_00080	hypothetical protein
B1I8G4	BPAJBCOI_00081	Tyrosine recombinase XerC
B1I8G5	BPAJBCOI_00082	hypothetical protein
B1I8G6	BPAJBCOI_00083	hypothetical protein
A0A0T9GR41	BPAJBCOI_00084	hypothetical protein
B1I8G8	BPAJBCOI_00085	hypothetical protein
A0A0U0JYS1	BPAJBCOI_00086	hypothetical protein
B1I8H0	BPAJBCOI_00087	hypothetical protein
B1I8H1	BPAJBCOI_00088	hypothetical protein
B1I8H2	BPAJBCOI_00089	hypothetical protein
B1I8H3	BPAJBCOI_00090	hypothetical protein
B1I8H4	BPAJBCOI_00091	hypothetical protein
B1I8H5	BPAJBCOI_00092	hypothetical protein
B1I8H6	BPAJBCOI_00093	hypothetical protein
B1I8H7	BPAJBCOI_00094	hypothetical protein
B1I8H8	BPAJBCOI_00095	hypothetical protein
B1I8H9	BPAJBCOI_00096	hypothetical protein
B1I8I0	BPAJBCOI_00097	UvrABC system protein A
A0A0T7KEH1	BPAJBCOI_00098	Aminopeptidase YpdF
Q8DRE3	BPAJBCOI_00099	Regulatory protein Spx
C1CBZ2	BPAJBCOI_00100	hypothetical protein
Q97SX1	BPAJBCOI_00101	hypothetical protein
Q8DRE2	BPAJBCOI_00102	Putative pre-16S rRNA nuclease
Q97SX0	BPAJBCOI_00103	hypothetical protein
A0A0I8U890	BPAJBCOI_00104	Folylpolyglutamate synthase
C1CBZ7	BPAJBCOI_00105	hypothetical protein
Q8DRD9	BPAJBCOI_00106	Cardiolipin synthase
Q8DRD8	BPAJBCOI_00107	hypothetical protein
A0A6G2D9D3	BPAJBCOI_00108	hypothetical protein
C1CC00	BPAJBCOI_00109	Anaerobic ribonucleoside-triphosphate reductase
Q8CZ86	BPAJBCOI_00110	hypothetical protein
Q8DRD6	BPAJBCOI_00111	hypothetical protein
A0A4J1XQW0	BPAJBCOI_00112	hypothetical protein
Q04MN7	BPAJBCOI_00113	30S ribosomal protein S10
Q97SV5	BPAJBCOI_00114	50S ribosomal protein L3
Q8CWV7	BPAJBCOI_00115	50S ribosomal protein L4
Q97SV3	BPAJBCOI_00116	50S ribosomal protein L23
Q97SV2	BPAJBCOI_00117	50S ribosomal protein L2
Q04MN2	BPAJBCOI_00118	30S ribosomal protein S19
Q04MN1	BPAJBCOI_00119	50S ribosomal protein L22
Q04MN0	BPAJBCOI_00120	30S ribosomal protein S3
Q04MM9	BPAJBCOI_00121	50S ribosomal protein L16
A0A0B7M1U7	BPAJBCOI_00122	50S ribosomal protein L29
Q04MM7	BPAJBCOI_00123	30S ribosomal protein S17
Q04MM6	BPAJBCOI_00124	50S ribosomal protein L14
Q04MM5	BPAJBCOI_00125	50S ribosomal protein L24
Q97SV1	BPAJBCOI_00126	50S ribosomal protein L5
Q04MM3	BPAJBCOI_00127	Alternate 30S ribosomal protein S14
Q04MM2	BPAJBCOI_00128	30S ribosomal protein S8
B8ZKP5	BPAJBCOI_00129	50S ribosomal protein L6
Q97SU6	BPAJBCOI_00130	50S ribosomal protein L18
Q04ML9	BPAJBCOI_00131	30S ribosomal protein S5
Q97SU4	BPAJBCOI_00132	50S ribosomal protein L30
Q97SU3	BPAJBCOI_00133	50S ribosomal protein L15
A0A064C5R0	BPAJBCOI_00134	Protein translocase subunit SecY
A0AA95D7A7	BPAJBCOI_00135	Adenylate kinase
Q04ML4	BPAJBCOI_00136	Translation initiation factor IF-1
P0A496	BPAJBCOI_00137	50S ribosomal protein L36
Q04ML3	BPAJBCOI_00138	30S ribosomal protein S13
Q04ML2	BPAJBCOI_00139	30S ribosomal protein S11
Q04ML1	BPAJBCOI_00140	DNA-directed RNA polymerase subunit alpha
Q8CWU8	BPAJBCOI_00141	50S ribosomal protein L17
	BPAJBCOI_00142	L17DE
C1CC34	BPAJBCOI_00143	hypothetical protein
B1I8M7	BPAJBCOI_00144	hypothetical protein
	BPAJBCOI_00145	csRNA
B1I8M8	BPAJBCOI_00146	2%2C3-bisphosphoglycerate-dependent phosphoglycerate mutase
A0A4J1MUV2	BPAJBCOI_00147	hypothetical protein
A0A1Q2SWN4	BPAJBCOI_00148	hypothetical protein
A0A4J1VSN6	BPAJBCOI_00149	Spermidine/putrescine import ATP-binding protein PotA
A0A0H2UN78	BPAJBCOI_00150	putative protein
A0A654UAH6	BPAJBCOI_00151	hypothetical protein
A0A0E9GTD1	BPAJBCOI_00152	hypothetical protein
A0A6G2DDK2	BPAJBCOI_00153	hypothetical protein
A0A0T8S6K6	BPAJBCOI_00154	hypothetical protein
B1I8N0	BPAJBCOI_00155	hypothetical protein
Q8DRC5	BPAJBCOI_00156	4-hydroxyphenylacetate decarboxylase activating enzyme
C1CB23	BPAJBCOI_00157	putative HTH-type transcriptional regulator YdjF
Q8DRC3	BPAJBCOI_00158	Sorbitol operon regulator
C1CC41	BPAJBCOI_00159	Lichenan-specific phosphotransferase enzyme IIA component
Q8DRC1	BPAJBCOI_00160	PTS system oligo-beta-mannoside-specific EIIB component
A0A4J1RDK0	BPAJBCOI_00161	Lichenan permease IIC component
Q8DRB9	BPAJBCOI_00162	Choline trimethylamine-lyase
A0A0B7M4C0	BPAJBCOI_00163	Fructose-6-phosphate aldolase 1
Q8DRB7	BPAJBCOI_00164	Glycerol dehydrogenase
A0AA87CEG4	BPAJBCOI_00165	Leucine--tRNA ligase
A0AA87CAT7	BPAJBCOI_00166	hypothetical protein
A0A4J1QZK2	BPAJBCOI_00167	hypothetical protein
A0A4J2FRU9	BPAJBCOI_00168	hypothetical protein
	BPAJBCOI_00169	csRNA
	BPAJBCOI_00170	csRNA
B5E6T3	BPAJBCOI_00171	Holliday junction ATP-dependent DNA helicase RuvB
A0A9P1PBI0	BPAJBCOI_00172	hypothetical protein
	BPAJBCOI_00173	csRNA
Q8DRB3	BPAJBCOI_00174	Isoprenyl transferase
C1CB37	BPAJBCOI_00175	hypothetical protein
Q8DRB1	BPAJBCOI_00176	Putative zinc metalloprotease
C1CPD8	BPAJBCOI_00177	Proline--tRNA ligase
Q8DRA9	BPAJBCOI_00178	6-phospho-beta-glucosidase GmuD
C1CB41	BPAJBCOI_00179	Glutamine--fructose-6-phosphate aminotransferase [isomerizing]
Q97SQ9	BPAJBCOI_00180	Glutamine--fructose-6-phosphate aminotransferase [isomerizing]
Q8DRA7	BPAJBCOI_00181	Alkanal monooxygenase alpha chain
A0A4J1NE70	BPAJBCOI_00182	Glycogen debranching enzyme
E2DP60	BPAJBCOI_00183	30S ribosomal protein S12
Q8CWU6	BPAJBCOI_00184	30S ribosomal protein S7
C1CPE5	BPAJBCOI_00185	Elongation factor G
A0A6G2D9F1	BPAJBCOI_00186	DNA polymerase III PolC-type
C1CC64	BPAJBCOI_00187	hypothetical protein
A0A0H2UND9	BPAJBCOI_00188	mRNA interferase toxin YafQ
C1CC66	BPAJBCOI_00189	hypothetical protein
C1CC67	BPAJBCOI_00190	Aminopeptidase PepS
C1CC68	BPAJBCOI_00191	hypothetical protein
C1CB54	BPAJBCOI_00192	Ribosomal small subunit pseudouridine synthase A
Q8DRA0	BPAJBCOI_00193	Aminopeptidase C
Q8DR99	BPAJBCOI_00194	PTS system mannose-specific EIID component
Q8DR98	BPAJBCOI_00195	PTS system sorbose-specific EIIC component
C1CB58	BPAJBCOI_00196	PTS system mannose-specific EIIAB component
Q8DR96	BPAJBCOI_00197	Alcohol dehydrogenase 1
B2ISL4	BPAJBCOI_00198	5-amino-6-(5-phospho-D-ribitylamino)uracil phosphatase YitU
A0A4J6XU82	BPAJBCOI_00199	Nucleobase transporter PlAzg1
A0A0T8AEJ3	BPAJBCOI_00200	Adenine permease AdeQ
C1CB62	BPAJBCOI_00201	hypothetical protein
A0A4L3IPE0	BPAJBCOI_00202	Dihydropteroate synthase
A0A0E9GVA6	BPAJBCOI_00203	Folylpolyglutamate synthase
P51595	BPAJBCOI_00204	GTP cyclohydrolase 1
A0A0U0KYZ2	BPAJBCOI_00205	Bifunctional folate synthesis protein
Q8CZ79	BPAJBCOI_00206	hypothetical protein
	BPAJBCOI_00207	L13_leader
Q8CWU5	BPAJBCOI_00208	50S ribosomal protein L13
Q8CWU4	BPAJBCOI_00209	30S ribosomal protein S9
A0A853PLB6	BPAJBCOI_00210	Tyrosine recombinase XerC
C1CB71	BPAJBCOI_00211	hypothetical protein
A0A0T8EUS7	BPAJBCOI_00212	hypothetical protein
C1CB73	BPAJBCOI_00213	hypothetical protein
A0A4J2DXP6	BPAJBCOI_00214	hypothetical protein
C1CB76	BPAJBCOI_00215	Tyrosine recombinase XerC
B1I931	BPAJBCOI_00216	hypothetical protein
Q8CZ76	BPAJBCOI_00217	hypothetical protein
A0A4H9TH55	BPAJBCOI_00218	hypothetical protein
	BPAJBCOI_00219	SpF10_sRNA
	BPAJBCOI_00219	
A0A6G2D7T7	BPAJBCOI_00220	hypothetical protein
	BPAJBCOI_00221	SpF11_sRNA
B1I9D5	BPAJBCOI_00222	ISL3 family transposase ISSpn14
	BPAJBCOI_00223	Srn266
A0A0B7M5K6	BPAJBCOI_00224	Glutathione peroxidase BsaA
M4Y9B3	BPAJBCOI_00225	Hyaluronate lyase
A0A4J1QTQ9	BPAJBCOI_00226	IS200/IS605 family transposase ISStin10
C1CC93	BPAJBCOI_00227	KHG/KDPG aldolase
A0AAD2I4I9	BPAJBCOI_00228	2-dehydro-3-deoxygluconokinase
Q8CZ75	BPAJBCOI_00229	hypothetical protein
B2ISP1	BPAJBCOI_00230	2-dehydro-3-deoxy-D-gluconate 5-dehydrogenase
Q8DR78	BPAJBCOI_00231	hypothetical protein
A0A0B7MAW4	BPAJBCOI_00232	Unsaturated chondroitin disaccharide hydrolase
A0A064C3M0	BPAJBCOI_00233	PTS system fructose-specific EIIB component
Q8DR75	BPAJBCOI_00234	N-acetylgalactosamine permease IIC component 1
Q8DR74	BPAJBCOI_00235	PTS system mannose-specific EIID component
A0A0B7MCB6	BPAJBCOI_00236	hypothetical protein
A0A4J1RYE7	BPAJBCOI_00237	hypothetical protein
C1CCA4	BPAJBCOI_00238	HTH-type transcriptional regulator KdgR
A0A0H2XFH7	BPAJBCOI_00239	hypothetical protein
Q8CZ72	BPAJBCOI_00240	hypothetical protein
A0A4J1ZX09	BPAJBCOI_00241	hypothetical protein
Q8DR71	BPAJBCOI_00242	hypothetical protein
H8ZYQ3	BPAJBCOI_00243	Ribosomal RNA small subunit methyltransferase H
Q8DR70	BPAJBCOI_00244	Cell division protein FtsL
C1CBB4	BPAJBCOI_00245	Penicillin-binding protein 2X
T2BQ20	BPAJBCOI_00246	Phospho-N-acetylmuramoyl-pentapeptide-transferase
T2BR55	BPAJBCOI_00247	Phospho-N-acetylmuramoyl-pentapeptide-transferase
T2BQ15	BPAJBCOI_00248	putative ATP-dependent Clp protease ATP-binding subunit
T2BRK7	BPAJBCOI_00249	S-ribosylhomocysteine lyase
B8ZL58	BPAJBCOI_00250	hypothetical protein
T2BRM4	BPAJBCOI_00251	Glucan 1%2C6-alpha-glucosidase
Q9AHC0	BPAJBCOI_00252	Polyisoprenyl-teichoic acid--peptidoglycan teichoic acid transferase TagU
Q9AHB9	BPAJBCOI_00253	Tyrosine-protein phosphatase CpsB
A6YIA7	BPAJBCOI_00254	putative capsular polysaccharide biosynthesis protein YwqC
Q9AHB7	BPAJBCOI_00255	Tyrosine-protein kinase CpsD
Q4K2Y3	BPAJBCOI_00256	hypothetical protein
G3GFZ0	BPAJBCOI_00257	General stress protein A
Q4K2Y1	BPAJBCOI_00258	hypothetical protein
Q9AHB3	BPAJBCOI_00259	hypothetical protein
Q9AHB2	BPAJBCOI_00260	hypothetical protein
Q9AHB1	BPAJBCOI_00261	hypothetical protein
Q9AHB0	BPAJBCOI_00262	Glucose-1-phosphate thymidylyltransferase 1
Q8RSE9	BPAJBCOI_00263	Protein RmlC 
Q9AHA8	BPAJBCOI_00264	dTDP-glucose 4%2C6-dehydratase
Q9RQL5	BPAJBCOI_00265	dTDP-4-dehydrorhamnose reductase
A0A0B7LWA4	BPAJBCOI_00266	hypothetical protein
A0AA87CCA5	BPAJBCOI_00267	Oligopeptide-binding protein SarA
B1I9G8	BPAJBCOI_00268	Endo-alpha-N-acetylgalactosaminidase
	BPAJBCOI_00269	Srn266
A0A4J1YPF7	BPAJBCOI_00270	ISL3 family transposase ISSpn14
Q9REU0	BPAJBCOI_00271	Penicillin-binding protein 1A
Q04M97	BPAJBCOI_00272	Holliday junction resolvase RecU
Q97SJ0	BPAJBCOI_00273	hypothetical protein
Q97SI9	BPAJBCOI_00274	Cell cycle protein GpsB
	BPAJBCOI_00275	RNaseP_bact_b
A0A0B7MBB7	BPAJBCOI_00276	Ribosomal RNA large subunit methyltransferase K/L
A0AA36PXF4	BPAJBCOI_00277	Mid-cell-anchored protein Z
Q8DR54	BPAJBCOI_00278	6-phosphogluconate dehydrogenase%2C decarboxylating
B1I9H6	BPAJBCOI_00279	Response regulator ArlR
B1I9H7	BPAJBCOI_00280	hypothetical protein
A0A4J7LNZ0	BPAJBCOI_00281	hypothetical protein
A0A0Z7JRV4	BPAJBCOI_00282	hypothetical protein
A0A0E9GZY4	BPAJBCOI_00283	hypothetical protein
C1C5C0	BPAJBCOI_00284	Galactokinase
B2ILS3	BPAJBCOI_00285	hypothetical protein
B1I9I2	BPAJBCOI_00286	Phosphomevalonate kinase
Q8DR48	BPAJBCOI_00287	Isopentenyl-diphosphate delta-isomerase
Q8DR47	BPAJBCOI_00288	Protein LiaF
Q8DR46	BPAJBCOI_00289	hypothetical protein
Q9S1J7	BPAJBCOI_00290	Transcriptional regulatory protein LiaR
C1C5C9	BPAJBCOI_00291	hypothetical protein
A0AA95IJI4	BPAJBCOI_00292	hypothetical protein
A0AA44MU58	BPAJBCOI_00293	hypothetical protein
A0A6I3UNS3	BPAJBCOI_00294	IS3 family transposase ISSpn4
A0A4J1NYE4	BPAJBCOI_00295	IS3 family transposase ISSpn11
A0A0T7TBM9	BPAJBCOI_00296	hypothetical protein
A0AA86Y1A9	BPAJBCOI_00297	hypothetical protein
B2ILU1	BPAJBCOI_00298	Transcriptional regulator MtlR
A0AA95DAR3	BPAJBCOI_00299	Mannitol-specific phosphotransferase enzyme IIA component
A0A4J4YB84	BPAJBCOI_00300	Mannitol-1-phosphate 5-dehydrogenase
A0AAE9QUN0	BPAJBCOI_00301	Trigger factor
A0A4J1U8Z1	BPAJBCOI_00302	ATP-dependent RecD-like DNA helicase
Q3I0J2	BPAJBCOI_00303	Signal peptidase IB
Q3HYM8	BPAJBCOI_00304	Ribonuclease HIII
C1CCH1	BPAJBCOI_00305	hypothetical protein
Q8DR27	BPAJBCOI_00306	hypothetical protein
Q8DR26	BPAJBCOI_00307	Endonuclease MutS2
	BPAJBCOI_00308	Glycine
B1I9K2	BPAJBCOI_00309	Amino-acid carrier protein AlsT
Q8DR24	BPAJBCOI_00310	hypothetical protein
B2ILV6	BPAJBCOI_00311	hypothetical protein
B1I9K5	BPAJBCOI_00312	Serine--tRNA ligase
C1C5E9	BPAJBCOI_00313	hypothetical protein
Q8DR20	BPAJBCOI_00314	Aspartokinase 3
C1CCI0	BPAJBCOI_00315	Trans-2-decenoyl-[acyl-carrier-protein] isomerase
Q8DR18	BPAJBCOI_00316	hypothetical protein
C1CIR8	BPAJBCOI_00317	3-oxoacyl-[acyl-carrier-protein] synthase 3
P0A2W1	BPAJBCOI_00318	Acyl carrier protein
B1I9L3	BPAJBCOI_00319	NADH:quinone reductase
Q9FBC4	BPAJBCOI_00320	Malonyl CoA-acyl carrier protein transacylase
Q9FBC3	BPAJBCOI_00321	3-oxoacyl-[acyl-carrier-protein] reductase FabG
Q8DR14	BPAJBCOI_00322	3-oxoacyl-[acyl-carrier-protein] synthase 2
Q9FBC1	BPAJBCOI_00323	Biotin carboxyl carrier protein of acetyl-CoA carboxylase
A0A654YXN6	BPAJBCOI_00324	3-hydroxyacyl-[acyl-carrier-protein] dehydratase FabZ
Q9FBB9	BPAJBCOI_00325	Biotin carboxylase
Q7CRB7	BPAJBCOI_00326	Acetyl-coenzyme A carboxylase carboxyl transferase subunit beta
A0A064BZA7	BPAJBCOI_00327	Acetyl-coenzyme A carboxylase carboxyl transferase subunit alpha
A0A4J1YPF7	BPAJBCOI_00328	ISL3 family transposase ISSpn14
	BPAJBCOI_00329	Srn266
A0A4J2AQS9	BPAJBCOI_00330	hypothetical protein
A0AAD2IJT5	BPAJBCOI_00331	hypothetical protein
C1C5G7	BPAJBCOI_00332	hypothetical protein
Q04M45	BPAJBCOI_00333	Transcription antitermination protein NusB
Q8DR12	BPAJBCOI_00334	putative protein
Q04M43	BPAJBCOI_00335	Elongation factor P
A0A0B7LIB8	BPAJBCOI_00336	Sorbitol dehydrogenase
Q04M42	BPAJBCOI_00337	Aspartyl/glutamyl-tRNA(Asn/Gln) amidotransferase subunit B
A0AAE4K0P5	BPAJBCOI_00338	Glutamyl-tRNA(Gln) amidotransferase subunit A
A0A6G2D918	BPAJBCOI_00339	Glutamyl-tRNA(Gln) amidotransferase subunit A
B1I9M9	BPAJBCOI_00340	Glutamyl-tRNA(Gln) amidotransferase subunit C
A0AA95IJH8	BPAJBCOI_00341	Peptide chain release factor 3
A0A4J1QAZ5	BPAJBCOI_00342	Glycosyltransferase GlyE
A0A064BZB4	BPAJBCOI_00343	50S ribosomal protein L28
C1CCK5	BPAJBCOI_00344	putative protein
C1CCK6	BPAJBCOI_00345	putative protein
C1CCK7	BPAJBCOI_00346	Acetolactate synthase large subunit
Q8DR04	BPAJBCOI_00347	Putative acetolactate synthase small subunit
A0A098YY27	BPAJBCOI_00348	Ketol-acid reductoisomerase (NADP(+))
C1C5I1	BPAJBCOI_00349	hypothetical protein
Q8CZ61	BPAJBCOI_00350	hypothetical protein
C1CCL2	BPAJBCOI_00351	L-threonine dehydratase biosynthetic IlvA
Q8CZ60	BPAJBCOI_00352	hypothetical protein
A0A4J1Y1G0	BPAJBCOI_00353	ISL3 family transposaseA
	BPAJBCOI_00354	Srn266
Q8DR01	BPAJBCOI_00355	Glutamine transport ATP-binding protein GlnQ
A0A4K4BYR1	BPAJBCOI_00356	hypothetical protein
A0A4J2DFZ4	BPAJBCOI_00357	hypothetical protein
A0A4G9TYH2	BPAJBCOI_00358	hypothetical protein
A0A9P1VH05	BPAJBCOI_00359	hypothetical protein
Q04M23	BPAJBCOI_00360	Undecaprenyl-diphosphatase
Q8DQZ7	BPAJBCOI_00361	DNA polymerase IV
Q8DQZ6	BPAJBCOI_00362	Formate acetyltransferase
B1I9Q1	BPAJBCOI_00363	ISL3 family transposase IS1193
	BPAJBCOI_00364	Srn266
B1I9Q2	BPAJBCOI_00365	hypothetical protein
A7KT66	BPAJBCOI_00366	hypothetical protein
B1I9Q4	BPAJBCOI_00367	hypothetical protein
A7KT26	BPAJBCOI_00368	hypothetical protein
A7KT27	BPAJBCOI_00369	hypothetical protein
A7KT70	BPAJBCOI_00370	hypothetical protein
A7KT36	BPAJBCOI_00371	hypothetical protein
A0A4J1XTQ5	BPAJBCOI_00372	ISL3 family transposase ISSpn14
A0A4J1MW61	BPAJBCOI_00373	ISL3 family transposase IS1167
I6L8M4	BPAJBCOI_00374	IS1380 family transposase ISSpn5
A0A4J1SVT6	BPAJBCOI_00375	hypothetical protein
	BPAJBCOI_00376	Srn266
B1I9R0	BPAJBCOI_00377	hypothetical protein
Q8DQZ5	BPAJBCOI_00378	hypothetical protein
A0A0T8EWA9	BPAJBCOI_00379	hypothetical protein
A0A4J2B8V2	BPAJBCOI_00380	hypothetical protein
A0A6G2DBI5	BPAJBCOI_00381	Trk system potassium uptake protein TrkG
C1CCM8	BPAJBCOI_00382	Trk system potassium uptake protein TrkA
C1CCM9	BPAJBCOI_00383	Adenosyl-chloride synthase
C1CIX7	BPAJBCOI_00384	hypothetical protein
B2IM89	BPAJBCOI_00385	hypothetical protein
C1CCN2	BPAJBCOI_00386	Putative HMP/thiamine import ATP-binding protein YkoD
C1CCN3	BPAJBCOI_00387	Energy-coupling factor transporter transmembrane protein EcfT
	BPAJBCOI_00388	23S-methyl
C1CCN4	BPAJBCOI_00389	tRNA (cytidine(34)-2'-O)-methyltransferase
	BPAJBCOI_00390	FMN
C1C5L4	BPAJBCOI_00391	Riboflavin transporter RibU
A0A0E8P6N5	BPAJBCOI_00392	hypothetical protein
C1CCN7	BPAJBCOI_00393	hypothetical protein
A0A0E8ZQT2	BPAJBCOI_00394	hypothetical protein
Q04LZ9	BPAJBCOI_00395	putative DNA-directed RNA polymerase subunit delta
Q8DQY0	BPAJBCOI_00396	CTP synthase
B2IM99	BPAJBCOI_00397	hypothetical protein
A0A6G2DB49	BPAJBCOI_00398	hypothetical protein
A0AA95DAN3	BPAJBCOI_00399	hypothetical protein
C1CQ04	BPAJBCOI_00400	Phosphoglycerate kinase
B1IA37	BPAJBCOI_00401	hypothetical protein
Q8DQX7	BPAJBCOI_00402	HTH-type transcriptional regulator GlnR
Q8DQX6	BPAJBCOI_00403	Glutamine synthetase
C1C5M8	BPAJBCOI_00404	hypothetical protein
A0AA86JJS8	BPAJBCOI_00405	hypothetical protein
A0A0B7LDQ8	BPAJBCOI_00406	hypothetical protein
C1CCQ0	BPAJBCOI_00407	Tyrosine recombinase XerC
A0A4J1ZMP0	BPAJBCOI_00408	hypothetical protein
A0A6G2D463	BPAJBCOI_00409	hypothetical protein
A0A4J1P1P9	BPAJBCOI_00410	putative type I restriction enzymeP M protein
A0A4J1WHL1	BPAJBCOI_00411	hypothetical protein
A0A4J1WHK3	BPAJBCOI_00412	hypothetical protein
B5E230	BPAJBCOI_00413	Heat-inducible transcription repressor HrcA
A0A4J1WK90	BPAJBCOI_00414	Protein GrpE
Q04LY0	BPAJBCOI_00415	Chaperone protein DnaK
A0A0I6L510	BPAJBCOI_00416	hypothetical protein
	BPAJBCOI_00417	SpF14_sRNA
B1IA53	BPAJBCOI_00418	Chaperone protein DnaJ
Q8CZ48	BPAJBCOI_00419	hypothetical protein
Q8DQW8	BPAJBCOI_00420	Protein hit
Q8DQW7	BPAJBCOI_00421	ABC-type transporter ATP-binding protein EcsA
B1IA57	BPAJBCOI_00422	hypothetical protein
Q9FBH2	BPAJBCOI_00423	hypothetical protein
C1C5P6	BPAJBCOI_00424	hypothetical protein
C1C5P7	BPAJBCOI_00425	Accessory gene regulator protein A
B1IA61	BPAJBCOI_00426	hypothetical protein
A0A4J2EF23	BPAJBCOI_00427	hypothetical protein
Q9ETW0	BPAJBCOI_00428	hypothetical protein
A0AA86J8T8	BPAJBCOI_00429	Lactococcin A secretion protein LcnD
A0A4F2E031	BPAJBCOI_00430	Lactococcin A secretion protein LcnD
Q9EW68	BPAJBCOI_00431	Lactococcin-G-processing and transport ATP-binding protein LagD
Q9ETN5	BPAJBCOI_00432	hypothetical protein
Q9EU53	BPAJBCOI_00433	hypothetical protein
Q9ETM2	BPAJBCOI_00434	hypothetical protein
Q9ETB1	BPAJBCOI_00435	hypothetical protein
Q9EW64	BPAJBCOI_00436	hypothetical protein
Q9ETK8	BPAJBCOI_00437	hypothetical protein
Q9EW63	BPAJBCOI_00438	IS5 family transposase ISSpn7
Q9EW62	BPAJBCOI_00439	IS5 family transposase ISSpn7
Q2ES33	BPAJBCOI_00440	Bacteriocin lactacin-F subunit LafA
Q9ETA3	BPAJBCOI_00441	hypothetical protein
Q00MV6	BPAJBCOI_00442	hypothetical protein
Q9ETT3	BPAJBCOI_00443	hypothetical protein
A7XHG9	BPAJBCOI_00444	hypothetical protein
A0A4J1R8C9	BPAJBCOI_00445	hypothetical protein
A0A4J1Y050	BPAJBCOI_00446	hypothetical protein
C1CCT2	BPAJBCOI_00447	hypothetical protein
A0A064C0Y7	BPAJBCOI_00448	tRNA (guanine-N(7)-)-methyltransferase
Q8DQV6	BPAJBCOI_00449	Ribosome maturation factor RimP
C1CCT5	BPAJBCOI_00450	Transcription termination/antitermination protein NusA
Q8DQV4	BPAJBCOI_00451	hypothetical protein
C1CCT7	BPAJBCOI_00452	putative ribosomal protein YlxQ
C1CQ48	BPAJBCOI_00453	Translation initiation factor IF-2
C1CQ49	BPAJBCOI_00454	Ribosome-binding factor A
A0A0I7RVQ8	BPAJBCOI_00455	hypothetical protein
C1CCU1	BPAJBCOI_00456	hypothetical protein
Q8CZ42	BPAJBCOI_00457	hypothetical protein
A0AA86JDR4	BPAJBCOI_00458	hypothetical protein
C1CCU5	BPAJBCOI_00459	hypothetical protein
A0A2J6F2G9	BPAJBCOI_00460	hypothetical protein
A0A558REK6	BPAJBCOI_00461	hypothetical protein
A0A559A9M9	BPAJBCOI_00462	hypothetical protein
A0A0T8GN13	BPAJBCOI_00463	hypothetical protein
A0A9P1L8T8	BPAJBCOI_00464	Valine--tRNA ligase
A0A0B7LSY0	BPAJBCOI_00465	hypothetical protein
A0A9P1RH91	BPAJBCOI_00466	hypothetical protein
C1C5U5	BPAJBCOI_00467	hypothetical protein
A0A4J2AWX3	BPAJBCOI_00468	IS3 family transposase ISSpn11
A0AAD2I3Y2	BPAJBCOI_00469	hypothetical protein
	BPAJBCOI_00470	SpF19_sRNA
A0A064C2F5	BPAJBCOI_00471	Transcription antiterminator LicT
A0A0I8J7R2	BPAJBCOI_00472	PTS system beta-glucoside-specific EIIBCA component
A0A0U0MQ66	BPAJBCOI_00473	Aryl-phospho-beta-D-glucosidase BglH
Q8DQT8	BPAJBCOI_00474	Phenylalanine--tRNA ligase alpha subunit
C1C5V1	BPAJBCOI_00475	Spermidine/spermine N(1)-acetyltransferase
A0A6G2D971	BPAJBCOI_00476	Phenylalanine--tRNA ligase beta subunit
Q8CZ31	BPAJBCOI_00477	hypothetical protein
Q8DQT5	BPAJBCOI_00478	IS30 family transposase ISSpn8
Q8DQT3	BPAJBCOI_00479	hypothetical protein
A0A4J1V7A5	BPAJBCOI_00480	5-methyltetrahydropteroyltriglutamate--homocysteine methyltransferase
C1CCW3	BPAJBCOI_00481	5%2C10-methylenetetrahydrofolate reductase
A0AA87CGS2	BPAJBCOI_00482	Polyribonucleotide nucleotidyltransferase
B2IMR0	BPAJBCOI_00483	Serine acetyltransferase
A0A0U0ANM6	BPAJBCOI_00484	Mycothiol acetyltransferase
A0A6G2D0E6	BPAJBCOI_00485	Cysteine--tRNA ligase
Q8DQS7	BPAJBCOI_00486	Mini-ribonuclease 3
A0A9P1L7U7	BPAJBCOI_00487	Leucine-rich protein
A0A0U0QBM5	BPAJBCOI_00488	hypothetical protein
A0A6G2DX25	BPAJBCOI_00489	hypothetical protein
	BPAJBCOI_00490	Intron_gpII
A0A0D6J9W6	BPAJBCOI_00491	hypothetical protein
A0A098Z2X1	BPAJBCOI_00492	putative ABC transporter ATP-binding protein
Q9S4J0	BPAJBCOI_00493	hypothetical protein
A0A9P1RL26	BPAJBCOI_00494	Sensory transduction protein regX3
A0AAD2I6B0	BPAJBCOI_00495	hypothetical protein
C1CCX9	BPAJBCOI_00496	Fructose-bisphosphate aldolase
A0A9P1PDA5	BPAJBCOI_00497	Carnitine monooxygenase reductase subunit
A0A0T9HJX5	BPAJBCOI_00498	putative glutamine ABC transporter permease protein GlnP
B1IAF2	BPAJBCOI_00499	putative glutamine ABC transporter permease protein GlnM
A0A0B7LD74	BPAJBCOI_00500	Major cell-binding factor
A0A0U0LWA7	BPAJBCOI_00501	Major cell-binding factor
A0A4J2DD48	BPAJBCOI_00502	Glutamine transport ATP-binding protein GlnQ
A0AA86XAS8	BPAJBCOI_00503	hypothetical protein
Q8DQR3	BPAJBCOI_00504	Ribonuclease J 2
A0A0U0F7N3	BPAJBCOI_00505	Carbohydrate acetyl esterase/feruloyl esterase
Q4TUK0	BPAJBCOI_00506	Lipid II:glycine glycyltransferase
Q9L446	BPAJBCOI_00507	Aminoacyltransferase FemA
B1IAG0	BPAJBCOI_00508	hypothetical protein
C1CQA2	BPAJBCOI_00509	UvrABC system protein C
A0A4H6ND84	BPAJBCOI_00510	hypothetical protein
Q8CWT0	BPAJBCOI_00511	L-cystine-binding protein TcyJ
B2IMT9	BPAJBCOI_00512	Putative NAD(P)H nitroreductase
A0A0T8N3H0	BPAJBCOI_00513	Beta-Ala-Xaa dipeptidase
C1CCZ5	BPAJBCOI_00514	hypothetical protein
Q8CZ26	BPAJBCOI_00515	hypothetical protein
	BPAJBCOI_00516	SpF22_sRNA
A0AA44MVR2	BPAJBCOI_00517	Branched-chain amino acid transport system 2 carrier protein
A0A9P1LT08	BPAJBCOI_00518	hypothetical protein
A0A0T8ZU67	BPAJBCOI_00519	hypothetical protein
A0A559AA28	BPAJBCOI_00520	Putative carboxypeptidase YodJ
Q97RZ6	BPAJBCOI_00521	50S ribosomal protein L11
Q04LP6	BPAJBCOI_00522	50S ribosomal protein L1
	BPAJBCOI_00523	Intron_gpII
A0A0U0GZ72	BPAJBCOI_00524	hypothetical protein
A0AAD2Q8B9	BPAJBCOI_00525	Vitamin B12 import ATP-binding protein BtuD
Q8DQP9	BPAJBCOI_00526	hypothetical protein
A0A0H2UP10	BPAJBCOI_00527	hypothetical protein
A0A0H2UP15	BPAJBCOI_00528	hypothetical protein
A0A4J1XSQ9	BPAJBCOI_00529	hypothetical protein
A0A0E8STN0	BPAJBCOI_00530	hypothetical protein
Q8CZ23	BPAJBCOI_00531	hypothetical protein
A0A0B7LSI1	BPAJBCOI_00532	PTS system galactitol-specific EIIC component
A0A380LVM1	BPAJBCOI_00533	hypothetical protein
A0A4J2E2Y7	BPAJBCOI_00534	Beta-galactosidase
A0A4J2B0D6	BPAJBCOI_00535	hypothetical protein
A0A4K7HAE4	BPAJBCOI_00536	hypothetical protein
A0A0B7LPN1	BPAJBCOI_00537	hypothetical protein
C1C614	BPAJBCOI_00538	hypothetical protein
	BPAJBCOI_00539	SpF25_sRNA
A0A0B7L9V0	BPAJBCOI_00540	hypothetical protein
A0A0T8TMS9	BPAJBCOI_00541	hypothetical protein
A0A0B7LD37	BPAJBCOI_00542	hypothetical protein
B1IAJ3	BPAJBCOI_00543	hypothetical protein
Q8CZ17	BPAJBCOI_00544	hypothetical protein
A0A0B7M720	BPAJBCOI_00545	hypothetical protein
A0A4G7I3M2	BPAJBCOI_00546	hypothetical protein
C1CD25	BPAJBCOI_00547	Thiol:disulfide interchange protein DsbD
A0AA87CBX6	BPAJBCOI_00548	Thiol-disulfide oxidoreductase ResA
C1C622	BPAJBCOI_00549	Peptide methionine sulfoxide reductase MsrA/MsrB
Q8DQN8	BPAJBCOI_00550	putative response regulatory protein
Q8DQN7	BPAJBCOI_00551	hypothetical protein
B2IMX5	BPAJBCOI_00552	hypothetical protein
B1IAK2	BPAJBCOI_00553	hypothetical protein
B1IAK2	BPAJBCOI_00554	Immunoglobulin A1 protease
B1IAK3	BPAJBCOI_00555	Isochorismate synthase MenF
B1IAK4	BPAJBCOI_00556	2-succinyl-6-hydroxy-2%2C4-cyclohexadiene-1-carboxylate synthase
B1IAK5	BPAJBCOI_00557	hypothetical protein
Q3HZK0	BPAJBCOI_00558	Glucokinase
Q04LL8	BPAJBCOI_00559	Thymidylate synthase
Q8CZ15	BPAJBCOI_00560	hypothetical protein
B1IAK9	BPAJBCOI_00561	tRNA dimethylallyltransferase
Q8DQN2	BPAJBCOI_00562	GTPase HflX
B2IMY7	BPAJBCOI_00563	hypothetical protein
C1CQF2	BPAJBCOI_00564	Ribonuclease Z
C1C637	BPAJBCOI_00565	putative oxidoreductase
Q8DQM9	BPAJBCOI_00566	HTH-type transcriptional regulator HdfR
Q8DQM8	BPAJBCOI_00567	hypothetical protein
Q8DQM7	BPAJBCOI_00568	Thiosulfate sulfurtransferase GlpE
Q8CZ12	BPAJBCOI_00569	hypothetical protein
A0A0B7L7X3	BPAJBCOI_00570	Ribosomal small subunit pseudouridine synthase A
A0AA86Y837	BPAJBCOI_00571	GTP-binding protein TypA/BipA
Q8CZ11	BPAJBCOI_00572	hypothetical protein
A0A0T7NHE2	BPAJBCOI_00573	hypothetical protein
A0A0H2UP50	BPAJBCOI_00574	hypothetical protein
Q8DQM4	BPAJBCOI_00575	hypothetical protein
B1IAM2	BPAJBCOI_00576	ABC transporter ATP-binding protein YxdL
B1IAM3	BPAJBCOI_00577	UDP-N-acetylmuramoylalanine--D-glutamate ligase
B1IAM4	BPAJBCOI_00578	UDP-N-acetylglucosamine--N-acetylmuramyl-(pentapeptide) pyrophosphoryl-undecaprenol N-acetylglucosamine transferase
A0A0T8RQ97	BPAJBCOI_00579	Cell division protein DivIB
	BPAJBCOI_00580	PyrR
A0A0E8T5G7	BPAJBCOI_00581	Orotidine 5'-phosphate decarboxylase
A0AAE9QRT7	BPAJBCOI_00582	Orotate phosphoribosyltransferase
A0A822Q133	BPAJBCOI_00583	hypothetical protein
A0A0B7LJ40	BPAJBCOI_00584	hypothetical protein
C1C655	BPAJBCOI_00585	hypothetical protein
Q8CZ03	BPAJBCOI_00586	hypothetical protein
A0A4J1UN03	BPAJBCOI_00587	Bacitracin transport ATP-binding protein BcrA
Q8DQL3	BPAJBCOI_00588	ABC transporter glutamine-binding protein GlnH
Q8DQL2	BPAJBCOI_00589	hypothetical protein
A0A0E7X885	BPAJBCOI_00590	Arginine transport ATP-binding protein ArtM
A0A0E8IYD8	BPAJBCOI_00591	Glutamine transport ATP-binding protein GlnQ
A0A0T8WN03	BPAJBCOI_00592	hypothetical protein
B2IN94	BPAJBCOI_00593	hypothetical protein
A0A0E8ITM3	BPAJBCOI_00594	Lysine--tRNA ligase
Q8DQK7	BPAJBCOI_00595	4-hydroxymandelate oxidase
	BPAJBCOI_00596	TPP
A0A0U0BAB0	BPAJBCOI_00597	Aminopyrimidine aminohydrolase
A0A559BUT6	BPAJBCOI_00598	Hydroxyethylthiazole kinase
A0A062WTJ4	BPAJBCOI_00599	Thiamine-phosphate synthase
	BPAJBCOI_00600	TPP
C1CD71	BPAJBCOI_00601	Putative HMP/thiamine permease protein YkoE
A0A916P5F0	BPAJBCOI_00602	Putative HMP/thiamine import ATP-binding protein YkoD
Q8DQK1	BPAJBCOI_00603	hypothetical protein
B1IAP4	BPAJBCOI_00604	Aminopyrimidine aminohydrolase
C1CD75	BPAJBCOI_00605	hypothetical protein
B1IAP6	BPAJBCOI_00606	Hydroxyethylthiazole kinase
C1CD77	BPAJBCOI_00607	Thiamine-phosphate synthase
A0A0T8WTB9	BPAJBCOI_00608	Hydroxymethylpyrimidine/phosphomethylpyrimidine kinase
	BPAJBCOI_00609	TPP
B1IAP9	BPAJBCOI_00610	Transcriptional repressor CopY
B2INB0	BPAJBCOI_00611	hypothetical protein
A0A6G2DB27	BPAJBCOI_00612	putative copper-transporting ATPase PacS
B2INB2	BPAJBCOI_00613	Pyruvate oxidase
Q8CZ01	BPAJBCOI_00614	hypothetical protein
A0A0T9GKD0	BPAJBCOI_00615	IS630 family transposase ISSpn2
A0A4J1V9G4	BPAJBCOI_00616	IS630 family transposase ISSpn2
A0A0T7TLZ5	BPAJBCOI_00617	hypothetical protein
A0A0U0C773	BPAJBCOI_00618	hypothetical protein
A0AAE9QRJ9	BPAJBCOI_00619	hypothetical protein
A0A0U0BC67	BPAJBCOI_00620	putative HTH-type transcriptional regulator YbbH
A0A0B7LDL9	BPAJBCOI_00621	Putative N-acetylmannosamine-6-phosphate 2-epimerase
B1IAQ7	BPAJBCOI_00622	putative multiple-sugar transport system permease YteP
B1IAQ8	BPAJBCOI_00623	L-arabinose transport system permease protein AraQ
B1IAQ9	BPAJBCOI_00624	hypothetical protein
B1IAR0	BPAJBCOI_00625	hypothetical protein
A0AAD2KEW3	BPAJBCOI_00626	hypothetical protein
B1IAR2	BPAJBCOI_00627	hypothetical protein
A0A6G2DWF4	BPAJBCOI_00628	hypothetical protein
B1IAR3	BPAJBCOI_00629	hypothetical protein
B1IAR5	BPAJBCOI_00630	Aryl-phospho-beta-D-glucosidase BglH
B1IAR6	BPAJBCOI_00631	putative mannose-6-phosphate isomerase GmuF
B1IAR7	BPAJBCOI_00632	hypothetical protein
A0A4J1Z499	BPAJBCOI_00633	hypothetical protein
A0A4J1TBX4	BPAJBCOI_00634	IS5 family transposase ISSpn7
A0A0B7LMG0	BPAJBCOI_00635	hypothetical protein
B1IAR9	BPAJBCOI_00636	putative protein
Q97RQ6	BPAJBCOI_00637	DegV domain-containing protein
Q8DQI5	BPAJBCOI_00638	hypothetical protein
C1CD94	BPAJBCOI_00639	tRNA-specific adenosine deaminase
Q8DQI3	BPAJBCOI_00640	Uracil phosphoribosyltransferase
Q04LF4	BPAJBCOI_00641	ATP-dependent Clp protease proteolytic subunit
A0A0T9AB05	BPAJBCOI_00642	hypothetical protein
C1CD98	BPAJBCOI_00643	Leucine-%2C isoleucine-%2C valine-%2C threonine-%2C and alanine-binding protein
C1CD99	BPAJBCOI_00644	High-affinity branched-chain amino acid transport system permease protein LivH
Q8DQH9	BPAJBCOI_00645	hypothetical protein
C1C696	BPAJBCOI_00646	Lipopolysaccharide export system ATP-binding protein LptB
A0A6G2DA50	BPAJBCOI_00647	hypothetical protein
C1CDA2	BPAJBCOI_00648	High-affinity branched-chain amino acid transport ATP-binding protein LivF
C1CDA3	BPAJBCOI_00649	Inosine-5'-monophosphate dehydrogenase
Q2MGI2	BPAJBCOI_00650	Peptide chain release factor 2
C1C6A0	BPAJBCOI_00651	Cell division ATP-binding protein FtsE
A0AA86Y375	BPAJBCOI_00652	Cell division protein FtsX
A0A9P1RHL8	BPAJBCOI_00653	PTS system glucose-specific EIICBA component
A0A0B7LDJ8	BPAJBCOI_00654	Maltose 6'-phosphate phosphatase
C1CDA9	BPAJBCOI_00655	DEAD-box ATP-dependent RNA helicase CshB
Q97RN9	BPAJBCOI_00656	S-adenosylmethionine synthase
Q9X9S0	BPAJBCOI_00657	putative dihydroorotate dehydrogenase A (fumarate)
C1C6A7	BPAJBCOI_00658	putative protein YqeN
C1C6A8	BPAJBCOI_00659	Superoxide dismutase [Mn]
C1C6A9	BPAJBCOI_00660	hypothetical protein
A0A064C0N2	BPAJBCOI_00661	putative dual-specificity RNA methyltransferase RlmN
C1C6B1	BPAJBCOI_00662	hypothetical protein
A0A0E8A358	BPAJBCOI_00663	putative ABC transporter ATP-binding protein YbiT
C1CDB9	BPAJBCOI_00664	hypothetical protein
C1C6B4	BPAJBCOI_00665	hypothetical protein
A0A0U0AND9	BPAJBCOI_00666	hypothetical protein
Q04LD0	BPAJBCOI_00667	30S ribosomal protein S16
C1CDC4	BPAJBCOI_00668	hypothetical protein
A0A4J1R377	BPAJBCOI_00669	hypothetical protein
Q8DQG3	BPAJBCOI_00670	Ribosome maturation factor RimM
Q97RM4	BPAJBCOI_00671	tRNA (guanine-N(1)-)-methyltransferase
Q8CYZ1	BPAJBCOI_00672	hypothetical protein
B1IAV5	BPAJBCOI_00673	hypothetical protein
Q8DQG2	BPAJBCOI_00674	hypothetical protein
B1IAV8	BPAJBCOI_00675	Biotin transporter BioY2
B1IAV9	BPAJBCOI_00676	Glutathione reductase
B1IAW0	BPAJBCOI_00677	Putative efflux system component YknX
Q8DQF8	BPAJBCOI_00678	putative ABC transporter ATP-binding protein YknY
A0AAD2I7M4	BPAJBCOI_00679	putative ABC transporter permease YknZ
A0A4J2CMT1	BPAJBCOI_00680	Methionine--tRNA ligase
A0AAD2I828	BPAJBCOI_00681	Methionine--tRNA ligase
A0A4J1PI22	BPAJBCOI_00682	hypothetical protein
A0A0T8NJ29	BPAJBCOI_00683	hypothetical protein
A0A098Z3R0	BPAJBCOI_00684	Oxidoreductase YdhF
Q8CYY9	BPAJBCOI_00685	hypothetical protein
A0A0T8CJM1	BPAJBCOI_00686	3-beta-hydroxycholanate 3-dehydrogenase (NAD(+)) 2
A0A0U0FLN5	BPAJBCOI_00687	hypothetical protein
B1IAX3	BPAJBCOI_00688	hypothetical protein
C1C6E0	BPAJBCOI_00689	hypothetical protein
C1C6E1	BPAJBCOI_00690	Aminopeptidase N
C1CDF5	BPAJBCOI_00691	Response regulator ArlR
B1IAX7	BPAJBCOI_00692	Adaptive-response sensory-kinase SasA
Q8CYY6	BPAJBCOI_00693	hypothetical protein
C1C6E5	BPAJBCOI_00694	hypothetical protein
A0A6G2DBK2	BPAJBCOI_00695	3'-5' exonuclease DinG
Q8DQE8	BPAJBCOI_00696	Peptidoglycan glycosyltransferase RodA
Q8DQE7	BPAJBCOI_00697	Protein/nucleic acid deglycase 3
A0A0H2UPC8	BPAJBCOI_00698	N-acetylmuramic acid 6-phosphate phosphatase
Q59957	BPAJBCOI_00699	DNA gyrase subunit B
Q8DQE5	BPAJBCOI_00700	Septation ring formation regulator EzrA
B1IAY6	BPAJBCOI_00701	IS630 family transposase ISSpn2
A0A4G3VGM9	BPAJBCOI_00702	hypothetical protein
A0A4J1TM33	BPAJBCOI_00703	IS630 family transposase ISSpn2
B1IAY7	BPAJBCOI_00704	hypothetical protein
Q8DQB6	BPAJBCOI_00705	IS3 family transposase ISSpn11
B1IAY8	BPAJBCOI_00706	hypothetical protein
Q8CYY5	BPAJBCOI_00707	hypothetical protein
Q8DQE1	BPAJBCOI_00708	hypothetical protein
C1CGU6	BPAJBCOI_00709	IS630 family transposase IS630-Spn1
C1CDG9	BPAJBCOI_00710	ATP-dependent Clp protease ATP-binding subunit ClpE
Q8DQD6	BPAJBCOI_00711	hypothetical protein
A0AA87CCJ7	BPAJBCOI_00712	Arginine transport system permease protein ArtQ
C1CDH2	BPAJBCOI_00713	Glutamine transport ATP-binding protein GlnQ
A0A4M3JM43	BPAJBCOI_00714	Bifunctional protein FolD protein
Q8DQD2	BPAJBCOI_00715	ADP-dependent (S)-NAD(P)H-hydrate dehydratase
Q04L82	BPAJBCOI_00716	Ribose-5-phosphate isomerase A
C1CS61	BPAJBCOI_00717	Phosphopentomutase
B1IAZ9	BPAJBCOI_00718	hypothetical protein
Q8CWS2	BPAJBCOI_00719	Purine nucleoside phosphorylase 1
Q8CYY3	BPAJBCOI_00720	hypothetical protein
Q8DQC9	BPAJBCOI_00721	hypothetical protein
Q8CWS1	BPAJBCOI_00722	Purine nucleoside phosphorylase DeoD-type
A0A0B7M8N2	BPAJBCOI_00723	hypothetical protein
Q8CWS0	BPAJBCOI_00724	30S ribosomal protein S20
Q04L73	BPAJBCOI_00725	Pantothenate kinase
A0A558UNH8	BPAJBCOI_00726	hypothetical protein
B2INV8	BPAJBCOI_00727	Ribosomal RNA small subunit methyltransferase C
A0A0B7M3D2	BPAJBCOI_00728	Pyrimidine-nucleoside phosphorylase
A0AA86Y5W3	BPAJBCOI_00729	Deoxyribose-phosphate aldolase
A0A0B7MB74	BPAJBCOI_00730	Cytidine deaminase
C1C6H9	BPAJBCOI_00731	Membrane lipoprotein TmpC
A0A0H2UPF8	BPAJBCOI_00732	Galactose/methyl galactoside import ATP-binding protein MglA
B2INW4	BPAJBCOI_00733	putative riboflavin import permease protein RfuC
C1C6I2	BPAJBCOI_00734	hypothetical protein
A0A4J1W167	BPAJBCOI_00735	IS3 family transposase ISSpn11
A0A4J2EQP3	BPAJBCOI_00736	IS3 family transposase ISSpn11
A0A4J1SW25	BPAJBCOI_00737	IS3 family transposase ISSpn11
Q04L63	BPAJBCOI_00738	Glycerol-3-phosphate acyltransferase
Q3HZ26	BPAJBCOI_00739	DNA topoisomerase 4 subunit B
B2INX2	BPAJBCOI_00740	hypothetical protein
A0A4J2DH79	BPAJBCOI_00741	hypothetical protein
Q3HYJ3	BPAJBCOI_00742	DNA topoisomerase 4 subunit A
A0A6G2DBJ5	BPAJBCOI_00743	Branched-chain-amino-acid aminotransferase
A0A0T7ZHB1	BPAJBCOI_00744	Oligopeptide-binding protein SarA
C1CDK5	BPAJBCOI_00745	hypothetical protein
Q8DQB0	BPAJBCOI_00746	hypothetical protein
Q04L55	BPAJBCOI_00747	Pyrrolidone-carboxylate peptidase
Q8CYY0	BPAJBCOI_00748	hypothetical protein
	BPAJBCOI_00749	tRNA-Tyr(gta)
	BPAJBCOI_00750	tRNA-Gln(ttg)
A0A0H2UPG5	BPAJBCOI_00751	30S Ribosomal protein S1
Q9KK10	BPAJBCOI_00752	IS1380 family transposase ISSpn5
A0A4J1VSU8	BPAJBCOI_00753	hypothetical protein
A0A4J2FU81	BPAJBCOI_00754	hypothetical protein
	BPAJBCOI_00755	Srn266
Q8DQA6	BPAJBCOI_00756	Free methionine-R-sulfoxide reductase
A0A4J1QCT2	BPAJBCOI_00757	Holliday junction ATP-dependent DNA helicase RuvB
Q8CYX9	BPAJBCOI_00758	hypothetical protein
B1IB34	BPAJBCOI_00759	putative ABC transporter ATP-binding protein
Q8DQA3	BPAJBCOI_00760	hypothetical protein
A0A0B7LHM4	BPAJBCOI_00761	Cysteine desulfurase SufS
A0A4J2BMC8	BPAJBCOI_00762	Iron-sulfur cluster assembly scaffold protein IscU
Q8DQA0	BPAJBCOI_00763	hypothetical protein
Q75Y43	BPAJBCOI_00764	D-alanyl-D-alanine carboxypeptidase DacA
Q8DQ98	BPAJBCOI_00765	hypothetical protein
	BPAJBCOI_00766	transfer-messenger RNA%2C SsrA
	BPAJBCOI_00767	tRNA-Ser(gga)
Q8DQ97	BPAJBCOI_00768	Lactose phosphotransferase system repressor
C1C6K9	BPAJBCOI_00769	Tagatose-6-phosphate kinase
B1IB44	BPAJBCOI_00770	PTS system fructose-specific EIIABC component
B1IB46	BPAJBCOI_00771	DNA translocase FtsK
B1IB47	BPAJBCOI_00772	hypothetical protein
B1IB48	BPAJBCOI_00773	Cysteine desulfurase IscS
B1IB49	BPAJBCOI_00774	putative tRNA sulfurtransferase
B1IB50	BPAJBCOI_00775	putative protein YbbA
B1IB51	BPAJBCOI_00776	hypothetical protein
Q8CYX4	BPAJBCOI_00777	hypothetical protein
B1IB53	BPAJBCOI_00778	hypothetical protein
Q8DQ91	BPAJBCOI_00779	Type I restriction enzyme EcoKI M protein
A0AA87CC09	BPAJBCOI_00780	hypothetical protein
B1IB60	BPAJBCOI_00781	hypothetical protein
C1CDN6	BPAJBCOI_00782	hypothetical protein
B2IP20	BPAJBCOI_00783	hypothetical protein
C1C6M1	BPAJBCOI_00784	Tyrosine recombinase XerC
A0A096XWV7	BPAJBCOI_00785	hypothetical protein
A0A6G2DB63	BPAJBCOI_00786	hypothetical protein
C1CDP1	BPAJBCOI_00787	Arginine regulator
B1IB64	BPAJBCOI_00788	Xaa-Pro dipeptidyl-peptidase
B1IB65	BPAJBCOI_00789	Error-prone DNA polymerase
C1C6M8	BPAJBCOI_00790	ATP-dependent 6-phosphofructokinase
C1C6M9	BPAJBCOI_00791	Pyruvate kinase
A0A0B7M620	BPAJBCOI_00792	hypothetical protein
B1IB70	BPAJBCOI_00793	IS5 family transposase ISSpn7
B1IB71	BPAJBCOI_00794	hypothetical protein
B1IB72	BPAJBCOI_00795	hypothetical protein
B1IB73	BPAJBCOI_00796	Putative two-component membrane permease complex subunit SMU_746c
Q8DQ81	BPAJBCOI_00797	Putative two-component membrane permease complex subunit SMU_747c
C1CDQ2	BPAJBCOI_00798	hypothetical protein
A0A4J1SGU5	BPAJBCOI_00799	Protein YhgF
A0AA86YAT6	BPAJBCOI_00800	Protein SprT-like protein
A0A5C8QW28	BPAJBCOI_00801	hypothetical protein
	BPAJBCOI_00802	Spd-sr07
	BPAJBCOI_00802	
B1IB80	BPAJBCOI_00803	hypothetical protein
A0A0B7KXN1	BPAJBCOI_00804	hypothetical protein
C1CDQ8	BPAJBCOI_00805	Bacitracin export ATP-binding protein BceA
B1IB82	BPAJBCOI_00806	hypothetical protein
B1IB83	BPAJBCOI_00807	hypothetical protein
A0A4J1RBK5	BPAJBCOI_00808	hypothetical protein
A0A4J2B5K9	BPAJBCOI_00809	hypothetical protein
B1IB85	BPAJBCOI_00810	Arginine decarboxylase
A0A9P1LS20	BPAJBCOI_00811	hypothetical protein
P66836	BPAJBCOI_00812	Polyamine aminopropyltransferase
C1CDR7	BPAJBCOI_00813	Carboxynorspermidine synthase
Q8DQ69	BPAJBCOI_00814	Carboxynorspermidine/carboxyspermidine decarboxylase
B8ZP26	BPAJBCOI_00815	Agmatine deiminase
Q8DQ67	BPAJBCOI_00816	N-carbamoyl-D-amino acid hydrolase
Q8DQ66	BPAJBCOI_00817	Sugar phosphatase YidA
Q8CYW4	BPAJBCOI_00818	hypothetical protein
C1C6Q7	BPAJBCOI_00819	hypothetical protein
Q8DQ65	BPAJBCOI_00820	hypothetical protein
Q8DQ64	BPAJBCOI_00821	Lipoprotein signal peptidase
A0A0B7M1X1	BPAJBCOI_00822	Ribosomal large subunit pseudouridine synthase D
B1IB98	BPAJBCOI_00823	hypothetical protein
B1I9D5	BPAJBCOI_00824	ISL3 family transposase ISSpn14
	BPAJBCOI_00825	Srn266
A0A6I3TVP2	BPAJBCOI_00826	Glutamate 5-kinase 1
B1IBA0	BPAJBCOI_00827	Gamma-glutamyl phosphate reductase
B1IBA1	BPAJBCOI_00828	Pyrroline-5-carboxylate reductase
B1IBA2	BPAJBCOI_00829	Thymidylate kinase
B2IP91	BPAJBCOI_00830	hypothetical protein
Q97R89	BPAJBCOI_00831	Initiation-control protein YabA
B1IBA5	BPAJBCOI_00832	Ribosomal RNA small subunit methyltransferase I
Q8DQ51	BPAJBCOI_00833	Methylenetetrahydrofolate--tRNA-(uracil-5-)-methyltransferase TrmFO
Q8DQ50	BPAJBCOI_00834	Uridylate kinase
C1CRV3	BPAJBCOI_00835	Ribosome-recycling factor
Q8DQ48	BPAJBCOI_00836	Conserved virulence factor B
Q97R80	BPAJBCOI_00837	hypothetical protein
B1IBB1	BPAJBCOI_00838	PhoH-like protein
B1IBB2	BPAJBCOI_00839	Acetyltransferase
B1IBB3	BPAJBCOI_00840	ComE operon protein 1
A0A4J2DGQ8	BPAJBCOI_00841	ComE operon protein 3
B1IBB6	BPAJBCOI_00842	ABC transporter ATP-binding protein NatA
A0A0E8T6Q0	BPAJBCOI_00843	hypothetical protein
	BPAJBCOI_00844	L20_leader
Q04KW9	BPAJBCOI_00845	Translation initiation factor IF-3
Q04KW8	BPAJBCOI_00846	50S ribosomal protein L35
Q04KW7	BPAJBCOI_00847	50S ribosomal protein L20
C1CDV7	BPAJBCOI_00848	Lactoylglutathione lyase
A0A0E8ZM45	BPAJBCOI_00849	Dihydroorotate dehydrogenase B (NAD(+))%2C electron transfer subunit
B2IPB8	BPAJBCOI_00850	Dihydroorotate dehydrogenase B (NAD(+))%2C catalytic subunit
A0A4J2GH93	BPAJBCOI_00851	Putative endo-beta-N-acetylglucosaminidase
A0A0U0L9S7	BPAJBCOI_00852	Rqc2 RqcH
Q8DQ35	BPAJBCOI_00853	Endoribonuclease YbeY
A0A0T8T8G5	BPAJBCOI_00854	Undecaprenol kinase
A0A0B7LRL2	BPAJBCOI_00855	GTPase Era
A0A0B7LVH1	BPAJBCOI_00856	Formamidopyrimidine-DNA glycosylase
C1C6U8	BPAJBCOI_00857	Dephospho-CoA kinase
C1C6U9	BPAJBCOI_00858	Staphyloferrin B transporter
Q8DQ31	BPAJBCOI_00859	putative protein-export membrane protein SecG
A0AAD2I7A1	BPAJBCOI_00860	Ribonuclease R
Q8DQ29	BPAJBCOI_00861	SsrA-binding protein
C1CDX2	BPAJBCOI_00862	putative S-adenosyl-L-methionine-dependent methyltransferase TehB
B1IBD8	BPAJBCOI_00863	hypothetical protein
A0A0B7KTI3	BPAJBCOI_00864	Oligoendopeptidase F%2C plasmid
A0A0I8AKP8	BPAJBCOI_00865	tRNA 5-hydroxyuridine methyltransferase
Q97R51	BPAJBCOI_00866	Foldase protein PrsA
A0A4J1USY9	BPAJBCOI_00867	hypothetical protein
B1IBE4	BPAJBCOI_00868	2%2C3-bisphosphoglycerate-dependent phosphoglycerate mutase
B1IBE5	BPAJBCOI_00869	hypothetical protein
Q8DQ19	BPAJBCOI_00870	hypothetical protein
A0A0I8ATA8	BPAJBCOI_00871	hypothetical protein
B1IBE8	BPAJBCOI_00872	Bifunctional protein GlmU
B1IBE9	BPAJBCOI_00873	ADP-ribose pyrophosphatase
B1IBF0	BPAJBCOI_00874	hypothetical protein
B1IBF1	BPAJBCOI_00875	5'-methylthioadenosine/S-adenosylhomocysteine nucleosidase
A0A0H2UPQ5	BPAJBCOI_00876	putative protein
Q8DQ14	BPAJBCOI_00877	3'-5' exonuclease DinG
B1IBF4	BPAJBCOI_00878	hypothetical protein
A0A4J2FEH5	BPAJBCOI_00879	hypothetical protein
Q9X998	BPAJBCOI_00880	IS630 family transposase IS630-Spn1
A0A0B7MGQ5	BPAJBCOI_00881	hypothetical protein
C1CDZ4	BPAJBCOI_00882	Thiol:disulfide interchange protein DsbD
C1CDZ5	BPAJBCOI_00883	Thiol-disulfide oxidoreductase ResA
	BPAJBCOI_00884	SpF36_sRNA
	BPAJBCOI_00884	
A0AA95DDV9	BPAJBCOI_00885	putative amino acid permease YhdG
Q8DQ09	BPAJBCOI_00886	High-affinity zinc uptake system binding-protein ZnuA
A0A5C5EC23	BPAJBCOI_00887	hypothetical protein
C1C6Y1	BPAJBCOI_00888	hypothetical protein
C1C6Y2	BPAJBCOI_00889	hypothetical protein
C1C6Y3	BPAJBCOI_00890	hypothetical protein
B1IBG7	BPAJBCOI_00891	Peptidase T
A0A4J1QQF7	BPAJBCOI_00892	Ferrochelatase
A0A064C208	BPAJBCOI_00893	Large-conductance mechanosensitive channel
Q8DQ02	BPAJBCOI_00894	hypothetical protein
	BPAJBCOI_00895	preQ1-II
Q8DQ01	BPAJBCOI_00896	Queuosine precursor transporter QueT
	BPAJBCOI_00897	tRNA-Thr(ggt)
	BPAJBCOI_00898	asd
C1CE07	BPAJBCOI_00899	Aspartate-semialdehyde dehydrogenase
A0A9P1QEF7	BPAJBCOI_00900	4-hydroxy-tetrahydrodipicolinate synthase
A0A822RV44	BPAJBCOI_00901	tRNA modification GTPase MnmE
B2IPH4	BPAJBCOI_00902	2-hydroxymuconate tautomerase
C1CE11	BPAJBCOI_00903	Thymidine kinase
Q8DPZ4	BPAJBCOI_00904	Peptide chain release factor 1
A0A0B7KYC5	BPAJBCOI_00905	Release factor glutamine methyltransferase
A0A0D6J7V0	BPAJBCOI_00906	Threonylcarbamoyl-AMP synthase
B1IBI2	BPAJBCOI_00907	hypothetical protein
C1CRE4	BPAJBCOI_00908	Serine hydroxymethyltransferase
A0A5R9AW41	BPAJBCOI_00909	hypothetical protein
C1C701	BPAJBCOI_00910	hypothetical protein
B1IBI6	BPAJBCOI_00911	hypothetical protein
A0A9P1LNT0	BPAJBCOI_00912	putative RNA methyltransferase
	BPAJBCOI_00913	SpF61_sRNA
	BPAJBCOI_00913	
	BPAJBCOI_00914	SpF39_sRNA
A0A0B7LP89	BPAJBCOI_00915	hypothetical protein
Q8DPY6	BPAJBCOI_00916	Fe(3+)-citrate-binding protein YfmC
A0A0B7MEA3	BPAJBCOI_00917	Ferric enterobactin transport system permease protein FepD
Q8DPY4	BPAJBCOI_00918	putative siderophore transport system permease protein YfhA
Q8DPY3	BPAJBCOI_00919	Petrobactin import ATP-binding protein FpuD
A0A4J1P097	BPAJBCOI_00920	ISL3 family transposaseA
	BPAJBCOI_00921	Srn266
Q8CYU1	BPAJBCOI_00922	hypothetical protein
	BPAJBCOI_00923	pemK
Q8CYT9	BPAJBCOI_00924	hypothetical protein
A0A4J1ZC11	BPAJBCOI_00925	Serine recombinase PinR
A0A4K0U5V9	BPAJBCOI_00926	hypothetical protein
B2IPJ6	BPAJBCOI_00927	hypothetical protein
B2IPK0	BPAJBCOI_00928	hypothetical protein
A0A0U0E1R7	BPAJBCOI_00929	hypothetical protein
A0A0T8C340	BPAJBCOI_00930	hypothetical protein
A0AA87C727	BPAJBCOI_00931	Putative lipid kinase
A0A4J1RXB9	BPAJBCOI_00932	Intracellular maltogenic amylase
B1IBK4	BPAJBCOI_00933	hypothetical protein
C1C762	BPAJBCOI_00934	Aminoglycoside N(6')-acetyltransferase type 1
B1IBK6	BPAJBCOI_00935	hypothetical protein
A0A4M7Q6Q9	BPAJBCOI_00936	hypothetical protein
A0AA87CCX2	BPAJBCOI_00937	hypothetical protein
A0A0B7MF81	BPAJBCOI_00938	hypothetical protein
C1C764	BPAJBCOI_00939	putative peptidoglycan glycosyltransferase FtsW
B2IQ40	BPAJBCOI_00940	Phosphoenolpyruvate carboxylase
	BPAJBCOI_00941	T-box
C1C766	BPAJBCOI_00942	hypothetical protein
A0A0H2UPW3	BPAJBCOI_00943	hypothetical protein
A0A0H2UQ29	BPAJBCOI_00944	Bicarbonate transport ATP-binding protein CmpD
A0A0D6J7Q0	BPAJBCOI_00945	DNA primase
P0A4J0	BPAJBCOI_00946	RNA polymerase sigma factor SigA
Q8DPW0	BPAJBCOI_00947	Fe-S protein maturation auxiliary factor SufT
A0A0H2ZPH7	BPAJBCOI_00948	Alpha-galactosylglucosyldiacylglycerol synthase
C1CE63	BPAJBCOI_00949	Alpha-monoglucosyldiacylglycerol synthase
C1CE64	BPAJBCOI_00950	hypothetical protein
C1CE65	BPAJBCOI_00951	hypothetical protein
A0AA44MT71	BPAJBCOI_00952	GTPase Obg
C1CE67	BPAJBCOI_00953	hypothetical protein
	BPAJBCOI_00954	group-II-D1D4-3
Q97QW6	BPAJBCOI_00955	UDP-N-acetylglucosamine 1-carboxyvinyltransferase
B1IBM4	BPAJBCOI_00956	hypothetical protein
Q8DPV2	BPAJBCOI_00957	Inosine-5'-monophosphate dehydrogenase
Q8DPV1	BPAJBCOI_00958	Methionine aminopeptidase 1
A0A4J1QRI7	BPAJBCOI_00959	hypothetical protein
C1C8W5	BPAJBCOI_00960	IS5 family transposase ISSpn7
B1IBM7	BPAJBCOI_00961	ATP-dependent DNA helicase PcrA
A0A4J1Y8L2	BPAJBCOI_00962	hypothetical protein
A0AAD2I5W5	BPAJBCOI_00963	hypothetical protein
C1C786	BPAJBCOI_00964	Putative glutamine amidotransferase
C1CRJ3	BPAJBCOI_00965	Redox-sensing transcriptional repressor Rex
A0A237JSH2	BPAJBCOI_00966	hypothetical protein
Q8CYS0	BPAJBCOI_00967	hypothetical protein
C1CE80	BPAJBCOI_00968	Cysteine desulfurase IscS
P65242	BPAJBCOI_00969	Putative ribose-phosphate pyrophosphokinase 2
A0A064C1X1	BPAJBCOI_00970	Putative triphosphatase YjbK
Q8DPU2	BPAJBCOI_00971	GTP pyrophosphokinase YjbM
C1CE84	BPAJBCOI_00972	NAD kinase
Q8DPU1	BPAJBCOI_00973	Ribosomal large subunit pseudouridine synthase D
Q8DPU0	BPAJBCOI_00974	Phosphate acetyltransferase
	BPAJBCOI_00975	SpR14_sRNA
	BPAJBCOI_00975	
	BPAJBCOI_00976	Srn266
Q04KI6	BPAJBCOI_00977	Nucleoid-associated protein
A0A0B7M7N6	BPAJBCOI_00978	hypothetical protein
	BPAJBCOI_00979	L21_leader
Q97QU4	BPAJBCOI_00980	50S ribosomal protein L21
C1CE93	BPAJBCOI_00981	hypothetical protein
Q04KI2	BPAJBCOI_00982	50S ribosomal protein L27
Q8DPT6	BPAJBCOI_00983	Bifunctional riboflavin kinase/FMN adenylyltransferase
C1C7A5	BPAJBCOI_00984	hypothetical protein
A0A0B7LKR0	BPAJBCOI_00985	DegV domain-containing protein
C1CEA0	BPAJBCOI_00986	DNA-binding protein HU
A0AA87C771	BPAJBCOI_00987	Energy-dependent translational throttle protein EttA
A0A4J1T8H8	BPAJBCOI_00988	hypothetical protein
A0AA44MQP8	BPAJBCOI_00989	hypothetical protein
A0A9P1PM25	BPAJBCOI_00990	DNA ligase
A0A0H2UPY6	BPAJBCOI_00991	Glycogen debranching enzyme
A0A0T7IRK4	BPAJBCOI_00992	NADP-dependent glyceraldehyde-3-phosphate dehydrogenase
A0A5Q5FKZ1	BPAJBCOI_00993	1%2C4-alpha-glucan branching enzyme GlgB
Q97QS7	BPAJBCOI_00994	Glucose-1-phosphate adenylyltransferase
Q8DPS4	BPAJBCOI_00995	Glycogen biosynthesis protein GlgD
C1CRM3	BPAJBCOI_00996	Glycogen synthase
A0A0B7M8L9	BPAJBCOI_00997	Phosphoserine phosphatase
A0A559G548	BPAJBCOI_00998	Glycerate kinase
Q8CYR5	BPAJBCOI_00999	hypothetical protein
C1CRM6	BPAJBCOI_01000	Enolase
A0A6G2D532	BPAJBCOI_01001	ISL3 family transposase ISSpn14
	BPAJBCOI_01002	Srn266
A0A0T8C0Q6	BPAJBCOI_01003	IS630 family transposase IS630-Spn1
A0A0T8CF02	BPAJBCOI_01004	IS630 family transposase IS630-Spn1
A0A9P1Q6B8	BPAJBCOI_01005	ATP-dependent helicase/deoxyribonuclease subunit B
A0A6G2DBM7	BPAJBCOI_01006	ATP-dependent helicase/nuclease subunit A
A0A9P1Q3I6	BPAJBCOI_01007	hypothetical protein
B1IBR9	BPAJBCOI_01008	Immunoglobulin A1 protease
M9QQW6	BPAJBCOI_01009	hypothetical protein
M9QZ11	BPAJBCOI_01010	hypothetical protein
E6Y3U4	BPAJBCOI_01011	hypothetical protein
M9QS45	BPAJBCOI_01012	hypothetical protein
M9QTK0	BPAJBCOI_01013	hypothetical protein
M9QQX1	BPAJBCOI_01014	hypothetical protein
M9QZ16	BPAJBCOI_01015	hypothetical protein
B1IBS7	BPAJBCOI_01016	hypothetical protein
M9QS50	BPAJBCOI_01017	hypothetical protein
M9QTK5	BPAJBCOI_01018	hypothetical protein
A0A098APK4	BPAJBCOI_01019	hypothetical protein
M9QZ20	BPAJBCOI_01020	hypothetical protein
D6CHT9	BPAJBCOI_01021	hypothetical protein
B1IBT5	BPAJBCOI_01022	hypothetical protein
M9QTK8	BPAJBCOI_01023	hypothetical protein
M9QQY2	BPAJBCOI_01024	hypothetical protein
A0A098APP6	BPAJBCOI_01025	hypothetical protein
A0A098APQ3	BPAJBCOI_01026	hypothetical protein
M9QZ24	BPAJBCOI_01027	hypothetical protein
M9QXG5	BPAJBCOI_01028	hypothetical protein
A0A098AQD0	BPAJBCOI_01029	hypothetical protein
A0A098AQD0	BPAJBCOI_01030	hypothetical protein
A0A098APP8	BPAJBCOI_01031	hypothetical protein
M9QS57	BPAJBCOI_01032	hypothetical protein
M9QTL3	BPAJBCOI_01033	hypothetical protein
A0A098APL8	BPAJBCOI_01034	hypothetical protein
M9QQY8	BPAJBCOI_01035	hypothetical protein
M9QZ29	BPAJBCOI_01036	hypothetical protein
M9QXH0	BPAJBCOI_01037	hypothetical protein
M9QS61	BPAJBCOI_01038	hypothetical protein
A0A098APQ7	BPAJBCOI_01039	Bacitracin export ATP-binding protein BceA
M9QQZ1	BPAJBCOI_01040	Bacitracin export permease protein BceB
M9QZ32	BPAJBCOI_01041	hypothetical protein
M9QXH6	BPAJBCOI_01042	Transcriptional regulatory protein DegU
A0A098APS7	BPAJBCOI_01043	hypothetical protein
M9QTM2	BPAJBCOI_01044	Leukotoxin export ATP-binding protein LtxB
M9QQZ8	BPAJBCOI_01045	hypothetical protein
M9QZ37	BPAJBCOI_01046	hypothetical protein
A0A098APA8	BPAJBCOI_01047	hypothetical protein
A0A098APT4	BPAJBCOI_01048	hypothetical protein
M9QS70	BPAJBCOI_01049	hypothetical protein
M9QTM7	BPAJBCOI_01050	hypothetical protein
M9QZ42	BPAJBCOI_01051	hypothetical protein
M9QXI5	BPAJBCOI_01052	Vitamin B12 import ATP-binding protein BtuD
M9QS74	BPAJBCOI_01053	hypothetical protein
M9QTN2	BPAJBCOI_01054	IS200/IS605 family transposase ISSpn6
M9QR08	BPAJBCOI_01055	hypothetical protein
	BPAJBCOI_01056	pemK
M9QXI9	BPAJBCOI_01057	Tyrosine recombinase XerC
C1CEC2	BPAJBCOI_01058	Ribosome biogenesis GTPase A
B1IBW1	BPAJBCOI_01059	Ribonuclease HII
B1IBW2	BPAJBCOI_01060	H(+)/Cl(-) exchange transporter ClcA
A0A0Y2EK70	BPAJBCOI_01061	Tyrosine recombinase XerS
A0A6G2DA53	BPAJBCOI_01062	Tyrosine recombinase XerS
A0A0B7LQF7	BPAJBCOI_01063	Lipoate-protein ligase LplJ
A0A0I8EAW7	BPAJBCOI_01064	Dihydrolipoyl dehydrogenase
C1C7D3	BPAJBCOI_01065	Dihydrolipoyllysine-residue acetyltransferase component of pyruvate dehydrogenase complex
C1C7D4	BPAJBCOI_01066	2-oxoisovalerate dehydrogenase subunit beta
C1CED0	BPAJBCOI_01067	Acetoin:2%2C6-dichlorophenolindophenol oxidoreductase subunit alpha
A0A0B7KSQ1	BPAJBCOI_01068	Multidrug resistance protein NorM
A0A0B7L0U2	BPAJBCOI_01069	hypothetical protein
Q8DPQ5	BPAJBCOI_01070	Dihydroorotase
A0A0H2ZN52	BPAJBCOI_01071	8-oxo-dGTP diphosphatase
Q8DPQ4	BPAJBCOI_01072	Uracil-DNA glycosylase
Q8CYR3	BPAJBCOI_01073	hypothetical protein
A0A0H2ZPD2	BPAJBCOI_01074	Putative HAD-hydrolase YfnB
A0A0B7MFV3	BPAJBCOI_01075	PTS-dependent dihydroxyacetone kinase%2C phosphotransferase subunit DhaM
A0A0B7L2Z1	BPAJBCOI_01076	hypothetical protein
A0A6G2D543	BPAJBCOI_01077	hypothetical protein
A0A6G2DBI7	BPAJBCOI_01078	hypothetical protein
A0A6G2DBH8	BPAJBCOI_01079	Phosphoenolpyruvate-protein phosphotransferase
Q8DPQ0	BPAJBCOI_01080	Phosphocarrier protein HPr
Q8DPP9	BPAJBCOI_01081	Glutaredoxin-like protein NrdH
Q8CWR3	BPAJBCOI_01082	Ribonucleoside-diphosphate reductase subunit alpha 2
Q8DPP8	BPAJBCOI_01083	Ribonucleoside-diphosphate reductase 2 subunit beta
C1CEE5	BPAJBCOI_01084	Lactose phosphotransferase system repressor
A0AAD2INI1	BPAJBCOI_01085	hypothetical protein
A0AA95D6D6	BPAJBCOI_01086	6-phospho-beta-galactosidase
A0AA86XXB3	BPAJBCOI_01087	PTS system lactose-specific EIICB component
Q8DPP4	BPAJBCOI_01088	PTS system lactose-specific EIIA component
Q8DPP3	BPAJBCOI_01089	Transcription antiterminator LicT
A0A0T9A622	BPAJBCOI_01090	hypothetical protein
B1IBZ4	BPAJBCOI_01091	Tagatose 1%2C6-diphosphate aldolase
A0A0E9H1X5	BPAJBCOI_01092	Tagatose-6-phosphate kinase
Q97QL1	BPAJBCOI_01093	Galactose-6-phosphate isomerase subunit LacB
Q97QL0	BPAJBCOI_01094	Galactose-6-phosphate isomerase subunit LacA
A0AA86Y474	BPAJBCOI_01095	Protein LacX%2C plasmid
A0A0H2UQ54	BPAJBCOI_01096	IS5 family transposase ISSpn7
A0A4J1Y8L3	BPAJBCOI_01097	hypothetical protein
A0A0H2UQA9	BPAJBCOI_01098	hypothetical protein
A0A4J1VVI6	BPAJBCOI_01099	hypothetical protein
A0A4J1R066	BPAJBCOI_01100	hypothetical protein
A0A0B7KYK3	BPAJBCOI_01101	Elongation factor 4
A0A0E8AWB1	BPAJBCOI_01102	Bis(5'-nucleosyl)-tetraphosphatase%2C symmetrical
A0A0B7L372	BPAJBCOI_01103	DNA repair protein RecN
C1CEG6	BPAJBCOI_01104	Arginine repressor
B1IC06	BPAJBCOI_01105	Hemolysin A
C1C7H4	BPAJBCOI_01106	Farnesyl diphosphate synthase
Q04KB1	BPAJBCOI_01107	Exodeoxyribonuclease 7 small subunit
A0A0E8AJQ2	BPAJBCOI_01108	Exodeoxyribonuclease 7 large subunit
Q04KA9	BPAJBCOI_01109	Uridine kinase
C1CEH2	BPAJBCOI_01110	hypothetical protein
B2IPS0	BPAJBCOI_01111	hypothetical protein
A0A0I6VCW9	BPAJBCOI_01112	tRNA pseudouridine synthase B
Q8DPM7	BPAJBCOI_01113	hypothetical protein
A0A0H2ZQP5	BPAJBCOI_01114	O-acetyl-L-homoserine sulfhydrylase
A0A0B7LKX5	BPAJBCOI_01115	O-acetyl-L-homoserine sulfhydrylase
A0A9P1LY54	BPAJBCOI_01116	hypothetical protein
Q8DPM3	BPAJBCOI_01117	Sortase A
A0A4M7Q6P8	BPAJBCOI_01118	DNA gyrase subunit A
A0AA87CBD3	BPAJBCOI_01119	L-lactate dehydrogenase
A0A064C5D2	BPAJBCOI_01120	hypothetical protein
A0A0U0IU98	BPAJBCOI_01121	hypothetical protein
Q8CYQ6	BPAJBCOI_01122	hypothetical protein
Q9RCS5	BPAJBCOI_01123	Putative metallo-hydrolase YycJ
A0A0I6LZG5	BPAJBCOI_01124	Sensor histidine kinase WalK
Q9S1K0	BPAJBCOI_01125	Transcriptional regulatory protein WalR
A0A0T8AGU3	BPAJBCOI_01126	Adenine DNA glycosylase
C1CR74	BPAJBCOI_01127	Formate--tetrahydrofolate ligase 1
A0A4F2RWF0	BPAJBCOI_01128	Coenzyme A biosynthesis bifunctional protein CoaBC
Q8DPL3	BPAJBCOI_01129	Coenzyme A biosynthesis bifunctional protein CoaBC
Q8DPL2	BPAJBCOI_01130	Pantothenic acid transporter PanT
C1CEJ0	BPAJBCOI_01131	Niacin transporter NiaX
Q8DPL1	BPAJBCOI_01132	putative transcription repressor NiaR
A0A0T7YL01	BPAJBCOI_01133	NADH pyrophosphatase
Q8DPK9	BPAJBCOI_01134	Mycothiol acetyltransferase
C1CEJ4	BPAJBCOI_01135	hypothetical protein
A0A0T8N3Y3	BPAJBCOI_01136	UvrABC system protein B
Q8DPK6	BPAJBCOI_01137	hypothetical protein
C1C7L9	BPAJBCOI_01138	Membrane-bound lytic murein transglycosylase F
Q8DPK4	BPAJBCOI_01139	Arginine transport ATP-binding protein ArtM
A0A0E7L5H4	BPAJBCOI_01140	Glucose-6-phosphate 1-dehydrogenase
Q8DPK2	BPAJBCOI_01141	Signal recognition particle receptor FtsY
Q8DPK1	BPAJBCOI_01142	Sugar phosphatase YidA
Q8DPK0	BPAJBCOI_01143	5-amino-6-(5-phospho-D-ribitylamino)uracil phosphatase YbjI
A0A0I8CE81	BPAJBCOI_01144	Chromosome partition protein Smc
A0A0B7LNA7	BPAJBCOI_01145	Ribonuclease 3
	BPAJBCOI_01146	tRNA-Arg(ccg)
C1CKY8	BPAJBCOI_01147	GMP reductase
A0A4F9E4P1	BPAJBCOI_01148	hypothetical protein
A0A4J2DLQ1	BPAJBCOI_01149	hypothetical protein
A0AA95D7L3	BPAJBCOI_01150	hypothetical protein
A0A4J1USX4	BPAJBCOI_01151	3-isopropylmalate dehydratase small subunit
C1CEL2	BPAJBCOI_01152	hypothetical protein
A0A0E8HNM5	BPAJBCOI_01153	3-isopropylmalate dehydrogenase
A0A0B7LNM6	BPAJBCOI_01154	2-isopropylmalate synthase
A0A4J1RLN9	BPAJBCOI_01155	2-isopropylmalate synthase
C1CEL4	BPAJBCOI_01156	hypothetical protein
B2IPM0	BPAJBCOI_01157	Copper homeostasis protein CutC
A0A098Z265	BPAJBCOI_01158	Inner membrane protein YbaN
C1CEL7	BPAJBCOI_01159	DNA topoisomerase 1
C1CEL8	BPAJBCOI_01160	hypothetical protein
A0A0D6J8J8	BPAJBCOI_01161	DNA processing protein DprA
Q93MI4	BPAJBCOI_01162	UTP--glucose-1-phosphate uridylyltransferase
A0A4J2FZI1	BPAJBCOI_01163	hypothetical protein
O52385	BPAJBCOI_01164	Thiamine kinase
A0A0B7KY83	BPAJBCOI_01165	Ribulose-5-phosphate reductase
A0A0B7M782	BPAJBCOI_01166	Ribitol-5-phosphate cytidylyltransferase
Q9X4D3	BPAJBCOI_01167	hypothetical protein
Q9X4D4	BPAJBCOI_01168	hypothetical protein
C1C7Q2	BPAJBCOI_01169	hypothetical protein
B1IC65	BPAJBCOI_01170	Carbamoyl-phosphate synthase large chain
A0A064BWJ2	BPAJBCOI_01171	Carbamoyl-phosphate synthase small chain
C1CR29	BPAJBCOI_01172	Aspartate carbamoyltransferase
Q04K45	BPAJBCOI_01173	Bifunctional protein PyrR
	BPAJBCOI_01174	PyrR
Q8DPH8	BPAJBCOI_01175	Ultraviolet N-glycosylase/AP lyase
A0A6I3TYV9	BPAJBCOI_01176	hypothetical protein
B1IC71	BPAJBCOI_01177	hypothetical protein
	BPAJBCOI_01178	SpF43_sRNA
A0AAE4FWF9	BPAJBCOI_01179	putative ABC transporter ATP-binding protein YheS
C1CR23	BPAJBCOI_01180	Protease HtpX 
C1C7R4	BPAJBCOI_01181	Protein LemA
Q97QD4	BPAJBCOI_01182	Ribosomal RNA small subunit methyltransferase G
	BPAJBCOI_01183	SpF44_sRNA
A0A0H2ZMV8	BPAJBCOI_01184	Uracil permease
C1C7R7	BPAJBCOI_01185	Signal recognition particle protein
Q8DPH0	BPAJBCOI_01186	hypothetical protein
A0A0H2UQC1	BPAJBCOI_01187	hypothetical protein
A0A4J2DT76	BPAJBCOI_01188	hypothetical protein
Q8DPG8	BPAJBCOI_01189	Putative phosphatase
B1ICA6	BPAJBCOI_01190	hypothetical protein
	BPAJBCOI_01191	tRNA-Arg(cct)
Q97QC6	BPAJBCOI_01192	50S ribosomal protein L19
Q8DPG7	BPAJBCOI_01193	Putative fluoride ion transporter CrcB
A0A0B7LCK6	BPAJBCOI_01194	Putative fluoride ion transporter CrcB
Q8DPG5	BPAJBCOI_01195	hypothetical protein
A0A6G2D8N4	BPAJBCOI_01196	Flavodoxin
C1C7S7	BPAJBCOI_01197	putative bifunctional oligoribonuclease and PAP phosphatase NrnA
A0AA87CAZ5	BPAJBCOI_01198	50S ribosomal protein L31 type B
B1ICB4	BPAJBCOI_01199	hypothetical protein
B1ICB5	BPAJBCOI_01200	putative deferrochelatase/peroxidase EfeN
B1ICB6	BPAJBCOI_01201	hypothetical protein
A0AA95IJZ8	BPAJBCOI_01202	IS630 family transposase ISSpn2
A0A4M9XXU7	BPAJBCOI_01203	NADP-specific glutamate dehydrogenase
Q8CYP4	BPAJBCOI_01204	hypothetical protein
A0A0B7L6P0	BPAJBCOI_01205	Alpha-hemolysin translocation ATP-binding protein HlyB
A0A4J2BHL1	BPAJBCOI_01206	IS5 family transposase IS1381
D3GM86	BPAJBCOI_01207	hypothetical protein
B1ICE6	BPAJBCOI_01208	hypothetical protein
Q8CYN8	BPAJBCOI_01209	hypothetical protein
C1C7U3	BPAJBCOI_01210	ABC transporter ATP-binding protein YxdL
C1C7U4	BPAJBCOI_01211	Leukotoxin export ATP-binding protein LtxB
C1C7U5	BPAJBCOI_01212	hypothetical protein
Q8DPE5	BPAJBCOI_01213	putative SapB synthase
C1C7U1	BPAJBCOI_01214	hypothetical protein
A0AA95DBR4	BPAJBCOI_01215	hypothetical protein
M9QZ16	BPAJBCOI_01216	hypothetical protein
Q8CYN6	BPAJBCOI_01217	hypothetical protein
A0A060QSN6	BPAJBCOI_01218	hypothetical protein
Q8CYN4	BPAJBCOI_01219	hypothetical protein
A0A098ANF2	BPAJBCOI_01220	hypothetical protein
	BPAJBCOI_01221	rli38
Q04JZ4	BPAJBCOI_01222	50S ribosomal protein L7/L12
Q04JZ3	BPAJBCOI_01223	50S ribosomal protein L10
	BPAJBCOI_01224	L10_leader
A0A4J1X0C7	BPAJBCOI_01225	5'-deoxyadenosine deaminase
B1ICF7	BPAJBCOI_01226	Fatty acid ABC transporter ATP-binding/permease protein
B1ICF8	BPAJBCOI_01227	putative ABC transporter ATP-binding protein
A0A0B7L4L0	BPAJBCOI_01228	Peptide methionine sulfoxide reductase MsrA/MsrB 1
Q04JY7	BPAJBCOI_01229	Homoserine kinase
A0AA44S6H6	BPAJBCOI_01230	Homoserine dehydrogenase
C1CQZ3	BPAJBCOI_01231	Adapter protein MecA
Q8CYN1	BPAJBCOI_01232	hypothetical protein
B1ICG5	BPAJBCOI_01233	hypothetical protein
C1C7W6	BPAJBCOI_01234	Glycosyltransferase GlyG
A0A0E7PA27	BPAJBCOI_01235	N-acetylgalactosamine-N%2CN'-diacetylbacillosaminyl-diphospho-undecaprenol 4-alpha-N-acetylgalactosaminyltransferase
B1ICG8	BPAJBCOI_01236	hypothetical protein
B1ICG9	BPAJBCOI_01237	Polyisoprenyl-teichoic acid--peptidoglycan teichoic acid transferase TagU
B1ICH0	BPAJBCOI_01238	Bifunctional chorismate mutase/prephenate dehydratase
A0A0H2UQP6	BPAJBCOI_01239	Shikimate kinase
Q8CWQ7	BPAJBCOI_01240	3-phosphoshikimate 1-carboxyvinyltransferase
Q8DPD3	BPAJBCOI_01241	hypothetical protein
C1CEW2	BPAJBCOI_01242	hypothetical protein
C1CL83	BPAJBCOI_01243	Chorismate synthase
Q3I068	BPAJBCOI_01244	3-dehydroquinate synthase
Q3I013	BPAJBCOI_01245	Shikimate dehydrogenase (NADP(+))
C1CEW6	BPAJBCOI_01246	3-dehydroquinate dehydratase
C1CEW7	BPAJBCOI_01247	Ribosomal RNA large subunit methyltransferase I
B1ICI0	BPAJBCOI_01248	hypothetical protein
B1ICI1	BPAJBCOI_01249	ABC-type transporter ATP-binding protein EcsA
A0A4H9F102	BPAJBCOI_01250	Alpha-amylase
A0A4J1Z5A5	BPAJBCOI_01251	Alpha-amylase
B1ICI3	BPAJBCOI_01252	Alanine--tRNA ligase
B1ICI4	BPAJBCOI_01253	hypothetical protein
B1ICI5	BPAJBCOI_01254	Spermidine/putrescine-binding periplasmic protein
C1C7Y7	BPAJBCOI_01255	Inner membrane ABC transporter permease protein YdcV
B1ICI7	BPAJBCOI_01256	Spermidine/putrescine transport system permease protein PotB
B1ICI8	BPAJBCOI_01257	Spermidine/putrescine import ATP-binding protein PotA
B1ICI9	BPAJBCOI_01258	UDP-N-acetylenolpyruvoylglucosamine reductase
Q8DPC0	BPAJBCOI_01259	hypothetical protein
A0A0T8NBT2	BPAJBCOI_01260	Alpha-acetolactate decarboxylase
A0A0T8LVI1	BPAJBCOI_01261	HTH-type transcriptional regulatory protein GabR
A0A0B7L9X0	BPAJBCOI_01262	Glutamine-binding periplasmic protein
Q8DPB6	BPAJBCOI_01263	Phosphate-specific transport system accessory protein PhoU 
C1CEY4	BPAJBCOI_01264	Phosphate import ATP-binding protein PstB 3
C1CEY5	BPAJBCOI_01265	Phosphate import ATP-binding protein PstB 3
Q8DPB3	BPAJBCOI_01266	hypothetical protein
Q8DPB2	BPAJBCOI_01267	Phosphate transport system permease protein PstC
Q97Q31	BPAJBCOI_01268	Phosphate-binding protein PstS 1
A0A0B7MDL7	BPAJBCOI_01269	hypothetical protein
A0A0E7YGY0	BPAJBCOI_01270	Ribosomal RNA small subunit methyltransferase F
A0A0E8ADI2	BPAJBCOI_01271	Fructose-1%2C6-bisphosphatase/inositol-1-monophosphatase
Q04JU6	BPAJBCOI_01272	hypothetical protein
Q97Q26	BPAJBCOI_01273	Regulatory protein Spx
B1ICK6	BPAJBCOI_01274	hypothetical protein
C1CEZ5	BPAJBCOI_01275	Acid sugar phosphatase
A0A110KYT5	BPAJBCOI_01276	hypothetical protein
Q8DPA6	BPAJBCOI_01277	Heme chaperone HemW
C1CEZ8	BPAJBCOI_01278	hypothetical protein
A0A0E8ADM7	BPAJBCOI_01279	hypothetical protein
A0A0E9GNW3	BPAJBCOI_01280	Phosphatidylglycerol--prolipoprotein diacylglyceryl transferase
A0A229FYZ7	BPAJBCOI_01281	HPr kinase/phosphorylase
B2IQN3	BPAJBCOI_01282	30S ribosomal protein S21
C1CQU2	BPAJBCOI_01283	Glucosamine-6-phosphate deaminase
A0A0T8F287	BPAJBCOI_01284	S-adenosylmethionine:tRNA ribosyltransferase-isomerase
A0A4N5NE36	BPAJBCOI_01285	hypothetical protein
A0A0B7KSA0	BPAJBCOI_01286	hypothetical protein
C1C817	BPAJBCOI_01287	hypothetical protein
Q04JT1	BPAJBCOI_01288	NH(3)-dependent NAD(+) synthetase
A0A6G2DBE7	BPAJBCOI_01289	Nicotinate phosphoribosyltransferase pncB2
C1CF09	BPAJBCOI_01290	hypothetical protein
C1C821	BPAJBCOI_01291	hypothetical protein
C1C822	BPAJBCOI_01292	hypothetical protein
A0AA86XVD1	BPAJBCOI_01293	Vitamin B12 import ATP-binding protein BtuD
A0A0T8K483	BPAJBCOI_01294	hypothetical protein
C1CF13	BPAJBCOI_01295	hypothetical protein
A0A4J1XLM3	BPAJBCOI_01296	hypothetical protein
B2IQP5	BPAJBCOI_01297	hypothetical protein
Q8DP92	BPAJBCOI_01298	hypothetical protein
A0AA44MRT2	BPAJBCOI_01299	hypothetical protein
Q04JQ8	BPAJBCOI_01300	GMP synthase [glutamine-hydrolyzing]
A0A0T8JZR4	BPAJBCOI_01301	HTH-type transcriptional repressor NagR
A0A4J1MVI2	BPAJBCOI_01302	putative inner membrane transporter YicL
A0A4G1UH31	BPAJBCOI_01303	Putative D-alanyl-D-alanine carboxypeptidase
A0A0B7MF92	BPAJBCOI_01304	hypothetical protein
B1ICN4	BPAJBCOI_01305	hypothetical protein
A0AA86XLX1	BPAJBCOI_01306	Sugar phosphatase YbiV
Q8CYL3	BPAJBCOI_01307	hypothetical protein
A0A822RFL2	BPAJBCOI_01308	Capsule biosynthesis protein CapA
Q9F2F0	BPAJBCOI_01309	Peptide deformylase
B1ICN8	BPAJBCOI_01310	Putative TrmH family tRNA/rRNA methyltransferase
A0A822RB05	BPAJBCOI_01311	Thioredoxin reductase
Q8CYL0	BPAJBCOI_01312	hypothetical protein
C1CF42	BPAJBCOI_01313	L-cystine import ATP-binding protein TcyN
A0A822RCA2	BPAJBCOI_01314	putative amino-acid permease protein YxeN
Q8DP75	BPAJBCOI_01315	Regulatory protein MgsR
C1C858	BPAJBCOI_01316	Methylated-DNA--protein-cysteine methyltransferase
A0A822RAH7	BPAJBCOI_01317	hypothetical protein
Q8CYK8	BPAJBCOI_01318	hypothetical protein
A0A0T7ZD96	BPAJBCOI_01319	hypothetical protein
Q97PX3	BPAJBCOI_01320	Pyridoxal 5'-phosphate synthase subunit PdxT
Q97PX2	BPAJBCOI_01321	Pyridoxal 5'-phosphate synthase subunit PdxS
C1C864	BPAJBCOI_01322	putative NADH oxidase
Q8DP69	BPAJBCOI_01323	FAD:protein FMN transferase
B2IQT8	BPAJBCOI_01324	Urocanate reductase
A0A062WLR8	BPAJBCOI_01325	hypothetical protein
A0A0B7L654	BPAJBCOI_01326	hypothetical protein
Q8DP66	BPAJBCOI_01327	Glycine--tRNA ligase beta subunit
A0A0B7LTT5	BPAJBCOI_01328	Glycine--tRNA ligase alpha subunit
A0A0I6SEZ3	BPAJBCOI_01329	hypothetical protein
A0A0H2ZNX1	BPAJBCOI_01330	hypothetical protein
	BPAJBCOI_01331	SpR19_sRNA
C1C873	BPAJBCOI_01332	Glyoxal reductase
A0A0H2ZN69	BPAJBCOI_01333	Peptidoglycan-N-acetylglucosamine deacetylase
A0A0T7TBI0	BPAJBCOI_01334	hypothetical protein
A0A4H9EXJ0	BPAJBCOI_01335	scyllo-inositol 2-dehydrogenase (NADP(+)) IolU
Q8DP61	BPAJBCOI_01336	putative ATP-dependent RNA helicase YfmL
A0A4J2FL21	BPAJBCOI_01337	IS630 family transposase ISSpn2
A0A4J1RWX0	BPAJBCOI_01338	IS630 family transposase ISSpn2
B2IQV2	BPAJBCOI_01339	Elongation factor Tu
C1C884	BPAJBCOI_01340	Glycerol facilitator-aquaporin gla
B1ICR7	BPAJBCOI_01341	hypothetical protein
B1ICR8	BPAJBCOI_01342	hypothetical protein
B1ICR9	BPAJBCOI_01343	hypothetical protein
C1C888	BPAJBCOI_01344	IS630 family transposase IS630-Spn1
B1ICS0	BPAJBCOI_01345	Phosphoglucomutase
B2IQW2	BPAJBCOI_01346	hypothetical protein
C1CF84	BPAJBCOI_01347	Arginine-binding extracellular protein ArtP
Q8DP49	BPAJBCOI_01348	Glutamine transport ATP-binding protein GlnQ
C1CF86	BPAJBCOI_01349	L-cystine transport system permease protein YecS
A0AA86Y1F8	BPAJBCOI_01350	Beta-barrel assembly-enhancing protease
B2IQW7	BPAJBCOI_01351	Sodium-lithium/proton antiporter
Q8DP45	BPAJBCOI_01352	6-phosphogluconolactonase
Q04N64	BPAJBCOI_01353	ATP synthase epsilon chain
C1CLK6	BPAJBCOI_01354	ATP synthase subunit beta
C1CSC9	BPAJBCOI_01355	ATP synthase gamma chain
C1CF95	BPAJBCOI_01356	ATP synthase subunit alpha
Q04HT6	BPAJBCOI_01357	ATP synthase subunit delta
Q04HT5	BPAJBCOI_01358	ATP synthase subunit b
Q79MQ8	BPAJBCOI_01359	ATP synthase subunit a
Q79RW7	BPAJBCOI_01360	ATP synthase subunit c
C1CFA0	BPAJBCOI_01361	IS30 family transposase ISSpn8
A0A4J1XD61	BPAJBCOI_01362	hypothetical protein
Q8DP42	BPAJBCOI_01363	Transcription elongation factor GreA
B1ICU0	BPAJBCOI_01364	Endolytic murein transglycosylase
Q8DP41	BPAJBCOI_01365	hypothetical protein
Q8CYJ7	BPAJBCOI_01366	hypothetical protein
Q8DP40	BPAJBCOI_01367	UDP-N-acetylmuramate--L-alanine ligase
C1CFA6	BPAJBCOI_01368	hypothetical protein
A0A6I3TES9	BPAJBCOI_01369	RNA polymerase-associated protein RapA
A0A0B7M805	BPAJBCOI_01370	Cystathionine beta-lyase PatB
A0AAE4JY65	BPAJBCOI_01371	Cystathionine gamma-synthase/O-acetylhomoserine (thiol)-lyase
A0A4J1Q8G8	BPAJBCOI_01372	Multidrug resistance ABC transporter ATP-binding and permease protein
A0A4J2CVR0	BPAJBCOI_01373	Oligopeptide-binding protein SarA
Q8DP32	BPAJBCOI_01374	Lipid II flippase MurJ
A0A4J1UUL6	BPAJBCOI_01375	UDP-N-acetylmuramoyl-L-alanyl-D-glutamate--L-lysine ligase
B1ICV1	BPAJBCOI_01376	hypothetical protein
B1ICV2	BPAJBCOI_01377	hypothetical protein
A0AAE9TXX1	BPAJBCOI_01378	hypothetical protein
B1ICV3	BPAJBCOI_01379	hypothetical protein
Q04JL5	BPAJBCOI_01380	putative manganese-dependent inorganic pyrophosphatase
C1C8C4	BPAJBCOI_01381	hypothetical protein
C1C8C5	BPAJBCOI_01382	tRNA1(Val) (adenine(37)-N6)-methyltransferase
Q8DP29	BPAJBCOI_01383	General stress protein 13
B1ICV8	BPAJBCOI_01384	Putative bifunctional phosphatase/peptidyl-prolyl cis-trans isomerase
Q04JL0	BPAJBCOI_01385	30S ribosomal protein S18
P66855	BPAJBCOI_01386	Single-stranded DNA-binding protein
Q04JK8	BPAJBCOI_01387	30S ribosomal protein S6
B1ICW2	BPAJBCOI_01388	Asparagine--tRNA ligase
B1ICW3	BPAJBCOI_01389	hypothetical protein
B1ICW4	BPAJBCOI_01390	Asparagine--oxo-acid transaminase
A0A0U0AX51	BPAJBCOI_01391	hypothetical protein
B1ICW7	BPAJBCOI_01392	hypothetical protein
Q8DP23	BPAJBCOI_01393	Peroxide stress resistance protein YaaA
A0A229FM92	BPAJBCOI_01394	hypothetical protein
	BPAJBCOI_01395	SpR20_sRNA
A0A0E8YYP0	BPAJBCOI_01396	hypothetical protein
A0AAE9U1B7	BPAJBCOI_01397	hypothetical protein
A0A0H2UQV0	BPAJBCOI_01398	Disulfide-bond oxidoreductase YghU
B2IR71	BPAJBCOI_01399	Calcium-transporting ATPase 1
	BPAJBCOI_01400	SSRC10
A0A0B7LUG7	BPAJBCOI_01401	Ferrous-iron efflux pump FieF
A0A0E8HGI4	BPAJBCOI_01402	Energy-dependent translational throttle protein EttA
A0AAE4K0L1	BPAJBCOI_01403	CCA-adding enzyme
C1C8E8	BPAJBCOI_01404	4-hydroxy-tetrahydrodipicolinate reductase
B1ICX8	BPAJBCOI_01405	DegV domain-containing protein
B2IR77	BPAJBCOI_01406	hypothetical protein
B1ICY0	BPAJBCOI_01407	Phosphoglucosamine mutase
Q8DP15	BPAJBCOI_01408	hypothetical protein
B1ICY2	BPAJBCOI_01409	Cyclic di-AMP synthase CdaA
B1ICY3	BPAJBCOI_01410	Ferredoxin--NADP reductase 2
B1ICY4	BPAJBCOI_01411	putative cell division protein WhiA
C1CFE8	BPAJBCOI_01412	Putative gluconeogenesis factor
A0A0B7LZK7	BPAJBCOI_01413	Nucleotide-binding protein YvcJ
B1ICY7	BPAJBCOI_01414	2-iminobutanoate/2-iminopropanoate deaminase
Q04JI0	BPAJBCOI_01415	putative GTP-binding protein EngB
Q04JH9	BPAJBCOI_01416	ATP-dependent Clp protease ATP-binding subunit ClpX
Q8CYI3	BPAJBCOI_01417	hypothetical protein
A0A0B7L9Q4	BPAJBCOI_01418	Dihydrofolate reductase
A0A264SLW6	BPAJBCOI_01419	DNA protection during starvation protein
A0A0T7TFT8	BPAJBCOI_01420	hypothetical protein
Q04JH4	BPAJBCOI_01421	Triosephosphate isomerase
B1ICZ5	BPAJBCOI_01422	DNA replication protein DnaD
Q8DP05	BPAJBCOI_01423	Homoserine O-acetyltransferase
C1CFG1	BPAJBCOI_01424	Adenine phosphoribosyltransferase
B1ICZ8	BPAJBCOI_01425	2-methoxy-6-polyprenyl-1%2C4-benzoquinol methylase%2C mitochondrial
Q8DP03	BPAJBCOI_01426	Oligosaccharides import ATP-binding protein MsmX
	BPAJBCOI_01427	tRNA-Leu(aag)
Q8DP02	BPAJBCOI_01428	hypothetical protein
C1CSK2	BPAJBCOI_01429	GTP-sensing transcriptional pleiotropic repressor CodY
P0A4D7	BPAJBCOI_01430	ATP-dependent RNA helicase CshA
C1CFG8	BPAJBCOI_01431	putative MFS-type transporter YhjX
A0AA36PUV7	BPAJBCOI_01432	putative pyridine nucleotide-disulfide oxidoreductase RclA
A0A4H6MH65	BPAJBCOI_01433	Lipid II isoglutaminyl synthase (glutamine-hydrolyzing) subunit MurT
C1CFH1	BPAJBCOI_01434	Lipid II isoglutaminyl synthase (glutamine-hydrolyzing) subunit GatD
C1CFH2	BPAJBCOI_01435	Xaa-Pro dipeptidase
A0A4K3FKN0	BPAJBCOI_01436	IS3 family transposase ISSpn11
A0A4I7HHE3	BPAJBCOI_01437	hypothetical protein
A0A4J1W7L7	BPAJBCOI_01438	IS3 family transposase ISSpn11
A0A4J2DEV8	BPAJBCOI_01439	hypothetical protein
B1ID09	BPAJBCOI_01440	Thiamine precursor transporter HmpT
C1CFH8	BPAJBCOI_01441	Pyridoxine kinase
Q8CWQ1	BPAJBCOI_01442	tRNA pseudouridine synthase A
Q8DNZ1	BPAJBCOI_01443	hypothetical protein
Q8CYI1	BPAJBCOI_01444	hypothetical protein
Q8DNZ0	BPAJBCOI_01445	hypothetical protein
A0A064C099	BPAJBCOI_01446	Cytidylate kinase
Q8CYI0	BPAJBCOI_01447	hypothetical protein
C1CFI7	BPAJBCOI_01448	hypothetical protein
Q8DNY7	BPAJBCOI_01449	Putative glycosyltransferase CsbB
A0A0T8E447	BPAJBCOI_01450	UDP-glucose 4-epimerase
A0A558PSW4	BPAJBCOI_01451	Glycine oxidase
B1I6Y8	BPAJBCOI_01452	GTP cyclohydrolase 1 type 2 
B1I6Y9	BPAJBCOI_01453	tRNA (adenine(22)-N(1))-methyltransferase
A0A0B7LSG9	BPAJBCOI_01454	hypothetical protein
C1C8K1	BPAJBCOI_01455	hypothetical protein
A0A4M9XZH2	BPAJBCOI_01456	hypothetical protein
B1IB19	BPAJBCOI_01457	IS3 family transposase ISSpn11
A0A4J2DEV8	BPAJBCOI_01458	hypothetical protein
B1I6Z1	BPAJBCOI_01459	Transketolase
C1C8K7	BPAJBCOI_01460	D-allulose-6-phosphate 3-epimerase
B1I6Z3	BPAJBCOI_01461	PTS system fructose-specific EIIB'BC component
C1C8K9	BPAJBCOI_01462	PTS system mannose-specific EIIBCA component
C1C8L0	BPAJBCOI_01463	PTS system 2-O-alpha-mannosyl-D-glycerate-specific EIIABC component
B1I6Z5	BPAJBCOI_01464	hypothetical protein
A0A6G2D522	BPAJBCOI_01465	Transcriptional regulator ManR
A0AA47CH33	BPAJBCOI_01466	Calcium-transporting ATPase CtpE
B2IRD2	BPAJBCOI_01467	1-acyl-sn-glycerol-3-phosphate acyltransferase
Q8DNY0	BPAJBCOI_01468	hypothetical protein
Q97PI9	BPAJBCOI_01469	30S ribosomal protein S15
B1I701	BPAJBCOI_01470	hypothetical protein
B1I702	BPAJBCOI_01471	hypothetical protein
C1CSP6	BPAJBCOI_01472	Threonine--tRNA ligase
Q9S1K1	BPAJBCOI_01473	Sensor histidine kinase GraS
C1CFK2	BPAJBCOI_01474	Response regulator protein GraR
Q8CYH6	BPAJBCOI_01475	hypothetical protein
Q8CYH5	BPAJBCOI_01476	hypothetical protein
Q8DNX5	BPAJBCOI_01477	Putative HTH-type transcriptional regulator YwnA
A0A6A8VMJ1	BPAJBCOI_01478	hypothetical protein
B2IRP3	BPAJBCOI_01479	Diphtheria toxin repressor
A0A0H2ZLZ3	BPAJBCOI_01480	hypothetical protein
Q8DNX2	BPAJBCOI_01481	D-aminoacyl-tRNA deacylase
C1CFL5	BPAJBCOI_01482	Bifunctional (p)ppGpp synthase/hydrolase RelA
A0A916L487	BPAJBCOI_01483	hypothetical protein
A0AA44S635	BPAJBCOI_01484	putative metallo-hydrolase
A0A654U8Y8	BPAJBCOI_01485	Neutral endopeptidase
B2IRQ4	BPAJBCOI_01486	Manganese import ATP-binding protein ScaC
C1CFM0	BPAJBCOI_01487	Manganese transport system membrane protein MntB
D2CTJ2	BPAJBCOI_01488	Manganese ABC transporter substrate-binding lipoprotein
B2IRQ7	BPAJBCOI_01489	Thiol peroxidase
A0A6G2DA35	BPAJBCOI_01490	hypothetical protein
A0AA47CB95	BPAJBCOI_01491	putative ABC transporter ATP-binding protein
A0A4N2G7Y7	BPAJBCOI_01492	hypothetical protein
A0A0E8AMV7	BPAJBCOI_01493	hypothetical protein
C1CFM7	BPAJBCOI_01494	2%2C3-bisphosphoglycerate-dependent phosphoglycerate mutase
C1C8P6	BPAJBCOI_01495	hypothetical protein
A0A9P1PS15	BPAJBCOI_01496	hypothetical protein
A0A916L490	BPAJBCOI_01497	hypothetical protein
B1I721	BPAJBCOI_01498	Isoleucine--tRNA ligase
C1CFN2	BPAJBCOI_01499	Cell division protein DivIVA
A0A0T7JH02	BPAJBCOI_01500	hypothetical protein
Q9ZHB6	BPAJBCOI_01501	hypothetical protein
Q8DNW1	BPAJBCOI_01502	Cell division protein SepF
A0A0B7M6U2	BPAJBCOI_01503	Pyridoxal phosphate homeostasis protein
C1C8Q5	BPAJBCOI_01504	Cell division protein FtsZ
Q9ZHC0	BPAJBCOI_01505	Cell division protein FtsA
C1CFN9	BPAJBCOI_01506	hypothetical protein
B1I731	BPAJBCOI_01507	hypothetical protein
A0A0T7L7F1	BPAJBCOI_01508	UDP-N-acetylmuramoyl-tripeptide--D-alanyl-D-alanine ligase
B5E721	BPAJBCOI_01509	D-alanine--D-alanine ligase
Q04J97	BPAJBCOI_01510	Recombination protein RecR
Q75YC0	BPAJBCOI_01511	Penicillin-binding protein 2B
A0A4J2AS65	BPAJBCOI_01512	HTH-type transcriptional regulator MurR
Q8DNV3	BPAJBCOI_01513	Beta-glucoside kinase
A0AA86Y540	BPAJBCOI_01514	N-acetylneuraminate lyase
B1I739	BPAJBCOI_01515	hypothetical protein
A0AA44MV83	BPAJBCOI_01516	hypothetical protein
B1I740	BPAJBCOI_01517	hypothetical protein
B1I741	BPAJBCOI_01518	Toxin-antitoxin biofilm protein TabA
Q8DNV0	BPAJBCOI_01519	L-arabinose transport system permease protein AraQ
C1C8S0	BPAJBCOI_01520	Lactose transport system permease protein LacF
Q8DNU8	BPAJBCOI_01521	hypothetical protein
C1C8S2	BPAJBCOI_01522	PTS system glucose-specific EIICBA component
P65521	BPAJBCOI_01523	Putative N-acetylmannosamine-6-phosphate 2-epimerase
A0A5Q5FYC2	BPAJBCOI_01524	putative oxidoreductase YjhC
A0A5Q5FM42	BPAJBCOI_01525	Sialidase B
C1CFQ8	BPAJBCOI_01526	Inner membrane ABC transporter permease protein YcjP
C1CFQ9	BPAJBCOI_01527	Inner membrane ABC transporter permease protein YcjO
Q8DNU2	BPAJBCOI_01528	hypothetical protein
Q8CYF8	BPAJBCOI_01529	hypothetical protein
A0A0B7LFI0	BPAJBCOI_01530	hypothetical protein
Q4LB85	BPAJBCOI_01531	Sialidase A
Q8CYF7	BPAJBCOI_01532	hypothetical protein
A0A4J2A1Z6	BPAJBCOI_01533	hypothetical protein
C1CFR5	BPAJBCOI_01534	Cephalosporin-C deacetylase
A0A0T9IMZ6	BPAJBCOI_01535	hypothetical protein
A0A4J2CSC7	BPAJBCOI_01536	ATP-dependent DNA helicase RecG
A0A0B7M206	BPAJBCOI_01537	Alanine racemase
B2IRV4	BPAJBCOI_01538	Holo-[acyl-carrier-protein] synthase
Q8DNU0	BPAJBCOI_01539	Phospho-2-dehydro-3-deoxyheptonate aldolase%2C Tyr-sensitive
C1CFS0	BPAJBCOI_01540	Phospho-2-dehydro-3-deoxyheptonate aldolase%2C Phe-sensitive
B2IRV7	BPAJBCOI_01541	Protein translocase subunit SecA
B2IRV8	BPAJBCOI_01542	hypothetical protein
A0A0E7Q0U1	BPAJBCOI_01543	Bacitracin transport ATP-binding protein BcrA
A0A0U0K339	BPAJBCOI_01544	hypothetical protein
A0A0E7S700	BPAJBCOI_01545	hypothetical protein
U4KJA5	BPAJBCOI_01546	hypothetical protein
U4KJB6	BPAJBCOI_01547	hypothetical protein
B1I764	BPAJBCOI_01548	hypothetical protein
B1I765	BPAJBCOI_01549	hypothetical protein
A0A0T7Z4A0	BPAJBCOI_01550	GTPase Der
C1CFT1	BPAJBCOI_01551	FMN reductase [NAD(P)H]
A0A0E8J251	BPAJBCOI_01552	Primosomal protein DnaI
B1I769	BPAJBCOI_01553	hypothetical protein
B2IRW8	BPAJBCOI_01554	Transcriptional repressor NrdR
Q8DNT4	BPAJBCOI_01555	HTH-type transcriptional repressor YtrA
C1C8V1	BPAJBCOI_01556	SkfA peptide export ATP-binding protein SkfE
B1I773	BPAJBCOI_01557	hypothetical protein
B1I774	BPAJBCOI_01558	putative protein YhaP
C1C8V4	BPAJBCOI_01559	Multidrug efflux system ATP-binding protein
A0A4J1X847	BPAJBCOI_01560	hypothetical protein
C1CFU1	BPAJBCOI_01561	hypothetical protein
B1I778	BPAJBCOI_01562	Putative fructokinase
B1I779	BPAJBCOI_01563	hypothetical protein
B1I781	BPAJBCOI_01564	Sucrose-6-phosphate hydrolase
Q8DNS6	BPAJBCOI_01565	HTH-type transcriptional regulator DegA
B1I782	BPAJBCOI_01566	3-hydroxy-3-methylglutaryl-coenzyme A reductase
C1CFU8	BPAJBCOI_01567	Hydroxymethylglutaryl-CoA synthase
B1I7J1	BPAJBCOI_01568	hypothetical protein
C1C8W5	BPAJBCOI_01569	IS5 family transposase ISSpn7
C1CFV2	BPAJBCOI_01570	hypothetical protein
Q8DNS1	BPAJBCOI_01571	Inner membrane protein YjjP
C1CFV4	BPAJBCOI_01572	Serine/threonine-protein kinase StkP
B1I7J6	BPAJBCOI_01573	Protein phosphatase PhpP
B1I7J7	BPAJBCOI_01574	Ribosomal RNA small subunit methyltransferase B
A0A916L3V1	BPAJBCOI_01575	Methionyl-tRNA formyltransferase
A0A654U8N8	BPAJBCOI_01576	Methionyl-tRNA formyltransferase
C1CFV8	BPAJBCOI_01577	Primosomal protein N'
Q04J38	BPAJBCOI_01578	DNA-directed RNA polymerase subunit omega
Q97PA3	BPAJBCOI_01579	Guanylate kinase
Q04J36	BPAJBCOI_01580	Ribonuclease Y
Q8DNR3	BPAJBCOI_01581	Toxin YoeB
A0A0H2ZR31	BPAJBCOI_01582	hypothetical protein
A0A0T8EQR4	BPAJBCOI_01583	tRNA(Met) cytidine acetate ligase
C1CFW5	BPAJBCOI_01584	2-methoxy-6-polyprenyl-1%2C4-benzoquinol methylase%2C mitochondrial
Q8DNQ9	BPAJBCOI_01585	Ribosomal silencing factor RsfS
B2IS96	BPAJBCOI_01586	Streptothricin hydrolase
A0A0T8B4H8	BPAJBCOI_01587	hypothetical protein
P65505	BPAJBCOI_01588	Nicotinate-nucleotide adenylyltransferase
Q8DNQ6	BPAJBCOI_01589	RNA-binding protein YhbY
B2ISA0	BPAJBCOI_01590	putative protein YqeH
B2ISA1	BPAJBCOI_01591	Phosphoglycolate phosphatase
A0A064C0E8	BPAJBCOI_01592	hypothetical protein
B2ISA3	BPAJBCOI_01593	putative MscS family protein YkuT
A0A4J2EE27	BPAJBCOI_01594	Serine/threonine transporter SstT
C1CFX5	BPAJBCOI_01595	hypothetical protein
A0A4M9XAY2	BPAJBCOI_01596	hypothetical protein
B2ISA8	BPAJBCOI_01597	hypothetical protein
C1CFX7	BPAJBCOI_01598	hypothetical protein
A0A4J1W940	BPAJBCOI_01599	UDP-N-acetylglucosamine--peptide N-acetylglucosaminyltransferase stabilizing protein GtfB
B1I7M1	BPAJBCOI_01600	UDP-N-acetylglucosamine--peptide N-acetylglucosaminyltransferase GtfA subunit
A0A6G2DMV0	BPAJBCOI_01601	Protein translocase subunit SecA
A0A0B7M282	BPAJBCOI_01602	Accessory Sec system protein Asp3
A0A0B7L7H2	BPAJBCOI_01603	Accessory Sec system protein Asp2
A0A6I3U4I8	BPAJBCOI_01604	Accessory Sec system protein Asp1
A0A6I3UW63	BPAJBCOI_01605	Accessory Sec system protein Asp1
A0A0B7LVC2	BPAJBCOI_01606	Protein translocase subunit SecY
A0A0U0BZ57	BPAJBCOI_01607	Glucosyltransferase 3
A0A4J1V7R5	BPAJBCOI_01608	UDP-N-acetylglucosamine--peptide N-acetylglucosaminyltransferase stabilizing protein GtfB
A0A0B7L7H5	BPAJBCOI_01609	Glycosyltransferase GlyD
A0A0U0KH58	BPAJBCOI_01610	Glycosyltransferase GlyG
A0A4J2EMI2	BPAJBCOI_01611	hypothetical protein
A0A4J2EMI2	BPAJBCOI_01612	hypothetical protein
A0A4J1Z1R0	BPAJBCOI_01613	hypothetical protein
A0A4J1Z1R0	BPAJBCOI_01614	hypothetical protein
A0A0B7MGR9	BPAJBCOI_01615	hypothetical protein
C1CFZ4	BPAJBCOI_01616	hypothetical protein
Q8CYE5	BPAJBCOI_01617	hypothetical protein
C1CFZ6	BPAJBCOI_01618	Thioredoxin
A0A4J2EMS8	BPAJBCOI_01619	NADPH-dependent 7-cyano-7-deazaguanine reductase
Q8DNP7	BPAJBCOI_01620	Aquaporin Z 2
A0AAD2I2T4	BPAJBCOI_01621	hypothetical protein
A0AA36L7M3	BPAJBCOI_01622	hypothetical protein
A0A0E8TE32	BPAJBCOI_01623	Linearmycin resistance ATP-binding protein LnrL
A0A062WT08	BPAJBCOI_01624	hypothetical protein
A0A0B7M8H5	BPAJBCOI_01625	Oligoendopeptidase F%2C plasmid
A0AAD2I6V1	BPAJBCOI_01626	Ribosomal RNA small subunit methyltransferase E
A0A4J1XS98	BPAJBCOI_01627	Ribosomal protein L11 methyltransferase
A0A0B7LHG8	BPAJBCOI_01628	hypothetical protein
A0A0B7LI68	BPAJBCOI_01629	hypothetical protein
A0A5Q5FNU1	BPAJBCOI_01630	hypothetical protein
C1C925	BPAJBCOI_01631	hypothetical protein
Q8DNP2	BPAJBCOI_01632	hypothetical protein
A0A6G2D3S6	BPAJBCOI_01633	hypothetical protein
A0A0B7LCT1	BPAJBCOI_01634	hypothetical protein
A0A0U0F4I1	BPAJBCOI_01635	putative AAA domain-containing protein
	BPAJBCOI_01636	tRNA-Lys(ctt)
A0A6G2D8W5	BPAJBCOI_01637	Sucrose-6-phosphate hydrolase
B2ISF0	BPAJBCOI_01638	hypothetical protein
A0A6G2DMU3	BPAJBCOI_01639	hypothetical protein
B2ISF6	BPAJBCOI_01640	hypothetical protein
C1CG18	BPAJBCOI_01641	putative multiple-sugar transport system permease YteP
C1CG19	BPAJBCOI_01642	Ribose operon repressor
Q97P44	BPAJBCOI_01643	Putative trans-acting regulator
A0AAD2I238	BPAJBCOI_01644	hypothetical protein
B2ISG1	BPAJBCOI_01645	hypothetical protein
Q8DNN4	BPAJBCOI_01646	hypothetical protein
Q8DNN3	BPAJBCOI_01647	hypothetical protein
Q97P39	BPAJBCOI_01648	hypothetical protein
B1I7R5	BPAJBCOI_01649	hypothetical protein
B2ISF2	BPAJBCOI_01650	Formylglycine-generating enzyme
B2ISF3	BPAJBCOI_01651	Arylsulfatase
A0AAE9QLH1	BPAJBCOI_01652	PTS system cellobiose-specific EIIC component
B1I7R9	BPAJBCOI_01653	Lichenan-specific phosphotransferase enzyme IIA component
C1CG33	BPAJBCOI_01654	PTS system cellobiose-specific EIIB component
B1I7S1	BPAJBCOI_01655	hypothetical protein
A0A4F2BEU0	BPAJBCOI_01656	Lichenan permease IIC component
C1CG36	BPAJBCOI_01657	N-acetylglucosamine repressor
B1I7S4	BPAJBCOI_01658	hypothetical protein
B1I7S5	BPAJBCOI_01659	hypothetical protein
B8ZN58	BPAJBCOI_01660	Tryptophan synthase alpha chain
B8ZN59	BPAJBCOI_01661	Tryptophan synthase beta chain
B1I7S8	BPAJBCOI_01662	N-(5'-phosphoribosyl)anthranilate isomerase
B1I7S9	BPAJBCOI_01663	Indole-3-glycerol phosphate synthase
Q04IY6	BPAJBCOI_01664	Anthranilate phosphoribosyltransferase
B2ISS5	BPAJBCOI_01665	Aminodeoxychorismate/anthranilate synthase component 2
B1I7T2	BPAJBCOI_01666	Anthranilate synthase component 1
C1C974	BPAJBCOI_01667	hypothetical protein
Q8DNM4	BPAJBCOI_01668	Catabolite control protein A
A0AA86Y1P5	BPAJBCOI_01669	hypothetical protein
Q8DNM3	BPAJBCOI_01670	hypothetical protein
C1CG52	BPAJBCOI_01671	hypothetical protein
C1CG53	BPAJBCOI_01672	Vitamin B12 import ATP-binding protein BtuD
A0A0I7APU7	BPAJBCOI_01673	hypothetical protein
Q8CYD2	BPAJBCOI_01674	hypothetical protein
B2IST5	BPAJBCOI_01675	hypothetical protein
A0A4J2BPK2	BPAJBCOI_01676	Plasmin and fibronectin-binding protein A
B1I851	BPAJBCOI_01677	UDP-4-amino-4-deoxy-L-arabinose--oxoglutarate aminotransferase
B1I852	BPAJBCOI_01678	UDP-glucose:undecaprenyl-phosphate glucose-1-phosphate transferase
A0A4J1WMV2	BPAJBCOI_01679	putative multidrug resistance ABC transporter ATP-binding/permease protein YheH
A0A4J1TEI7	BPAJBCOI_01680	putative multidrug resistance ABC transporter ATP-binding/permease protein YheI
C1C9A8	BPAJBCOI_01681	hypothetical protein
Q8CYC7	BPAJBCOI_01682	hypothetical protein
A0AA86XY83	BPAJBCOI_01683	hypothetical protein
C1C9B1	BPAJBCOI_01684	Exodeoxyribonuclease
A0A0B7LIY4	BPAJBCOI_01685	hypothetical protein
A0AA95DD16	BPAJBCOI_01686	hypothetical protein
	BPAJBCOI_01687	Purine
Q3I0D6	BPAJBCOI_01688	Xanthine phosphoribosyltransferase
B1I858	BPAJBCOI_01689	Uric acid permease PucK
A0A559GUP4	BPAJBCOI_01690	Type-2 restriction enzyme DpnII
B1I859	BPAJBCOI_01691	Type-2 restriction enzyme DpnII
C1C9B5	BPAJBCOI_01692	Modification methylase DpnIIB
B1I861	BPAJBCOI_01693	Modification methylase DpnIIA
B1I862	BPAJBCOI_01694	Acyl-coenzyme A thioesterase PaaI
B1I863	BPAJBCOI_01695	Galactose-1-phosphate uridylyltransferase
B2ISV2	BPAJBCOI_01696	Galactokinase
Q8DNK6	BPAJBCOI_01697	HTH-type transcriptional repressor MelR
B1I866	BPAJBCOI_01698	Alcohol dehydrogenase
Q8DNK4	BPAJBCOI_01699	HTH-type transcriptional regulator AdhR
B1I868	BPAJBCOI_01700	Cadmium%2C cobalt and zinc/H(+)-K(+) antiporter
B2ISV7	BPAJBCOI_01701	hypothetical protein
B1I870	BPAJBCOI_01702	hypothetical protein
B1I872	BPAJBCOI_01703	hypothetical protein
Q9XBN6	BPAJBCOI_01704	Choline transport ATP-binding protein OpuBA
B1I874	BPAJBCOI_01705	hypothetical protein
Q8CYC4	BPAJBCOI_01706	hypothetical protein
B1I876	BPAJBCOI_01707	hypothetical protein
A0AAE9QLU2	BPAJBCOI_01708	Glutamyl aminopeptidase
A0A6G2DL29	BPAJBCOI_01709	Glutamyl aminopeptidase
A0A0T8N8L9	BPAJBCOI_01710	UDP-glucose 4-epimerase
B1I879	BPAJBCOI_01711	Petrobactin import system permease protein YclN
C1CG94	BPAJBCOI_01712	Petrobactin import system permease protein YclO
B1I881	BPAJBCOI_01713	Petrobactin import ATP-binding protein YclP
B1I882	BPAJBCOI_01714	Petrobactin-binding protein YclQ
C1CG97	BPAJBCOI_01715	Putative membrane protein insertion efficiency factor
Q8DNJ0	BPAJBCOI_01716	Ribosomal large subunit pseudouridine synthase B
Q8DNI9	BPAJBCOI_01717	Segregation and condensation protein B
A0A0T8RTE1	BPAJBCOI_01718	Segregation and condensation protein A
B1I887	BPAJBCOI_01719	Tyrosine recombinase XerD-like protein
Q9EUQ9	BPAJBCOI_01720	hypothetical protein
C1CGA3	BPAJBCOI_01721	hypothetical protein
C1C9E6	BPAJBCOI_01722	dITP/XTP pyrophosphatase
Q04IS7	BPAJBCOI_01723	Glutamate racemase
B2ISY0	BPAJBCOI_01724	hypothetical protein
B1I893	BPAJBCOI_01725	Trehalose-6-phosphate hydrolase
B1I894	BPAJBCOI_01726	hypothetical protein
Q8DNI5	BPAJBCOI_01727	HTH-type transcriptional regulator TreR
	BPAJBCOI_01728	Srn266
	BPAJBCOI_01728	
A0A4J1X8U4	BPAJBCOI_01729	ISL3 family transposase IS1167
A0AA95D7A8	BPAJBCOI_01730	hypothetical protein
A0A4N0C410	BPAJBCOI_01731	ISL3 family transposase ISSpn14
B1I896	BPAJBCOI_01732	Oligopeptide transport ATP-binding protein OppF
B1I897	BPAJBCOI_01733	Oligopeptide transport ATP-binding protein OppD
C1CGB7	BPAJBCOI_01734	Oligopeptide transport system permease protein OppC
C1C9F9	BPAJBCOI_01735	hypothetical protein
A0A062WTD1	BPAJBCOI_01736	Oligopeptide-binding protein AmiA
	BPAJBCOI_01737	group-II-D1D4-3
	BPAJBCOI_01737	
Q8CYC1	BPAJBCOI_01738	hypothetical protein
B1I8A2	BPAJBCOI_01739	Sucrose phosphorylase
B2ISZ4	BPAJBCOI_01740	Diacetylchitobiose uptake system permease protein NgcG
C1C9G5	BPAJBCOI_01741	Melibiose/raffinose/stachyose import permease protein MelD
B2ISZ6	BPAJBCOI_01742	Multiple sugar-binding protein
B1I8A6	BPAJBCOI_01743	Alpha-galactosidase AgaA
B1I8A7	BPAJBCOI_01744	HTH-type transcriptional activator RhaS
B1I8A8	BPAJBCOI_01745	Bifunctional ligase/repressor BirA
	BPAJBCOI_01746	Srn266
A0A4J1REH6	BPAJBCOI_01747	ISL3 family transposase ISSpn14
	BPAJBCOI_01748	tRNA-Ser(gct)
	BPAJBCOI_01748	
	BPAJBCOI_01749	tRNA-Ile(gat)
	BPAJBCOI_01750	tRNA-Gly(tcc)
	BPAJBCOI_01751	tRNA-Phe(gaa)
	BPAJBCOI_01752	tRNA-Met(cat)
	BPAJBCOI_01753	tRNA-Ser(tga)
	BPAJBCOI_01754	tRNA-Met(cat)
	BPAJBCOI_01754	
	BPAJBCOI_01755	tRNA-Met(cat)
	BPAJBCOI_01755	
	BPAJBCOI_01756	tRNA-Pro(tgg)
	BPAJBCOI_01757	tRNA-Arg(acg)
	BPAJBCOI_01758	tRNA-Leu(taa)
	BPAJBCOI_01759	tRNA-Gly(gcc)
	BPAJBCOI_01760	tRNA-Thr(tgt)
	BPAJBCOI_01761	tRNA-Leu(tag)
	BPAJBCOI_01762	tRNA-Lys(ttt)
	BPAJBCOI_01762	
	BPAJBCOI_01763	tRNA-Asp(gtc)
	BPAJBCOI_01764	tRNA-Val(tac)
	BPAJBCOI_01764	
	BPAJBCOI_01765	5S ribosomal RNA
	BPAJBCOI_01766	23S ribosomal RNA
	BPAJBCOI_01767	tRNA-Ala(tgc)
	BPAJBCOI_01768	16S ribosomal RNA
	BPAJBCOI_01769	tRNA-Glu(ttc)
C1CGD1	BPAJBCOI_01770	23S rRNA (uracil-C(5))-methyltransferase RlmCD
A0A0T7J5N3	BPAJBCOI_01771	hypothetical protein
A0A4J2D778	BPAJBCOI_01772	Regulatory protein RecX
Q8DNH5	BPAJBCOI_01773	hypothetical protein
	BPAJBCOI_01774	Spy392987
	BPAJBCOI_01774	
Q8CYC0	BPAJBCOI_01775	hypothetical protein
	BPAJBCOI_01776	Srn266
A0A4J1UQ08	BPAJBCOI_01777	ISL3 family transposase ISSpn14
B2ILZ5	BPAJBCOI_01778	60 kDa chaperonin
C1CML8	BPAJBCOI_01779	10 kDa chaperonin
Q8DNH4	BPAJBCOI_01780	Single-stranded DNA-binding protein
B1I8B5	BPAJBCOI_01781	NADP-dependent 3-hydroxy acid dehydrogenase YdfG
A0A0T8RZQ3	BPAJBCOI_01782	hypothetical protein
A0A0B7L317	BPAJBCOI_01783	Thioredoxin-like protein YtpP
A0A0B7L844	BPAJBCOI_01784	hypothetical protein
B1I8B9	BPAJBCOI_01785	hypothetical protein
A0A0H2URK9	BPAJBCOI_01786	hypothetical protein
A0AA87C8J7	BPAJBCOI_01787	hypothetical protein
Q8DNG8	BPAJBCOI_01788	putative ABC transporter ATP-binding protein
A0A0T9ZT70	BPAJBCOI_01789	putative ABC transporter ATP-binding protein
A0A0I6E462	BPAJBCOI_01790	hypothetical protein
Q04IN9	BPAJBCOI_01791	putative transcriptional regulatory protein YeeN
B1I8C5	BPAJBCOI_01792	Pneumolysin
Q8CYB5	BPAJBCOI_01793	hypothetical protein
Q8CYB4	BPAJBCOI_01794	hypothetical protein
B2IM15	BPAJBCOI_01795	hypothetical protein
A0A0B7LRS0	BPAJBCOI_01796	hypothetical protein
A0A0B7LXW1	BPAJBCOI_01797	hypothetical protein
A0AA95D912	BPAJBCOI_01798	hypothetical protein
A0A4J1T030	BPAJBCOI_01799	hypothetical protein
Q8CYA9	BPAJBCOI_01800	hypothetical protein
A0A4J0IKN3	BPAJBCOI_01801	hypothetical protein
A0AAD2I6U2	BPAJBCOI_01802	hypothetical protein
A0A0B7L5K3	BPAJBCOI_01803	hypothetical protein
A0A0T8ACV9	BPAJBCOI_01804	hypothetical protein
Q8KLP2	BPAJBCOI_01805	Autolysin
Q8DNG1	BPAJBCOI_01806	Multidrug export protein MepA
Q04IM6	BPAJBCOI_01807	Protein RecA
C1CTH7	BPAJBCOI_01808	Putative competence-damage inducible protein
B2IM30	BPAJBCOI_01809	Biofilm regulatory protein A
B1I8Q4	BPAJBCOI_01810	hypothetical protein
B1I8Q5	BPAJBCOI_01811	tRNA threonylcarbamoyladenosine biosynthesis protein TsaE
B1I8Q6	BPAJBCOI_01812	hypothetical protein
B1I8Q7	BPAJBCOI_01813	hypothetical protein
B1I8Q8	BPAJBCOI_01814	hypothetical protein
B1I8Q9	BPAJBCOI_01815	hypothetical protein
Q8DNF2	BPAJBCOI_01816	putative ABC transporter ATP-binding protein YknY
Q8CY96	BPAJBCOI_01817	hypothetical protein
Q04IK8	BPAJBCOI_01818	Nucleoside diphosphate kinase
Q97NQ8	BPAJBCOI_01819	DNA-directed RNA polymerase subunit beta'
A0A0B7L1K2	BPAJBCOI_01820	DNA-directed RNA polymerase subunit beta
	BPAJBCOI_01821	Lacto-rpoB
	BPAJBCOI_01822	tRNA-Cys(gca)
B1I8R6	BPAJBCOI_01823	hypothetical protein
B1I8R7	BPAJBCOI_01824	DNA-entry nuclease
Q03159	BPAJBCOI_01825	hypothetical protein
Q97NQ4	BPAJBCOI_01826	UDP-N-acetylglucosamine 1-carboxyvinyltransferase 1
B1I8S0	BPAJBCOI_01827	hypothetical protein
A0A380LR41	BPAJBCOI_01828	putative protein YlbL
A0A9P1V8S0	BPAJBCOI_01829	putative protein YlbL
B5E2G0	BPAJBCOI_01830	Phosphopantetheine adenylyltransferase
B1I8S3	BPAJBCOI_01831	Ribosomal RNA small subunit methyltransferase D
Q97NQ0	BPAJBCOI_01832	Aspartate--ammonia ligase
C1CA17	BPAJBCOI_01833	Inner membrane protein YbhL
B1I8S6	BPAJBCOI_01834	Putative TrmH family tRNA/rRNA methyltransferase
Q8DNE2	BPAJBCOI_01835	Acylphosphatase
B1I8S8	BPAJBCOI_01836	Membrane protein insertase YidC 2
C1CGQ7	BPAJBCOI_01837	Pyruvate formate-lyase-activating enzyme
B1I8T0	BPAJBCOI_01838	Diaminopimelate decarboxylase
C1CGQ9	BPAJBCOI_01839	Pur operon repressor
Q8DND8	BPAJBCOI_01840	3'-5' exoribonuclease YhaM
A0A0U0PJJ0	BPAJBCOI_01841	hypothetical protein
B1I8T4	BPAJBCOI_01842	Thiamine pyrophosphokinase
B1I8T5	BPAJBCOI_01843	Ribulose-phosphate 3-epimerase
B1I8T6	BPAJBCOI_01844	Small ribosomal subunit biogenesis GTPase RsgA
B5E2H6	BPAJBCOI_01845	Ribosomal RNA small subunit methyltransferase A
Q8CY94	BPAJBCOI_01846	hypothetical protein
Q8DND2	BPAJBCOI_01847	putative ABC transporter ATP-binding protein YknY
B1I8U0	BPAJBCOI_01848	hypothetical protein
B1I8U1	BPAJBCOI_01849	hypothetical protein
C1CA34	BPAJBCOI_01850	hypothetical protein
A0AA44MZP1	BPAJBCOI_01851	hypothetical protein
C1CGS1	BPAJBCOI_01852	Ribonuclease M5
B1I8U4	BPAJBCOI_01853	putative metal-dependent hydrolase YcfH
B1I8U5	BPAJBCOI_01854	hypothetical protein
Q04IH6	BPAJBCOI_01855	50S ribosomal protein L34
A0A0D6J666	BPAJBCOI_01856	Glutamate-pyruvate aminotransferase AlaA
A0A0B7LHZ7	BPAJBCOI_01857	hypothetical protein
A0A0H2ZLK6	BPAJBCOI_01858	Putative universal stress protein
C1CGS8	BPAJBCOI_01859	HMP-PP phosphatase
C1CA43	BPAJBCOI_01860	L-asparaginase 2
A0A4J2CI21	BPAJBCOI_01861	hypothetical protein
B1I8V3	BPAJBCOI_01862	Catabolite control protein A
A0A0T8LY02	BPAJBCOI_01863	Transcriptional regulatory protein DesR
C1CGT3	BPAJBCOI_01864	hypothetical protein
C1CGT4	BPAJBCOI_01865	hypothetical protein
A0AA86XE25	BPAJBCOI_01866	Vitamin B12 import ATP-binding protein BtuD
B1I8V8	BPAJBCOI_01867	hypothetical protein
A0A0B7MA59	BPAJBCOI_01868	hypothetical protein
	BPAJBCOI_01869	tRNA-Pro(tgg)
	BPAJBCOI_01870	tRNA-Arg(acg)
	BPAJBCOI_01871	tRNA-Leu(taa)
	BPAJBCOI_01872	tRNA-Gly(gcc)
	BPAJBCOI_01873	tRNA-Thr(tgt)
	BPAJBCOI_01874	tRNA-Leu(tag)
	BPAJBCOI_01875	tRNA-Lys(ttt)
	BPAJBCOI_01875	
	BPAJBCOI_01876	tRNA-Asp(gtc)
	BPAJBCOI_01877	tRNA-Val(tac)
	BPAJBCOI_01877	
	BPAJBCOI_01878	5S ribosomal RNA
	BPAJBCOI_01879	23S ribosomal RNA
	BPAJBCOI_01880	tRNA-Ala(tgc)
	BPAJBCOI_01881	16S ribosomal RNA
	BPAJBCOI_01882	tRNA-Glu(ttc)
A0A0B7L0R5	BPAJBCOI_01883	hypothetical protein
C1CGT9	BPAJBCOI_01884	Transcription termination/antitermination protein NusG
Q8DNB7	BPAJBCOI_01885	hypothetical protein
Q75YF6	BPAJBCOI_01886	Penicillin-binding protein 1F
A0A0E7WL70	BPAJBCOI_01887	hypothetical protein
Q8CWN6	BPAJBCOI_01888	Glyceraldehyde-3-phosphate dehydrogenase
A0A064C0V6	BPAJBCOI_01889	hypothetical protein
A0A4J2DNU9	BPAJBCOI_01890	IS630 family transposase IS630-Spn1
Q8DNB2	BPAJBCOI_01891	putative nicotinate-nucleotide pyrophosphorylase [carboxylating]
A0A064C466	BPAJBCOI_01892	hypothetical protein
A0AAE9R2A4	BPAJBCOI_01893	hypothetical protein
Q8DNB0	BPAJBCOI_01894	HTH-type transcriptional regulator GmuR
A0AA86J9C7	BPAJBCOI_01895	6-phospho-beta-glucosidase GmuD
Q8DNA8	BPAJBCOI_01896	Lichenan permease IIC component
A0A2L1H0A2	BPAJBCOI_01897	PTS system cellobiose-specific EIIB component
B2IMJ8	BPAJBCOI_01898	PTS system oligo-beta-mannoside-specific EIIA component
C1CGV5	BPAJBCOI_01899	Aldehyde-alcohol dehydrogenase
Q8CY89	BPAJBCOI_01900	hypothetical protein
B2IMK1	BPAJBCOI_01901	Low molecular weight protein-tyrosine-phosphatase YfkJ
Q8DNA3	BPAJBCOI_01902	hypothetical protein
A0AAE4FX53	BPAJBCOI_01903	Transketolase
Q8DNA1	BPAJBCOI_01904	putative L-ascorbate-6-phosphate lactonase UlaG
C1CA77	BPAJBCOI_01905	putative licABCH operon regulator
A0A0B7L3T7	BPAJBCOI_01906	L-ribulose-5-phosphate 4-epimerase AraD
A0A0H2US12	BPAJBCOI_01907	L-ribulose-5-phosphate 3-epimerase UlaE
A0A0H2US99	BPAJBCOI_01908	3-keto-L-gulonate-6-phosphate decarboxylase UlaD
Q8DN96	BPAJBCOI_01909	Ascorbate-specific PTS system EIIA component
Q8DN95	BPAJBCOI_01910	Ascorbate-specific PTS system EIIB component
Q8DN94	BPAJBCOI_01911	Ascorbate-specific PTS system EIIC component
Q8CY88	BPAJBCOI_01912	hypothetical protein
A0A2U3RW53	BPAJBCOI_01913	hypothetical protein
B2IML5	BPAJBCOI_01914	Membrane protein insertase MisCA
Q97NI5	BPAJBCOI_01915	Ribonuclease P protein component
Q04IC8	BPAJBCOI_01916	Acetate kinase
Q8DN91	BPAJBCOI_01917	hypothetical protein
Q8CY86	BPAJBCOI_01918	hypothetical protein
Q8CY85	BPAJBCOI_01919	hypothetical protein
A0A0H2ZLL1	BPAJBCOI_01920	hypothetical protein
A0A0H2ZN48	BPAJBCOI_01921	hypothetical protein
A0A0B7KTY0	BPAJBCOI_01922	hypothetical protein
A0A558YRH4	BPAJBCOI_01923	hypothetical protein
A0A4F7IU41	BPAJBCOI_01924	hypothetical protein
Q8DN87	BPAJBCOI_01925	hypothetical protein
A0A0H2ZPB3	BPAJBCOI_01926	ComG operon protein 1
Q8DN85	BPAJBCOI_01927	hypothetical protein
	BPAJBCOI_01928	Srn266
A0A4J1Y1G0	BPAJBCOI_01929	ISL3 family transposaseA
Q8DN84	BPAJBCOI_01930	Alcohol dehydrogenase
B2IMN1	BPAJBCOI_01931	N-acetylgalactosamine-6-phosphate deacetylase
A0A6I3UU41	BPAJBCOI_01932	O-acetyltransferase OatA
Q04IB3	BPAJBCOI_01933	Queuine tRNA-ribosyltransferase
A0A098Z2C2	BPAJBCOI_01934	hypothetical protein
A0A0T9ZSG8	BPAJBCOI_01935	Pyrrolidone-carboxylate peptidase
C1CGZ1	BPAJBCOI_01936	hypothetical protein
A0A0B7LZK5	BPAJBCOI_01937	hypothetical protein
A0A0T8N617	BPAJBCOI_01938	hypothetical protein
B1I9B6	BPAJBCOI_01939	hypothetical protein
B1I9B7	BPAJBCOI_01940	Phosphoglycolate phosphatase
B1I9B8	BPAJBCOI_01941	putative FMN/FAD exporter YeeO
B1I9B9	BPAJBCOI_01942	Threonine synthase
B1I9C0	BPAJBCOI_01943	hypothetical protein
	BPAJBCOI_01944	tRNA-Leu(caa)
	BPAJBCOI_01945	tRNA-Gln(ttg)
	BPAJBCOI_01946	tRNA-His(gtg)
	BPAJBCOI_01947	tRNA-Trp(cca)
	BPAJBCOI_01948	tRNA-Tyr(gta)
	BPAJBCOI_01949	tRNA-Phe(gaa)
	BPAJBCOI_01950	tRNA-Met(cat)
	BPAJBCOI_01951	tRNA-Ser(tga)
	BPAJBCOI_01952	tRNA-Ile(gat)
	BPAJBCOI_01953	tRNA-Gly(tcc)
	BPAJBCOI_01954	tRNA-Val(tac)
	BPAJBCOI_01954	
	BPAJBCOI_01955	5S ribosomal RNA
	BPAJBCOI_01956	23S ribosomal RNA
	BPAJBCOI_01957	tRNA-Ala(tgc)
	BPAJBCOI_01958	16S ribosomal RNA
	BPAJBCOI_01959	tRNA-Glu(ttc)
Q8DN75	BPAJBCOI_01960	hypothetical protein
B1I9D7	BPAJBCOI_01961	Glutamate--tRNA ligase
Q8DN74	BPAJBCOI_01962	Glucose-6-phosphate isomerase
C1CH02	BPAJBCOI_01963	Putative glutamine amidotransferase
B1I9E1	BPAJBCOI_01964	putative ABC transporter ATP-binding protein
A0A4V0IVT4	BPAJBCOI_01965	hypothetical protein
B1I9E4	BPAJBCOI_01966	putative ABC transporter ATP-binding protein
	BPAJBCOI_01967	patAB
	BPAJBCOI_01967	
B1I9E5	BPAJBCOI_01968	DNA mismatch repair protein MutS
	BPAJBCOI_01969	SpR10_sRNA
	BPAJBCOI_01969	
B2IMZ7	BPAJBCOI_01970	Arginine regulator
B1I9E7	BPAJBCOI_01971	Arginine--tRNA ligase
C1CH10	BPAJBCOI_01972	hypothetical protein
Q9S1J6	BPAJBCOI_01973	Alkaline phosphatase synthesis transcriptional regulatory protein PhoP
Q9S1J5	BPAJBCOI_01974	Adaptive-response sensory-kinase SasA
Q8DN64	BPAJBCOI_01975	Phosphate-binding protein PstS 2
C1CAR3	BPAJBCOI_01976	hypothetical protein
Q9X4T2	BPAJBCOI_01977	hypothetical protein
A0A0E8A7S1	BPAJBCOI_01978	Phosphate import ATP-binding protein PstB 3
P0A3Y8	BPAJBCOI_01979	Phosphate-specific transport system accessory protein PhoU 
B1I9F7	BPAJBCOI_01980	IS1380 family transposase ISSpn5
A0A4J2BES4	BPAJBCOI_01981	hypothetical protein
Q8DN59	BPAJBCOI_01982	Glycerol-3-phosphate dehydrogenase [NAD(P)+]
A0A0E8I4G1	BPAJBCOI_01983	UTP--glucose-1-phosphate uridylyltransferase
Q8DN57	BPAJBCOI_01984	Rhomboid protease GluP
A0A064C3X9	BPAJBCOI_01985	putative protein YqgN
B2IN14	BPAJBCOI_01986	N-acetyldiaminopimelate deacetylase
Q8DN54	BPAJBCOI_01987	2%2C3%2C4%2C5-tetrahydropyridine-2%2C6-dicarboxylate N-acetyltransferase
Q8DN53	BPAJBCOI_01988	putative inner membrane transporter YicL
B1I9G5	BPAJBCOI_01989	Biosynthetic peptidoglycan transglycosylase
Q97NE3	BPAJBCOI_01990	Tyrosine--tRNA ligase
B2IN19	BPAJBCOI_01991	Manganese-exporting P-type ATPase
Q8CY77	BPAJBCOI_01992	hypothetical protein
A0A0H2USD8	BPAJBCOI_01993	23S rRNA (guanine(745)-N(1))-methyltransferase
A0A0H2URX6	BPAJBCOI_01994	hypothetical protein
C1CH34	BPAJBCOI_01995	hypothetical protein
A0A822RJI3	BPAJBCOI_01996	Maltodextrin phosphorylase
P0A3Q1	BPAJBCOI_01997	4-alpha-glucanotransferase
A0A0B7LPZ3	BPAJBCOI_01998	Maltose/maltodextrin-binding protein
P0A4N2	BPAJBCOI_01999	hypothetical protein
C1CH39	BPAJBCOI_02000	Maltose/maltodextrin transport system permease protein MalG
P59203	BPAJBCOI_02001	hypothetical protein
C1CH41	BPAJBCOI_02002	HTH-type transcriptional regulator MalR
A0A4J2DZX4	BPAJBCOI_02003	hypothetical protein
C1CH43	BPAJBCOI_02004	hypothetical protein
A0AA86J9I2	BPAJBCOI_02005	Aspartate--tRNA ligase
A0AA87C6P4	BPAJBCOI_02006	hypothetical protein
Q8CY74	BPAJBCOI_02007	hypothetical protein
A0A0H2USE5	BPAJBCOI_02008	hypothetical protein
B2IN36	BPAJBCOI_02009	hypothetical protein
Q8CY71	BPAJBCOI_02010	hypothetical protein
C1CH50	BPAJBCOI_02011	hypothetical protein
A0A0H2US59	BPAJBCOI_02012	hypothetical protein
Q97NC9	BPAJBCOI_02013	Histidine--tRNA ligase
A0A0H2USF0	BPAJBCOI_02014	hypothetical protein
A0A4J1W5Q4	BPAJBCOI_02015	hypothetical protein
A0AAD2IL27	BPAJBCOI_02016	hypothetical protein
C1CH57	BPAJBCOI_02017	hypothetical protein
A0A4G9UKC5	BPAJBCOI_02018	hypothetical protein
Q04I44	BPAJBCOI_02019	Dihydroxy-acid dehydratase
C1CAX2	BPAJBCOI_02020	Apulose-4-phosphate transketolase subunit B
Q8DN41	BPAJBCOI_02021	Apulose-4-phosphate transketolase subunit A
A0A4M9WZC6	BPAJBCOI_02022	Ascorbate-specific PTS system EIIC component
Q8CY69	BPAJBCOI_02023	hypothetical protein
C1CH64	BPAJBCOI_02024	hypothetical protein
C1CH65	BPAJBCOI_02025	hypothetical protein
Q8CY67	BPAJBCOI_02026	hypothetical protein
A0A0E8Z1I8	BPAJBCOI_02027	50S ribosomal protein L32
Q04I36	BPAJBCOI_02028	50S ribosomal protein L33 1
A0AAE4FXB9	BPAJBCOI_02029	hypothetical protein
C1CH70	BPAJBCOI_02030	hypothetical protein
A0A4J1W434	BPAJBCOI_02031	hypothetical protein
A0A0H2US16	BPAJBCOI_02032	IS5 family transposase ISSpn7
A0A0H2URZ2	BPAJBCOI_02033	hypothetical protein
A0A0H2US73	BPAJBCOI_02034	hypothetical protein
A0A0U0EQ64	BPAJBCOI_02035	Beta-glucoside kinase
A0A916L442	BPAJBCOI_02036	Mannosylglycerate hydrolase
A0A6G2D290	BPAJBCOI_02037	hypothetical protein
A0A916L516	BPAJBCOI_02038	hypothetical protein
A0A4J2AEC7	BPAJBCOI_02039	hypothetical protein
Q97NA4	BPAJBCOI_02040	Arginine deiminase
A0A0B7LE02	BPAJBCOI_02041	Ornithine carbamoyltransferase%2C catabolic
Q8DN28	BPAJBCOI_02042	Carbamate kinase 1
C1CHE9	BPAJBCOI_02043	hypothetical protein
A0A4L6SG74	BPAJBCOI_02044	Putative dipeptidase
A0A0E8T203	BPAJBCOI_02045	hypothetical protein
A0A0D6J5R1	BPAJBCOI_02046	hypothetical protein
A0A654YUA7	BPAJBCOI_02047	hypothetical protein
Q8DN26	BPAJBCOI_02048	Protein QmcA
B1I9W7	BPAJBCOI_02049	Alcohol dehydrogenase 2
A0A0E8SV87	BPAJBCOI_02050	L-fucose isomerase
A0A4J2C797	BPAJBCOI_02051	hypothetical protein
A0A4J1UG71	BPAJBCOI_02052	hypothetical protein
Q8DN22	BPAJBCOI_02053	PTS system mannose-specific EIID component
Q8DN21	BPAJBCOI_02054	PTS system sorbose-specific EIIC component
C1CHG2	BPAJBCOI_02055	PTS system fructose-specific EIIB component
A0A2U3RWQ4	BPAJBCOI_02056	PTS system mannose-specific EIIAB component
A0A0H2US10	BPAJBCOI_02057	L-fucose mutarotase
Q8DN17	BPAJBCOI_02058	5-deoxy-D-ribulose 1-phosphate aldolase
A0A0H2US93	BPAJBCOI_02059	L-Rhamnulokinase
B2INI7	BPAJBCOI_02060	Glucitol operon repressor
	BPAJBCOI_02061	SpF66_sRNA
	BPAJBCOI_02062	SpF66_sRNA
A0A0T8PD60	BPAJBCOI_02063	hypothetical protein
O33704	BPAJBCOI_02064	High-affinity zinc uptake system membrane protein ZnuB
B2INJ0	BPAJBCOI_02065	High-affinity zinc uptake system ATP-binding protein ZnuC
Q8DN14	BPAJBCOI_02066	Transcriptional regulator AdcR
C1CB18	BPAJBCOI_02067	Protein DltD
Q04HZ9	BPAJBCOI_02068	D-alanyl carrier protein
A0A0B7LC24	BPAJBCOI_02069	hypothetical protein
A0A4J2SXW4	BPAJBCOI_02070	D-alanine--D-alanyl carrier protein ligase
B2INJ7	BPAJBCOI_02071	hypothetical protein
B1I9Z1	BPAJBCOI_02072	hypothetical protein
	BPAJBCOI_02073	group-II-D1D4-1
	BPAJBCOI_02074	group-II-D1D4-3
A0A4J1NJ06	BPAJBCOI_02075	hypothetical protein
A0A4J1X9B3	BPAJBCOI_02076	hypothetical protein
A0A4J1S5V5	BPAJBCOI_02077	hypothetical protein
C1CBF9	BPAJBCOI_02078	hypothetical protein
A0A0H2ZPJ9	BPAJBCOI_02079	putative glycerol uptake facilitator protein
A0A4J1W6N7	BPAJBCOI_02080	Alpha-glycerophosphate oxidase
A0AA95II08	BPAJBCOI_02081	Glycerol kinase
A0A6G2DB62	BPAJBCOI_02082	hypothetical protein
Q04HY8	BPAJBCOI_02083	33 kDa chaperonin
A0AAD2I3M2	BPAJBCOI_02084	tRNA-dihydrouridine synthase B
A0A6I3UZ38	BPAJBCOI_02085	hypothetical protein
	BPAJBCOI_02086	Srn266
A0A4J2GV79	BPAJBCOI_02087	ISL3 family transposase ISSpn14
A0A4J1WRE8	BPAJBCOI_02088	hypothetical protein
B2INL0	BPAJBCOI_02089	hypothetical protein
A0AA44MQQ7	BPAJBCOI_02090	IS5 family transposase IS1515
A0A4J2EJG7	BPAJBCOI_02091	hypothetical protein
A0A4J1TWD0	BPAJBCOI_02092	hypothetical protein
A0A0B7LVS3	BPAJBCOI_02093	Adaptive-response sensory-kinase SasA
C1CHJ3	BPAJBCOI_02094	Phosphate regulon transcriptional regulatory protein PhoB
A0A0E8AEC7	BPAJBCOI_02095	ATP-dependent Clp protease ATP-binding subunit ClpC
C1CBH3	BPAJBCOI_02096	Transcriptional regulator CtsR
Q8DMZ8	BPAJBCOI_02097	Sulfate/thiosulfate import ATP-binding protein CysA
Q8DMZ7	BPAJBCOI_02098	Formylaminopyrimidine-binding protein
B1IA11	BPAJBCOI_02099	Riboflavin transport system permease protein RibX
C1CBH7	BPAJBCOI_02100	hypothetical protein
	BPAJBCOI_02101	TPP
Q9KGZ2	BPAJBCOI_02102	hypothetical protein
Q8DMZ3	BPAJBCOI_02103	hypothetical protein
Q8DMZ2	BPAJBCOI_02104	Replicative DNA helicase
Q04HX2	BPAJBCOI_02105	50S ribosomal protein L9
A0A0H2USK7	BPAJBCOI_02106	Cyclic-di-AMP phosphodiesterase GdpP
Q8DMZ0	BPAJBCOI_02107	Ribosome hibernation promotion factor
C1CBI4	BPAJBCOI_02108	hypothetical protein
A0A0H2US77	BPAJBCOI_02109	ComF operon protein 1
Q8DMY9	BPAJBCOI_02110	IMPACT family member YigZ
Q8DMY8	BPAJBCOI_02111	Cysteine synthase
B2INM9	BPAJBCOI_02112	hypothetical protein
A0AA87C5P0	BPAJBCOI_02113	IS630 family transposase ISSpn2
B2INN0	BPAJBCOI_02114	hypothetical protein
	BPAJBCOI_02115	SpF51_sRNA
Q04HW4	BPAJBCOI_02116	Elongation factor Ts
C1CUD2	BPAJBCOI_02117	30S ribosomal protein S2
C1CHL5	BPAJBCOI_02118	hypothetical protein
C1CHL6	BPAJBCOI_02119	hypothetical protein
C1CHL7	BPAJBCOI_02120	Cell shape-determining protein MreC
Q8DMY1	BPAJBCOI_02121	Energy-coupling factor transporter transmembrane protein EcfT
Q97N51	BPAJBCOI_02122	Energy-coupling factor transporter ATP-binding protein EcfA2
C1CHM0	BPAJBCOI_02123	Energy-coupling factor transporter ATP-binding protein EcfA1
Q8DMX8	BPAJBCOI_02124	CDP-diacylglycerol--glycerol-3-phosphate 3-phosphatidyltransferase
C1CBK0	BPAJBCOI_02125	hypothetical protein
A0A6G2DJX1	BPAJBCOI_02126	putative zinc protease
A0A4J1RYP0	BPAJBCOI_02127	hypothetical protein
Q8DMX4	BPAJBCOI_02128	hypothetical protein
A0AA86JRZ5	BPAJBCOI_02129	DNA replication and repair protein RecF
Q8DMX2	BPAJBCOI_02130	Inosine-5'-monophosphate dehydrogenase
C1CHM8	BPAJBCOI_02131	Tryptophan--tRNA ligase 2
C1CHM9	BPAJBCOI_02132	putative ABC transporter ATP-binding protein YbiT
B1IAE3	BPAJBCOI_02133	hypothetical protein
A0A0T8RNI9	BPAJBCOI_02134	hypothetical protein
Q8DMW6	BPAJBCOI_02135	hypothetical protein
	BPAJBCOI_02136	tRNA-Asn(gtt)
	BPAJBCOI_02137	tRNA-Glu(ttc)
Q8DMW5	BPAJBCOI_02138	Accessory gene regulator protein A
Q8DMW4	BPAJBCOI_02139	hypothetical protein
Q5QIA8	BPAJBCOI_02140	Competence-stimulating peptide type 1
	BPAJBCOI_02141	tRNA-Arg(tct)
Q04HU2	BPAJBCOI_02142	Ribosomal RNA large subunit methyltransferase H
A0A0I6DRY6	BPAJBCOI_02143	Serine protease Do-like HtrA
A0A0B7LQV2	BPAJBCOI_02144	Stage 0 sporulation protein J
Q8DRQ4	BPAJBCOI_02145	Chromosomal replication initiator protein DnaA
O06672	BPAJBCOI_02146	Beta sliding clamp
A0AA86Y265	BPAJBCOI_02147	hypothetical protein
Q8DRQ3	BPAJBCOI_02148	Ribosome-binding ATPase YchF
C1CNN8	BPAJBCOI_02149	Peptidyl-tRNA hydrolase
A0A0T8NI77	BPAJBCOI_02150	Transcription-repair-coupling factor
P64406	BPAJBCOI_02151	hypothetical protein
Q8CZD2	BPAJBCOI_02152	hypothetical protein
A0A0E8ADH2	BPAJBCOI_02153	hypothetical protein
A0A0T8R1P4	BPAJBCOI_02154	hypothetical protein
C1CNP4	BPAJBCOI_02155	tRNA(Ile)-lysidine synthase
C1C993	BPAJBCOI_02156	Hypoxanthine-guanine phosphoribosyltransferase
P59652	BPAJBCOI_02157	ATP-dependent zinc metalloprotease FtsH
A0A0B7L0R5	BPAJBCOI_02158	hypothetical protein
	BPAJBCOI_02159	tRNA-Glu(ttc)
	BPAJBCOI_02160	16S ribosomal RNA
	BPAJBCOI_02161	tRNA-Ala(tgc)
	BPAJBCOI_02162	23S ribosomal RNA
	BPAJBCOI_02163	5S ribosomal RNA
	BPAJBCOI_02164	tRNA-Asn(gtt)
A0AA87C854	BPAJBCOI_02165	ISL3 family transposase IS1167
Q8CZD0	BPAJBCOI_02166	hypothetical protein
C1CHA1	BPAJBCOI_02167	Adenylosuccinate synthetase
	BPAJBCOI_02168	csRNA
C1CHA2	BPAJBCOI_02169	tRNA-specific adenosine deaminase
	BPAJBCOI_02170	Bacteria_small_SRP
Q8DRP2	BPAJBCOI_02171	Deoxyuridine 5'-triphosphate nucleotidohydrolase
Q8DRP1	BPAJBCOI_02172	hypothetical protein
C1C9S1	BPAJBCOI_02173	DNA repair protein RadA
C1CHC1	BPAJBCOI_02174	Beta-carbonic anhydrase 1
A0A4J2G4V2	BPAJBCOI_02175	hypothetical protein
B2IR17	BPAJBCOI_02176	Ribose-phosphate pyrophosphokinase
A0A0U0IDH7	BPAJBCOI_02177	hypothetical protein
	BPAJBCOI_02178	Srn266
B1I7H8	BPAJBCOI_02179	hypothetical protein
C1CHC8	BPAJBCOI_02180	hypothetical protein
B1I7I1	BPAJBCOI_02181	DNA polymerase I
A0A4J2F467	BPAJBCOI_02182	putative protein YccU
A0A0T8MW21	BPAJBCOI_02183	hypothetical protein
A0A6G2D7K2	BPAJBCOI_02184	putative N-acetyl-LL-diaminopimelate aminotransferase
A0A654YSH8	BPAJBCOI_02185	DNA repair protein RecO
A0A654YS52	BPAJBCOI_02186	Phosphate acyltransferase
A0AA87C9N3	BPAJBCOI_02187	Acyl carrier protein
Q8DRN1	BPAJBCOI_02188	IS5 family transposase ISSpn7
A0AAD2I2S0	BPAJBCOI_02189	hypothetical protein
C1CHD8	BPAJBCOI_02190	hypothetical protein
B1I7U9	BPAJBCOI_02191	Lactococcin-G-processing and transport ATP-binding protein LagD
A0A6G2D7Z9	BPAJBCOI_02192	Lipid A export ATP-binding/permease protein MsbA
B1I7V0	BPAJBCOI_02193	Lactococcin A secretion protein LcnD
A0A6A8VLB9	BPAJBCOI_02194	Phosphoribosylaminoimidazole-succinocarboxamide synthase
A0A654U9J8	BPAJBCOI_02195	Phosphoribosylformylglycinamidine synthase
A0A0E8P8H6	BPAJBCOI_02196	Amidophosphoribosyltransferase
Q8DRM4	BPAJBCOI_02197	Phosphoribosylformylglycinamidine cyclo-ligase
Q8DRM3	BPAJBCOI_02198	Phosphoribosylglycinamide formyltransferase
Q8DRM2	BPAJBCOI_02199	hypothetical protein
A0A0B7LWC7	BPAJBCOI_02200	Bifunctional purine biosynthesis protein PurH
A0AAE9QPJ7	BPAJBCOI_02201	Phosphoribosylamine--glycine ligase
C1CBM9	BPAJBCOI_02202	N5-carboxyaminoimidazole ribonucleotide mutase
A0A0B7M8G2	BPAJBCOI_02203	N5-carboxyaminoimidazole ribonucleotide synthase
Q8CZC6	BPAJBCOI_02204	hypothetical protein
Q8DRL7	BPAJBCOI_02205	Adenylosuccinate lyase
A0AA87C9M0	BPAJBCOI_02206	Beta-N-acetylhexosaminidase
A0A0T7YU00	BPAJBCOI_02207	HTH-type transcriptional repressor GamR
A0AAD2I1I4	BPAJBCOI_02208	Beta-galactosidase
Q8DRL3	BPAJBCOI_02209	PTS system sorbose-specific EIIB component
C1CBN7	BPAJBCOI_02210	hypothetical protein
B2IRE5	BPAJBCOI_02211	PTS system mannose-specific EIID component
Q8DRL0	BPAJBCOI_02212	PTS system mannose-specific EIIAB component
A0A0B7LKB5	BPAJBCOI_02213	Putative D-galactosamine-6-phosphate deaminase AgaS
A0A0T7YX64	BPAJBCOI_02214	Aldose 1-epimerase
A0A4J1XLN6	BPAJBCOI_02215	Catechol-2%2C3-dioxygenase
A0A9P1Q1S1	BPAJBCOI_02216	hypothetical protein
A0A4G5ERP8	BPAJBCOI_02217	hypothetical protein
A0A0B7LUC6	BPAJBCOI_02218	Sulfurtransferase
A0AA95DBB7	BPAJBCOI_02219	Purine nucleoside phosphorylase DeoD-type
C1CBP8	BPAJBCOI_02220	Ktr system potassium uptake protein B
Q8DRK4	BPAJBCOI_02221	Ktr system potassium uptake protein A
A0A0T8WHS6	BPAJBCOI_02222	hypothetical protein
A0A0E8SXI5	BPAJBCOI_02223	Putative glycosyltransferase EpsH
A0A0U0FU91	BPAJBCOI_02224	hypothetical protein
A0A0U0A465	BPAJBCOI_02225	hypothetical protein
A0A6G2D8M6	BPAJBCOI_02226	hypothetical protein
B2IRG2	BPAJBCOI_02227	Response regulator SaeR
A0A0E7TVM4	BPAJBCOI_02228	Histidine protein kinase SaeS
Q04MZ3	BPAJBCOI_02229	30S ribosomal protein S4
	BPAJBCOI_02230	SpF01_sRNA
A0A559G0I4	BPAJBCOI_02231	hypothetical protein
A0AA86YBV8	BPAJBCOI_02232	putative multiple-sugar transport system permease YteP
B2IRG9	BPAJBCOI_02233	L-arabinose transport system permease protein AraQ
B2IRH0	BPAJBCOI_02234	hypothetical protein
Q04MY5	BPAJBCOI_02235	hypothetical protein
A0A0T8VIF9	BPAJBCOI_02236	hypothetical protein
A0A4N9GY32	BPAJBCOI_02237	hypothetical protein
A0A0T8PLY8	BPAJBCOI_02238	hypothetical protein
A0A0E8P7P5	BPAJBCOI_02239	hypothetical protein
Q8DRJ5	BPAJBCOI_02240	hypothetical protein
C1CBR7	BPAJBCOI_02241	putative transporter YycB
A0A4H0MIQ2	BPAJBCOI_02242	Undecaprenyl-phosphate 4-deoxy-4-formamido-L-arabinose transferase
C1CBR9	BPAJBCOI_02243	GDP-L-fucose synthase
B2IRI1	BPAJBCOI_02244	5'-nucleotidase
B1I804	BPAJBCOI_02245	L-serine dehydratase%2C alpha chain
Q8DRI9	BPAJBCOI_02246	L-serine dehydratase%2C beta chain
A0A098Z223	BPAJBCOI_02247	hypothetical protein
Q8CZB5	BPAJBCOI_02248	hypothetical protein
Q8DRI8	BPAJBCOI_02249	hypothetical protein
Q8DRI7	BPAJBCOI_02250	Macrolide export ATP-binding/permease protein MacB
B1I813	BPAJBCOI_02251	Arginine-binding extracellular protein ArtP
A0A6I3VHX5	BPAJBCOI_02252	Argininosuccinate synthase
A0AA36V981	BPAJBCOI_02253	hypothetical protein
B2IRJ2	BPAJBCOI_02254	Lactococcin-G-processing and transport ATP-binding protein LagD
A0A6I3VBQ6	BPAJBCOI_02255	hypothetical protein
