uniprot	locus_tag	product
Q8DPW5	JMFOCFNE_00001	Phosphoenolpyruvate carboxylase
	JMFOCFNE_00002	T-box
	JMFOCFNE_00002	
Q8DPW4	JMFOCFNE_00003	ABC transporter substrate-binding protein
Q8DPW3	JMFOCFNE_00004	Putative tryptophan-specific ABC transporter permease protein TrpY
Q8DPW2	JMFOCFNE_00005	ABC transporter ATP-binding protein
Q8DPW1	JMFOCFNE_00006	DNA primase
P0A4J0	JMFOCFNE_00007	RNA polymerase sigma factor RpoD
Q8DPW0	JMFOCFNE_00008	Putative aromatic ring hydroxylating enzyme
Q8DPV9	JMFOCFNE_00009	Diglucosyl diacylglycerol synthase LafB
Q8CWR6	JMFOCFNE_00010	1%2C2-diacylglycerol 3-glucosyltransferase LafA
Q8CYS3	JMFOCFNE_00011	Hypothetical protein
Q8DQK2	JMFOCFNE_00012	Hypothetical protein
Q8DPV8	JMFOCFNE_00013	GTP-binding protein ObgE
Q8CYS2	JMFOCFNE_00014	Hypothetical protein
Q8DPV7	JMFOCFNE_00015	IS1167 transposase Orf2
Q8DPV6	JMFOCFNE_00016	hypothetical protein
Q8DPV5	JMFOCFNE_00017	IS1167 transposase Orf1
	JMFOCFNE_00018	Srn266
	JMFOCFNE_00018	
	JMFOCFNE_00019	group-II-D1D4-3
	JMFOCFNE_00019	
Q8DPV4	JMFOCFNE_00020	UDP-N-acetylglucosamine 1-carboxyvinyltransferase
Q8DPV3	JMFOCFNE_00021	Ribosomal-protein-S5p-alanine acetyltransferase
Q8DPV2	JMFOCFNE_00022	Cytosolic protein containing multiple CBS domains
Q8DPV1	JMFOCFNE_00023	Methionine aminopeptidase
Q8DPV0	JMFOCFNE_00024	hypothetical protein
Q8DPU9	JMFOCFNE_00025	IS1381 transposase OrfB
Q8DPU8	JMFOCFNE_00026	ATP-dependent DNA helicase PcrA
Q8DPU7	JMFOCFNE_00027	DNA repair protein RadC
Q8DPU6	JMFOCFNE_00028	Glutamine amidotransferase%2C class I
Q8DPU5	JMFOCFNE_00029	Redox-sensitive transcriptional regulator Rex
Q8CYS1	JMFOCFNE_00030	Hypothetical protein
Q8CYS0	JMFOCFNE_00031	Hypothetical protein
Q8DPU4	JMFOCFNE_00032	Cysteine desulfurase
P65242	JMFOCFNE_00033	Ribose-phosphate pyrophosphokinase
Q8DPU3	JMFOCFNE_00034	Adenylate cyclase
Q8DPU2	JMFOCFNE_00035	GTP pyrophosphokinase
P65780	JMFOCFNE_00036	NAD kinase
Q8DPU1	JMFOCFNE_00037	RluD-like protein
Q8DPU0	JMFOCFNE_00038	Phosphate acetyltransferase
	JMFOCFNE_00039	SpR14_sRNA
	JMFOCFNE_00039	
Q8CM31	JMFOCFNE_00040	IS1167 transposase Orf2
Q8DNI4	JMFOCFNE_00041	hypothetical protein
Q8DPT9	JMFOCFNE_00042	IS1167 transposase Orf1
	JMFOCFNE_00043	Srn266
	JMFOCFNE_00043	
P67267	JMFOCFNE_00044	Hypothetical protein co-occurring with RecR
Q8DPT8	JMFOCFNE_00045	Hypothetical protein
	JMFOCFNE_00046	L21_leader
	JMFOCFNE_00046	
Q8CWR5	JMFOCFNE_00047	LSU ribosomal protein L21p
Q8DPT7	JMFOCFNE_00048	Putative ribosomal protein
P66136	JMFOCFNE_00049	LSU ribosomal protein L27p
Q8DPT6	JMFOCFNE_00050	Bifunctional FMN adenylyltransferase/riboflavin kinase RibF
Q8DPT5	JMFOCFNE_00051	Transporter
Q8DPT4	JMFOCFNE_00052	DegV family protein
Q8DPT3	JMFOCFNE_00053	DNA-binding protein HlpA
Q8DPT2	JMFOCFNE_00054	ABC transporter ATP-binding protein
Q8DPT1	JMFOCFNE_00055	Positive transcriptional regulator%2C MutR family
Q8DPT0	JMFOCFNE_00056	Macrolide efflux ABC transporter membrane-spanning permease
Q8DPS9	JMFOCFNE_00057	DNA ligase (NAD(+))
Q8DPS8	JMFOCFNE_00058	Putative glycogen debranching enzyme
Q8DPS7	JMFOCFNE_00059	Glyceraldehyde-3-phosphate dehydrogenase (NADP(+))
Q8DPS6	JMFOCFNE_00060	1%2C4-alpha-glucan-branching enzyme GlgB
Q8DPS5	JMFOCFNE_00061	Glycogen biosynthesis glucose-1-phosphate adenylyltransferase subunit GlgC
Q8DPS4	JMFOCFNE_00062	Glycogen biosynthesis glucose-1-phosphate adenylyltransferase subunit GlgD
Q8DPS3	JMFOCFNE_00063	Glycogen biosynthesis ADP-glucose--glucan transglucosylase GlgA
Q8DPS1	JMFOCFNE_00064	Glycerate kinase
Q8CYR5	JMFOCFNE_00065	Hypothetical protein
Q8DPS0	JMFOCFNE_00066	Enolase
Q8DPR8	JMFOCFNE_00067	IS630 family transposase IS630-Spn1
Q8DPR7	JMFOCFNE_00068	ATP-dependent nuclease subunit RexB
Q8DPR6	JMFOCFNE_00069	ATP-dependent nuclease subunit RexA
Q8CYR4	JMFOCFNE_00070	Hypothetical protein
Q59947	JMFOCFNE_00071	IgA1 protease ZmpA
Q8DPR4	JMFOCFNE_00072	50S ribosomal subunit maturation GTPase RbgA
Q8DPR3	JMFOCFNE_00073	Ribonuclease HII
Q8DPR2	JMFOCFNE_00074	Voltage-gated chloride channel family protein
Q7ZAK7	JMFOCFNE_00075	Tyrosine recombinase XerS
Q8DPR1	JMFOCFNE_00076	Lipoate-protein ligase A
Q8DPR0	JMFOCFNE_00077	Dihydrolipoamide dehydrogenase of acetoin dehydrogenase
Q8DPQ9	JMFOCFNE_00078	Dihydrolipoamide acetyltransferase (E2) component of acetoin dehydrogenase complex
Q8DPQ8	JMFOCFNE_00079	Acetoin dehydrogenase E1 component beta-subunit
Q8DPQ7	JMFOCFNE_00080	Acetoin dehydrogenase E1 component alpha-subunit
Q8DPQ6	JMFOCFNE_00081	Dihydrolipoamide acetyltransferase
Q8DNX1	JMFOCFNE_00082	Hypothetical protein
Q8DPQ5	JMFOCFNE_00083	Dihydroorotase
P59659	JMFOCFNE_00084	8-oxo-dGTP diphosphatase MutX
Q8DPQ4	JMFOCFNE_00085	Uracil-DNA glycosylase%2C family 1
Q8CYR3	JMFOCFNE_00086	Hypothetical protein
Q8DPQ3	JMFOCFNE_00087	2-haloalkanoic acid dehalogenase
Q8DP70	JMFOCFNE_00088	PTS-dependent dihydroxyacetone kinase%2C phosphotransferase subunit DhaM
P0A4T2	JMFOCFNE_00089	PTS-dependent dihydroxyacetone kinase%2C phosphotransferase subunit DhaM
Q8CWR4	JMFOCFNE_00090	Pneumococcal histidine triad protein B
Q8DPQ2	JMFOCFNE_00091	Pneumococcal histidine triad protein A
Q8DPQ1	JMFOCFNE_00092	Phosphoenolpyruvate-protein phosphotransferase of PTS
Q8DPQ0	JMFOCFNE_00093	Phosphotransferase system%2C phosphocarrier protein HPr
Q8DPP9	JMFOCFNE_00094	Glutaredoxin-like protein NrdH
Q8CWR3	JMFOCFNE_00095	Ribonucleotide reductase of class Ib%2C alpha subunit
Q8DPP8	JMFOCFNE_00096	Ribonucleotide reductase of class Ib%2C beta subunit
Q8DPP7	JMFOCFNE_00097	Lactose phosphotransferase system repressor
Q8DQ69	JMFOCFNE_00098	hypothetical protein
Q8DPP6	JMFOCFNE_00099	6-phospho-beta-galactosidase
Q8DPP5	JMFOCFNE_00100	Lactose-specific PTS IIBC components
Q8DPP4	JMFOCFNE_00101	Lactose-specific PTS IIA component
Q8DPP3	JMFOCFNE_00102	Beta-glucoside bgl operon antiterminator LacT%2C BglG family
Q8DPP2	JMFOCFNE_00103	Tagatose 1%2C6-diphosphate aldolase
Q8DPP1	JMFOCFNE_00104	Tagatose-6-phosphate kinase LacC
Q8DPP0	JMFOCFNE_00105	Galactose-6-phosphate isomerase%2C LacB subunit
Q8DPN9	JMFOCFNE_00106	Galactose-6-phosphate isomerase%2C LacA subunit
Q8DPN8	JMFOCFNE_00107	Aldose epimerase
Q8DPN7	JMFOCFNE_00108	IS1381 transposase OrfB
Q8DPN6	JMFOCFNE_00109	IS5 family transposase ISSpn7
Q8CYR0	JMFOCFNE_00110	Galactose-specific PTS IIB component
Q8CYQ9	JMFOCFNE_00111	Galactose-specific PTS IIA component
Q8DPN5	JMFOCFNE_00112	Translation elongation factor LepA
Q8DPN4	JMFOCFNE_00113	Serine/threonine protein phosphatase
Q8DPN3	JMFOCFNE_00114	DNA repair protein RecN
Q8DPN2	JMFOCFNE_00115	Arginine pathway regulatory protein AhrC
Q8DPN1	JMFOCFNE_00116	RNA-binding methyltransferase
Q8DPN0	JMFOCFNE_00117	(2E%2C6E)-farnesyl diphosphate synthase
P67466	JMFOCFNE_00118	Exodeoxyribonuclease VII small subunit
Q8DPM9	JMFOCFNE_00119	Exodeoxyribonuclease VII large subunit
P67414	JMFOCFNE_00120	Uridine kinase
Q8CYQ8	JMFOCFNE_00121	Hypothetical protein
Q8DRN0	JMFOCFNE_00122	Hypothetical protein
Q8CWR2	JMFOCFNE_00123	tRNA pseudouridine synthase B
Q8DPM8	JMFOCFNE_00124	Hypothetical protein
Q8DPM8	JMFOCFNE_00125	Hypothetical protein
Q8DPM7	JMFOCFNE_00126	Hypothetical protein
Q8DPM6	JMFOCFNE_00127	Cystathionine gamma-synthase
Q8DNA2	JMFOCFNE_00128	O-acetyl-L-homoserine sulfhydrylase
Q8DPM4	JMFOCFNE_00129	Formate-nitrate transporter
Q8DPM3	JMFOCFNE_00130	Sortase SrtA%2C LPXTG specific
Q8DPM2	JMFOCFNE_00131	DNA gyrase subunit A
P0A3N0	JMFOCFNE_00132	L-lactate dehydrogenase
Q8DPM1	JMFOCFNE_00133	Type II restriction-modification system endonuclease
Q8DPM0	JMFOCFNE_00134	Type II restriction-modification system methyltransferase
Q8CYQ7	JMFOCFNE_00135	mRNA interferase RelE2
Q8CYQ6	JMFOCFNE_00136	Replicon stabilization protein RelB2
Q8DPL9	JMFOCFNE_00137	Zn-dependent hydrolase VicX
Q8DPL8	JMFOCFNE_00138	Two-component system sensor histidine kinase VicK
Q8DPL7	JMFOCFNE_00139	Two-component system response regulator VicR
Q8DPL6	JMFOCFNE_00140	A/G-specific adenine glycosylase
Q8DPL5	JMFOCFNE_00141	Formate--tetrahydrofolate ligase
Q8DPL4	JMFOCFNE_00142	Phosphopantothenoylcysteine synthetase
Q8DPL3	JMFOCFNE_00143	Phosphopantothenoylcysteine decarboxylase
Q8DPL2	JMFOCFNE_00144	Substrate-specific component PanT of putative pantothenate ECF transporter
Q8CYQ5	JMFOCFNE_00145	Substrate-specific component NiaX of putative niacin ECF transporter
Q8DPL1	JMFOCFNE_00146	Transcriptional repressor of NAD biosynthesis
Q8DPL0	JMFOCFNE_00147	MutT/Nudix family protein
Q8DPK9	JMFOCFNE_00148	Acetyltransferase
Q8DPK8	JMFOCFNE_00149	Acetyltransferase
Q8DPK7	JMFOCFNE_00150	Excinuclease ABC subunit B
Q8DPK6	JMFOCFNE_00151	CAAX amino terminal protease family protein
Q8DPK5	JMFOCFNE_00152	Glutamine ABC transporter GlnHP5%2C containing substrate-binding and permease domains
Q8DPK4	JMFOCFNE_00153	Glutamine transport ATP-binding protein GlnQ
Q8DPK3	JMFOCFNE_00154	Glucose-6-phosphate 1-dehydrogenase
Q8DPK2	JMFOCFNE_00155	Signal recognition particle receptor FtsY
Q8DPK1	JMFOCFNE_00156	Hydrolase%2C HAD superfamily
Q8DPK0	JMFOCFNE_00157	Hydrolase%2C HAD superfamily
Q8DPJ9	JMFOCFNE_00158	Chromosome partition protein SMC
Q8DPJ8	JMFOCFNE_00159	Ribonuclease III
	JMFOCFNE_00160	tRNA-Arg(ccg)
	JMFOCFNE_00160	
Q8DPJ7	JMFOCFNE_00161	GMP reductase
Q8CYQ4	JMFOCFNE_00162	Hypothetical protein
Q8CYQ3	JMFOCFNE_00163	Endonuclease
Q8CYQ2	JMFOCFNE_00164	Hypothetical protein
Q8DPJ6	JMFOCFNE_00165	3-isopropylmalate dehydratase small subunit
Q8DPJ5	JMFOCFNE_00166	Putative membrane protein
Q8DPJ4	JMFOCFNE_00167	3-isopropylmalate dehydrogenase
Q8DPJ3	JMFOCFNE_00168	2-isopropylmalate synthase
Q8DPJ2	JMFOCFNE_00169	2-isopropylmalate synthase
Q8CYQ0	JMFOCFNE_00170	Hypothetical protein
Q8DPJ1	JMFOCFNE_00171	Cytoplasmic copper homeostasis protein CutC
Q8DPJ0	JMFOCFNE_00172	Hypothetical protein related to heme utilization
Q8DPI9	JMFOCFNE_00173	DNA topoisomerase I
Q8DPI8	JMFOCFNE_00174	Integral membrane protein
Q8DPI7	JMFOCFNE_00175	DNA protecting protein DprA
Q8DPI6	JMFOCFNE_00176	Cholinephosphate cytidylyltransferase LicC
Q8DPI5	JMFOCFNE_00177	Choline permease LicB
Q8DPI4	JMFOCFNE_00178	Choline kinase LicA
Q8DPI3	JMFOCFNE_00179	Ribulose-5-phosphate reductase
Q8DPI2	JMFOCFNE_00180	Ribitol-5-phosphate cytidylyltransferase
Q8DPI1	JMFOCFNE_00181	Membrane protein TacF involved in the export of O-antigen and teichoic acid
Q8DPI0	JMFOCFNE_00182	Lipopolysaccharide cholinephosphotransferase LicD1
Q8CWR1	JMFOCFNE_00183	Lipopolysaccharide cholinephosphotransferase LicD2
Q8CWR0	JMFOCFNE_00184	Carbamoyl-phosphate synthase large chain CarB
P63734	JMFOCFNE_00185	Carbamoyl-phosphate synthase small chain CarA
Q8DPH9	JMFOCFNE_00186	Aspartate carbamoyltransferase
P65947	JMFOCFNE_00187	Bifunctional uracil phosphoribosyltransferase/pyrimidine operon regulatory protein PyrR
	JMFOCFNE_00188	PyrR
	JMFOCFNE_00188	
Q8DPH8	JMFOCFNE_00189	Endonuclease III
Q8DPH7	JMFOCFNE_00190	Protein%2C clustered with ribosomal protein L32p
Q8CYP8	JMFOCFNE_00191	BlpT protein
	JMFOCFNE_00192	SpF43_sRNA
	JMFOCFNE_00192	
Q8DPH6	JMFOCFNE_00193	ABC transporter ATP-binding protein
Q8DPH5	JMFOCFNE_00194	Heat shock protein HtpX
Q8DPH4	JMFOCFNE_00195	LemA
Q8DPH3	JMFOCFNE_00196	16S rRNA (guanine(527)-N(7))-methyltransferase RsmG
	JMFOCFNE_00197	SpF44_sRNA
	JMFOCFNE_00197	
Q8DPH2	JMFOCFNE_00198	Uracil permease
Q8DPH1	JMFOCFNE_00199	Signal recognition particle protein Ffh
Q8DPH0	JMFOCFNE_00200	Signal recognition particle associated protein
Q8CYP6	JMFOCFNE_00201	Hypothetical protein
Q8DPG9	JMFOCFNE_00202	dNTP triphosphohydrolase
Q8DPG8	JMFOCFNE_00203	Sugar phosphatase YidA
	JMFOCFNE_00204	tRNA-Arg(cct)
	JMFOCFNE_00204	
Q8CWQ9	JMFOCFNE_00205	LSU ribosomal protein L19p
Q8DPG7	JMFOCFNE_00206	ClC-type fluoride channel
Q8DPG6	JMFOCFNE_00207	ClC-type fluoride channel
Q8DPG5	JMFOCFNE_00208	Chorismate mutase I
Q8DPG4	JMFOCFNE_00209	Flavodoxin
Q8DPG3	JMFOCFNE_00210	DHH family phosphoesterase Pde2
P66201	JMFOCFNE_00211	LSU ribosomal protein L31p
Q8CYP5	JMFOCFNE_00212	Ferrous iron transport permease EfeU
Q8DPG2	JMFOCFNE_00213	Ferrous iron transport peroxidase EfeB
Q8DPG1	JMFOCFNE_00214	IS630 family transposase ISSpn2
Q8DPG0	JMFOCFNE_00215	NADP-specific glutamate dehydrogenase
Q8CYP4	JMFOCFNE_00216	Hypothetical protein
Q8DPF9	JMFOCFNE_00217	ABC transporter ATP-binding protein
	JMFOCFNE_00218	SpF25_sRNA
	JMFOCFNE_00218	
Q8CYP3	JMFOCFNE_00219	hypothetical protein
Q8CYP2	JMFOCFNE_00220	N-acetylmannosamine kinase
Q8DPF8	JMFOCFNE_00221	4-hydroxy-tetrahydrodipicolinate synthase
Q8CMJ8	JMFOCFNE_00222	hypothetical protein
Q8DPF7	JMFOCFNE_00223	Cytidine deaminase
Q8DPF6	JMFOCFNE_00224	Phosphatidylglycerophosphatase
Q8CYP1	JMFOCFNE_00225	Hypothetical protein
Q8DPF5	JMFOCFNE_00226	Oligopeptide transport ATP-binding protein
Q8DPF4	JMFOCFNE_00227	Dipeptide transport system permease protein
Q8DPF3	JMFOCFNE_00228	Oligopeptide transport system permease protein
Q8DPF2	JMFOCFNE_00229	Oligopeptide ABC transporter substrate-binding protein
Q8DPF1	JMFOCFNE_00230	N-acetylneuraminate epimerase
Q8DPF0	JMFOCFNE_00231	N-acetylmannosamine-6-phosphate 2-epimerase
Q8DPE9	JMFOCFNE_00232	IS1381 transposase OrfB
Q8CYP0	JMFOCFNE_00233	Hypothetical protein
Q8DQQ8	JMFOCFNE_00234	Hypothetical protein
Q8CYN8	JMFOCFNE_00235	Hypothetical protein
Q8DPE7	JMFOCFNE_00236	ABC transporter ATP-binding protein
Q8DPE6	JMFOCFNE_00237	ABC transporter ATP-binding/membrane spanning protein
Q8CWQ8	JMFOCFNE_00238	Protease II
Q8DPE5	JMFOCFNE_00239	Lanthionine biosynthesis protein LanL
Q8DQQ8	JMFOCFNE_00240	Hypothetical protein
Q8CYN7	JMFOCFNE_00241	Tn5253 putative CAAX amino terminal protease
Q8DQC3	JMFOCFNE_00242	hypothetical protein
Q8CYN6	JMFOCFNE_00243	Tn5253 hypothetical protein
Q8CYN5	JMFOCFNE_00244	hypothetical protein
Q8CYN4	JMFOCFNE_00245	hypothetical protein
Q8CYN3	JMFOCFNE_00246	Tn5253 hypothetical protein
	JMFOCFNE_00247	rli38
	JMFOCFNE_00247	
P0A472	JMFOCFNE_00248	LSU ribosomal protein L7/L12 (P1/P2)
P66051	JMFOCFNE_00249	LSU ribosomal protein L10p (P0)
	JMFOCFNE_00250	L10_leader
	JMFOCFNE_00250	
Q8DPE4	JMFOCFNE_00251	Methylthioadenosine deaminase
Q8DPE3	JMFOCFNE_00252	ABC transporter ATP-binding/permease protein
Q8DPE2	JMFOCFNE_00253	ABC transporter ATP-binding/permease protein
P0A3R0	JMFOCFNE_00254	Peptide methionine sulfoxide reductase MsrAB1
Q8DPE4	JMFOCFNE_00255	Hypothetical protein
P0A3L8	JMFOCFNE_00256	Homoserine kinase
Q8DPE1	JMFOCFNE_00257	Homoserine dehydrogenase
Q8DPE0	JMFOCFNE_00258	Adaptor protein MecA
Q8CYN1	JMFOCFNE_00259	TarQ
Q8CYN0	JMFOCFNE_00260	Teichoic acid ribitol polymerase
Q8DPD9	JMFOCFNE_00261	Glycosyltransferase%2C group 2 family
Q8DPD8	JMFOCFNE_00262	Glycosyltransferase%2C group 1 family
Q8DPD7	JMFOCFNE_00263	Lipopolysaccharide cholinephosphotransferase LicD3
Q8DPD6	JMFOCFNE_00264	LytR-CpsA-Psr subfamily F1 cell envelope-associated transcriptional attenuator
Q8DPD5	JMFOCFNE_00265	Prephenate dehydratase
Q8DPD4	JMFOCFNE_00266	Shikimate kinase I
Q8CWQ7	JMFOCFNE_00267	5-Enolpyruvylshikimate-3-phosphate synthase
Q8DPD3	JMFOCFNE_00268	Transcriptional regulator
Q8DPD2	JMFOCFNE_00269	Prephenate dehydrogenase
P0A2Y7	JMFOCFNE_00270	Chorismate synthase
Q8DPD1	JMFOCFNE_00271	3-dehydroquinate synthase
P63596	JMFOCFNE_00272	Shikimate/quinate 5-dehydrogenase I beta
P63589	JMFOCFNE_00273	3-dehydroquinate dehydratase I
Q8DPD0	JMFOCFNE_00274	Putative ribosomal RNA large subunit methyltransferase YwbD
Q8CYM9	JMFOCFNE_00275	ABC transporter permease
Q8DPC9	JMFOCFNE_00276	ABC transporter ATP-binding protein
Q8DPC8	JMFOCFNE_00277	Cytoplasmic alpha-amylase
Q8DPC7	JMFOCFNE_00278	Alanyl-tRNA synthetase
Q8DPC6	JMFOCFNE_00279	Hypothetical protein
Q8DPC5	JMFOCFNE_00280	Spermidine/putrescine import ABC transporter substrate-binding protein PotD
Q8DPC4	JMFOCFNE_00281	Spermidine/putrescine import ABC transporter permease protein PotC
Q8DPC3	JMFOCFNE_00282	Spermidine/putrescine import ABC transporter permease protein PotB
Q8DPC2	JMFOCFNE_00283	Spermidine/putrescine import ABC transporter ATP-binding protein PotA
P65467	JMFOCFNE_00284	UDP-N-acetylenolpyruvoylglucosamine reductase
Q8DPC0	JMFOCFNE_00285	Hypothetical protein
Q8DPB9	JMFOCFNE_00286	Alpha-acetolactate decarboxylase
Q8DPB8	JMFOCFNE_00287	Putative transcriptional regulator of pyridoxine metabolism
Q8DPB7	JMFOCFNE_00288	Amino acid ABC transporter amino acid-binding/permease protein
Q8DPB6	JMFOCFNE_00289	Phosphate transport system regulatory protein PhoU2
P63374	JMFOCFNE_00290	Phosphate transport ATP-binding protein PstB2_2
Q8DPB4	JMFOCFNE_00291	Phosphate transport ATP-binding protein PstB2_1
Q8DPB3	JMFOCFNE_00292	Phosphate transport system permease protein PstA2
Q8DPB2	JMFOCFNE_00293	Phosphate transport system permease protein PstC2
Q8DPB1	JMFOCFNE_00294	Phosphate ABC transporter periplasmic phosphate-binding protein PstS2
Q8DNH0	JMFOCFNE_00295	Hypothetical protein
Q8DPB0	JMFOCFNE_00296	tRNA and rRNA cytosine-C5-methylase
Q8DPA9	JMFOCFNE_00297	Inositol-1-monophosphatase
P67362	JMFOCFNE_00298	Hypothetical protein
Q8DPA8	JMFOCFNE_00299	Transcriptional regulator SpxA1
Q8CYM6	JMFOCFNE_00300	Integral membrane protein
Q8DPA7	JMFOCFNE_00301	Putative NagD-like phosphatase
Q8CYM5	JMFOCFNE_00302	Acyl-ACP thioesterase
Q8DPA6	JMFOCFNE_00303	Putative radical SAM family enzyme
Q8DPA5	JMFOCFNE_00304	Hypothetical protein
Q8DPA4	JMFOCFNE_00305	General stress protein
Q8DPA3	JMFOCFNE_00306	Prolipoprotein diacylglyceryl transferase
Q8DPA2	JMFOCFNE_00307	HPr kinase/phosphorylase
P66525	JMFOCFNE_00308	SSU ribosomal protein S21p
Q8DPA1	JMFOCFNE_00309	Glucosamine-6-phosphate deaminase
Q8DPA0	JMFOCFNE_00310	S-adenosylmethionine:tRNA ribosyltransferase-isomerase
Q8DP99	JMFOCFNE_00311	Choline-binding protein CbpM
Q8CZ52	JMFOCFNE_00312	Hypothetical protein
Q8DP98	JMFOCFNE_00313	Acetyltransferase%2C GNAT family
P65509	JMFOCFNE_00314	NAD synthetase
Q8DP97	JMFOCFNE_00315	Nicotinate phosphoribosyltransferase
Q8CYM4	JMFOCFNE_00316	Hypothetical protein
Q8DP96	JMFOCFNE_00317	Transcriptional repressor
Q8CYM3	JMFOCFNE_00318	Hypothetical protein
Q8DP95	JMFOCFNE_00319	Multidrug efflux ABC transporter ATP-binding protein
Q8CYM2	JMFOCFNE_00320	Peptidase%2C U32 family large subunit (C1)
Q8DP94	JMFOCFNE_00321	Peptidase%2C U32 family large subunit (C1)
Q8DP93	JMFOCFNE_00322	hypothetical protein
Q8DP92	JMFOCFNE_00323	hypothetical protein
Q8DP91	JMFOCFNE_00324	Type II restriction-modification system methyltransferase
Q8CYM0	JMFOCFNE_00325	Transcriptional regulator%2C AraC family
Q8DP90	JMFOCFNE_00326	ABC transporter ATP-binding/permease protein
Q8DP89	JMFOCFNE_00327	ABC transporter ATP-binding/permease protein
Q8CYL9	JMFOCFNE_00328	Substrate-specific component of putative ECF transporter
Q8DP88	JMFOCFNE_00329	Transmembrane component of energizing module of putative ECF transporter
Q8DP87	JMFOCFNE_00330	Duplicated ATPase component of energizing module of putative ECF transporter
Q8CYL7	JMFOCFNE_00331	hypothetical protein
Q8DP85	JMFOCFNE_00332	IS66 family transposase Orf2
Q8DP84	JMFOCFNE_00333	IS66 family transposase Orf1
	JMFOCFNE_00334	SpR18_sRNA
	JMFOCFNE_00334	
P64298	JMFOCFNE_00335	GMP synthase%2C amidotransferase and ATP pyrophosphatase subunits
Q8DP83	JMFOCFNE_00336	Transcriptional regulator in cluster with beta-lactamase%2C GntR family
Q8DP82	JMFOCFNE_00337	Drug/metabolite transporter superfamily protein
Q8CYL5	JMFOCFNE_00338	Beta-lactamase%2C class C
Q8DP81	JMFOCFNE_00339	C3-degrading proteinase
Q8CYL4	JMFOCFNE_00340	Bifunctional N-acetylneuraminate cytidylyltransferase/platelet activating factor
Q8DP80	JMFOCFNE_00341	HAD superfamily hydrolase
Q8CYL3	JMFOCFNE_00342	hypothetical protein
Q8CYL2	JMFOCFNE_00343	Capsule biosynthesis protein CapA
Q8DP79	JMFOCFNE_00344	Peptide deformylase
Q8CWQ6	JMFOCFNE_00345	23S rRNA (guanosine(2251)-2'-O)-methyltransferase
Q8DP78	JMFOCFNE_00346	Thioredoxin reductase
Q8CYL0	JMFOCFNE_00347	Hypothetical protein
Q8DP77	JMFOCFNE_00348	Cysteine ABC transporter ATP-binding protein
Q8DP76	JMFOCFNE_00349	Cysteine ABC transporter permease protein
Q8DP75	JMFOCFNE_00350	Arsenate reductase
Q8DP74	JMFOCFNE_00351	Methylated-DNA--protein-cysteine methyltransferase
Q8CYK9	JMFOCFNE_00352	Acetyltransferase
Q8CYK8	JMFOCFNE_00353	Hypothetical protein
Q8DP73	JMFOCFNE_00354	Hemolysin III
Q8DP72	JMFOCFNE_00355	Pyridoxal 5'-phosphate synthase%2C glutaminase subunit PdxT
Q8DP71	JMFOCFNE_00356	Pyridoxal 5'-phosphate synthase%2C synthase subunit PdxS
Q8DP70	JMFOCFNE_00357	NADH peroxidase
Q8DP69	JMFOCFNE_00358	Putative thiamin biosynthesis lipoprotein
Q8DP68	JMFOCFNE_00359	Fumarate reductase%2C flavoprotein subunit precursor
Q8CYK7	JMFOCFNE_00360	Fumarate reductase%2C flavoprotein subunit precursor
Q8DP67	JMFOCFNE_00361	Hypothetical protein
Q8DP66	JMFOCFNE_00362	Glycyl-tRNA synthetase beta chain
Q8DP65	JMFOCFNE_00363	Glycyl-tRNA synthetase alpha chain
Q8CYK6	JMFOCFNE_00364	hypothetical protein
Q8CYK5	JMFOCFNE_00365	hypothetical protein
	JMFOCFNE_00366	SpR19_sRNA
	JMFOCFNE_00366	
Q8DP64	JMFOCFNE_00367	Ooxidoreductase of aldo/keto reductase family%2C subgroup 1
Q8DP63	JMFOCFNE_00368	Peptidoglycan N-acetylglucosamine deacetylase
Q8DP62	JMFOCFNE_00369	Oxidoreductase%2C Gfo/Idh/MocA family
Q8DP61	JMFOCFNE_00370	ATP-dependent RNA helicase YfmL
Q8DP59	JMFOCFNE_00371	IS630 family transposase ISSpn2
Q8DP58	JMFOCFNE_00372	IS3 family transposase ISSpn11
Q8CM57	JMFOCFNE_00373	hypothetical protein
Q8DP57	JMFOCFNE_00374	IS3 family transposase ISSpn11
Q8DP56	JMFOCFNE_00375	IS630 family transposase ISSpn2
P64031	JMFOCFNE_00376	Translation elongation factor Tu
Q8DP55	JMFOCFNE_00377	Major intrinsic protein family aquaporin
Q8CYK3	JMFOCFNE_00378	Cell wall surface anchor family protein MucB
Q8CYK2	JMFOCFNE_00379	Hypothetical protein
Q8CYK1	JMFOCFNE_00380	Hypothetical protein
Q8DP54	JMFOCFNE_00381	hypothetical protein
Q8DP52	JMFOCFNE_00382	Phosphoglucomutase
Q8DP51	JMFOCFNE_00383	Bacterocin transport accessory protein
Q8DP50	JMFOCFNE_00384	Glutamine ABC transporter substrate-binding protein GlnH6
Q8DP49	JMFOCFNE_00385	Glutamine ABC transporter ATP-binding protein GlnQ6
Q8DP48	JMFOCFNE_00386	Glutamine ABC transporter permease GlnP6
Q8DP47	JMFOCFNE_00387	TPR-repeat-containing protein
Q8DP46	JMFOCFNE_00388	Hypothetical protein
Q8DP45	JMFOCFNE_00389	6-phosphogluconolactonase
P63668	JMFOCFNE_00390	ATP synthase F1 sector epsilon chain
Q8DP44	JMFOCFNE_00391	ATP synthase F1 sector beta chain
Q7CRB2	JMFOCFNE_00392	ATP synthase F1 sector gamma chain
Q7CRB1	JMFOCFNE_00393	ATP synthase F1 sector alpha chain
P0A2Z5	JMFOCFNE_00394	ATP synthase F1 sector delta chain
P0A2Z3	JMFOCFNE_00395	ATP synthase F0 sector subunit b
P0A2Y9	JMFOCFNE_00396	ATP synthase F0 sector subunit a
P0A307	JMFOCFNE_00397	ATP synthase F0 sector subunit c
Q8DP43	JMFOCFNE_00398	ISSpn8 transposase
Q8CYJ9	JMFOCFNE_00399	Acetyltransferase
Q8DNL2	JMFOCFNE_00400	Hypothetical protein
Q8DP42	JMFOCFNE_00401	Transcription elongation factor GreA
Q8CYJ8	JMFOCFNE_00402	Endolytic murein transglycosylase MltG
Q8DP41	JMFOCFNE_00403	Acetyltransferase%2C GNAT family
Q8CYJ7	JMFOCFNE_00404	hypothetical protein
Q8DP40	JMFOCFNE_00405	UDP-N-acetylmuramate--alanine ligase
Q8CYJ6	JMFOCFNE_00406	Hypothetical protein
Q8DP39	JMFOCFNE_00407	SWF/SNF family helicase
Q8DP38	JMFOCFNE_00408	Bifunctional PLP-dependent beta-cystathionase/maltose regulon repressor
Q8DP37	JMFOCFNE_00409	Cystathionine gamma-synthase
Q8DP36	JMFOCFNE_00410	ABC transporter ATP-binding/permease protein
Q8DP35	JMFOCFNE_00411	ABC transporter%2C ATP-binding/permease protein
Q8DP34	JMFOCFNE_00412	Multidrug resistance ABC transporter ATP-binding and permease protein
Q8DP33	JMFOCFNE_00413	hypothetical protein
P0A4G1	JMFOCFNE_00414	Oligopeptide ABC transporter oligopeptide-binding protein AliB
Q8DP32	JMFOCFNE_00415	Putative cell division protein YtgP
Q8CWQ5	JMFOCFNE_00416	UDP-N-acetylmuramoylalanyl-D-glutamate--L-lysine ligase
Q8CYJ5	JMFOCFNE_00417	Hypothetical protein
Q8CYJ4	JMFOCFNE_00418	hypothetical protein
Q8CYJ3	JMFOCFNE_00419	hypothetical protein
Q8CYJ2	JMFOCFNE_00420	Glutamate synthase [NADPH] large chain
P65756	JMFOCFNE_00421	Manganese-dependent inorganic pyrophosphatase
Q8DP31	JMFOCFNE_00422	Putative endonuclease
Q8DP30	JMFOCFNE_00423	tRNA(1)(Val) (adenine(37)-N(6))-methyltransferase
Q8DP29	JMFOCFNE_00424	General stress protein 13
Q8CYJ1	JMFOCFNE_00425	Bifunctional lipoprotein rotamase A/peptidyl-prolyl cis-trans isomerase
P66473	JMFOCFNE_00426	SSU ribosomal protein S18p
P66855	JMFOCFNE_00427	Single-stranded DNA-binding protein
P66603	JMFOCFNE_00428	SSU ribosomal protein S6p
Q8CWQ4	JMFOCFNE_00429	Asparaginyl-tRNA synthetase
Q8DP27	JMFOCFNE_00430	Putative lactoylglutathione lyase
Q8DP26	JMFOCFNE_00431	Aspartate aminotransferase
Q8DP25	JMFOCFNE_00432	Hypothetical protein
Q8CYI9	JMFOCFNE_00433	Hypothetical protein
Q8CYI8	JMFOCFNE_00434	Pneumococcal collagen-like protein PclA
Q8DP24	JMFOCFNE_00435	M protein trans-acting positive regulator Mga1
Q8DP23	JMFOCFNE_00436	hypothetical protein
Q8CYI7	JMFOCFNE_00437	Hypothetical protein
	JMFOCFNE_00438	SpR20_sRNA
	JMFOCFNE_00438	
Q8CYI6	JMFOCFNE_00439	Cell shape-determining protein
Q8DP22	JMFOCFNE_00440	Peptide deformylase
Q8DP21	JMFOCFNE_00441	Glutathione S-transferase
Q8DP20	JMFOCFNE_00442	Calcium-transporting ATPase
	JMFOCFNE_00443	SSRC10
	JMFOCFNE_00443	
Q8DP19	JMFOCFNE_00444	Cobalt-zinc-cadmium resistance protein
Q8DP18	JMFOCFNE_00445	ATPase component of ABC transporter with duplicated ATPase domains
Q8CWQ3	JMFOCFNE_00446	CCA tRNA nucleotidyltransferase
P63896	JMFOCFNE_00447	4-hydroxy-tetrahydrodipicolinate reductase
Q8DP17	JMFOCFNE_00448	DegV family protein
Q8DP17	JMFOCFNE_00449	hypothetical protein
Q8CYI5	JMFOCFNE_00450	Hypothetical protein
Q8DP16	JMFOCFNE_00451	Phosphoglucosamine mutase
Q8DP15	JMFOCFNE_00452	Hypothetical protein
Q8DP14	JMFOCFNE_00453	Bacterial checkpoint controller DisA
Q8DP13	JMFOCFNE_00454	Thioredoxin reductase
Q8DP12	JMFOCFNE_00455	Putative cytoplasmic protein
Q8DP11	JMFOCFNE_00456	LPPG:FO 2-phospho-L-lactate transferase-like protein
Q8DP10	JMFOCFNE_00457	Putative P-loop-containing kinase
Q8DP09	JMFOCFNE_00458	RidA/YER057c/UK114 superfamily protein
P64073	JMFOCFNE_00459	GTP-binding protein EngB
P63792	JMFOCFNE_00460	ATP-dependent Clp protease ATP-binding subunit ClpX
Q8CYI3	JMFOCFNE_00461	Hypothetical protein
Q7CRB0	JMFOCFNE_00462	Dihydrofolate reductase
Q8DP08	JMFOCFNE_00463	Bifunctional non-specific DNA-binding protein/ferroxidase Dpr
Q8DP07	JMFOCFNE_00464	1%2C4-beta-N-acetylmuramidase%2C lyzozyme LytC
P66943	JMFOCFNE_00465	Triosephosphate isomerase
Q8DP06	JMFOCFNE_00466	Chromosome replication initiation protein DnaD
Q8DP05	JMFOCFNE_00467	Homoserine O-succinyltransferase
P63545	JMFOCFNE_00468	Adenine phosphoribosyltransferase
Q8DP04	JMFOCFNE_00469	SAM-dependent methyltransferase
Q8DP03	JMFOCFNE_00470	Multiple sugar ABC transporter%2C ATP-binding protein
	JMFOCFNE_00471	tRNA-Leu(aag)
	JMFOCFNE_00471	
Q8DP02	JMFOCFNE_00472	Nicotinamidase
Q8DP01	JMFOCFNE_00473	GTP-sensing transcriptional pleiotropic repressor CodY
P0A4D8	JMFOCFNE_00474	DEAD-box ATP-dependent RNA helicase CshA
Q8CWQ2	JMFOCFNE_00475	Major facilitator oxalate:formate antiporter
Q8DP00	JMFOCFNE_00476	Pyridine nucleotide-disulfide oxidoreductase
Q8DNZ9	JMFOCFNE_00477	Mur ligase family protein
Q8DNZ8	JMFOCFNE_00478	Putative amidotransferase similar to cobyric acid synthase
Q8DNZ7	JMFOCFNE_00479	Xaa-Pro dipeptidase
Q8DNZ6	JMFOCFNE_00480	IS3 family transposase ISSpn11
Q8DNZ5	JMFOCFNE_00481	IS3 family transposase ISSpn11
Q8DNZ4	JMFOCFNE_00482	hypothetical protein
Q8DNZ3	JMFOCFNE_00483	Substrate-specific component PdxU2 of putative pyridoxin-related ECF transporter
Q8DNZ2	JMFOCFNE_00484	Pyridoxal kinase%2C thiD family
Q8CWQ1	JMFOCFNE_00485	tRNA pseudouridine synthase A
Q8DNZ1	JMFOCFNE_00486	Major facilitator superfamily transporter-permease
Q8CYI1	JMFOCFNE_00487	Hypothetical protein
Q8DNZ0	JMFOCFNE_00488	Protein PhnA
Q8DNY9	JMFOCFNE_00489	Cytidylate kinase
Q8CYI0	JMFOCFNE_00490	Hypothetical protein
Q8DNY8	JMFOCFNE_00491	Ferredoxin
Q8DNY7	JMFOCFNE_00492	Bactoprenol glucosyl transferase
Q8DNY6	JMFOCFNE_00493	UDP-glucose 4-epimerase
Q8DNY5	JMFOCFNE_00494	Glycine/D-amino acid oxidases family protein
Q8DNY4	JMFOCFNE_00495	Putative GTP cyclohydrolase 1 type 2 protein YbgI
Q8DNY3	JMFOCFNE_00496	tRNA (adenine(22)-N(1))-methyltransferase
Q8DNY2	JMFOCFNE_00497	Cadmium-transporting ATPase
Q8DNY1	JMFOCFNE_00498	Acyl-ACP:1-acyl-sn-glycerol-3-phosphate acyltransferase
Q8DNY0	JMFOCFNE_00499	Cadmium resistance protein CadD
Q8CWQ0	JMFOCFNE_00500	SSU ribosomal protein S15p (S13e)
Q8DNX9	JMFOCFNE_00501	Rrf2-linked NADH-flavin reductase
Q8CYH9	JMFOCFNE_00502	Hypothetical protein
Q8CYH8	JMFOCFNE_00503	hypothetical protein
Q8DNX8	JMFOCFNE_00504	Threonyl-tRNA synthetase
Q8DNX7	JMFOCFNE_00505	Two-component system sensor histidine kinase
Q8DNX6	JMFOCFNE_00506	Two-component system response regulator
Q8CYH6	JMFOCFNE_00507	Esterase/lipase
Q8CYH5	JMFOCFNE_00508	Hypothetical protein
Q8DNX5	JMFOCFNE_00509	Rrf2 family transcriptional regulator%2C group III
Q8DNX4	JMFOCFNE_00510	Putative diadenosine tetraphosphatase
Q8DNX3	JMFOCFNE_00511	Mn-dependent transcriptional regulator MntR
Q8CYH2	JMFOCFNE_00512	hypothetical protein
Q8CYH1	JMFOCFNE_00513	Hypothetical protein
Q8CYH0	JMFOCFNE_00514	Hypothetical protein
Q8DQ61	JMFOCFNE_00515	Hypothetical protein
Q8DR09	JMFOCFNE_00516	hypothetical protein
Q8DNX2	JMFOCFNE_00517	D-tyrosyl-tRNA(Tyr) deacylase
Q8DNX1	JMFOCFNE_00518	Bifunctional guanosine-3'%2C5'-bis(diphosphate) 3'-pyrophosphohydrolase/(p)ppGpp synthetase II
Q8DNX0	JMFOCFNE_00519	Hydroxyacylglutathione hydrolase
Q8DNW9	JMFOCFNE_00520	Neutral endopeptidase O
Q8DNW8	JMFOCFNE_00521	Manganese ABC transporter%2C ATP-binding protein PsaB
Q8DNW7	JMFOCFNE_00522	Manganese ABC transporter%2C inner membrane permease protein PsaC
P0A4G3	JMFOCFNE_00523	Manganese ABC transporter%2C periplasmic-binding protein PsaA
P0A4M6	JMFOCFNE_00524	Thiol peroxidase%2C Tpx-type
Q8CYG6	JMFOCFNE_00525	ABC transporter%2C permease protein
Q8DNW6	JMFOCFNE_00526	ABC transporter%2C ATP-binding protein
Q8DNW5	JMFOCFNE_00527	Putative large secreted protein
P0A3Y4	JMFOCFNE_00528	Phosphoglycerate mutase
Q8CYG5	JMFOCFNE_00529	Hypothetical protein
Q8DNW4	JMFOCFNE_00530	Isoleucyl-tRNA synthetase
Q8CWP9	JMFOCFNE_00531	Cell division initiation protein DivIVA
Q8DNW3	JMFOCFNE_00532	YlmH
Q8DNW2	JMFOCFNE_00533	Cell division integral membrane protein YlmG%2C YGGT family
Q8DNW1	JMFOCFNE_00534	FtsZ-interacting protein related to cell division YlmF
Q8DNW0	JMFOCFNE_00535	YlmE
Q8DNV9	JMFOCFNE_00536	Cell division protein FtsZ
Q8DNV8	JMFOCFNE_00537	Cell division protein FtsA
Q8CYG1	JMFOCFNE_00538	Putative membrane protein
Q8DNV7	JMFOCFNE_00539	MutT/nudix family protein phosphohydrolase
Q8DNV6	JMFOCFNE_00540	UDP-N-acetylmuramoyl-tripeptide--D-alanyl-D- alanine ligase
Q8DNV5	JMFOCFNE_00541	D-alanine--D-alanine ligase
P0A454	JMFOCFNE_00542	Recombination protein RecR
P0A3M6	JMFOCFNE_00543	Penicillin-binding protein 2B
Q8DNV4	JMFOCFNE_00544	Sialic acid utilization regulator%2C RpiR family
Q8DNV3	JMFOCFNE_00545	N-acetylmannosamine kinase
Q8DNV2	JMFOCFNE_00546	4-hydroxy-tetrahydrodipicolinate synthase
Q8CMJ8	JMFOCFNE_00547	hypothetical protein
Q8CYG0	JMFOCFNE_00548	Hypothetical protein
Q8CYF9	JMFOCFNE_00549	Hypothetical protein
Q8DNV1	JMFOCFNE_00550	Protein YjgK%2C linked to biofilm formation
Q8DNV0	JMFOCFNE_00551	ABC transporter%2C putative N-acetylneuraminate transport system permease protein 2
Q8DNU9	JMFOCFNE_00552	ABC transporter%2C putative N-acetylneuraminate transport system permease protein 1
Q8DNU8	JMFOCFNE_00553	ABC transporter%2C putative N-acetylneuraminate-binding protein
Q8DNU7	JMFOCFNE_00554	N-acetylglucosamine-specific PTS IIABC components
P65521	JMFOCFNE_00555	N-acetylmannosamine-6-phosphate 2-epimerase
Q8DNU5	JMFOCFNE_00556	Oxidoreductase
Q8CWP8	JMFOCFNE_00557	Sialidase
Q8DNU4	JMFOCFNE_00558	ABC transporter%2C permease protein
Q8DNU3	JMFOCFNE_00559	ABC transporter membrane-spanning permease%2C sugar transport YcjO
Q8DNU2	JMFOCFNE_00560	ABC transporter substrate-binding protein - sugar transport
Q8CYF8	JMFOCFNE_00561	Putative beta-D-galactosidase
P62576	JMFOCFNE_00562	Sialidase NanA
Q8CYF7	JMFOCFNE_00563	Hypothetical protein
Q8DNU1	JMFOCFNE_00564	Bifunctional acetyl xylan esterase 1/cephalosporin-C deacetylase
Q7ZAK6	JMFOCFNE_00565	ATP-dependent DNA helicase RecG
P0A2W9	JMFOCFNE_00566	Alanine racemase
P0A2W7	JMFOCFNE_00567	Holo-[acyl-carrier protein] synthase
Q8DNU0	JMFOCFNE_00568	2-keto-3-deoxy-D-arabino-heptulosonate-7- phosphate synthase I alpha
Q8DNT9	JMFOCFNE_00569	2-keto-3-deoxy-D-arabino-heptulosonate-7- phosphate synthase I alpha
Q8DNT8	JMFOCFNE_00570	Protein translocase subunit SecA
Q8DMW2	JMFOCFNE_00571	hypothetical protein
Q8DNT7	JMFOCFNE_00572	ABC transporter%2C ATP-binding protein
Q8CYF5	JMFOCFNE_00573	Hypothetical protein
Q8CYF4	JMFOCFNE_00574	Hypothetical protein
Q8CYF3	JMFOCFNE_00575	Hypothetical protein
Q8DNT6	JMFOCFNE_00576	MutR-like transcriptional regulator
Q8CYF2	JMFOCFNE_00577	Hypothetical protein
Q8CYF1	JMFOCFNE_00578	Hypothetical protein
P64063	JMFOCFNE_00579	GTP-binding protein EngA
Q8DNT5	JMFOCFNE_00580	NADPH-flavin oxidoreductase
Q8CWP7	JMFOCFNE_00581	Helicase loader DnaI
Q8CWP6	JMFOCFNE_00582	Helicase loader DnaB
P67319	JMFOCFNE_00583	Ribonucleotide reductase transcriptional regulator NrdR
Q8DNT4	JMFOCFNE_00584	Transcriptional regulator%2C GntR family
Q8DNT3	JMFOCFNE_00585	Multidrug ABC transporter%2C ATP-binding protein
Q8CYF0	JMFOCFNE_00586	ABC transporter ATP-binding protein
Q8DNT2	JMFOCFNE_00587	ABC transporter membrane-spanning permease - Na+ export
Q8DNT1	JMFOCFNE_00588	ABC transporter ATP-binding protein - Na+ export
Q8CYE9	JMFOCFNE_00589	Immunoreactive protein Se23.5-like protein
Q8DNS9	JMFOCFNE_00590	Fructokinase
Q8DNS8	JMFOCFNE_00591	Sucrose-specific PTS IIBCA components
Q8DNS7	JMFOCFNE_00592	Sucrose-6-phosphate hydrolase
Q8DNS6	JMFOCFNE_00593	Sucrose operon repressor ScrR%2C LacI family
Q8DNS5	JMFOCFNE_00594	Hydroxymethylglutaryl-CoA reductase
Q8DNS4	JMFOCFNE_00595	Hydroxymethylglutaryl-CoA synthase
Q8CYE8	JMFOCFNE_00596	Hypothetical protein
Q8DNS3	JMFOCFNE_00597	IS1381 transposase OrfB
Q8DNS2	JMFOCFNE_00598	IS1381 transposase OrfA
Q8CYE7	JMFOCFNE_00599	Putative membrane-spanning protein
Q8DNS1	JMFOCFNE_00600	Membrane protein
Q8DNS0	JMFOCFNE_00601	Serine/threonine protein kinase StkP
Q8DNR9	JMFOCFNE_00602	Protein serine/threonine phosphatase PhpP
Q8DNR8	JMFOCFNE_00603	16S rRNA (cytosine(967)-C(5))-methyltransferase
Q8DNR7	JMFOCFNE_00604	Methionyl-tRNA formyltransferase
Q8DNR6	JMFOCFNE_00605	Helicase PriA essential for oriC/DnaA-independent DNA replication
P66731	JMFOCFNE_00606	DNA-directed RNA polymerase omega subunit
Q8DNR5	JMFOCFNE_00607	Guanylate kinase
P67283	JMFOCFNE_00608	Ribonuclease Y
Q8DNR3	JMFOCFNE_00609	YoeB toxin protein
Q8DNR2	JMFOCFNE_00610	Antitoxin YefM
Q8DNR1	JMFOCFNE_00611	hypothetical protein
Q8DNR0	JMFOCFNE_00612	Methyltransferase
Q8DNQ9	JMFOCFNE_00613	Ribosomal silencing factor RsfA
Q8DNQ8	JMFOCFNE_00614	Isochorismatase
Q8DNQ7	JMFOCFNE_00615	HAD superfamily hydrolase YqeK
P65505	JMFOCFNE_00616	Nicotinate-nucleotide adenylyltransferase
Q8DNQ6	JMFOCFNE_00617	RNA-binding protein
Q8DNQ5	JMFOCFNE_00618	GTP-binding protein YqeH%2C required for biogenesis of 30S ribosome subunit
Q8DNQ4	JMFOCFNE_00619	Hydrolase%2C HAD subfamily IIIA
Q8DNQ3	JMFOCFNE_00620	Magnesium and cobalt transport protein CorA2
Q8CYE6	JMFOCFNE_00621	Potassium efflux system KefA protein
Q8DNQ2	JMFOCFNE_00622	Serine/threonine transporter SstT
Q8DNQ1	JMFOCFNE_00623	Membrane protein
Q8DNQ0	JMFOCFNE_00624	Transcriptional regulator%2C MarR family
Q8CYE5	JMFOCFNE_00625	Hypothetical protein
Q8DNP9	JMFOCFNE_00626	Thioredoxin
Q8DNP8	JMFOCFNE_00627	NADPH-dependent 7-cyano-7-deazaguanine reductase
Q8DPE4	JMFOCFNE_00628	Hypothetical protein
Q8DNP7	JMFOCFNE_00629	Aquaporin Z
Q8CYE4	JMFOCFNE_00630	Hypothetical protein
Q8DQH2	JMFOCFNE_00631	Putative membrane protein
Q8DNP6	JMFOCFNE_00632	Oligoendopeptidase F
Q8DNP5	JMFOCFNE_00633	16S rRNA (uracil(1498)-N(3))-methyltransferase
Q8DNP4	JMFOCFNE_00634	Ribosomal protein L11 methyltransferase
Q8DNP3	JMFOCFNE_00635	7%2C8-dihydro-8-oxoguanine-triphosphatase
Q8CYE3	JMFOCFNE_00636	Hypothetical protein
Q8CYE2	JMFOCFNE_00637	Hypothetical protein
Q8DNP2	JMFOCFNE_00638	Addiction module antitoxin HicB
Q8CYE1	JMFOCFNE_00639	Addiction module toxin HicA
Q8CYD9	JMFOCFNE_00640	Hypothetical protein
Q8DNP1	JMFOCFNE_00641	Chromosome segregation helicase
	JMFOCFNE_00642	tRNA-Lys(ctt)
	JMFOCFNE_00642	
Q8DNP0	JMFOCFNE_00643	Sucrose-6-phosphate hydrolase
Q8DNN9	JMFOCFNE_00644	Multiple sugar ABC transporter%2C membrane-spanning permease protein
Q8DNN8	JMFOCFNE_00645	Multiple sugar ABC transporter%2C membrane-spanning permease protein
Q8DNN7	JMFOCFNE_00646	Multiple sugar ABC transporter%2C substrate-binding protein
Q8DNN6	JMFOCFNE_00647	Multiple sugar metabolism operon regulatory protein
Q8DNN5	JMFOCFNE_00648	M protein trans-acting positive regulator Mga2
Q8CYD8	JMFOCFNE_00649	Hypothetical protein
Q8DNN4	JMFOCFNE_00650	Small integral membrane protein
Q8DNN3	JMFOCFNE_00651	General stress protein%2C Gls24 family
Q8CYD7	JMFOCFNE_00652	Hypothetical protein
Q8DNN2	JMFOCFNE_00653	Acetyltransferase
Q8DNN1	JMFOCFNE_00654	Type IV prepilin peptidase
Q8DNN0	JMFOCFNE_00655	Transcriptional regulator%2C Xre family
Q8CYD6	JMFOCFNE_00656	Hypothetical protein
Q8DNM9	JMFOCFNE_00657	Tryptophan synthase alpha chain
Q8DNM8	JMFOCFNE_00658	Tryptophan synthase beta chain
Q8DNM7	JMFOCFNE_00659	Phosphoribosylanthranilate isomerase
Q8DNM6	JMFOCFNE_00660	Indole-3-glycerol phosphate synthase
P67000	JMFOCFNE_00661	Anthranilate phosphoribosyltransferase
Q8CWP5	JMFOCFNE_00662	Bifunctional anthranilate synthase%2C amidotransferase component/para-aminobenzoate synthase%2Camidotransferase component
Q8DNM5	JMFOCFNE_00663	Anthranilate synthase%2C aminase component
Q8DPE4	JMFOCFNE_00664	Hypothetical protein
Q8DNM4	JMFOCFNE_00665	Galactose operon repressor%2C GalR-LacI family
Q8CYD4	JMFOCFNE_00666	Hypothetical protein
Q8DNM3	JMFOCFNE_00667	Mg(2+)-transport-ATPase-associated protein MgtC
Q8DNM2	JMFOCFNE_00668	Iron(III)-transport system permease protein SfuB
Q8DNM1	JMFOCFNE_00669	ABC transporter%2C ATP-binding protein
Q8DNM0	JMFOCFNE_00670	ABC transporter%2C substrate-binding protein
Q8CYD2	JMFOCFNE_00671	Hypothetical protein
Q8DNL9	JMFOCFNE_00672	UDP-glucose 4-epimerase
Q8DNL8	JMFOCFNE_00673	Galactose-1-phosphate uridylyltransferase
Q8DNL7	JMFOCFNE_00674	Phosphate transport system protein PhoU3
Q8CYD1	JMFOCFNE_00675	hypothetical protein
Q8CYD0	JMFOCFNE_00676	hypothetical protein
Q8CYC9	JMFOCFNE_00677	Plasmin- and fibronectin-binding protein PfbA
Q8DNL6	JMFOCFNE_00678	Putative UDP-4-keto-6-deoxy-D-glucose 4-transaminase AatB
Q8DNL5	JMFOCFNE_00679	Sugar transferases involved in lipopolysaccharide synthesis
Q8DNL4	JMFOCFNE_00680	ABC transporter%2C ATP-binding/permease protein
Q8DNL3	JMFOCFNE_00681	ABC transporter%2C ATP-binding/permease protein
Q8DNL2	JMFOCFNE_00682	hypothetical protein
Q8CYC7	JMFOCFNE_00683	hypothetical protein
Q8CYE3	JMFOCFNE_00684	hypothetical protein
P0A2X4	JMFOCFNE_00685	Exodeoxyribonuclease III
Q8CYC6	JMFOCFNE_00686	hypothetical protein
	JMFOCFNE_00687	Purine
	JMFOCFNE_00687	
Q8DNL1	JMFOCFNE_00688	Xanthine phosphoribosyltransferase
Q8DNL0	JMFOCFNE_00689	Xanthine permease
P0A3T5	JMFOCFNE_00690	Type II restriction-modification system component DpnD
P0A460	JMFOCFNE_00691	Type II restriction-modification system endonuclease DpnC
Q8DNK9	JMFOCFNE_00692	Thioesterase
Q8DNK8	JMFOCFNE_00693	Galactose-1-phosphate uridylyltransferase
Q8DNK7	JMFOCFNE_00694	Galactokinase
Q8DNK6	JMFOCFNE_00695	Galactose operon repressor%2C GalR-LacI family
Q8DNK5	JMFOCFNE_00696	Alcohol dehydrogenase
Q8DNK4	JMFOCFNE_00697	Transcriptional regulator%2C MerR family
Q8DNK3	JMFOCFNE_00698	Cobalt-zinc-cadmium resistance protein CzcD
Q8DNK2	JMFOCFNE_00699	Transcriptional regulator SczA%2C TetR family
Q8DNK1	JMFOCFNE_00700	Ribosyl nicotinamide transporter PnuC
	JMFOCFNE_00701	Srn266
	JMFOCFNE_00701	
Q8DRM8	JMFOCFNE_00702	IS1167 transposase Orf1
Q8DNI4	JMFOCFNE_00703	hypothetical protein
Q8CM31	JMFOCFNE_00704	IS1167 transposase Orf2
Q8DNJ9	JMFOCFNE_00705	Glycine betaine/L-proline transport substrate-binding/permease protein ProWX
Q8DNJ8	JMFOCFNE_00706	Glycine betaine/L-proline transport ATP-binding protein ProV
Q8CYC5	JMFOCFNE_00707	Hypothetical protein
Q8CYC4	JMFOCFNE_00708	Transcriptional regulator%2C MarR family
Q8CYC3	JMFOCFNE_00709	Hypothetical protein
Q8DNJ7	JMFOCFNE_00710	Glutamyl aminopeptidase
Q8DNJ6	JMFOCFNE_00711	UDP-glucose 4-epimerase
Q8DNJ5	JMFOCFNE_00712	Iron compound ABC uptake transporter permease protein PiuB
Q8DNJ4	JMFOCFNE_00713	Iron compound ABC uptake transporter permease protein PiuC
Q8DNJ3	JMFOCFNE_00714	Iron compound ABC uptake transporter ATP-binding protein PiuD
Q8DNJ2	JMFOCFNE_00715	Iron compound ABC uptake transporter substrate-binding protein PiuA
Q8DNJ0	JMFOCFNE_00716	Ribosomal large subunit pseudouridine synthase B
Q8DNI9	JMFOCFNE_00717	Segregation and condensation protein B
Q9EUQ7	JMFOCFNE_00718	Segregation and condensation protein A
P0A4T0	JMFOCFNE_00719	Tyrosine recombinase XerD
Q7CRA7	JMFOCFNE_00720	CBS domain protein
Q8DNI8	JMFOCFNE_00721	Phosphoesterase
P64311	JMFOCFNE_00722	Nucleoside 5-triphosphatase RdgB (dHAPTP%2C dITP%2C XTP-specific)
P63641	JMFOCFNE_00723	Glutamate racemase
P67294	JMFOCFNE_00724	Hypothetical protein
Q8DNI7	JMFOCFNE_00725	Trehalose-6-phosphate hydrolase
Q8DNI6	JMFOCFNE_00726	Trehalose-specific PTS IIBCA components
Q8DNI5	JMFOCFNE_00727	Trehalose operon transcriptional repressor
	JMFOCFNE_00728	Srn266
	JMFOCFNE_00728	
Q8DNI4	JMFOCFNE_00729	IS1167 transposase
Q8DNI3	JMFOCFNE_00730	IS1167 transposase Orf2
Q8DNI2	JMFOCFNE_00731	Peptide ABC transporter ATP-binding protein AmiF
P0A2U9	JMFOCFNE_00732	Peptide ABC transporter ATP-binding protein AmiE
P0A4N0	JMFOCFNE_00733	Peptide ABC transporter permease AmiD
P0A4M8	JMFOCFNE_00734	Peptide ABC transporter permease AmiC
Q8DNI1	JMFOCFNE_00735	Peptide ABC transporter substrate-binding protein AmiA
Q8CYC1	JMFOCFNE_00736	Wall teichoic acid biosynthesis protein RafX
Q8CWP4	JMFOCFNE_00737	Sucrose phosphorylase
Q8DNI0	JMFOCFNE_00738	Multiple sugar ABC transporter%2C membrane-spanning permease protein MsmG
Q8DNH9	JMFOCFNE_00739	Multiple sugar ABC transporter%2C membrane-spanning permease protein MsmF
Q8DNH8	JMFOCFNE_00740	Multiple sugar ABC transporter%2C substrate-binding protein MsmE
Q8CWP3	JMFOCFNE_00741	Alpha-galactosidase
Q8CWP2	JMFOCFNE_00742	Multiple sugar metabolism operon regulatory protein MsmR
Q8DNH7	JMFOCFNE_00743	Bifunctional biotin operon repressor/Biotin--protein ligase
	JMFOCFNE_00744	Srn266
	JMFOCFNE_00744	
Q8CWP1	JMFOCFNE_00745	hypothetical protein
	JMFOCFNE_00746	tRNA-Ser(gct)
	JMFOCFNE_00746	
	JMFOCFNE_00747	tRNA-Ile(gat)
	JMFOCFNE_00747	
	JMFOCFNE_00748	tRNA-Gly(tcc)
	JMFOCFNE_00748	
	JMFOCFNE_00749	tRNA-Phe(gaa)
	JMFOCFNE_00749	
	JMFOCFNE_00750	tRNA-Met(cat)
	JMFOCFNE_00750	
	JMFOCFNE_00751	tRNA-Ser(tga)
	JMFOCFNE_00751	
	JMFOCFNE_00752	tRNA-Met(cat)
	JMFOCFNE_00752	
	JMFOCFNE_00753	tRNA-Met(cat)
	JMFOCFNE_00753	
	JMFOCFNE_00754	tRNA-Pro(tgg)
	JMFOCFNE_00754	
	JMFOCFNE_00755	tRNA-Arg(acg)
	JMFOCFNE_00755	
	JMFOCFNE_00756	tRNA-Leu(taa)
	JMFOCFNE_00756	
	JMFOCFNE_00757	tRNA-Gly(gcc)
	JMFOCFNE_00757	
	JMFOCFNE_00758	tRNA-Thr(tgt)
	JMFOCFNE_00758	
	JMFOCFNE_00759	tRNA-Leu(tag)
	JMFOCFNE_00759	
	JMFOCFNE_00760	tRNA-Lys(ttt)
	JMFOCFNE_00760	
	JMFOCFNE_00761	tRNA-Asp(gtc)
	JMFOCFNE_00761	
	JMFOCFNE_00762	tRNA-Val(tac)
	JMFOCFNE_00762	
	JMFOCFNE_00763	5S ribosomal RNA
	JMFOCFNE_00763	
	JMFOCFNE_00764	23S ribosomal RNA
	JMFOCFNE_00764	
	JMFOCFNE_00765	tRNA-Ala(tgc)
	JMFOCFNE_00765	
	JMFOCFNE_00766	16S ribosomal RNA
	JMFOCFNE_00766	
	JMFOCFNE_00767	tRNA-Glu(ttc)
	JMFOCFNE_00767	
Q8DNH6	JMFOCFNE_00768	RNA methyltransferase%2C TrmA family
P59212	JMFOCFNE_00769	Regulatory protein RecX
Q8DNH5	JMFOCFNE_00770	Cysteinyl-tRNA synthetase related protein
	JMFOCFNE_00771	Spy392987
	JMFOCFNE_00771	
Q8CYC0	JMFOCFNE_00772	Hypothetical protein
	JMFOCFNE_00773	Srn266
	JMFOCFNE_00773	
Q8CWP0	JMFOCFNE_00774	IS1167 transposase
P0A336	JMFOCFNE_00775	Heat shock protein 60 family chaperone GroEL
Q8CWN9	JMFOCFNE_00776	Heat shock protein 60 family co-chaperone GroES
Q8DNH4	JMFOCFNE_00777	Single-stranded DNA-binding protein SsbB
Q8DNH3	JMFOCFNE_00778	Short-chain dehydrogenase
Q8DNH2	JMFOCFNE_00779	Phenylalanyl-tRNA synthetase domain protein
Q8DNH1	JMFOCFNE_00780	Thioredoxin
Q8CYB9	JMFOCFNE_00781	Hypothetical protein
Q8CYB8	JMFOCFNE_00782	Membrane protein
Q8CYB7	JMFOCFNE_00783	Response regulator of the LytR/AlgR family protein
Q8DNG9	JMFOCFNE_00784	Phosphatidylglycerophosphatase B
Q8CYB6	JMFOCFNE_00785	Hypothetical protein
Q8DNG8	JMFOCFNE_00786	putative ABC transporter ATP-binding protein
Q8DNG7	JMFOCFNE_00787	hypothetical protein
Q8DNG6	JMFOCFNE_00788	Multidrug resistance ABC transporter ATP-binding and permease protein
Q8DNG5	JMFOCFNE_00789	hypothetical protein
P67187	JMFOCFNE_00790	Transcriptional regulatory protein YeeN
Q7ZAK5	JMFOCFNE_00791	Pneumolysin
Q8CYB5	JMFOCFNE_00792	Hypothetical protein
Q8CYB4	JMFOCFNE_00793	Hypothetical protein
Q8CYB3	JMFOCFNE_00794	hypothetical protein
Q8DNG3	JMFOCFNE_00795	hypothetical protein
Q8CYB1	JMFOCFNE_00796	Hypothetical protein
Q8CYB0	JMFOCFNE_00797	Hypothetical protein
Q8CYA9	JMFOCFNE_00798	hypothetical protein
Q8CYA8	JMFOCFNE_00799	hypothetical protein
Q8CYA8	JMFOCFNE_00800	hypothetical protein
Q8CYA7	JMFOCFNE_00801	hypothetical protein
Q8CYA6	JMFOCFNE_00802	Putative toxin
Q8CYA5	JMFOCFNE_00803	Putative toxin
Q7ZAK4	JMFOCFNE_00804	Autolysin/N-acetylmuramoyl-L-alanine amidase LytA
Q8DNG1	JMFOCFNE_00805	MATE efflux family protein DinF
P0A452	JMFOCFNE_00806	DNA recombination/repair protein RecA
Q7ZAK3	JMFOCFNE_00807	Bifunctional ADP-ribose pyrophosphatase/nicotinamide-nucleotide amidase
Q8DNG0	JMFOCFNE_00808	Transcriptional regulator LytR
Q8DNF9	JMFOCFNE_00809	Acetyltransferase
Q8DNF8	JMFOCFNE_00810	TsaE protein%2C required for threonylcarbamoyladenosine t(6)A37 formation in tRNA
Q8CYA2	JMFOCFNE_00811	Immunity factor ComM
Q8DNF7	JMFOCFNE_00812	Putative transcriptional regulator PlcR
Q8CYA1	JMFOCFNE_00813	Hypothetical protein
Q8CYA0	JMFOCFNE_00814	Class II two-component lantibiotic peptide PneA1
Q8CY99	JMFOCFNE_00815	Class II two-component lantibiotic peptide PneA2
Q8DNF6	JMFOCFNE_00816	Lanthionine biosynthesis protein LanM
Q8DNF5	JMFOCFNE_00817	Putative flavin adenine dinucleotide (FAD)-dependent flavoprotein WrbA
Q8CY98	JMFOCFNE_00818	Hypothetical protein
Q8DNF4	JMFOCFNE_00819	Toxin secretion ABC transporter%2C ATP-binding/permease protein
Q8DNF4	JMFOCFNE_00820	Toxin secretion ABC transporter%2C ATP-binding/permease protein
Q8DNF3	JMFOCFNE_00821	Epidermin leader peptide processing serine protease EPIP precursor
Q8CY97	JMFOCFNE_00822	Putative immunity protein
Q8DNF2	JMFOCFNE_00823	ABC transporter%2C ATP-binding protein
Q8CY96	JMFOCFNE_00824	hypothetical protein
P65537	JMFOCFNE_00825	Nucleoside diphosphate kinase
Q8DNF1	JMFOCFNE_00826	DNA-directed RNA polymerase beta' subunit
Q8DNF0	JMFOCFNE_00827	DNA-directed RNA polymerase beta subunit
	JMFOCFNE_00828	Lacto-rpoB
	JMFOCFNE_00828	
	JMFOCFNE_00829	tRNA-Cys(gca)
	JMFOCFNE_00829	
Q8DNE9	JMFOCFNE_00830	Putative hemolysin
P0A3S4	JMFOCFNE_00831	DNA-entry nuclease
Q7ZAK2	JMFOCFNE_00832	Competence-associated EpuA protein
Q8DNE8	JMFOCFNE_00833	UDP-N-acetylglucosamine 1-carboxyvinyltransferase
Q8DRE7	JMFOCFNE_00834	Hypothetical protein
Q8DNE7	JMFOCFNE_00835	Lon-like protease
Q8DNE6	JMFOCFNE_00836	Phosphopantetheine adenylyltransferase
Q8DNE5	JMFOCFNE_00837	16S rRNA (guanine(966)-N(2))-methyltransferase
Q8CWN8	JMFOCFNE_00838	Aspartate--ammonia ligase
Q8DNE4	JMFOCFNE_00839	Membrane protein
Q8DNE3	JMFOCFNE_00840	rRNA methylase
Q8DNE2	JMFOCFNE_00841	Putative nucleoside phosphatase
Q8DNE1	JMFOCFNE_00842	Inner membrane protein translocase component YidC1
Q8DNE0	JMFOCFNE_00843	Pyruvate formate-lyase activating enzyme
Q8DND9	JMFOCFNE_00844	Diaminopimelate decarboxylase
P65833	JMFOCFNE_00845	PurR: transcription regulator associated with purine metabolism
Q8DND8	JMFOCFNE_00846	3'->5' exoribonuclease YhaM
Q8DND7	JMFOCFNE_00847	DNA recombination protein RmuC
Q8DND6	JMFOCFNE_00848	Thiamin pyrophosphokinase
Q8DND5	JMFOCFNE_00849	Ribulose-phosphate 3-epimerase
P67685	JMFOCFNE_00850	Ribosome small subunit-stimulated GTPase RsgA
Q8DND3	JMFOCFNE_00851	SSU rRNA (adenine(1518)-N(6)/adenine(1519)-N(6))- dimethyltransferase
Q8CY94	JMFOCFNE_00852	Hypothetical protein
Q8DND2	JMFOCFNE_00853	ABC transporter%2C ATP-binding protein
Q8DND1	JMFOCFNE_00854	Putative immunity protein
	JMFOCFNE_00855	SpR08_sRNA
	JMFOCFNE_00855	
Q8DND0	JMFOCFNE_00856	Transcriptional regulator
Q8DNC9	JMFOCFNE_00857	Ribonuclease M5
Q8DNC8	JMFOCFNE_00858	Putative deoxyribonuclease TatD
Q8CY93	JMFOCFNE_00859	Cell wall surface anchor family protein
P66257	JMFOCFNE_00860	LSU ribosomal protein L34p
Q8DNC7	JMFOCFNE_00861	Alanine transaminase
Q8CY92	JMFOCFNE_00862	Hypothetical protein
Q8DNC6	JMFOCFNE_00863	Universal stress protein family protein
Q8DNC5	JMFOCFNE_00864	Hydrolase%2C HAD superfamily
Q8DNC4	JMFOCFNE_00865	L-asparaginase
Q8DNC3	JMFOCFNE_00866	Catabolite control protein A
Q8DNC2	JMFOCFNE_00867	Two-component system response regulator
Q8DNC1	JMFOCFNE_00868	Two-component system sensor histidine kinase
Q8DNC0	JMFOCFNE_00869	ABC transporter%2C permease protein
Q8DNB9	JMFOCFNE_00870	ABC transporter%2C ATP-binding protein
Q8CY71	JMFOCFNE_00871	Hypothetical protein
Q8CY91	JMFOCFNE_00872	Hypothetical protein
	JMFOCFNE_00873	tRNA-Pro(tgg)
	JMFOCFNE_00873	
	JMFOCFNE_00874	tRNA-Arg(acg)
	JMFOCFNE_00874	
	JMFOCFNE_00875	tRNA-Leu(taa)
	JMFOCFNE_00875	
	JMFOCFNE_00876	tRNA-Gly(gcc)
	JMFOCFNE_00876	
	JMFOCFNE_00877	tRNA-Thr(tgt)
	JMFOCFNE_00877	
	JMFOCFNE_00878	tRNA-Leu(tag)
	JMFOCFNE_00878	
	JMFOCFNE_00879	tRNA-Lys(ttt)
	JMFOCFNE_00879	
	JMFOCFNE_00880	tRNA-Asp(gtc)
	JMFOCFNE_00880	
	JMFOCFNE_00881	tRNA-Val(tac)
	JMFOCFNE_00881	
	JMFOCFNE_00882	5S ribosomal RNA
	JMFOCFNE_00882	
	JMFOCFNE_00883	23S ribosomal RNA
	JMFOCFNE_00883	
	JMFOCFNE_00884	tRNA-Ala(tgc)
	JMFOCFNE_00884	
	JMFOCFNE_00885	16S ribosomal RNA
	JMFOCFNE_00885	
	JMFOCFNE_00886	tRNA-Glu(ttc)
	JMFOCFNE_00886	
Q8CM18	JMFOCFNE_00887	Competence-specific sigma factor ComX
Q8DNB8	JMFOCFNE_00888	Transcription antitermination protein NusG
Q8DNB7	JMFOCFNE_00889	Protein translocase subunit SecE
Q8DNB6	JMFOCFNE_00890	Multimodular transpeptidase-transglycosylase%2C penicillin-binding protein 2A
Q8DNB5	JMFOCFNE_00891	RluD-like protein
Q8CWN6	JMFOCFNE_00892	NAD-dependent glyceraldehyde-3-phosphate dehydrogenase
Q8DNB4	JMFOCFNE_00893	ABC transporter%2C permease protein
Q8DNB3	JMFOCFNE_00894	IS630 family transposase IS630-Spn1
Q8CM37	JMFOCFNE_00895	IS630 family transposase IS630-Spn1
Q8DNB2	JMFOCFNE_00896	Quinolinate phosphoribosyltransferase
Q8DNB1	JMFOCFNE_00897	Malonate permease
Q8CY90	JMFOCFNE_00898	hypothetical protein
Q8DNB0	JMFOCFNE_00899	Transcriptional regulator%2C GntR family
Q8DNA9	JMFOCFNE_00900	6-phospho-beta-glucosidase
Q8DNA8	JMFOCFNE_00901	Cellobiose-specific PTS IIC component
Q8DNA7	JMFOCFNE_00902	Cellobiose-specific PTS IIB component
Q8DNA6	JMFOCFNE_00903	Cellobiose-specific PTS IIA component
Q8DNA5	JMFOCFNE_00904	Bifunctional acetaldehyde dehydrogenase/alcohol dehydrogenase
Q8CY89	JMFOCFNE_00905	Hypothetical protein
Q8DNA4	JMFOCFNE_00906	Low molecular weight protein tyrosine phosphatase
Q8DNA3	JMFOCFNE_00907	Preprotein translocase subunit YajC
Q8DNA2	JMFOCFNE_00908	Transketolase
Q8DNA1	JMFOCFNE_00909	Putative L-ascorbate-6-phosphate lactonase UlaG
Q8DNA0	JMFOCFNE_00910	Transcriptional antiterminator
Q8DN99	JMFOCFNE_00911	L-ribulose-5-phosphate 4-epimerase
Q8DN98	JMFOCFNE_00912	L-xylulose 5-phosphate 3-epimerase
Q8DN97	JMFOCFNE_00913	3-keto-L-gulonate 6-phosphate decarboxylase
Q8DN96	JMFOCFNE_00914	Ascorbate-specific PTS IIA component
Q8DN95	JMFOCFNE_00915	Ascorbate-specific PTS IIB component
Q8DN94	JMFOCFNE_00916	Ascorbate-specific PTS IIC component
Q8CY88	JMFOCFNE_00917	Sakacin A production response regulator
Q8CY87	JMFOCFNE_00918	KH domain RNA-binding protein
Q8DN93	JMFOCFNE_00919	Inner membrane protein translocase component YidC2
Q8DN92	JMFOCFNE_00920	Ribonuclease P protein component
P63414	JMFOCFNE_00921	Acetate kinase
Q8DN91	JMFOCFNE_00922	Adenine-specific methyltransferase
Q8CY86	JMFOCFNE_00923	hypothetical protein
Q8CY85	JMFOCFNE_00924	hypothetical protein
Q8CY84	JMFOCFNE_00925	Late competence protein ComGG
Q8DN90	JMFOCFNE_00926	Late competence protein ComGF
C0HMA8	JMFOCFNE_00927	Late competence protein ComGE
Q8DN89	JMFOCFNE_00928	Late competence protein ComGD
Q8DN88	JMFOCFNE_00929	Late competence protein ComGC
Q8DN87	JMFOCFNE_00930	Late competence protein ComGB
Q8DN86	JMFOCFNE_00931	Late competence protein ComGA
Q8DN85	JMFOCFNE_00932	DNA-binding protein
Q8DN84	JMFOCFNE_00933	Putative Zn-dependent alcohol dehydrogenase
Q8DN83	JMFOCFNE_00934	N-acetylglucosamine-6-phosphate deacetylase
Q8CY83	JMFOCFNE_00935	Acyltransferase family protein
P66908	JMFOCFNE_00936	tRNA-guanine transglycosylase
Q8CY82	JMFOCFNE_00937	Membrane protein
Q8DN82	JMFOCFNE_00938	Pyrrolidone-carboxylate peptidase
Q8DN81	JMFOCFNE_00939	Pyrrolidone-carboxylate peptidase
Q8DN80	JMFOCFNE_00940	Hypothetical protein
Q8DN79	JMFOCFNE_00941	hypothetical protein
P63958	JMFOCFNE_00942	hypothetical protein
Q8DN78	JMFOCFNE_00943	Surface immunogenic protein
Q8CY81	JMFOCFNE_00944	Hydrolase%2C haloacid dehalogenase-like family
V9H0I2	JMFOCFNE_00945	Multi antimicrobial extrusion family transporter
Q8DN76	JMFOCFNE_00946	Threonine synthase
Q8CY80	JMFOCFNE_00947	Hypothetical protein
	JMFOCFNE_00948	tRNA-Leu(caa)
	JMFOCFNE_00948	
	JMFOCFNE_00949	tRNA-Gln(ttg)
	JMFOCFNE_00949	
	JMFOCFNE_00950	tRNA-His(gtg)
	JMFOCFNE_00950	
	JMFOCFNE_00951	tRNA-Trp(cca)
	JMFOCFNE_00951	
	JMFOCFNE_00952	tRNA-Tyr(gta)
	JMFOCFNE_00952	
	JMFOCFNE_00953	tRNA-Phe(gaa)
	JMFOCFNE_00953	
	JMFOCFNE_00954	tRNA-Met(cat)
	JMFOCFNE_00954	
	JMFOCFNE_00955	tRNA-Ser(tga)
	JMFOCFNE_00955	
	JMFOCFNE_00956	tRNA-Ile(gat)
	JMFOCFNE_00956	
	JMFOCFNE_00957	tRNA-Gly(tcc)
	JMFOCFNE_00957	
	JMFOCFNE_00958	tRNA-Val(tac)
	JMFOCFNE_00958	
	JMFOCFNE_00959	5S ribosomal RNA
	JMFOCFNE_00959	
	JMFOCFNE_00960	23S ribosomal RNA
	JMFOCFNE_00960	
	JMFOCFNE_00961	tRNA-Ala(tgc)
	JMFOCFNE_00961	
	JMFOCFNE_00962	16S ribosomal RNA
	JMFOCFNE_00962	
	JMFOCFNE_00963	tRNA-Glu(ttc)
	JMFOCFNE_00963	
Q8DN75	JMFOCFNE_00964	Cytidine/deoxycytidylate deaminase family protein
Q8CWN5	JMFOCFNE_00965	Glutamyl-tRNA synthetase
Q8DN74	JMFOCFNE_00966	Glucose-6-phosphate isomerase
Q8DN73	JMFOCFNE_00967	Glutamine amidotransferase%2C class I
Q8DN72	JMFOCFNE_00968	Multidrug resistance ABC transporter ATP-binding and permease protein
Q8DN71	JMFOCFNE_00969	hypothetical protein
Q8DN70	JMFOCFNE_00970	Multidrug resistance ABC transporter ATP-binding and permease protein
	JMFOCFNE_00971	patAB
	JMFOCFNE_00971	
P0A3R4	JMFOCFNE_00972	DNA mismatch repair protein HexA
	JMFOCFNE_00973	SpR10_sRNA
	JMFOCFNE_00973	
P0A2Y3	JMFOCFNE_00974	Arginine pathway regulatory protein ArgR1
Q8DN69	JMFOCFNE_00975	Arginyl-tRNA synthetase
Q8DN68	JMFOCFNE_00976	IS1381 transposase OrfB
Q8DN67	JMFOCFNE_00977	Putative cupin superfamily protein
Q8DN66	JMFOCFNE_00978	Two-component system response regulator PnpR
Q8DN65	JMFOCFNE_00979	Two-component system sensor histidine kinase PnpS
Q8DN65	JMFOCFNE_00980	Two-component system sensor histidine kinase PnpS
Q8DN64	JMFOCFNE_00981	Phosphate ABC transporter periplasmic phosphate-binding protein PstS1
Q8DN64	JMFOCFNE_00982	Phosphate ABC transporter periplasmic phosphate-binding protein PstS1
Q8DN63	JMFOCFNE_00983	Phosphate transport system permease protein PstC1
Q8DN62	JMFOCFNE_00984	Phosphate transport system permease protein PstA1
P0A2V9	JMFOCFNE_00985	Phosphate transport ATP-binding protein PstB1
P0A3Y8	JMFOCFNE_00986	Phosphate transport system regulatory protein PhoU1
Q8DN60	JMFOCFNE_00987	IS1380 family transposase ISSpn5
Q8CY78	JMFOCFNE_00988	Transcriptional regulator
Q8DN59	JMFOCFNE_00989	Glycerol-3-phosphate dehydrogenase [NAD(P)+]
Q8DN58	JMFOCFNE_00990	UTP--glucose-1-phosphate uridylyltransferase
Q8DN57	JMFOCFNE_00991	Rhomboid family serine protease
Q8DN56	JMFOCFNE_00992	5-formyltetrahydrofolate cyclo-ligase
Q8DN55	JMFOCFNE_00993	N-acetyl-L%2CL-diaminopimelate deacetylase
Q8DN54	JMFOCFNE_00994	2%2C3%2C4%2C5-tetrahydropyridine-2%2C6-dicarboxylate N-acetyltransferase
Q8DN53	JMFOCFNE_00995	Drug/metabolite transporter superfamily permease
Q7CRA4	JMFOCFNE_00996	Multimodular transpeptidase-transglycosylase%2C penicillin-binding protein 1B
Q8DN52	JMFOCFNE_00997	Tyrosyl-tRNA synthetase
Q8DN51	JMFOCFNE_00998	Lead%2C cadmium%2C zinc and mercury transporting ATPase
Q8CY77	JMFOCFNE_00999	Hypothetical protein
Q8DN50	JMFOCFNE_01000	23S rRNA (guanine(745)-N(1))-methyltransferase
Q8CY75	JMFOCFNE_01001	Hypothetical protein
Q8DN49	JMFOCFNE_01002	Maltodextrin phosphorylase
P0A3Q1	JMFOCFNE_01003	4-alpha-glucanotransferase (amylomaltase)
P59214	JMFOCFNE_01004	Maltose/maltodextrin ABC transporter%2C substrate binding periplasmic protein MalX
P0A4N2	JMFOCFNE_01005	Maltose/maltodextrin ABC transporter%2C permease protein MalC
P0A4N4	JMFOCFNE_01006	Maltose/maltodextrin ABC transporter%2C permease protein MalD
P59204	JMFOCFNE_01007	Maltodextrose utilization protein MalA
P0A4T2	JMFOCFNE_01008	Maltose operon transcriptional repressor MalR%2C LacI family
Q8DN48	JMFOCFNE_01009	Integral membrane protein
Q8CWN4	JMFOCFNE_01010	Aspartyl-tRNA synthetase
Q8DPE4	JMFOCFNE_01011	Hypothetical protein
Q8CY74	JMFOCFNE_01012	Hypothetical protein
Q8CY73	JMFOCFNE_01013	Membrane-bound protease%2C CAAX family
Q8CY72	JMFOCFNE_01014	Hypothetical protein
Q8CY71	JMFOCFNE_01015	Hypothetical protein
Q8DN47	JMFOCFNE_01016	Transcriptional regulator%2C Cro/CI family
Q8CY70	JMFOCFNE_01017	Hypothetical protein
Q8DPE4	JMFOCFNE_01018	Hypothetical protein
Q8DN46	JMFOCFNE_01019	Histidyl-tRNA synthetase
Q8DN45	JMFOCFNE_01020	Macrolide-efflux protein
Q8DN44	JMFOCFNE_01021	Positive transcriptional regulator%2C MutR family
Q8DN43	JMFOCFNE_01022	Putative aromatic ring hydroxylating enzyme
P65160	JMFOCFNE_01023	Dihydroxy-acid dehydratase
Q8DN42	JMFOCFNE_01024	hypothetical protein
Q8DN41	JMFOCFNE_01025	hypothetical protein
Q8DN40	JMFOCFNE_01026	Putative transport protein SgaT
Q8CY69	JMFOCFNE_01027	Putative PTS IIB component
Q8DN39	JMFOCFNE_01028	Transcription antiterminator%2C BglG family
Q8CY68	JMFOCFNE_01029	Membrane protease family protein
Q8CY67	JMFOCFNE_01030	Hypothetical protein
Q8CWN3	JMFOCFNE_01031	LSU ribosomal protein L32p
P61361	JMFOCFNE_01032	LSU ribosomal protein L33p
Q8DN38	JMFOCFNE_01033	Choline-binding protein CbpN
Q8DN37	JMFOCFNE_01034	hypothetical protein
Q8DN36	JMFOCFNE_01035	IS1381 transposase OrfB
Q8CY66	JMFOCFNE_01036	hypothetical protein
Q8CY65	JMFOCFNE_01037	Glycosyl hydrolase-related protein
Q8DN35	JMFOCFNE_01038	N-acetylmannosamine kinase
Q8DN34	JMFOCFNE_01039	Alpha-mannosidase
Q8DN33	JMFOCFNE_01040	Hypothetical protein
Q8DN32	JMFOCFNE_01041	Alpha-1%2C2-mannosidase
Q8CY64	JMFOCFNE_01042	Glycosyl hydrolase family 29 alpha-L-fucosidase
Q8DN31	JMFOCFNE_01043	Arginine deiminase
Q8DN30	JMFOCFNE_01044	Arginine deiminase
P65608	JMFOCFNE_01045	Ornithine carbamoyltransferase
Q8DN28	JMFOCFNE_01046	Carbamate kinase
Q8CLX6	JMFOCFNE_01047	Arginine/ornithine antiporter ArcD
Q8DN27	JMFOCFNE_01048	Putative Xaa-His dipeptidase
Q8CY63	JMFOCFNE_01049	IgA1 protease
Q8DN26	JMFOCFNE_01050	Putative stomatin/prohibitin-family membrane protease subunit YbbK
Q8DN25	JMFOCFNE_01051	Lactaldehyde dehydrogenase involved in fucose or rhamnose utilization
Q8DN24	JMFOCFNE_01052	Bifunctional L-fucose isomerase/D-arabinose ketol-isomerase
Q8CY62	JMFOCFNE_01053	Fucolectin-related protein
Q8DN23	JMFOCFNE_01054	Putative large secreted protein
Q8DN22	JMFOCFNE_01055	Mannose-specific PTS IID component
Q8DN21	JMFOCFNE_01056	Mannose-specific PTS IIC component
Q8DN20	JMFOCFNE_01057	PTS IIB component
Q8DN19	JMFOCFNE_01058	PTS IIA component
Q8DN18	JMFOCFNE_01059	L-fucose mutarotase
Q8DN17	JMFOCFNE_01060	L-fuculose phosphate aldolase
Q8DN16	JMFOCFNE_01061	L-fuculokinase
Q8DN15	JMFOCFNE_01062	L-fucose operon activator
	JMFOCFNE_01063	SpF66_sRNA
	JMFOCFNE_01063	
	JMFOCFNE_01064	SpF66_sRNA
	JMFOCFNE_01064	
Q8CWN2	JMFOCFNE_01065	Zinc ABC transporter%2C substrate-binding lipoprotein AdcA
Q8CWN1	JMFOCFNE_01066	Zinc ABC transporter%2C permease protein AdcB
P0A2U7	JMFOCFNE_01067	Zinc ABC transporter%2C ATP-binding protein AdcC
Q8DN14	JMFOCFNE_01068	Transcriptional repressor AdcR for Zn(2+)-responsive expression
Q8DN13	JMFOCFNE_01069	Poly(glycerophosphate chain) D-alanine transfer protein DltD
P63958	JMFOCFNE_01070	D-alanine--poly(phosphoribitol) ligase subunit 2
Q8DN12	JMFOCFNE_01071	D-alanyl transfer protein DltB
P0A399	JMFOCFNE_01072	D-alanine--poly(phosphoribitol) ligase subunit 1
Q8DN11	JMFOCFNE_01073	Macrolide-efflux protein
	JMFOCFNE_01074	Intron_gpII
	JMFOCFNE_01074	
Q8DN10	JMFOCFNE_01075	hypothetical protein
Q8DN09	JMFOCFNE_01076	hypothetical protein
	JMFOCFNE_01077	group-II-D1D4-1
	JMFOCFNE_01077	
	JMFOCFNE_01078	group-II-D1D4-3
	JMFOCFNE_01078	
Q8CY61	JMFOCFNE_01079	Hypothetical protein
P0A3Q8	JMFOCFNE_01080	Glycerol uptake facilitator protein
Q8DN08	JMFOCFNE_01081	Alpha-glycerophosphate oxidase
Q8DN07	JMFOCFNE_01082	Alpha-glycerophosphate oxidase
P63743	JMFOCFNE_01083	Glycerol kinase
Q8CY59	JMFOCFNE_01084	Trans-acting positive regulator
P64404	JMFOCFNE_01085	Chaperonin%2C heat shock protein 33
Q8DN06	JMFOCFNE_01086	tRNA dihydrouridine synthase B
Q8DN05	JMFOCFNE_01087	Choline-binding protein A
Q8DN05	JMFOCFNE_01088	Choline-binding protein A
Q8DN04	JMFOCFNE_01089	Rhomboid family integral membrane protein
Q8DN03	JMFOCFNE_01090	Two-component system sensor histidine kinase
Q8DN02	JMFOCFNE_01091	Two-component system response regulator
Q8DN01	JMFOCFNE_01092	ATP-dependent Clp protease ATP-binding subunit ClpC
Q8DN00	JMFOCFNE_01093	ATP-dependent Clp protease ATP-binding subunit ClpC
Q8DMZ9	JMFOCFNE_01094	Transcriptional regulator CtsR
Q8DMZ8	JMFOCFNE_01095	Thiamin ABC transporter ThiZ%2C ATPase component
Q8DMZ7	JMFOCFNE_01096	Thiamin ABC transporter ThiY%2C substrate-binding component
Q8DMZ6	JMFOCFNE_01097	Thiamin ABC transporter ThiX%2C transmembrane component
Q8DMZ5	JMFOCFNE_01098	Cytoplasmic thiamin-binding component of thiamin ABC transporter
	JMFOCFNE_01099	TPP
	JMFOCFNE_01099	
Q8DMZ4	JMFOCFNE_01100	Choline-binding protein D
Q8DMZ3	JMFOCFNE_01101	Hypothetical protein
Q8DMZ2	JMFOCFNE_01102	Replicative DNA helicase DnaC
P66321	JMFOCFNE_01103	LSU ribosomal protein L9p
Q8DMZ1	JMFOCFNE_01104	DHH family phosphoesterase Pde1
Q8DMZ0	JMFOCFNE_01105	Ribosome hibernation promotion factor%2C long form
Q8CWN0	JMFOCFNE_01106	Phosphoribosyltransferase domain protein%2C ComF operon protein C
Q8CWM9	JMFOCFNE_01107	DNA transporter ATPase%2C ComF operon protein A
Q8DMY9	JMFOCFNE_01108	Protein co-occurring with transport systems
Q8DMY8	JMFOCFNE_01109	Cysteine synthase
Q8DMY7	JMFOCFNE_01110	hypothetical protein
Q8DMY5	JMFOCFNE_01111	IS66 family transposase Orf2
	JMFOCFNE_01112	SpF51_sRNA
	JMFOCFNE_01112	
P0A3B8	JMFOCFNE_01113	Translation elongation factor Ts
Q8CWM8	JMFOCFNE_01114	SSU ribosomal protein S2p (SAe)
Q8DMY4	JMFOCFNE_01115	Secreted antigen GbpB/SagA/PcsB%2C putative peptidoglycan hydrolase
Q8DMY3	JMFOCFNE_01116	Cell shape-determining protein MreD
Q8DMY2	JMFOCFNE_01117	Cell shape-determining protein MreC
Q8DMY1	JMFOCFNE_01118	Transmembrane component of general energizing module of ECF transporter
Q8DMY0	JMFOCFNE_01119	ATPase component of general energizing module of ECF transporter
Q8DMX9	JMFOCFNE_01120	ATPase component of general energizing module of ECF transporter
Q8DMX8	JMFOCFNE_01121	CDP-diacylglycerol--glycerol-3-phosphate 3-phosphatidyltransferase
Q8DMX7	JMFOCFNE_01122	Transcriptional regulator
Q8DMX6	JMFOCFNE_01123	Peptidase%2C M16 family
Q8DMX5	JMFOCFNE_01124	Zinc protease
Q8DMX5	JMFOCFNE_01125	Zinc protease
Q8DMX4	JMFOCFNE_01126	Hypothetical protein
Q8DMX3	JMFOCFNE_01127	DNA recombination and repair protein RecF
Q8DMX2	JMFOCFNE_01128	Inosine-5'-monophosphate dehydrogenase
P67596	JMFOCFNE_01129	Tryptophanyl-tRNA synthetase
Q8DMX1	JMFOCFNE_01130	ABC transporter%2C ATP-binding protein
Q8DMX0	JMFOCFNE_01131	ABC transporter%2C permease protein
Q8DMW8	JMFOCFNE_01132	hypothetical protein
Q8DMW7	JMFOCFNE_01133	hypothetical protein
Q8DMW6	JMFOCFNE_01134	Transcriptional regulator%2C AcrR family
	JMFOCFNE_01135	tRNA-Asn(gtt)
	JMFOCFNE_01135	
	JMFOCFNE_01136	tRNA-Glu(ttc)
	JMFOCFNE_01136	
Q8DMW5	JMFOCFNE_01137	Two-component system response regulator ComE
Q8DMW4	JMFOCFNE_01138	Two-component system sensor histidine kinase ComD
	JMFOCFNE_01139	tRNA-Arg(tct)
	JMFOCFNE_01139	
P0A4S4	JMFOCFNE_01140	23S rRNA (pseudouridine(1915)-N(3))-methyltransferase
Q8DMW2	JMFOCFNE_01141	Serine protease%2C DegP/HtrA
Q8DMW1	JMFOCFNE_01142	Chromosome partitioning protein ParB
Q8DRQ4	JMFOCFNE_01143	Chromosomal replication initiator protein DnaA
P59651	JMFOCFNE_01144	DNA polymerase III beta subunit
Q8CZD3	JMFOCFNE_01145	Hypothetical protein
Q8DRQ3	JMFOCFNE_01146	GTP-binding and nucleic acid-binding protein YchF
Q8DRQ2	JMFOCFNE_01147	Peptidyl-tRNA hydrolase
Q8DRQ1	JMFOCFNE_01148	Transcription-repair coupling factor
P64406	JMFOCFNE_01149	Ribosome-associated heat shock protein
Q8CZD2	JMFOCFNE_01150	Cell division protein DivIC
Q8DPE6	JMFOCFNE_01151	Hypothetical protein
Q8DRQ0	JMFOCFNE_01152	Hypothetical protein
Q8DRP9	JMFOCFNE_01153	tRNA(Ile)-lysidine synthetase TilS
Q8DRP8	JMFOCFNE_01154	Hypoxanthine-guanine phosphoribosyltransferase
P59652	JMFOCFNE_01155	Cell division protein FtsH
Q8CM18	JMFOCFNE_01156	Competence-specific sigma factor ComX
	JMFOCFNE_01157	tRNA-Glu(ttc)
	JMFOCFNE_01157	
	JMFOCFNE_01158	16S ribosomal RNA
	JMFOCFNE_01158	
	JMFOCFNE_01159	tRNA-Ala(tgc)
	JMFOCFNE_01159	
	JMFOCFNE_01160	23S ribosomal RNA
	JMFOCFNE_01160	
	JMFOCFNE_01161	5S ribosomal RNA
	JMFOCFNE_01161	
	JMFOCFNE_01162	tRNA-Asn(gtt)
	JMFOCFNE_01162	
Q8CM37	JMFOCFNE_01163	IS630 family transposase IS630-Spn1
Q8DRP7	JMFOCFNE_01164	IS630 family transposase IS630-Spn1
Q8DRP4	JMFOCFNE_01165	IS1167 transposase Orf1
Q8CZD0	JMFOCFNE_01166	Competence positive regulator ComW
P65888	JMFOCFNE_01167	Adenylosuccinate synthetase
	JMFOCFNE_01168	csRNA
	JMFOCFNE_01168	
Q8DRP3	JMFOCFNE_01169	tRNA-specific adenosine-34 deaminase
	JMFOCFNE_01170	Bacteria_small_SRP
	JMFOCFNE_01170	
Q8DRP2	JMFOCFNE_01171	Deoxyuridine 5'-triphosphate nucleotidohydrolase
Q8DRP1	JMFOCFNE_01172	Hypothetical protein
Q8DRP0	JMFOCFNE_01173	DNA repair protein RadA
Q8DRN9	JMFOCFNE_01174	Carbonic anhydrase
Q8CZC9	JMFOCFNE_01175	hypothetical protein
P65240	JMFOCFNE_01176	Ribose-phosphate pyrophosphokinase
Q8DRN8	JMFOCFNE_01177	hypothetical protein
	JMFOCFNE_01178	Srn266
	JMFOCFNE_01178	
Q8CZC8	JMFOCFNE_01179	hypothetical protein
Q8CZC7	JMFOCFNE_01180	hypothetical protein
P59200	JMFOCFNE_01181	DNA polymerase I
Q8DRN7	JMFOCFNE_01182	CoA-binding protein
Q8DRN6	JMFOCFNE_01183	Putative membrane protein YeiH
Q8DRN5	JMFOCFNE_01184	N-acetyl-L%2CL-diaminopimelate aminotransferase
Q8DRN4	JMFOCFNE_01185	DNA recombination and repair protein RecO
Q8DRN3	JMFOCFNE_01186	Phosphate:acyl-ACP acyltransferase PlsX
Q8DRN2	JMFOCFNE_01187	Acyl carrier protein
Q8DRN1	JMFOCFNE_01188	IS1381 transposase OrfB
Q8DRN0	JMFOCFNE_01189	Bacteriocin BlpU
Q8DQ96	JMFOCFNE_01190	Hypothetical protein
Q8DRM9	JMFOCFNE_01191	IS1167 transposase Orf2
Q8DRM8	JMFOCFNE_01192	IS1167 transposase Orf1
	JMFOCFNE_01193	Srn266
	JMFOCFNE_01193	
P59653	JMFOCFNE_01194	Competence-stimulating peptide ABC transporter ATP-binding protein ComA
P59654	JMFOCFNE_01195	Competence-stimulating peptide ABC transporter permease protein ComB
Q8DRM7	JMFOCFNE_01196	Phosphoribosylaminoimidazole-succinocarboxamide synthase
Q8DRM6	JMFOCFNE_01197	Phosphoribosylformylglycinamidine synthase%2C synthetase and glutamine amidotransferase subunits
Q8DRM5	JMFOCFNE_01198	Amidophosphoribosyltransferase
Q8DRM4	JMFOCFNE_01199	Phosphoribosylformylglycinamidine cyclo-ligase
Q8DRM3	JMFOCFNE_01200	Phosphoribosylglycinamide formyltransferase
Q8DRM2	JMFOCFNE_01201	Teicoplanin resistance protein VanZ
Q8DRM1	JMFOCFNE_01202	Bifunctional inosine monophosphate cyclohydrolase/phosphoribosylaminoimidazolecarboxamide formyltransferase
Q8DRM0	JMFOCFNE_01203	Phosphoribosylamine--glycine ligase
Q8DRL9	JMFOCFNE_01204	N5-carboxyaminoimidazole ribonucleotide mutase
Q8DRL8	JMFOCFNE_01205	N5-carboxyaminoimidazole ribonucleotide synthase
Q8CZC6	JMFOCFNE_01206	Hypothetical protein
Q8DRL7	JMFOCFNE_01207	Adenylosuccinate lyase
Q8DRL6	JMFOCFNE_01208	Beta-hexosaminidase StrH
Q8DRL5	JMFOCFNE_01209	Transcriptional regulator%2C GntR family
Q8DRL4	JMFOCFNE_01210	Beta-galactosidase
Q8DRL3	JMFOCFNE_01211	Galactosamine-specific PTS IIB component
Q8DRL2	JMFOCFNE_01212	Galactosamine-specific PTS IIC component
Q8DRL1	JMFOCFNE_01213	Galactosamine-specific PTS IID component
Q8DRL0	JMFOCFNE_01214	Galactosamine-specific PTS IIA component
Q8DRK9	JMFOCFNE_01215	Galactosamine-6-phosphate isomerase
Q8CWW1	JMFOCFNE_01216	Aldose 1-epimerase
Q8DRK8	JMFOCFNE_01217	Glyoxalase family protein
Q8DRK7	JMFOCFNE_01218	Hypothetical protein
Q8DPE4	JMFOCFNE_01219	Hypothetical protein
Q8DRK6	JMFOCFNE_01220	Uridine phosphorylase
Q8DRK5	JMFOCFNE_01221	Trk family potassium uptake protein
Q8DRK4	JMFOCFNE_01222	Trk family potassium uptake protein CabP
Q8DRK3	JMFOCFNE_01223	hypothetical protein
Q8CZC3	JMFOCFNE_01224	hypothetical protein
Q8DRK2	JMFOCFNE_01225	hypothetical protein
Q8DRK1	JMFOCFNE_01226	Two-component system response regulator
Q8DRK0	JMFOCFNE_01227	Two-component system sensor histidine kinase
P66566	JMFOCFNE_01228	SSU ribosomal protein S4p (S9e)
	JMFOCFNE_01229	SpF01_sRNA
	JMFOCFNE_01229	
Q8CZC2	JMFOCFNE_01230	Hypothetical protein
Q8CYU8	JMFOCFNE_01231	Hypothetical protein
Q8DRJ8	JMFOCFNE_01232	Multiple sugar ABC transporter%2C membrane-spanning permease protein
Q8DRJ7	JMFOCFNE_01233	ABC transporter permease protein
Q8DRJ6	JMFOCFNE_01234	ABC transporter substrate-binding protein
P67331	JMFOCFNE_01235	hypothetical protein
Q8CZC1	JMFOCFNE_01236	tRNA (5-methylaminomethyl-2-thiouridylate)-methyltransferase
Q8CZC0	JMFOCFNE_01237	Putative membrane protein
Q8CZB9	JMFOCFNE_01238	Putative membrane-associated protein
Q8CZB8	JMFOCFNE_01239	Integral membrane protein (putative)
Q8DRJ5	JMFOCFNE_01240	Transcriptional regulator%2C PadR family
Q8DRJ4	JMFOCFNE_01241	Cyanate permease
Q8DRJ3	JMFOCFNE_01242	Glycosyltransferase%2C group 2 family
Q8DRJ2	JMFOCFNE_01243	Putative UDP-GlcNAc 4%2C6-dehydratase AatA
Q8DPE4	JMFOCFNE_01244	Hypothetical protein
Q8DRJ1	JMFOCFNE_01245	Phosphoglycolate phosphatase
Q8DRJ0	JMFOCFNE_01246	L-serine dehydratase%2C alpha subunit
Q8DRI9	JMFOCFNE_01247	L-serine dehydratase%2C beta subunit
Q8CZB7	JMFOCFNE_01248	Aggregation-promoting factor
Q8CZB5	JMFOCFNE_01249	Putative bacteriocin
Q8DRI8	JMFOCFNE_01250	Amino acid ABC transporter membrane-spanning permease
Q8DRI7	JMFOCFNE_01251	ABC transporter ATP-binding protein
Q8DRI6	JMFOCFNE_01252	Amino acid ABC transporter substrate-binding/permease protein
Q8DRI5	JMFOCFNE_01253	Argininosuccinate synthase
Q8DRI4	JMFOCFNE_01254	Argininosuccinate lyase
	JMFOCFNE_01255	Bacilli-1
	JMFOCFNE_01255	
Q8CZB4	JMFOCFNE_01256	Hypothetical protein
Q8DRI3	JMFOCFNE_01257	hypothetical protein
Q8DRI2	JMFOCFNE_01258	Competence-stimulating peptide ABC transporter ATP-binding protein ComA
Q8CZB3	JMFOCFNE_01259	Hypothetical protein
Q8DRI1	JMFOCFNE_01260	HlyD family secretion protein
Q8CZB2	JMFOCFNE_01261	Hypothetical protein
	JMFOCFNE_01262	SpF03_sRNA
	JMFOCFNE_01262	
	JMFOCFNE_01263	Bacilli-1
	JMFOCFNE_01263	
	JMFOCFNE_01264	Hypothetical protein
Q8CZB0	JMFOCFNE_01265	Hypothetical protein
Q8CZB2	JMFOCFNE_01266	Hypothetical protein
Q8CZA8	JMFOCFNE_01267	Hypothetical protein
Q8CZA7	JMFOCFNE_01268	Hypothetical protein
Q8CZA6	JMFOCFNE_01269	Hypothetical protein
Q8CZA4	JMFOCFNE_01270	Hypothetical protein
Q8CZA3	JMFOCFNE_01271	Hypothetical protein
Q8CZA2	JMFOCFNE_01272	Hypothetical protein
Q8CZC0	JMFOCFNE_01273	Pyridoxamine 5'-phosphate oxidase
	JMFOCFNE_01274	SpF03_sRNA
	JMFOCFNE_01274	
	JMFOCFNE_01275	Bacilli-1
	JMFOCFNE_01275	
Q8CWW0	JMFOCFNE_01276	hypothetical protein
Q8DRI0	JMFOCFNE_01277	Surface protein PspA precursor
Q8CWW0	JMFOCFNE_01278	tRNA-specific 2-thiouridylase MnmA
	JMFOCFNE_01279	Spd-sr37
	JMFOCFNE_01279	
Q8DRH9	JMFOCFNE_01280	MutT/Nudix family protein
Q8DRH8	JMFOCFNE_01281	tRNA uridine 5-carboxymethylaminomethyl modification enzyme MnmG
Q8DRH7	JMFOCFNE_01282	Ribonuclease J1 (endonuclease and 5' exonuclease)
Q8DRH6	JMFOCFNE_01283	Hypothetical protein
Q8DNL4	JMFOCFNE_01284	Hypothetical protein
Q8DRH5	JMFOCFNE_01285	Two-peptide bacteriocin peptide CibB
Q8CZA0	JMFOCFNE_01286	Two-peptide bacteriocin peptide CibA
Q8DRH4	JMFOCFNE_01287	tRNA threonylcarbamoyladenosine biosynthesis protein TsaB
Q8DRH3	JMFOCFNE_01288	Ribosomal-protein-S18p-alanine acetyltransferase
Q8DRH2	JMFOCFNE_01289	N(6)-L-threonylcarbamoyladenine synthase TsaD
Q8DRH1	JMFOCFNE_01290	IS1167 transposase Orf2
Q8DRH0	JMFOCFNE_01291	hypothetical protein
Q8DPV5	JMFOCFNE_01292	IS1167 transposase Orf1
	JMFOCFNE_01293	Srn266
	JMFOCFNE_01293	
Q8DRG8	JMFOCFNE_01294	Exopolysaccharide biosynthesis glycosyltransferase EpsF
Q8DRG7	JMFOCFNE_01295	Family 2 glycosyltransferase
Q8DRG6	JMFOCFNE_01296	ABC transporter ATP-binding protein
Q8DRG6	JMFOCFNE_01297	ABC transporter ATP-binding protein
Q8DPQ2	JMFOCFNE_01298	hypothetical protein
Q8CZ99	JMFOCFNE_01299	Hypothetical protein
Q8DRG5	JMFOCFNE_01300	UDP-glucose 6-dehydrogenase
Q8DRG4	JMFOCFNE_01301	Positive transcriptional regulator%2C MutR family
Q8CZ98	JMFOCFNE_01302	Hypothetical protein
Q8CZ97	JMFOCFNE_01303	Hypothetical protein
Q8CZ96	JMFOCFNE_01304	Hypothetical protein
Q8DRG3	JMFOCFNE_01305	Macrolide-efflux protein
Q8CZ95	JMFOCFNE_01306	Branched-chain amino acid transport protein AzlC
Q8DRG2	JMFOCFNE_01307	Cysteine ABC transporter substrate-binding protein
Q8DRG1	JMFOCFNE_01308	Methionine ABC transporter substrate-binding protein
Q8DRG0	JMFOCFNE_01309	N-acyl-L-amino acid amidohydrolase
Q8DRF9	JMFOCFNE_01310	Methionine ABC transporter ATP-binding protein
Q8DRF8	JMFOCFNE_01311	Methionine ABC transporter permease protein
Q8CZ94	JMFOCFNE_01312	Substrate-specific component of putative ECF transporter
Q8DRF7	JMFOCFNE_01313	Hypothetical protein
Q8DRF6	JMFOCFNE_01314	Two-component system sensor histidine kinase
Q8DRF5	JMFOCFNE_01315	Two-component system response regulator
Q8CZ93	JMFOCFNE_01316	Hypothetical protein
Q8DRF4	JMFOCFNE_01317	Ribonucleotide reduction protein NrdI
Q8DRF3	JMFOCFNE_01318	NRAMP family Mn2+/Fe2+ transporter
Q8CZ92	JMFOCFNE_01319	Hypothetical protein
Q8DRF2	JMFOCFNE_01320	DNA-binding protein
P0A3R2	JMFOCFNE_01321	DNA mismatch repair protein HexB
P66041	JMFOCFNE_01322	6%2C7-dimethyl-8-ribityllumazine synthase RibH
Q8DRF1	JMFOCFNE_01323	Bifunctional 3%2C4-dihydroxy-2-butanone 4-phosphate synthase/GTP cyclohydrolase II RibB
Q8DRF0	JMFOCFNE_01324	Riboflavin synthase RibE
Q8DRE9	JMFOCFNE_01325	Bifunctional diaminohydroxyphosphoribosylaminopyrimidine deaminase/5-amino-6-(5-phosphoribosylamino)uracil reductase RibD
	JMFOCFNE_01326	FMN
	JMFOCFNE_01326	
Q8DRE8	JMFOCFNE_01327	Holliday junction DNA helicase RuvA
Q8CWV9	JMFOCFNE_01328	DNA-3-methyladenine glycosylase
Q8DRE7	JMFOCFNE_01329	CAAX amino terminal protease family protein
Q8DRE6	JMFOCFNE_01330	Muramoyltetrapeptide carboxypeptidase
Q8CZ91	JMFOCFNE_01331	Integral membrane protein
Q8DRE5	JMFOCFNE_01332	Magnesium and cobalt transport protein CorA1
P63385	JMFOCFNE_01333	Excinuclease ABC subunit A UvrA
Q8DRE4	JMFOCFNE_01334	MP-%2CMA-%2CMS-%2CAP-%2CNP-specific aminopeptidase YpdF
Q8DRE3	JMFOCFNE_01335	Transcriptional regulator SpxA2
Q8CZ90	JMFOCFNE_01336	Hypothetical protein
Q8CZ89	JMFOCFNE_01337	Hypothetical protein
Q8DRE2	JMFOCFNE_01338	Putative pre-16S rRNA nuclease YqgF
Q8DRE1	JMFOCFNE_01339	Hypothetical protein
Q8DRE0	JMFOCFNE_01340	Bifunctional dihydrofolate synthase/folylpolyglutamate synthase
Q8CZ88	JMFOCFNE_01341	Hypothetical protein
Q8DRD9	JMFOCFNE_01342	Cardiolipin synthetase
Q8DRD8	JMFOCFNE_01343	Hypothetical protein
Q8CZ87	JMFOCFNE_01344	Competence-damage induced protein
Q8DRD7	JMFOCFNE_01345	Ribonucleotide reductase of class III%2C large subunit
Q8CZ86	JMFOCFNE_01346	Acetyltransferase
Q8DRD6	JMFOCFNE_01347	Ribonucleotide reductase of class III%2C activating protein
Q8CZ85	JMFOCFNE_01348	Hypothetical protein
P66340	JMFOCFNE_01349	SSU ribosomal protein S10p (S20e)
Q8CWV8	JMFOCFNE_01350	LSU ribosomal protein L3p (L3e)
Q8CWV7	JMFOCFNE_01351	LSU ribosomal protein L4p (L1e)
Q8CWV6	JMFOCFNE_01352	LSU ribosomal protein L23p (L23Ae)
Q8CWV5	JMFOCFNE_01353	LSU ribosomal protein L2p (L8e)
P0A4B6	JMFOCFNE_01354	SSU ribosomal protein S19p (S15e)
P61183	JMFOCFNE_01355	LSU ribosomal protein L22p (L17e)
P0A4C4	JMFOCFNE_01356	SSU ribosomal protein S3p (S3e)
P0A476	JMFOCFNE_01357	LSU ribosomal protein L16p (L10e)
P0A484	JMFOCFNE_01358	LSU ribosomal protein L29p (L35e)
P0A4B4	JMFOCFNE_01359	SSU ribosomal protein S17p (S11e)
P0A474	JMFOCFNE_01360	LSU ribosomal protein L14p (L23e)
P60630	JMFOCFNE_01361	LSU ribosomal protein L24p (L26e)
Q8CWV4	JMFOCFNE_01362	LSU ribosomal protein L5p (L11e)
P66420	JMFOCFNE_01363	SSU ribosomal protein S14p (S29e)
P66633	JMFOCFNE_01364	SSU ribosomal protein S8p (S15Ae)
Q8CWV3	JMFOCFNE_01365	LSU ribosomal protein L6p (L9e)
Q8CWV2	JMFOCFNE_01366	LSU ribosomal protein L18p (L5e)
P66582	JMFOCFNE_01367	SSU ribosomal protein S5p (S2e)
Q8CWV1	JMFOCFNE_01368	LSU ribosomal protein L30p (L7e)
Q8CWV0	JMFOCFNE_01369	LSU ribosomal protein L15p (L27Ae)
Q8DRD5	JMFOCFNE_01370	Protein translocase subunit SecY
Q8DRD4	JMFOCFNE_01371	Adenylate kinase
P65122	JMFOCFNE_01372	Translation initiation factor 1
P0A496	JMFOCFNE_01373	LSU ribosomal protein L36p
P66393	JMFOCFNE_01374	SSU ribosomal protein S13p (S18e)
P66360	JMFOCFNE_01375	SSU ribosomal protein S11p (S14e)
P66709	JMFOCFNE_01376	DNA-directed RNA polymerase alpha subunit
Q8CWU8	JMFOCFNE_01377	LSU ribosomal protein L17p
	JMFOCFNE_01378	L17DE
	JMFOCFNE_01378	
P67383	JMFOCFNE_01379	ACT domain-containing transcriptional regulator
Q8DRD2	JMFOCFNE_01380	hypothetical protein
	JMFOCFNE_01381	csRNA
	JMFOCFNE_01381	
Q8DRD1	JMFOCFNE_01382	Phosphoglycerate mutase family protein
Q8DRD0	JMFOCFNE_01383	Iron(III)-transport system permease protein SfuB
Q8DRC9	JMFOCFNE_01384	Iron(III)-transport system permease protein SfuB
Q8DRC8	JMFOCFNE_01385	Ferric iron ABC transporter ATP-binding protein
Q8DRC7	JMFOCFNE_01386	hypothetical protein
Q8DRC6	JMFOCFNE_01387	hypothetical protein
Q8DN93	JMFOCFNE_01388	hypothetical protein
Q8DRC5	JMFOCFNE_01389	Pyruvate formate-lyase activating enzyme
Q8DRC4	JMFOCFNE_01390	Transcriptional regulator%2C DeoR family
Q8DRC3	JMFOCFNE_01391	Transcriptional regulator
Q8DRC2	JMFOCFNE_01392	Cellobiose-specific PTS IIA component
Q8DRC1	JMFOCFNE_01393	Cellobiose-specific PTS IIB component
Q8DRC0	JMFOCFNE_01394	Cellobiose-specific PTS IIC component
Q8DRB9	JMFOCFNE_01395	Pyruvate formate-lyase
Q8DRB8	JMFOCFNE_01396	Transaldolase
Q8DRB7	JMFOCFNE_01397	Glycerol dehydrogenase
Q8DRB6	JMFOCFNE_01398	Leucyl-tRNA synthetase
Q8DRB5	JMFOCFNE_01399	Acetyltransferase%2C GNAT family
Q8DRB4	JMFOCFNE_01400	Acetyltransferase%2C GNAT family
	JMFOCFNE_01401	csRNA
	JMFOCFNE_01401	
	JMFOCFNE_01402	csRNA
	JMFOCFNE_01402	
Q8CWU7	JMFOCFNE_01403	Holliday junction DNA helicase RuvB
Q8CZ82	JMFOCFNE_01404	Hypothetical protein
	JMFOCFNE_01405	csRNA
	JMFOCFNE_01405	
Q8DRB3	JMFOCFNE_01406	Undecaprenyl diphosphate synthase
Q8DRB2	JMFOCFNE_01407	Phosphatidate cytidylyltransferase
Q8DRB1	JMFOCFNE_01408	Intramembrane protease Eep
Q8DRB0	JMFOCFNE_01409	Prolyl-tRNA synthetase
Q8DRA9	JMFOCFNE_01410	6-phospho-beta-glucosidase
Q8DRA8	JMFOCFNE_01411	Glucosamine--fructose-6-phosphate aminotransferase
Q8DRA7	JMFOCFNE_01412	Oxidoreductase
Q8DRA6	JMFOCFNE_01413	Pullulanase SpuA
P0A4A8	JMFOCFNE_01414	SSU ribosomal protein S12p (S23e)
Q8CWU6	JMFOCFNE_01415	SSU ribosomal protein S7p (S5e)
P64023	JMFOCFNE_01416	Translation elongation factor G
Q8DRA5	JMFOCFNE_01417	DNA polymerase III
Q8CZ81	JMFOCFNE_01418	Antitoxin RelB1
Q8DRA4	JMFOCFNE_01419	mRNA interferase RelE1
Q8DNN3	JMFOCFNE_01420	Hypothetical protein
Q8DRA3	JMFOCFNE_01421	Aminopeptidase PepS
Q8DRA2	JMFOCFNE_01422	Membrane protein
Q8DRA1	JMFOCFNE_01423	Ribosomal small subunit pseudouridine synthase A
Q8DRA0	JMFOCFNE_01424	Aminopeptidase C
Q8DR99	JMFOCFNE_01425	Mannose-specific PTS IID component
Q8DR98	JMFOCFNE_01426	Mannose-specific PTS IIC component
Q8DR97	JMFOCFNE_01427	Mannose-specific PTS IIAB components
Q8DR96	JMFOCFNE_01428	Alcohol dehydrogenase
Q8DR95	JMFOCFNE_01429	Hydrolase%2C HAD superfamily
Q8DR94	JMFOCFNE_01430	Guanine-hypoxanthine permease
Q8DR93	JMFOCFNE_01431	Membrane-bound protease%2C CAAX family
P59655	JMFOCFNE_01432	Dihydropteroate synthase
Q8DR92	JMFOCFNE_01433	Bifunctional dihydrofolate synthase/folylpolyglutamate synthase
P59656	JMFOCFNE_01434	GTP cyclohydrolase I type 1
P59657	JMFOCFNE_01435	Bifunctional dihydroneopterin aldolase/2-amino-4-hydroxy-6-hydroxymethyldihydropteridine pyrophosphokinase
Q8CZ79	JMFOCFNE_01436	Hypothetical protein
	JMFOCFNE_01437	L13_leader
	JMFOCFNE_01437	
Q8CWU5	JMFOCFNE_01438	LSU ribosomal protein L13p (L13Ae)
Q8CWU4	JMFOCFNE_01439	SSU ribosomal protein S9p (S16e)
Q8CZ78	JMFOCFNE_01440	Hypothetical protein
Q8DR89	JMFOCFNE_01441	6-phospho-beta-glucosidase
Q8DR88	JMFOCFNE_01442	Hypothetical protein
Q8DR87	JMFOCFNE_01443	Cellobiose-specific PTS IIB component
Q8DR86	JMFOCFNE_01444	Transcriptional antiterminator of lichenan operon%2C BglG family
Q8DR85	JMFOCFNE_01445	Cellobiose-specific PTS IIA component
Q8CZ77	JMFOCFNE_01446	hypothetical protein
Q8DR84	JMFOCFNE_01447	Cellobiose-specific PTS IIC component
Q8CZ76	JMFOCFNE_01448	Hypothetical protein
Q8DR43	JMFOCFNE_01449	hypothetical protein
	JMFOCFNE_01450	SpF10_sRNA
	JMFOCFNE_01450	
Q8DR83	JMFOCFNE_01451	Maltodextrin glucosidase
	JMFOCFNE_01452	SpF11_sRNA
	JMFOCFNE_01452	
Q8DR82	JMFOCFNE_01453	Glutathione peroxidase family protein
Q8CWU3	JMFOCFNE_01454	Hyaluronate lyase precursor SpnHL
Q8DRH0	JMFOCFNE_01455	IS200/IS605 family transposase ISStin10
Q8DR81	JMFOCFNE_01456	Bifunctional 4-hydroxy-2-oxoglutarate aldolase/2-dehydro-3-deoxyphosphogluconate aldolase
Q8DR80	JMFOCFNE_01457	2-dehydro-3-deoxygluconokinase
Q8CZ75	JMFOCFNE_01458	Putative 4-deoxy-L-threo-5-hexosulose-uronate ketol-isomerase
Q8DR79	JMFOCFNE_01459	2-deoxy-D-gluconate 3-dehydrogenase
Q8DR78	JMFOCFNE_01460	Hyaluronate-oligosaccharide-specific PTS IIA component
Q8DR77	JMFOCFNE_01461	Unsaturated chondroitin disaccharide hydrolase
Q8DR76	JMFOCFNE_01462	Hyaluronate-oligosaccharide-specific PTS IIB component
Q8DR75	JMFOCFNE_01463	Hyaluronate-oligosaccharide-specific PTS IIC component
Q8DR74	JMFOCFNE_01464	Hyaluronate-oligosaccharide-specific PTS IID component
Q8DR73	JMFOCFNE_01465	Preprotein translocase subunit YajC
Q8CZ74	JMFOCFNE_01466	Oligohyaluronate lyase
Q8DR72	JMFOCFNE_01467	Transcriptional regulator RegR
Q8CZ73	JMFOCFNE_01468	Hypothetical protein
Q8CZ72	JMFOCFNE_01469	Hypothetical protein
Q8DR71	JMFOCFNE_01470	Transcriptional regulator%2C PbsX family
P59658	JMFOCFNE_01471	16S rRNA (cytosine(1402)-N(4))-methyltransferase MraW
Q8DR70	JMFOCFNE_01472	Cell division protein FtsL
P59676	JMFOCFNE_01473	Penicillin-binding protein 2X
Q8DR69	JMFOCFNE_01474	Phospho-N-acetylmuramoyl-pentapeptide- transferase
Q8DR68	JMFOCFNE_01475	Putative ATP-dependent Clp proteinase ATP-binding subunit ClpL
P65335	JMFOCFNE_01476	Bifunctional S-ribosylhomocysteine lyase/autoinducer-2 production protein LuxS
Q8CZ70	JMFOCFNE_01477	ATP-dependent Zn protease
Q8DR67	JMFOCFNE_01478	Glucan 1%2C6-alpha-glucosidase
Q8CZ69	JMFOCFNE_01479	S-ribosylhomocysteinase
Q8DR65	JMFOCFNE_01480	IS630 family transposase IS630-Spn1
Q8CWU2	JMFOCFNE_01481	Exopolysaccharide biosynthesis transcriptional regulator Cps2A
Q8CWU1	JMFOCFNE_01482	Capsular synthesis protein Cps2H
Q8CWU0	JMFOCFNE_01483	Putative glycosyltransferase Cps2I
Q8CWT9	JMFOCFNE_01484	Polysaccharide biosynthesis protein Cps2J
Q8CWT8	JMFOCFNE_01485	UDP-glucose 6-dehydrogenase Cps2K
Q8CWT7	JMFOCFNE_01486	UDP-galactopyranose mutase Cps2P
Q8CWT6	JMFOCFNE_01487	Glucose-1-phosphate thymidylyltransferase Cps2L
Q8CWT5	JMFOCFNE_01488	dTDP-4-dehydrorhamnose 3%2C5-epimerase Cps2M
Q8DR64	JMFOCFNE_01489	dTDP-glucose 4%2C6-dehydratase Cps2N
Q8DR63	JMFOCFNE_01490	dTDP-4-dehydrorhamnose reductase Cps2O
Q8DR62	JMFOCFNE_01491	hypothetical protein
Q8CZ68	JMFOCFNE_01492	hypothetical protein
Q8CZ67	JMFOCFNE_01493	hypothetical protein
Q8DR61	JMFOCFNE_01494	Oligopeptide ABC transporter%2C periplasmic oligopeptide-binding protein AliA
Q8DR60	JMFOCFNE_01495	Endo-alpha-N-acetylgalactosaminidase Eng
Q8DR59	JMFOCFNE_01496	Multimodular transpeptidase-transglycosylase%2C penicillin-binding protein 1A
P0A456	JMFOCFNE_01497	RecU Holliday junction resolvase
Q8DR58	JMFOCFNE_01498	Hypothetical protein
Q8DR57	JMFOCFNE_01499	Cell division protein GpsB
	JMFOCFNE_01500	RNaseP_bact_b
	JMFOCFNE_01500	
Q8DR56	JMFOCFNE_01501	23S rRNA (guanine(2445)-N(2))-methyltransferase
Q8DR55	JMFOCFNE_01502	Mid-cell-anchored protein Z
Q8DR54	JMFOCFNE_01503	6-phosphogluconate dehydrogenase%2C decarboxylating
Q8DR53	JMFOCFNE_01504	Orphan response regulator RitR
Q8DR52	JMFOCFNE_01505	Choline-binding protein CbpF
Q8DR51	JMFOCFNE_01506	Mevalonate kinase
Q8DR50	JMFOCFNE_01507	Diphosphomevalonate decarboxylase
Q8DR49	JMFOCFNE_01508	Phosphomevalonate kinase
Q8DR48	JMFOCFNE_01509	Isopentenyl-diphosphate delta-isomerase%2C FMN-dependent
Q8DR47	JMFOCFNE_01510	Cell wall-active antibiotics response protein VraT
Q8DR46	JMFOCFNE_01511	Two-component system sensor histidine kinase VraS
Q8DR45	JMFOCFNE_01512	Two-component transcriptional regulator VraR
Q8DR44	JMFOCFNE_01513	hypothetical protein
Q7CRB9	JMFOCFNE_01514	Hypothetical protein
Q8DR41	JMFOCFNE_01515	hypothetical protein
Q8DR40	JMFOCFNE_01516	Surface protein PspA precursor
Q8DR39	JMFOCFNE_01517	Choline-binding protein CbpK
Q8DR38	JMFOCFNE_01518	IS3 family transposase ISSpn11
Q8DR37	JMFOCFNE_01519	IS3 family transposase ISSpn11
Q8DR35	JMFOCFNE_01520	hypothetical protein
Q8DR34	JMFOCFNE_01521	Mannitol-specific PTS IIBC components
Q8DR33	JMFOCFNE_01522	Mannitol operon activator%2C BglG family
Q8DR32	JMFOCFNE_01523	Mannitol-specific PTS IIA component
Q8DR31	JMFOCFNE_01524	Mannitol-1-phosphate 5-dehydrogenase
Q8DR29	JMFOCFNE_01525	Cell division trigger factor
Q8DR28	JMFOCFNE_01526	RecD-like DNA helicase YrrC
P59662	JMFOCFNE_01527	Signal peptidase I
P59660	JMFOCFNE_01528	Ribonuclease HIII
Q8CZ65	JMFOCFNE_01529	Z-ring positive regulator ZapA
Q8DR27	JMFOCFNE_01530	Z-ring positive regulator ZapB
Q8DR26	JMFOCFNE_01531	Recombination inhibitory protein MutS2
	JMFOCFNE_01532	Glycine
	JMFOCFNE_01532	
Q8DR25	JMFOCFNE_01533	Sodium/glycine symporter GlyP
Q8DR24	JMFOCFNE_01534	Macrophage infectivity potentiator protein
Q8DR23	JMFOCFNE_01535	Exfoliative toxin A
Q8DR22	JMFOCFNE_01536	Seryl-tRNA synthetase
Q8DR21	JMFOCFNE_01537	Putative regulator of the mannose operon ManO
Q8DR20	JMFOCFNE_01538	Aspartokinase
Q8DR19	JMFOCFNE_01539	Trans-2%2Ccis-3-Decenoyl-ACP isomerase
Q8DR18	JMFOCFNE_01540	Transcriptional regulator of fatty acid biosynthesis FabT
P0A3C6	JMFOCFNE_01541	3-oxoacyl-(acyl-carrier-protein) synthase FabH
P0A2W1	JMFOCFNE_01542	Acyl carrier protein
Q8DR17	JMFOCFNE_01543	Enoyl-(acyl-carrier-protein) reductase FabK
Q8DR16	JMFOCFNE_01544	Malonyl CoA-acyl carrier protein transacylase FabD
Q8DR15	JMFOCFNE_01545	3-oxoacyl-[acyl-carrier protein] reductase FabG1
Q8DR14	JMFOCFNE_01546	3-oxoacyl-(acyl-carrier-protein) synthase FabF
Q7CRB8	JMFOCFNE_01547	Biotin carboxyl carrier protein of acetyl-CoA carboxylase
P59202	JMFOCFNE_01548	3-hydroxyacyl-(acyl-carrier-protein) dehydratase FabZ
Q8CZE9	JMFOCFNE_01549	Biotin carboxylase of acetyl-CoA carboxylase
Q7CRB7	JMFOCFNE_01550	Acetyl-coenzyme A carboxyl transferase beta chain
Q8DR13	JMFOCFNE_01551	Acetyl-coenzyme A carboxyl transferase alpha chain
Q8CZ64	JMFOCFNE_01552	Hypothetical protein
Q8DNP6	JMFOCFNE_01553	hypothetical protein
P65583	JMFOCFNE_01554	Transcription termination protein NusB
Q8DR12	JMFOCFNE_01555	Alkaline shock protein
P64043	JMFOCFNE_01556	Translation elongation factor P
Q8DR11	JMFOCFNE_01557	Bifunctional aspartyl-tRNA(Asp) amidotransferase subunit B/glutamyl-tRNA(Glu) amidotransferase subunit B
Q8DR10	JMFOCFNE_01558	Bifunctional aspartyl-tRNA(Asp) amidotransferase subunit A/glutamyl-tRNA(Glu) amidotransferase subunit A
P59661	JMFOCFNE_01559	Bifunctional aspartyl-tRNA(Asp) amidotransferase subunit C/glutamyl-tRNA(Glu) amidotransferase subunit C
Q8DR09	JMFOCFNE_01560	Peptide chain release factor 3
Q8DR08	JMFOCFNE_01561	Putative CDP-glycerol:glycerophosphate glycerophosphotransferase
P66156	JMFOCFNE_01562	LSU ribosomal protein L28p
Q8DR07	JMFOCFNE_01563	Putative alkaline-shock protein
Q8DR06	JMFOCFNE_01564	Dihydroxyacetone kinase-like protein
Q8DR05	JMFOCFNE_01565	Acetolactate synthase large subunit
Q8DR04	JMFOCFNE_01566	Acetolactate synthase small subunit
Q8DR03	JMFOCFNE_01567	Ketol-acid reductoisomerase
Q8CZ62	JMFOCFNE_01568	hypothetical protein
Q8CZ61	JMFOCFNE_01569	Hypothetical protein
Q8DR02	JMFOCFNE_01570	Threonine dehydratase
Q8CZ60	JMFOCFNE_01571	Hypothetical protein
Q8DR01	JMFOCFNE_01572	Glutamine ABC transporter ATP-binding protein GlnQ1
Q8DR00	JMFOCFNE_01573	Glutamine ABC transporter permease GlnHP1
Q8CZ59	JMFOCFNE_01574	Hypothetical protein
Q8DQZ8	JMFOCFNE_01575	hypothetical protein
Q8DQ71	JMFOCFNE_01576	hypothetical protein
P60935	JMFOCFNE_01577	Undecaprenyl-diphosphatase
Q8DQZ7	JMFOCFNE_01578	DNA polymerase IV
Q8DQZ6	JMFOCFNE_01579	Pyruvate formate-lyase
Q8CZ58	JMFOCFNE_01580	hypothetical protein
Q8DQZ5	JMFOCFNE_01581	Hypothetical protein
Q8CZ56	JMFOCFNE_01582	Hypothetical protein
Q8DQZ4	JMFOCFNE_01583	Xylose repressor protein
Q8DQZ3	JMFOCFNE_01584	Cellobiose-specific PTS IIC component
Q8CZ55	JMFOCFNE_01585	Hypothetical protein
Q8DQZ2	JMFOCFNE_01586	Lactose-specific PTS IIA component
Q8DQZ1	JMFOCFNE_01587	6-phospho-beta-galactosidase
Q8DQZ0	JMFOCFNE_01588	Lactose-specific PTS IIBC components
Q8DQY9	JMFOCFNE_01589	Trk family potassium uptake protein TrkH
Q8DQY8	JMFOCFNE_01590	Trk family potassium uptake protein TrkA
Q8DQY7	JMFOCFNE_01591	Hypothetical protein
Q8DQY6	JMFOCFNE_01592	Substrate-specific component MtsA of methionine-regulated ECF transporter
Q8DPE4	JMFOCFNE_01593	Hypothetical protein
Q8DQY5	JMFOCFNE_01594	Duplicated ATPase component MtsB of energizing module of methionine-regulated ECF transporter
Q8DQY5	JMFOCFNE_01595	Duplicated ATPase component MtsB of energizing module of methionine-regulated ECF transporter
Q8DQY4	JMFOCFNE_01596	Transmembrane component MtsC of energizing module of methionine-regulated ECF transporter
	JMFOCFNE_01597	23S-methyl
	JMFOCFNE_01597	
Q8DQY3	JMFOCFNE_01598	tRNA (cytidine(34)-2'-O)-methyltransferase
	JMFOCFNE_01599	FMN
	JMFOCFNE_01599	
Q8DQY2	JMFOCFNE_01600	Substrate-specific component RibU of riboflavin ECF transporter
Q8DQY1	JMFOCFNE_01601	Membrane-associated phospholipid phosphatase
Q8CZ54	JMFOCFNE_01602	Hypothetical protein
Q8CZ53	JMFOCFNE_01603	Hypothetical protein
P66718	JMFOCFNE_01604	DNA-directed RNA polymerase delta subunit
Q8DQY0	JMFOCFNE_01605	CTP synthase
Q8DQX9	JMFOCFNE_01606	Sodium-dependent phosphate transporter NptA
Q8DQX9	JMFOCFNE_01607	Sodium-dependent phosphate transporter NptA
Q8CZ52	JMFOCFNE_01608	Endo-beta-N-acetylglucosaminidase EndoD
Q8DQX8	JMFOCFNE_01609	Phosphoglycerate kinase
Q8CZ51	JMFOCFNE_01610	Hypothetical protein
Q8DQX7	JMFOCFNE_01611	Transcriptional regulator%2C MerR family
Q8DQX6	JMFOCFNE_01612	Glutamine synthetase type I
Q8DRQ0	JMFOCFNE_01613	hypothetical protein
Q8DQX5	JMFOCFNE_01614	Type I restriction-modification system%2C specificity subunit S type F
Q8DQX5	JMFOCFNE_01615	Type I restriction-modification system%2C specificity subunit S component 2.2
Q8DQX3	JMFOCFNE_01616	Integrase/recombinase CreX (XerC/CodV family)
Q8DQX2	JMFOCFNE_01617	Type I restriction-modification system%2C specificity subunit S components 1.1-2.1
Q8DQX1	JMFOCFNE_01618	Type I restriction-modification system DNA-methyltransferase subunit M
Q8DQX0	JMFOCFNE_01619	Type I restriction-modification system restriction subunit R
Q8CZ50	JMFOCFNE_01620	Hypothetical protein
Q8CZ49	JMFOCFNE_01621	Hypothetical protein
Q8DQW9	JMFOCFNE_01622	Heat-inducible transcription repressor HrcA
Q8CWT4	JMFOCFNE_01623	Heat shock protein GrpE
Q8CWT3	JMFOCFNE_01624	Chaperone protein DnaK
Q8DPF5	JMFOCFNE_01625	Hypothetical protein
	JMFOCFNE_01626	SpF14_sRNA
	JMFOCFNE_01626	
Q8CWT2	JMFOCFNE_01627	Chaperone protein DnaJ
Q8CZ48	JMFOCFNE_01628	Hypothetical protein
Q8DQW8	JMFOCFNE_01629	Histidine triad nucleotide-binding protein
Q8DQW7	JMFOCFNE_01630	ABC transporter ATP-binding protein EcsA
Q8DQW6	JMFOCFNE_01631	ABC transporter permease protein EcsB
Q8CZ47	JMFOCFNE_01632	BlpT protein
Q8DQW5	JMFOCFNE_01633	BlpS protein
Q7CRB6	JMFOCFNE_01634	Two-component system response regulator BlpR
Q7CRB5	JMFOCFNE_01635	Two-component system sensor histidine kinase BlpH
Q7CRB4	JMFOCFNE_01636	Peptide pheromone BlpC
Q8DQW4	JMFOCFNE_01637	Competence-stimulating peptide ABC transporter permease protein ComB
Q8DQW3	JMFOCFNE_01638	Competence-stimulating peptide ABC transporter permease protein ComB
Q8DQW2	JMFOCFNE_01639	Competence-stimulating peptide ABC transporter ATP-binding protein ComA
Q8DQW1	JMFOCFNE_01640	Competence-stimulating peptide ABC transporter ATP-binding protein ComA
Q8CZ46	JMFOCFNE_01641	PncW
Q8DQW0	JMFOCFNE_01642	Bacteriocin immunity protein BlpY
Q8CZ44	JMFOCFNE_01643	Immunity protein BlpZ
Q8DQV9	JMFOCFNE_01644	Putative protease
Q8DQV8	JMFOCFNE_01645	Aminoglycoside phosphotransferase family protein
P67507	JMFOCFNE_01646	tRNA (guanine46-N7-)-methyltransferase
Q8DQV6	JMFOCFNE_01647	Bacterial ribosome SSU maturation protein RimP
Q8DQV5	JMFOCFNE_01648	Transcription termination/antitermination protein NusA
Q8DQV4	JMFOCFNE_01649	Putative nucleic-acid-binding protein implicated in transcription termination
Q8DQV3	JMFOCFNE_01650	L7Ae family ribosomal protein
Q8DQV2	JMFOCFNE_01651	Translation initiation factor 2
Q8DQV1	JMFOCFNE_01652	Ribosome-binding factor A
Q8DQV0	JMFOCFNE_01653	Hypothetical protein
Q8CZ43	JMFOCFNE_01654	Hypothetical protein
Q8CY74	JMFOCFNE_01655	Hypothetical protein
Q8CZ42	JMFOCFNE_01656	Glycerate kinase
Q8DQU9	JMFOCFNE_01657	Hypothetical protein
Q8CZ41	JMFOCFNE_01658	Hypothetical protein
Q8CZ40	JMFOCFNE_01659	Hypothetical protein
Q8CZ39	JMFOCFNE_01660	Hypothetical protein
Q8DQU8	JMFOCFNE_01661	Acetyltransferase
Q8CZ38	JMFOCFNE_01662	Hypothetical protein
Q8DQU7	JMFOCFNE_01663	Valyl-tRNA synthetase
Q8DQU6	JMFOCFNE_01664	Hypothetical protein
Q8CZ37	JMFOCFNE_01665	Fic domain protein
Q8DQU4	JMFOCFNE_01666	Putative transposase InsK for insertion sequence element IS150
Q8DQU3	JMFOCFNE_01667	IS3 family transposase ISSpn11
Q8DQU2	JMFOCFNE_01668	hypothetical protein
Q8CZ36	JMFOCFNE_01669	hypothetical protein
Q8CZ34	JMFOCFNE_01670	hypothetical protein
Q8CZ33	JMFOCFNE_01671	hypothetical protein
Q8CZ32	JMFOCFNE_01672	hypothetical protein
	JMFOCFNE_01673	SpF19_sRNA
	JMFOCFNE_01673	
Q8DQU1	JMFOCFNE_01674	Beta-glucoside bgl operon antiterminator BglG
Q8DQU0	JMFOCFNE_01675	Beta-glucoside-specific PTS IIBCA components
Q8DQT9	JMFOCFNE_01676	6-phospho-beta-glucosidase
Q8DQT8	JMFOCFNE_01677	Phenylalanyl-tRNA synthetase alpha chain
Q8DQT8	JMFOCFNE_01678	Phenylalanyl-tRNA synthetase alpha chain
Q8DQT7	JMFOCFNE_01679	N1-spermidine/spermine acetyltransferase PaiA
Q8DQT6	JMFOCFNE_01680	Phenylalanyl-tRNA synthetase beta chain
Q8CZ31	JMFOCFNE_01681	Putative integral membrane protein
Q8DQT5	JMFOCFNE_01682	ISSpn8 transposase
Q8DQT3	JMFOCFNE_01683	Antitoxin HigA
Q8DQT2	JMFOCFNE_01684	5-methyltetrahydropteroyltriglutamate-- homocysteine methyltransferase
Q8DQT1	JMFOCFNE_01685	5%2C10-methylenetetrahydrofolate reductase
Q8DQT0	JMFOCFNE_01686	Polyribonucleotide nucleotidyltransferase
Q8DQS9	JMFOCFNE_01687	Serine acetyltransferase
Q8CZ30	JMFOCFNE_01688	Acetyltransferase%2C GNAT family
Q8DQS8	JMFOCFNE_01689	Cysteinyl-tRNA synthetase
Q8DQS7	JMFOCFNE_01690	Mini-ribonuclease III
Q8DQS6	JMFOCFNE_01691	Leucine rich protein
Q8CZ29	JMFOCFNE_01692	hypothetical protein
Q8DR61	JMFOCFNE_01693	hypothetical protein
	JMFOCFNE_01694	Intron_gpII
	JMFOCFNE_01694	
Q8DQS4	JMFOCFNE_01695	Peptide ABC transporter membrane-spanning permease Vex1
Q8DQS3	JMFOCFNE_01696	ABC transporter ATP-binding protein Vex2
Q8DQS2	JMFOCFNE_01697	Peptide ABC transporter membrane-spanning permease Vex3
Q8DQS0	JMFOCFNE_01698	Two-component system response regulator VncR
Q8DQR9	JMFOCFNE_01699	Two-component system sensor histidine kinase VncS
P0A4S2	JMFOCFNE_01700	Class II fructose-bisphosphate aldolase
Q8CZ28	JMFOCFNE_01701	Oxidoreductase
Q8DQR8	JMFOCFNE_01702	Glutamine ABC transporter permease GlnP2b
Q8DQR7	JMFOCFNE_01703	Glutamine ABC transporter permease GlnP2a
Q8CWT1	JMFOCFNE_01704	Glutamine ABC transporter substrate-binding protein GlnH2
Q8DQR6	JMFOCFNE_01705	Glutamine transport ATP-binding protein GlnQ
Q8DQR5	JMFOCFNE_01706	Glutamine ABC transporter ATP-binding protein GlnQ4
Q8DQR4	JMFOCFNE_01707	Single-stranded-DNA-specific exonuclease RecJ
Q8DQR3	JMFOCFNE_01708	Ribonuclease J2
Q8DQR2	JMFOCFNE_01709	Tributyrin esterase
Q8DQR1	JMFOCFNE_01710	tRNA-dependent lipid II--L-alanine/serine ligase MurM
Q8DQR0	JMFOCFNE_01711	tRNA-dependent lipid II-Ala--L-alanine ligase MurN
Q8CZ27	JMFOCFNE_01712	Putative Zn-dependent protease
Q8DQQ9	JMFOCFNE_01713	Excinuclease ABC subunit C
Q8DQQ8	JMFOCFNE_01714	Serine/threonine protein phosphatase
Q8CWT0	JMFOCFNE_01715	Cysteine ABC transporter substrate-binding protein
Q8DQQ7	JMFOCFNE_01716	Bifunctional oxygen-insensitive NAD(P)H nitroreductase/dihydropteridine reductase
Q8DQQ6	JMFOCFNE_01717	Dipeptidase PepV
Q8DQQ5	JMFOCFNE_01718	Uracil-DNA glycosylase
Q8CZ26	JMFOCFNE_01719	hypothetical protein
	JMFOCFNE_01720	SpF22_sRNA
	JMFOCFNE_01720	
Q8DQQ3	JMFOCFNE_01721	Branched-chain amino acid transport system carrier protein
Q8DQQ2	JMFOCFNE_01722	Deblocking aminopeptidase
Q8CZ25	JMFOCFNE_01723	Histidine triad family protein
Q8DQQ1	JMFOCFNE_01724	L%2CD-carboxypeptidase
Q8CWS9	JMFOCFNE_01725	LSU ribosomal protein L11p (L12e)
P66096	JMFOCFNE_01726	LSU ribosomal protein L1p (L10Ae)
	JMFOCFNE_01727	Intron_gpII
	JMFOCFNE_01727	
Q8DPE4	JMFOCFNE_01728	Hypothetical protein
Q8DP20	JMFOCFNE_01729	Hypothetical protein
Q8DPK2	JMFOCFNE_01730	Hypothetical protein
Q8DQQ0	JMFOCFNE_01731	ABC transporter ATP-binding protein
Q8DQP9	JMFOCFNE_01732	Antibiotic ABC transporter permease protein
Q8DQP8	JMFOCFNE_01733	Multidrug ABC transporter permease protein
Q8CZ24	JMFOCFNE_01734	hypothetical protein
Q8DPE4	JMFOCFNE_01735	Hypothetical protein
Q8DQP7	JMFOCFNE_01736	Serine protease PrtA precursor
Q8DQP6	JMFOCFNE_01737	Galactose-specific PTS IIA component
Q8CZ23	JMFOCFNE_01738	Galactose-specific PTS IIB component
Q8DQP5	JMFOCFNE_01739	Galactose-specific PTS IIC component
Q8DQP4	JMFOCFNE_01740	Beta-galactosidase BgaA
Q8CZ22	JMFOCFNE_01741	hypothetical protein
Q8CZ21	JMFOCFNE_01742	hypothetical protein
	JMFOCFNE_01743	SpF25_sRNA
	JMFOCFNE_01743	
Q8CZ20	JMFOCFNE_01744	Hypothetical protein
Q8CZ19	JMFOCFNE_01745	hypothetical protein
Q8CZ18	JMFOCFNE_01746	hypothetical protein
Q8DQP3	JMFOCFNE_01747	Putative rRNA methylase YtqB
Q8CZ17	JMFOCFNE_01748	Hypothetical protein
Q8DQP2	JMFOCFNE_01749	Na+/H+ antiporter
Q8DQP1	JMFOCFNE_01750	Inner membrane protein YihY
Q8DQP0	JMFOCFNE_01751	Cytochrome c-type biogenesis protein CcdA-1
Q8DQN9	JMFOCFNE_01752	Thiol:disulfide oxidoreductase
P65444	JMFOCFNE_01753	Peptide methionine sulfoxide reductase MsrAB2
Q8DQN8	JMFOCFNE_01754	Two-component response regulator YesN
Q8DQN7	JMFOCFNE_01755	Two-component sensor kinase YesM
Q8DQN6	JMFOCFNE_01756	YwlG
Q8DQN5	JMFOCFNE_01757	Zinc metalloprotease ZmpB precursor
Q8DQN5	JMFOCFNE_01758	Zinc metalloprotease ZmpB precursor
Q8DQN4	JMFOCFNE_01759	Bifunctional para-aminobenzoate synthase%2C aminase component/aminodeoxychorismate lyase
P63414	JMFOCFNE_01760	Hypothetical protein
Q8CZ16	JMFOCFNE_01761	Endo-beta-N-acetylglucosaminidase%2C choline-binding protein CbpL
Q8DQN3	JMFOCFNE_01762	Glucokinase
P67050	JMFOCFNE_01763	Thymidylate synthase
Q8CZ15	JMFOCFNE_01764	Hypothetical protein
Q8CWS7	JMFOCFNE_01765	tRNA dimethylallyltransferase MiaA
Q8DQN2	JMFOCFNE_01766	GTP-binding protein HflX
Q8CZ13	JMFOCFNE_01767	Cystathionine beta-lyase
Q8DQN1	JMFOCFNE_01768	Ribonuclease Z
Q8DQN0	JMFOCFNE_01769	Short-chain dehydrogenase
Q8DQM9	JMFOCFNE_01770	Methionine biosynthesis and transport regulator MtaR%2C LysR family
Q8DQM8	JMFOCFNE_01771	Hypothetical protein
Q8DQM7	JMFOCFNE_01772	Rhodanese-like domain protein
Q8CZ12	JMFOCFNE_01773	Hypothetical protein
Q8DQM6	JMFOCFNE_01774	Ribosomal small subunit pseudouridine synthase A
Q8CWS6	JMFOCFNE_01775	GTP-binding protein TypA
Q8CZ11	JMFOCFNE_01776	Putative membrane protein
Q8DQM5	JMFOCFNE_01777	Hypothetical protein
Q8DQM4	JMFOCFNE_01778	Putative immunity protein
Q8DQM3	JMFOCFNE_01779	ABC transporter ATP-binding protein
Q8DQM2	JMFOCFNE_01780	UDP-N-acetylmuramoylalanine--D-glutamate ligase
Q8DQM1	JMFOCFNE_01781	UDP-N-acetylglucosamine--N-acetylmuramyl- (pentapeptide) pyrophosphoryl-undecaprenol N-acetylglucosamine transferase
Q8DQM0	JMFOCFNE_01782	Cell division protein DivIB
Q8DN38	JMFOCFNE_01783	Hypothetical protein
Q8DPK1	JMFOCFNE_01784	Hypothetical protein
Q8CZ09	JMFOCFNE_01785	hypothetical protein
Q7CRB7	JMFOCFNE_01786	hypothetical protein
Q8CZ08	JMFOCFNE_01787	hypothetical protein
Q8DPY2	JMFOCFNE_01788	Hypothetical protein
Q8DQL9	JMFOCFNE_01789	hypothetical protein
Q8DQL8	JMFOCFNE_01790	Fluoroquinolones export ATP-binding protein
Q8CZ07	JMFOCFNE_01791	Putative membrane spanning protein
	JMFOCFNE_01792	PyrR
	JMFOCFNE_01792	
Q8DQL6	JMFOCFNE_01793	Orotidine 5'-phosphate decarboxylase
Q8DQL5	JMFOCFNE_01794	Orotate phosphoribosyltransferase
Q8CZ06	JMFOCFNE_01795	Hypothetical protein
Q8CZ05	JMFOCFNE_01796	Hypothetical protein
Q8CZ04	JMFOCFNE_01797	Hypothetical protein
Q8CZ03	JMFOCFNE_01798	Hypothetical protein
Q8DQL4	JMFOCFNE_01799	ABC transporter ATP-binding protein
Q8DQL3	JMFOCFNE_01800	Amino acid ABC transporter amino acid-binding/permease protein
Q8DQL2	JMFOCFNE_01801	hypothetical protein
Q8DQL1	JMFOCFNE_01802	Glutamine ABC transporter ATP-binding protein GlnQ3
Q8DQL0	JMFOCFNE_01803	Glutamine ABC transporter permease GlnP3b
Q8DQK9	JMFOCFNE_01804	Glutamine ABC transporter permease GlnP3a
Q8DQK7	JMFOCFNE_01805	L-Lactate 2-monooxygenase
Q8CWS5	JMFOCFNE_01806	Class II lysyl-tRNA synthetase
Q8DQK7	JMFOCFNE_01807	L-Lactate 2-monooxygenase
	JMFOCFNE_01808	TPP
	JMFOCFNE_01808	
Q8DQK6	JMFOCFNE_01809	Thiaminase II
Q8DQK5	JMFOCFNE_01810	Hydroxyethylthiazole kinase
Q8DQK4	JMFOCFNE_01811	Thiamin-phosphate pyrophosphorylase
	JMFOCFNE_01812	TPP
	JMFOCFNE_01812	
Q8DQK3	JMFOCFNE_01813	Substrate-specific component YkoE of thiamin-regulated ECF transporter for hydroxymethylpyrimidine
Q8DQK2	JMFOCFNE_01814	Duplicated ATPase component YkoD of energizing module of thiamin-regulated ECF transporter for hydroxymethylpyrimidine
Q8DQK1	JMFOCFNE_01815	Transmembrane component YkoC of energizing module of thiamin-regulated ECF transporter for hydroxymethylpyrimidine
Q8DQK0	JMFOCFNE_01816	Thiaminase II TenA
Q8CZ02	JMFOCFNE_01817	Substrate-specific component ThiW of putative thiazole ECF transporter
Q8DQJ9	JMFOCFNE_01818	Hydroxyethylthiazole kinase
P66921	JMFOCFNE_01819	Thiamin-phosphate pyrophosphorylase
Q8DQJ8	JMFOCFNE_01820	Hydroxymethylpyrimidine phosphate kinase ThiD
	JMFOCFNE_01821	TPP
	JMFOCFNE_01821	
Q8DQJ7	JMFOCFNE_01822	Negative transcriptional regulator of copper transport operon
Q8DQJ6	JMFOCFNE_01823	Copper-exporting ATPase
Q8DQJ5	JMFOCFNE_01824	Lead%2C cadmium%2C copper%2C zinc and mercury transporting P-type ATPase
Q8DQJ4	JMFOCFNE_01825	Pyruvate oxidase
Q8CZ01	JMFOCFNE_01826	Hypothetical protein
Q8DQJ3	JMFOCFNE_01827	IS630 family transposase ISSpn2
Q8CZ00	JMFOCFNE_01828	IS630 family transposase ISSpn2
Q8DQJ2	JMFOCFNE_01829	6-phospho-beta-glucosidase
Q8DQJ1	JMFOCFNE_01830	Mannose-6-phosphate isomerase
Q8DQJ0	JMFOCFNE_01831	Sodium-dependent transporter
Q8DQI9	JMFOCFNE_01832	hypothetical protein
Q8DQI8	JMFOCFNE_01833	MutT/Nudix family protein
Q8DQI7	JMFOCFNE_01834	NAD(FAD)-utilizing dehydrogenase
Q8DQI6	JMFOCFNE_01835	DegV family protein
Q8DQI5	JMFOCFNE_01836	Transcriptional regulator%2C AcrR family
Q8DQI4	JMFOCFNE_01837	dCMP deaminase
Q8DQI3	JMFOCFNE_01838	Uracil phosphoribosyltransferase
P63788	JMFOCFNE_01839	ATP-dependent Clp protease proteolytic subunit ClpP
Q8DQI2	JMFOCFNE_01840	Hypothetical protein
Q8DQI1	JMFOCFNE_01841	High-affinity leucine-specific transport system%2C periplasmic binding protein LivJ
Q8DQI0	JMFOCFNE_01842	High-affinity branched-chain amino acid transport system permease protein LivH
Q8DQH9	JMFOCFNE_01843	Branched-chain amino acid transport system permease protein LivM
Q8DQH8	JMFOCFNE_01844	Branched-chain amino acid transport ATP-binding protein LivG
Q8DQH7	JMFOCFNE_01845	Branched-chain amino acid transport ATP-binding protein LivF
Q8DQH6	JMFOCFNE_01846	CBS domain protein
Q8DQH5	JMFOCFNE_01847	Peptide chain release factor 2
Q8DQH4	JMFOCFNE_01848	Cell division transporter%2C ATP-binding protein FtsE
Q8DQH3	JMFOCFNE_01849	Cell division protein FtsX
Q8DQH2	JMFOCFNE_01850	Maltose- and glucose-specific PTS IICBA components
Q8CYZ8	JMFOCFNE_01851	Exodeoxyribonuclease III
Q8DQH1	JMFOCFNE_01852	ATP-dependent RNA helicase YqfR
Q8DQH0	JMFOCFNE_01853	S-adenosylmethionine synthetase
Q8DQG9	JMFOCFNE_01854	Dihydroorotate dehydrogenase (fumarate)
Q8DQG8	JMFOCFNE_01855	DNA polymerase III delta subunit
P0A4J7	JMFOCFNE_01856	Manganese superoxide dismutase
Q8CYZ7	JMFOCFNE_01857	hypothetical protein
Q8DQG7	JMFOCFNE_01858	Bifunctional 23S rRNA (adenine(2503)-C(2))-methyltransferase/tRNA (adenine(37)-C(2))-methyltransferase
Q8CYZ6	JMFOCFNE_01859	VanZF-related protein
Q8DQG6	JMFOCFNE_01860	ABC transporter ATP-binding protein
Q8DQG5	JMFOCFNE_01861	Peptidyl-prolyl cis-trans isomerase
Q8CYZ5	JMFOCFNE_01862	Hypothetical protein
P66445	JMFOCFNE_01863	SSU ribosomal protein S16p
Q8DQG4	JMFOCFNE_01864	KH domain RNA-binding protein
Q8CYZ3	JMFOCFNE_01865	hypothetical protein
Q8CYZ2	JMFOCFNE_01866	hypothetical protein
Q8DQG3	JMFOCFNE_01867	16S rRNA processing protein RimM
Q8CWS4	JMFOCFNE_01868	tRNA (guanine(37)-N(1))-methyltransferase
Q8CYZ1	JMFOCFNE_01869	Anaerobic ribonucleoside-triphosphate reductase
Q8CYZ0	JMFOCFNE_01870	Hypothetical protein
Q8DQG2	JMFOCFNE_01871	Hypothetical protein
Q8DQG1	JMFOCFNE_01872	Substrate-specific component BioY of biotin ECF transporter
Q8DQG0	JMFOCFNE_01873	Glutathione reductase
Q8DQF9	JMFOCFNE_01874	Periplasmic component of efflux system
Q8DQF8	JMFOCFNE_01875	ABC transporter ATP-binding protein
Q8DQF7	JMFOCFNE_01876	ABC transporter permease protein
P67581	JMFOCFNE_01877	Methionyl-tRNA synthetase
Q8DQF6	JMFOCFNE_01878	Transcriptional regulator%2C PadR family
Q8DQF5	JMFOCFNE_01879	Hypothetical protein
Q8DQF4	JMFOCFNE_01880	Putative oxidoreductase
Q8CYY9	JMFOCFNE_01881	Hypothetical protein
Q8CWS3	JMFOCFNE_01882	3-Ketoacyl-ACP reductase
Q8DQF3	JMFOCFNE_01883	MutT/Nudix family protein
Q8CYY8	JMFOCFNE_01884	Acetyltransferase%2C GNAT family
Q8CYY7	JMFOCFNE_01885	PEP-utilizing enzyme family protein
Q8DQF2	JMFOCFNE_01886	Hypothetical protein
Q8DQF1	JMFOCFNE_01887	Lysyl aminopeptidase PepN
P0A4H8	JMFOCFNE_01888	Two-component system response regulator CiaR
P0A4I6	JMFOCFNE_01889	Two-component system sensor histidine kinase CiaH
Q8CYY6	JMFOCFNE_01890	Hypothetical protein
Q8DQF0	JMFOCFNE_01891	Protease
Q8DQE9	JMFOCFNE_01892	Bifunctional DinG family ATP-dependent helicase YoaA/DnaQ family exonuclease
Q8DQE8	JMFOCFNE_01893	Cell shape-determining protein RodA
Q8DQE7	JMFOCFNE_01894	4-methyl-5(b-hydroxyethyl)-thiazole monophosphate biosynthesis enzyme
Q8DQE6	JMFOCFNE_01895	Hydrolase%2C haloacid dehalogenase-like family
P0A4M0	JMFOCFNE_01896	DNA gyrase subunit B
Q8DQE5	JMFOCFNE_01897	Septation ring formation regulator EzrA
Q8DQE4	JMFOCFNE_01898	IS630 family transposase ISSpn2
Q8DQE3	JMFOCFNE_01899	IS630 family transposase ISSpn2
Q8CYY5	JMFOCFNE_01900	Hypothetical protein
Q8DQE1	JMFOCFNE_01901	MutT/Nudix family protein
Q8DQE0	JMFOCFNE_01902	IS630 family transposase IS630-Spn1
Q8DQD7	JMFOCFNE_01903	ATP-dependent Clp protease ATP-binding subunit ClpE
Q8DQD6	JMFOCFNE_01904	Hypothetical protein
Q8DQD5	JMFOCFNE_01905	Glutamine ABC transporter permease GlnP4
Q8DQD4	JMFOCFNE_01906	Glutamine ABC transporter ATP-binding protein GlnQ4
Q8DQD3	JMFOCFNE_01907	Bifunctional methylenetetrahydrofolate dehydrogenase (NADP+)/methenyltetrahydrofolate cyclohydrolase
Q8DQD2	JMFOCFNE_01908	ADP-dependent (S)-NAD(P)H-hydrate dehydratase
Q8DQD1	JMFOCFNE_01909	Ribose 5-phosphate isomerase A
Q8DQD0	JMFOCFNE_01910	Phosphopentomutase
Q8CYY4	JMFOCFNE_01911	hypothetical protein
Q8CWS2	JMFOCFNE_01912	Bifunctional purine nucleoside phosphorylase/N-ribosylnicotinamide phosphorylase
Q8CYY3	JMFOCFNE_01913	hypothetical protein
Q8CYY2	JMFOCFNE_01914	Fucolectin-related protein
Q8DQC9	JMFOCFNE_01915	Thiol-activated cytolysin
Q8CWS1	JMFOCFNE_01916	Purine nucleoside phosphorylase
Q8DQC8	JMFOCFNE_01917	FlaR-related DNA topology modulation protein
Q8CWS0	JMFOCFNE_01918	SSU ribosomal protein S20p
Q8DQC7	JMFOCFNE_01919	Pantothenate kinase
Q8CYY1	JMFOCFNE_01920	Hypothetical protein
Q8DQC6	JMFOCFNE_01921	16S rRNA (guanine(1207)-N(2))-methyltransferase
Q8DQC5	JMFOCFNE_01922	Pyrimidine-nucleoside phosphorylase
Q8DQC4	JMFOCFNE_01923	Deoxyribose-phosphate aldolase
Q8DQC3	JMFOCFNE_01924	Cytidine deaminase
Q8DQC2	JMFOCFNE_01925	Nucleoside-binding protein
Q8DQC1	JMFOCFNE_01926	Putative deoxyribose-specific ABC transporter ATP-binding protein
Q8DQC0	JMFOCFNE_01927	Putative deoxyribose-specific ABC transporter permease protein
Q8DQB9	JMFOCFNE_01928	Putative deoxyribose-specific ABC transporter permease protein
Q8DQB8	JMFOCFNE_01929	IS3 family transposase ISSpn11
Q8DQB7	JMFOCFNE_01930	hypothetical protein
Q8CM57	JMFOCFNE_01931	hypothetical protein
Q8DQB6	JMFOCFNE_01932	IS3 family transposase ISSpn11
P0A4Q0	JMFOCFNE_01933	Acyl-phosphate:glycerol-3-phosphate O-acyltransferase PlsY
Q8DQB5	JMFOCFNE_01934	Topoisomerase IV subunit B
Q8DP97	JMFOCFNE_01935	Restriction enzyme BcgI alpha chain-like protein
Q8DQB4	JMFOCFNE_01936	Topoisomerase IV subunit A
Q8DQB3	JMFOCFNE_01937	Branched-chain amino acid aminotransferase
Q8DQB2	JMFOCFNE_01938	Oligopeptide ABC transporter substrate-binding protein
Q8DQB1	JMFOCFNE_01939	Hypothetical protein
Q8DQB0	JMFOCFNE_01940	Putative membrane protein
P65679	JMFOCFNE_01941	Pyrrolidone-carboxylate peptidase
Q8CYY0	JMFOCFNE_01942	Hypothetical protein
	JMFOCFNE_01943	tRNA-Tyr(gta)
	JMFOCFNE_01943	
	JMFOCFNE_01944	tRNA-Gln(ttg)
	JMFOCFNE_01944	
Q8CWR9	JMFOCFNE_01945	SSU ribosomal protein S1p
Q8DQA8	JMFOCFNE_01946	IS1167 transposase Orf2
Q8DNI4	JMFOCFNE_01947	hypothetical protein
Q8DQA7	JMFOCFNE_01948	IS1167 transposase Orf1
	JMFOCFNE_01949	Srn266
	JMFOCFNE_01949	
Q8DQA6	JMFOCFNE_01950	GAF domain-containing protein
Q8DQA5	JMFOCFNE_01951	DNA polymerase III subunits gamma and tau
Q8CYX9	JMFOCFNE_01952	Hypothetical protein
Q8DQA4	JMFOCFNE_01953	Iron-sulfur cluster assembly ATPase protein SufC
Q8DQA3	JMFOCFNE_01954	Iron-sulfur cluster assembly protein SufD
Q8DQA2	JMFOCFNE_01955	Cysteine desulfurase SufS
Q8DQA1	JMFOCFNE_01956	Putative iron-sulfur cluster assembly scaffold protein for SUF system SufE2
Q8DQA0	JMFOCFNE_01957	Iron-sulfur cluster assembly protein SufB
Q8DQ99	JMFOCFNE_01958	D-alanyl-D-alanine carboxypeptidase%2C penicillin-binding protein 3
Q8DQ98	JMFOCFNE_01959	Coordinator of zonal cell elongation
	JMFOCFNE_01960	transfer-messenger RNA%2C SsrA
	JMFOCFNE_01960	
	JMFOCFNE_01961	tRNA-Ser(gga)
	JMFOCFNE_01961	
Q8DQ97	JMFOCFNE_01962	Transcriptional repressor of the fructose operon%2C DeoR family
Q8DQ96	JMFOCFNE_01963	1-phosphofructokinase
Q8DQ95	JMFOCFNE_01964	Fructose-specific PTS IIABC components
P64167	JMFOCFNE_01965	DNA translocase FtsK
Q8CYX8	JMFOCFNE_01966	Acetyltransferase
Q8DQ93	JMFOCFNE_01967	Putative cysteine desulfurase
Q8DQ92	JMFOCFNE_01968	tRNA 4-thiouridine synthase ThiI
Q8CYX7	JMFOCFNE_01969	Putative alpha-dextrin endo-1%2C6-alpha-glucosidase
Q8CYX6	JMFOCFNE_01970	hypothetical protein
Q8CYX4	JMFOCFNE_01971	hypothetical protein
Q8CYX3	JMFOCFNE_01972	ATP-grasp-domain-containing protein
Q8DQ91	JMFOCFNE_01973	Type I restriction-modification system DNA-methyltransferase subunit M
Q8DQ90	JMFOCFNE_01974	Type I restriction-modification system specificity subunit S
Q8DQ89	JMFOCFNE_01975	Type I restriction-modification system restriction subunit R
Q8DQ89	JMFOCFNE_01976	Type I restriction-modification system restriction subunit R
Q8DPE4	JMFOCFNE_01977	Hypothetical protein
Q8DQ88	JMFOCFNE_01978	Arginine pathway regulatory protein ArgR2
Q8DQ87	JMFOCFNE_01979	Xaa-Pro dipeptidyl-peptidase
Q8DQ87	JMFOCFNE_01980	hypothetical protein
Q8DQ86	JMFOCFNE_01981	DNA polymerase III alpha subunit
Q8DQ85	JMFOCFNE_01982	6-phosphofructokinase
Q8DQ84	JMFOCFNE_01983	Pyruvate kinase
Q8CYX1	JMFOCFNE_01984	Membrane-associated protein
Q8DQ83	JMFOCFNE_01985	IS5 family transposase ISSpn7
Q8CYW9	JMFOCFNE_01986	Hypothetical protein
Q8CYW8	JMFOCFNE_01987	Hypothetical protein
Q8DQ82	JMFOCFNE_01988	ABC transporter substrate-binding protein
Q8DQ81	JMFOCFNE_01989	Putative permease
Q8DQ76	JMFOCFNE_01990	Hypothetical protein
Q8CYW7	JMFOCFNE_01991	hypothetical protein
Q8DQ80	JMFOCFNE_01992	hypothetical protein
Q8DQ79	JMFOCFNE_01993	Transcription accessory protein
Q8DQ78	JMFOCFNE_01994	Putative SprT family zinc-dependent metallopeptidase
Q8CYW6	JMFOCFNE_01995	Putative phage shock protein C
	JMFOCFNE_01996	Spd-sr07
	JMFOCFNE_01996	
Q8CYW5	JMFOCFNE_01997	Hypothetical protein
Q8DNF5	JMFOCFNE_01998	Hypothetical protein
Q8DQ77	JMFOCFNE_01999	ABC transporter ATP-binding protein
Q8DQ76	JMFOCFNE_02000	ABC transporter permease protein
Q8DQ75	JMFOCFNE_02001	Hypothetical protein
Q8DQ74	JMFOCFNE_02002	ISSpn8 transposase
Q8DQ73	JMFOCFNE_02003	Arginine decarboxylase
Q8DQ71	JMFOCFNE_02004	hypothetical protein
P66836	JMFOCFNE_02005	Spermidine synthase
Q8DQ70	JMFOCFNE_02006	Carboxynorspermidine synthase
Q8DQ69	JMFOCFNE_02007	Carboxynorspermidine decarboxylase
Q8DQ68	JMFOCFNE_02008	Agmatine deiminase
Q8DQ67	JMFOCFNE_02009	N-carbamoylputrescine amidase
Q8DQ66	JMFOCFNE_02010	Hydrolase%2C HAD superfamily
Q8CYW4	JMFOCFNE_02011	Hypothetical protein
Q8CYW3	JMFOCFNE_02012	CAAX amino terminal protease family protein
Q8DQ65	JMFOCFNE_02013	Cysteine and methionine metabolism regulator CmbR%2C LysR family
Q8DQ64	JMFOCFNE_02014	Lipoprotein signal peptidase
Q8DQ63	JMFOCFNE_02015	Ribosomal large subunit pseudouridine synthase D
Q8DQ62	JMFOCFNE_02016	Teichoic acid phosphorylcholine esterase%2C choline-binding protein CbpE
Q8DQ61	JMFOCFNE_02017	Glutamate 5-kinase
Q8DQ60	JMFOCFNE_02018	Gamma-glutamyl phosphate reductase
Q8DQ59	JMFOCFNE_02019	Pyrroline-5-carboxylate reductase
Q8DQ58	JMFOCFNE_02020	Thymidylate kinase
Q8DQ57	JMFOCFNE_02021	DNA polymerase III delta prime subunit
Q8DQ56	JMFOCFNE_02022	DNA replication initiation control protein YabA
Q8DQ55	JMFOCFNE_02023	16S rRNA (cytidine(1402)-2'-O)-methyltransferase
Q8DQ54	JMFOCFNE_02024	hypothetical protein
Q8CYW1	JMFOCFNE_02025	Replication protein
Q8DQ53	JMFOCFNE_02026	IS1381 transposase OrfB
Q8DQ52	JMFOCFNE_02027	IS5 family transposase ISSpn7
Q8DQ51	JMFOCFNE_02028	Methylenetetrahydrofolate--tRNA-(uracil-5-)- methyltransferase TrmFO
Q8DQ50	JMFOCFNE_02029	Uridine monophosphate kinase
Q8DQ49	JMFOCFNE_02030	Ribosome-recycling factor
Q8DQ48	JMFOCFNE_02031	S1 RNA-binding domain protein
Q8DQ47	JMFOCFNE_02032	Hypothetical protein
Q8DQ46	JMFOCFNE_02033	Phosphate starvation-inducible protein PhoH
Q8CYV9	JMFOCFNE_02034	Acetyltransferase
Q8CYV8	JMFOCFNE_02035	hypothetical protein
Q8DQ45	JMFOCFNE_02036	Alanine dehydrogenase
Q8DQ43	JMFOCFNE_02037	Alanine dehydrogenase
Q8DQ42	JMFOCFNE_02038	Acetyltransferase%2C GNAT family
Q8DQ41	JMFOCFNE_02039	Late competence DNA receptor ComEA
Q8DQ40	JMFOCFNE_02040	Late competence DNA transporter ComEC
Q8CYV6	JMFOCFNE_02041	ABC transporter%2C ATP-binding protein
Q8CYV5	JMFOCFNE_02042	Hypothetical protein
	JMFOCFNE_02043	L20_leader
	JMFOCFNE_02043	
P65145	JMFOCFNE_02044	Translation initiation factor 3
P66279	JMFOCFNE_02045	LSU ribosomal protein L35p
P66113	JMFOCFNE_02046	LSU ribosomal protein L20p
Q8DQ39	JMFOCFNE_02047	Lactoylglutathione lyase
Q8DQ38	JMFOCFNE_02048	Dihydroorotate dehydrogenase (NAD(+))%2C electron transfer subunit
Q8DQ37	JMFOCFNE_02049	Dihydroorotate dehydrogenase (NAD(+))%2C catalytic subunit
P59206	JMFOCFNE_02050	Endo-beta-N-acetylglucosaminidase LytB
Q8DQ36	JMFOCFNE_02051	Fibronectin/fibrinogen-binding protein
Q8DQ35	JMFOCFNE_02052	Metal-dependent hydrolase YbeY
Q8DQ34	JMFOCFNE_02053	Diacylglycerol kinase
P0A3C4	JMFOCFNE_02054	GTP-binding protein Era
Q8DQ33	JMFOCFNE_02055	Formamidopyrimidine-DNA glycosylase MutM
Q8DQ32	JMFOCFNE_02056	Dephospho-CoA kinase
P0A4K5	JMFOCFNE_02057	Multidrug resistance efflux pump PmrA
Q8DQ31	JMFOCFNE_02058	Protein-export membrane protein SecG
Q8DQ30	JMFOCFNE_02059	3'-to-5' exoribonuclease RNase R
Q8DQ29	JMFOCFNE_02060	tmRNA-binding protein SmpB
Q8DQ28	JMFOCFNE_02061	Tellurite methyltransferase TehB
Q8DQ28	JMFOCFNE_02062	Tellurite methyltransferase TehB
Q8DQ27	JMFOCFNE_02063	Competence protein CoiA
Q8DQ26	JMFOCFNE_02064	Oligoendopeptidase F
Q8DQ25	JMFOCFNE_02065	O-methyltransferase family protein
Q8DQ24	JMFOCFNE_02066	Putative parvulin type peptidyl-prolyl isomerase PrsA
Q8DQ23	JMFOCFNE_02067	IS3 family transposase ISSpn1
Q8DQ22	JMFOCFNE_02068	hypothetical protein
Q8DQ21	JMFOCFNE_02069	Phosphoglycerate mutase family 5 protein
Q8DQ20	JMFOCFNE_02070	Transcriptional regulator
Q8DQ19	JMFOCFNE_02071	Membrane protein
Q8CYV3	JMFOCFNE_02072	1%2C4-beta-N-acetylmuramidase%2C lyzozyme M1
Q8DQ18	JMFOCFNE_02073	Bifunctional N-acetylglucosamine-1-phosphate uridyltransferase/glucosamine-1-phosphate N-acetyltransferase
Q8DQ17	JMFOCFNE_02074	ADP-ribose pyrophosphatase
Q8CYV2	JMFOCFNE_02075	Hypothetical protein
Q8DQ16	JMFOCFNE_02076	Bifunctional 5'-methylthioadenosine nucleosidase/S-adenosylhomocysteine nucleosidase
Q8DQ15	JMFOCFNE_02077	Transcriptional regulator OrfX
Q8DQ14	JMFOCFNE_02078	DNA polymerase III epsilon subunit
Q8CYV1	JMFOCFNE_02079	Glycerophosphoryl diester phosphodiesterase
Q8DQ13	JMFOCFNE_02080	IS630 family transposase IS630-Spn1
Q8CYU8	JMFOCFNE_02081	Hypothetical protein
Q8DQ11	JMFOCFNE_02082	Cytochrome c-type biogenesis protein CcdA-2
Q8DQ10	JMFOCFNE_02083	Thiol:disulfide oxidoreductase
	JMFOCFNE_02084	SpF36_sRNA
	JMFOCFNE_02084	
Q8CWR7	JMFOCFNE_02085	Cationic amino acid transporter%2C APC Superfamily
Q8DQ09	JMFOCFNE_02086	Laminin-binding surface protein
Q8DQ08	JMFOCFNE_02087	Pneumococcal histidine triad protein B
Q8DQ07	JMFOCFNE_02088	Pneumococcal histidine triad protein E
Q8DQ07	JMFOCFNE_02089	Pneumococcal histidine triad protein E
Q8DQ07	JMFOCFNE_02090	Pneumococcal histidine triad protein E
Q8DQ06	JMFOCFNE_02091	hypothetical protein
Q8CYU5	JMFOCFNE_02092	hypothetical protein
Q8DQ05	JMFOCFNE_02093	Tripeptide aminopeptidase PepT
Q8DQ04	JMFOCFNE_02094	Ferrochelatase%2C protoheme ferro-lyase
Q8DQ03	JMFOCFNE_02095	Large-conductance mechanosensitive channel MscL
Q8DQ02	JMFOCFNE_02096	GtrA family protein
	JMFOCFNE_02097	preQ1-II
	JMFOCFNE_02097	
Q8DQ01	JMFOCFNE_02098	Substrate-specific component QueT of putative queuosine-regulated ECF transporter
	JMFOCFNE_02099	tRNA-Thr(ggt)
	JMFOCFNE_02099	
	JMFOCFNE_02100	asd
	JMFOCFNE_02100	
Q8DQ00	JMFOCFNE_02101	Aspartate-semialdehyde dehydrogenase
Q8DPZ9	JMFOCFNE_02102	4-hydroxy-tetrahydrodipicolinate synthase
Q8DPZ8	JMFOCFNE_02103	GTPase and tRNA-U34 5-formylation enzyme MnmE
P67531	JMFOCFNE_02104	Bifunctional 4-oxalocrotonate tautomerase/xylose transport system permease protein XylH
Q8DPZ6	JMFOCFNE_02105	Thymidine kinase
Q8DPZ5	JMFOCFNE_02106	Spermine/spermidine acetyltransferase
Q8DPZ4	JMFOCFNE_02107	Peptide chain release factor 1
Q8DPZ3	JMFOCFNE_02108	Peptide chain release factor N(5)-glutamine methyltransferase
Q8DPZ2	JMFOCFNE_02109	Threonylcarbamoyl-AMP synthase TsaC
Q8DPZ1	JMFOCFNE_02110	N-acetyltransferase%2C GCN5-family
Q8DPZ0	JMFOCFNE_02111	Serine hydroxymethyltransferase
Q8CYU4	JMFOCFNE_02112	Pseudouridylate synthase%2C 23S RNA-specific
Q8DPY9	JMFOCFNE_02113	Pneumococcal vaccine antigen A
Q8DPY8	JMFOCFNE_02114	Extracellular protein
Q8DPY7	JMFOCFNE_02115	23S rRNA (uracil(1939)-C(5))-methyltransferase
	JMFOCFNE_02116	SpF61_sRNA
	JMFOCFNE_02116	
	JMFOCFNE_02117	SpF39_sRNA
	JMFOCFNE_02117	
Q8CYU3	JMFOCFNE_02118	Hypothetical protein
Q8DPY6	JMFOCFNE_02119	Iron compound ABC uptake transporter substrate-binding protein PiaA
Q8DPY5	JMFOCFNE_02120	Iron compound ABC uptake transporter permease protein PiaB
Q8DPY4	JMFOCFNE_02121	Iron compound ABC uptake transporter permease protein PiaC
Q8DPY3	JMFOCFNE_02122	Iron compound ABC uptake transporter ATP-binding protein PiaD
Q8CYU1	JMFOCFNE_02123	Putative type II restriction endonuclease
	JMFOCFNE_02124	pemK
	JMFOCFNE_02124	
Q8CYT9	JMFOCFNE_02125	Hypothetical protein
Q8DPY2	JMFOCFNE_02126	Phage integrase
Q8CYT8	JMFOCFNE_02127	Hypothetical protein
Q8CYT7	JMFOCFNE_02128	Hypothetical protein
Q8CYT6	JMFOCFNE_02129	Hypothetical protein
Q8DPY1	JMFOCFNE_02130	Putative hydrolase
Q8DPY0	JMFOCFNE_02131	Transcriptional regulator
Q8DPX9	JMFOCFNE_02132	Neopullulanase
Q8CYT5	JMFOCFNE_02133	hypothetical protein
Q8CYT4	JMFOCFNE_02134	hypothetical protein
Q8CYT3	JMFOCFNE_02135	Antitoxin PezA
Q8DPX8	JMFOCFNE_02136	Bifunctional UDP-N-acetylglucosamine kinase/zeta toxin PezT
Q8CYT2	JMFOCFNE_02137	putative protein
Q8CYT1	JMFOCFNE_02138	putative protein
	JMFOCFNE_02139	group-II-D1D4-3
	JMFOCFNE_02139	
Q8CYT0	JMFOCFNE_02140	Tn5252 Orf10 protein
Q8CYS9	JMFOCFNE_02141	Tn5252 Orf9 protein
Q8DPX7	JMFOCFNE_02142	hypothetical protein
Q8DPX6	JMFOCFNE_02143	hypothetical protein
Q8CYS8	JMFOCFNE_02144	hypothetical protein
Q8DPX5	JMFOCFNE_02145	Positive transcriptional regulator%2C MutR family
Q8DPX4	JMFOCFNE_02146	UDP-N-acetyl-D-mannosaminuronic acid dehydrogenase
Q8DPX3	JMFOCFNE_02147	GlcNAc-PI de-N-acetylase
Q8CYS7	JMFOCFNE_02148	hypothetical protein
Q8CYS6	JMFOCFNE_02149	Hypothetical protein
Q8CYS5	JMFOCFNE_02150	Nodulation protein L
Q8DPX2	JMFOCFNE_02151	Long-chain-fatty-acid--CoA ligase
Q8DPX1	JMFOCFNE_02152	Hypothetical protein
Q8CYS4	JMFOCFNE_02153	Hypothetical protein
Q8DPX0	JMFOCFNE_02154	Nikkomycin biosynthesis protein%2C carboxylase
Q8DPW9	JMFOCFNE_02155	N-acetylneuraminate synthase
Q8DPW8	JMFOCFNE_02156	Macrolide ABC transporter membrane-spanning permease
Q8DPW7	JMFOCFNE_02157	Putative repressor protein%2C phage associated
	JMFOCFNE_02158	pemK
	JMFOCFNE_02158	
Q8DPW6	JMFOCFNE_02159	Cell division protein FtsW
Q8DPW5	JMFOCFNE_02160	Phosphoenolpyruvate carboxylase
