uniprot	locus_tag	product
A0A654YWX5	EDBIKKDI_00001	hypothetical protein
P0C2H1	EDBIKKDI_00002	hypothetical protein
A0A098APJ7	EDBIKKDI_00003	hypothetical protein
A0A098AQB6	EDBIKKDI_00004	hypothetical protein
A0A098APE9	EDBIKKDI_00005	Tyrosine recombinase XerC
Q8DRQ3	EDBIKKDI_00006	GTP-binding and nucleic acid-binding protein YchF
C1CNN8	EDBIKKDI_00007	Peptidyl-tRNA hydrolase
A0A0T8NI77	EDBIKKDI_00008	Transcription-repair coupling factor
P64406	EDBIKKDI_00009	Ribosome-associated heat shock protein
Q8CZD2	EDBIKKDI_00010	Cell division protein DivIC
A0A0E8ADH2	EDBIKKDI_00011	Hypothetical protein
A0A0T8R1P4	EDBIKKDI_00012	Hypothetical protein
C1CNP4	EDBIKKDI_00013	tRNA(Ile)-lysidine synthetase TilS
C1C993	EDBIKKDI_00014	Hypoxanthine-guanine phosphoribosyltransferase
P59652	EDBIKKDI_00015	Cell division protein FtsH
Q9R2W8	EDBIKKDI_00016	Competence-specific sigma factor ComX
	EDBIKKDI_00017	tRNA-Glu(ttc)
	EDBIKKDI_00018	16S ribosomal RNA
	EDBIKKDI_00019	tRNA-Ala(tgc)
	EDBIKKDI_00020	23S ribosomal RNA
	EDBIKKDI_00021	5S ribosomal RNA
	EDBIKKDI_00022	tRNA-Asn(gtt)
A0A0B7KRB2	EDBIKKDI_00023	IS1167 transposase Orf1
A0A5R9AWI2	EDBIKKDI_00024	Competence positive regulator ComW
C1CHA1	EDBIKKDI_00025	Adenylosuccinate synthetase
	EDBIKKDI_00026	csRNA
A0A4F2S2H4	EDBIKKDI_00027	tRNA-specific adenosine-34 deaminase
	EDBIKKDI_00028	Bacteria_small_SRP
Q8DRP2	EDBIKKDI_00029	Deoxyuridine 5'-triphosphate nucleotidohydrolase
Q8DRP1	EDBIKKDI_00030	Hypothetical protein
A0A916P522	EDBIKKDI_00031	DNA repair protein RadA
C1CHC1	EDBIKKDI_00032	Carbonic anhydrase
C1C9S3	EDBIKKDI_00033	hypothetical protein
B2IR17	EDBIKKDI_00034	Ribose-phosphate pyrophosphokinase
A0A0U0IDH7	EDBIKKDI_00035	hypothetical protein
	EDBIKKDI_00036	Srn266
A0AA87C4M3	EDBIKKDI_00037	hypothetical protein
A0A0B7M9C2	EDBIKKDI_00038	hypothetical protein
A0AA86Y2T4	EDBIKKDI_00039	DNA polymerase I
Q8DRN7	EDBIKKDI_00040	CoA-binding protein
A0A0T7JIJ2	EDBIKKDI_00041	Putative membrane protein YeiH
A0A916L4N9	EDBIKKDI_00042	N-acetyl-L%2CL-diaminopimelate aminotransferase
Q8DRN4	EDBIKKDI_00043	DNA recombination and repair protein RecO
Q04N31	EDBIKKDI_00044	Phosphate:acyl-ACP acyltransferase PlsX
Q9F7T4	EDBIKKDI_00045	Acyl carrier protein
A0AA86XDH7	EDBIKKDI_00046	IS1381 transposase OrfB
A0A064C448	EDBIKKDI_00047	Bacteriocin BlpU
A0AA87C8X6	EDBIKKDI_00048	Competence-stimulating peptide ABC transporter ATP-binding protein ComA
A0A0T8X0V4	EDBIKKDI_00049	Competence-stimulating peptide ABC transporter permease protein ComB
A0AA44MV02	EDBIKKDI_00050	Phosphoribosylaminoimidazole-succinocarboxamide synthase
A0AA87C843	EDBIKKDI_00051	Phosphoribosylformylglycinamidine synthase%2C synthetase and glutamine amidotransferase subunits
C1C9V0	EDBIKKDI_00052	Amidophosphoribosyltransferase
A0A916P8B5	EDBIKKDI_00053	Phosphoribosylformylglycinamidine cyclo-ligase
A0A0H2UKZ6	EDBIKKDI_00054	Phosphoribosylglycinamide formyltransferase
A0AA86YCA5	EDBIKKDI_00055	Teicoplanin resistance protein VanZ
B2IR40	EDBIKKDI_00056	Bifunctional inosine monophosphate cyclohydrolase/phosphoribosylaminoimidazolecarboxamide formyltransferase
A0A916P8A5	EDBIKKDI_00057	Phosphoribosylamine--glycine ligase
C1CBM9	EDBIKKDI_00058	N5-carboxyaminoimidazole ribonucleotide mutase
A0A916L550	EDBIKKDI_00059	N5-carboxyaminoimidazole ribonucleotide synthase
Q8CZC6	EDBIKKDI_00060	Hypothetical protein
C1C9W0	EDBIKKDI_00061	Adenylosuccinate lyase
A0AA86XZ16	EDBIKKDI_00062	Beta-hexosaminidase StrH
A0AA87C8X1	EDBIKKDI_00063	Transcriptional regulator%2C GntR family
A0A0B7L1X5	EDBIKKDI_00064	Beta-galactosidase
Q8DRL3	EDBIKKDI_00065	Galactosamine-specific PTS IIB component
C1CBN7	EDBIKKDI_00066	Galactosamine-specific PTS IIC component
B2IRE5	EDBIKKDI_00067	Galactosamine-specific PTS IID component
Q8DRL0	EDBIKKDI_00068	Galactosamine-specific PTS IIA component
A0A0B7KP13	EDBIKKDI_00069	Galactosamine-6-phosphate isomerase
A0A916P8X5	EDBIKKDI_00070	Aldose 1-epimerase
C1CBP2	EDBIKKDI_00071	Glyoxalase family protein
B1I7X5	EDBIKKDI_00072	Hypothetical protein
A0AA86Y3Q5	EDBIKKDI_00073	hypothetical protein
B2IRF1	EDBIKKDI_00074	Sulfurtransferase
A0AA86X189	EDBIKKDI_00075	Uridine phosphorylase
A0A0B7LM92	EDBIKKDI_00076	Trk family potassium uptake protein
Q8DRK4	EDBIKKDI_00077	Trk family potassium uptake protein CabP
A0A0E8J209	EDBIKKDI_00078	Hypothetical protein
A0A916P8I1	EDBIKKDI_00079	hypothetical protein
A0A9P1PBN7	EDBIKKDI_00080	hypothetical protein
A0A7X3BZ34	EDBIKKDI_00081	Cell wall surface anchor family protein PavB
B2IRG2	EDBIKKDI_00082	Two-component system response regulator
Q9S1J1	EDBIKKDI_00083	Two-component system sensor histidine kinase
Q04MZ3	EDBIKKDI_00084	SSU ribosomal protein S4p (S9e)
	EDBIKKDI_00085	SpF01_sRNA
A0A0B7LLV1	EDBIKKDI_00086	Hypothetical protein
A0AA86XNR3	EDBIKKDI_00087	Hypothetical protein
Q8DRJ8	EDBIKKDI_00088	Multiple sugar ABC transporter%2C membrane-spanning permease protein
B2IRG9	EDBIKKDI_00089	ABC transporter permease protein
B2IRH0	EDBIKKDI_00090	ABC transporter substrate-binding protein
C1CNW3	EDBIKKDI_00091	hypothetical protein
A0A6I3TJZ8	EDBIKKDI_00092	tRNA (5-methylaminomethyl-2-thiouridylate)-methyltransferase
A0A916P6F6	EDBIKKDI_00093	hypothetical protein
A0A4J2FQ83	EDBIKKDI_00094	IS1380 family transposase ISSpn5
A0AA87C7S4	EDBIKKDI_00095	hypothetical protein
A0A0U0G5R8	EDBIKKDI_00096	hypothetical protein
A0A916P9J5	EDBIKKDI_00097	hypothetical protein
A0A4N9NW56	EDBIKKDI_00098	hypothetical protein
A0AA86XNZ5	EDBIKKDI_00099	Putative membrane protein
A0A916L4U3	EDBIKKDI_00100	Putative membrane-associated protein
A0A916L4S0	EDBIKKDI_00101	Integral membrane protein (putative)
A0A0U0MBI6	EDBIKKDI_00102	Transcriptional regulator%2C PadR family
A0A0H2UMY2	EDBIKKDI_00103	Cyanate permease
A0A0E7TXH7	EDBIKKDI_00104	Glycosyltransferase%2C group 2 family
C1CBR9	EDBIKKDI_00105	Putative UDP-GlcNAc 4%2C6-dehydratase AatA
A0A4J2FQ61	EDBIKKDI_00106	hypothetical protein
A0AA86Y2A7	EDBIKKDI_00107	Phosphoglycolate phosphatase
Q8DRJ0	EDBIKKDI_00108	L-serine dehydratase%2C alpha subunit
Q8DRI9	EDBIKKDI_00109	L-serine dehydratase%2C beta subunit
C1CBS3	EDBIKKDI_00110	Aggregation-promoting factor
Q8CZB5	EDBIKKDI_00111	Putative bacteriocin
A0AA87C5C8	EDBIKKDI_00112	Amino acid ABC transporter membrane-spanning permease
Q8DRI7	EDBIKKDI_00113	ABC transporter ATP-binding protein
B2IRI9	EDBIKKDI_00114	Amino acid ABC transporter substrate-binding/permease protein
A0A0B7LZ46	EDBIKKDI_00115	Argininosuccinate synthase
	EDBIKKDI_00116	Bacilli-1
	EDBIKKDI_00116	
A0AA87C9H1	EDBIKKDI_00117	Hypothetical protein
	EDBIKKDI_00118	SpF03_sRNA
B2IRJ1	EDBIKKDI_00119	Hypothetical protein
A0A9P1LV03	EDBIKKDI_00120	Lactococcin-G-processing and transport ATP-binding protein LagD
A0A4F8JWC9	EDBIKKDI_00121	hypothetical protein
A0A0E9A260	EDBIKKDI_00122	Hypothetical protein
A0AA36PVD8	EDBIKKDI_00123	Hypothetical protein
C1CAD7	EDBIKKDI_00124	hypothetical protein
A0AA87CBK1	EDBIKKDI_00125	Hypothetical protein
A0AA87CC98	EDBIKKDI_00126	Hypothetical protein
B1I823	EDBIKKDI_00127	Hypothetical protein
A0AA87C4I5	EDBIKKDI_00128	Hypothetical protein
A0AA87C7T3	EDBIKKDI_00129	Hypothetical protein
A0AA87C5J9	EDBIKKDI_00130	Hypothetical protein
A0A4J1QTX9	EDBIKKDI_00131	Pyridoxamine 5'-phosphate oxidase
	EDBIKKDI_00132	SpF03_sRNA
	EDBIKKDI_00133	Bacilli-1
	EDBIKKDI_00133	
A0AA86Y2K6	EDBIKKDI_00134	hypothetical protein
A0A4J2G7C5	EDBIKKDI_00135	hypothetical protein
A0AA86XD06	EDBIKKDI_00136	tRNA-specific 2-thiouridylase MnmA
	EDBIKKDI_00137	Spd-sr37
	EDBIKKDI_00137	
A0A0B7L8K0	EDBIKKDI_00138	MutT/Nudix family protein
Q97T36	EDBIKKDI_00139	tRNA uridine 5-carboxymethylaminomethyl modification enzyme MnmG
Q8DRH7	EDBIKKDI_00140	Ribonuclease J1 (endonuclease and 5' exonuclease)
Q97T34	EDBIKKDI_00141	Hypothetical protein
A0A0E8HIW7	EDBIKKDI_00142	hypothetical protein
C1CAF2	EDBIKKDI_00143	Two-peptide bacteriocin peptide CibB
Q8CZA0	EDBIKKDI_00144	Two-peptide bacteriocin peptide CibA
C1CBU8	EDBIKKDI_00145	tRNA threonylcarbamoyladenosine biosynthesis protein TsaB
B1I842	EDBIKKDI_00146	Ribosomal-protein-S18p-alanine acetyltransferase
C1CP14	EDBIKKDI_00147	N(6)-L-threonylcarbamoyladenine synthase TsaD
A0A0E7ZP93	EDBIKKDI_00148	IS1167 transposase Orf2
A0AA36PIF3	EDBIKKDI_00149	IS1167 transposase
	EDBIKKDI_00150	Srn266
A0AA86Y2L2	EDBIKKDI_00151	Exopolysaccharide biosynthesis glycosyltransferase EpsF
B2IRL7	EDBIKKDI_00152	Exopolysaccharide biosynthesis glycosyltransferase EpsF
A0A4L1JLT3	EDBIKKDI_00153	Family 2 glycosyltransferase
A0A0B7M974	EDBIKKDI_00154	ABC transporter ATP-binding protein
A0A0T7SWM3	EDBIKKDI_00155	hypothetical protein
A0AA87CCD7	EDBIKKDI_00156	Asparagine synthetase
A0AA86XU06	EDBIKKDI_00157	Hypothetical protein
A0AA86XB28	EDBIKKDI_00158	Hypothetical protein
A0A098Z604	EDBIKKDI_00159	UDP-glucose 6-dehydrogenase
A0A0U0FXB8	EDBIKKDI_00160	UDP-glucose 6-dehydrogenase
A0AA36LH43	EDBIKKDI_00161	Positive transcriptional regulator%2C MutR family
C1CAG4	EDBIKKDI_00162	hypothetical protein
A0AA87C7U0	EDBIKKDI_00163	Hypothetical protein
A0AA86YDA8	EDBIKKDI_00164	Macrolide-efflux protein
A0A4J2FHS8	EDBIKKDI_00165	Hypothetical protein
B1I8D3	EDBIKKDI_00166	hypothetical protein
B1I8D4	EDBIKKDI_00167	hypothetical protein
Q8DRG2	EDBIKKDI_00168	Cysteine ABC transporter substrate-binding protein
C1CBW5	EDBIKKDI_00169	Methionine ABC transporter substrate-binding protein
C1CAH1	EDBIKKDI_00170	N-acyl-L-amino acid amidohydrolase
A0AA86X458	EDBIKKDI_00171	Methionine ABC transporter ATP-binding protein
C1CAH3	EDBIKKDI_00172	Methionine ABC transporter permease protein
A0A0U0I290	EDBIKKDI_00173	Substrate-specific component of putative ECF transporter
Q8DRF7	EDBIKKDI_00174	Hypothetical protein
A0A9Q9QXS5	EDBIKKDI_00175	Two-component system sensor histidine kinase
A0A0T7JL19	EDBIKKDI_00176	Two-component system response regulator
C1CBX3	EDBIKKDI_00177	Hypothetical protein
Q97T03	EDBIKKDI_00178	Ribonucleotide reduction protein NrdI
A0A4J2DBV8	EDBIKKDI_00179	IS1380 family transposase ISSpn5
B2IS07	EDBIKKDI_00180	NRAMP family Mn2+/Fe2+ transporter
C1CAI1	EDBIKKDI_00181	Hypothetical protein
C1CAI2	EDBIKKDI_00182	DNA-binding protein
C1CP43	EDBIKKDI_00183	DNA mismatch repair protein HexB
Q04MR3	EDBIKKDI_00184	6%2C7-dimethyl-8-ribityllumazine synthase RibH
A0AA86YD39	EDBIKKDI_00185	Bifunctional 3%2C4-dihydroxy-2-butanone 4-phosphate synthase/GTP cyclohydrolase II RibB
A0AA86XQ21	EDBIKKDI_00186	Riboflavin synthase RibE
A0AA87CAT9	EDBIKKDI_00187	Bifunctional diaminohydroxyphosphoribosylaminopyrimidine deaminase/5-amino-6-(5-phosphoribosylamino)uracil reductase RibD
	EDBIKKDI_00188	FMN
C1CP48	EDBIKKDI_00189	Holliday junction DNA helicase RuvA
A0A0B7M4M9	EDBIKKDI_00190	DNA-3-methyladenine glycosylase
Q8DRE7	EDBIKKDI_00191	CAAX amino terminal protease family protein
A0A0H2UN46	EDBIKKDI_00192	Muramoyltetrapeptide carboxypeptidase
A0A064C1E4	EDBIKKDI_00193	Integral membrane protein
Q8DRE5	EDBIKKDI_00194	Magnesium and cobalt transport protein CorA1
B1I8G4	EDBIKKDI_00195	Tyrosine recombinase XerC
B1I8G5	EDBIKKDI_00196	hypothetical protein
B1I8G6	EDBIKKDI_00197	hypothetical protein
A0A0T9GR41	EDBIKKDI_00198	hypothetical protein
B1I8G8	EDBIKKDI_00199	hypothetical protein
A0A0U0JYS1	EDBIKKDI_00200	hypothetical protein
B1I8H0	EDBIKKDI_00201	hypothetical protein
B1I8H1	EDBIKKDI_00202	hypothetical protein
B1I8H2	EDBIKKDI_00203	hypothetical protein
B1I8H3	EDBIKKDI_00204	hypothetical protein
B1I8H4	EDBIKKDI_00205	hypothetical protein
A0AA86XSZ0	EDBIKKDI_00206	hypothetical protein
B1I8H6	EDBIKKDI_00207	hypothetical protein
B1I8H7	EDBIKKDI_00208	hypothetical protein
B1I8H8	EDBIKKDI_00209	hypothetical protein
B1I8H9	EDBIKKDI_00210	hypothetical protein
A0A0B7M0T8	EDBIKKDI_00211	Excinuclease ABC subunit A UvrA
B2IS24	EDBIKKDI_00212	MP-%2CMA-%2CMS-%2CAP-%2CNP-specific aminopeptidase YpdF
Q8DRE3	EDBIKKDI_00213	Transcriptional regulator SpxA2
A0AA87C4Y3	EDBIKKDI_00214	Hypothetical protein
Q97SX1	EDBIKKDI_00215	Hypothetical protein
Q8DRE2	EDBIKKDI_00216	Putative pre-16S rRNA nuclease YqgF
Q97SX0	EDBIKKDI_00217	Hypothetical protein
A0AA86WZ72	EDBIKKDI_00218	Bifunctional dihydrofolate synthase/folylpolyglutamate synthase
C1CBZ7	EDBIKKDI_00219	Hypothetical protein
Q8DRD9	EDBIKKDI_00220	Cardiolipin synthetase
Q8DRD8	EDBIKKDI_00221	Hypothetical protein
A0AA86XSY0	EDBIKKDI_00222	Competence-damage induced protein
C1CC00	EDBIKKDI_00223	Ribonucleotide reductase of class III%2C large subunit
B1I8J4	EDBIKKDI_00224	Acetyltransferase
A0A0E7SRY4	EDBIKKDI_00225	Ribonucleotide reductase of class III%2C activating protein
Q8CZ85	EDBIKKDI_00226	Hypothetical protein
C1CP87	EDBIKKDI_00227	SSU ribosomal protein S10p (S20e)
Q97SV5	EDBIKKDI_00228	LSU ribosomal protein L3p (L3e)
Q8CWV7	EDBIKKDI_00229	LSU ribosomal protein L4p (L1e)
Q97SV3	EDBIKKDI_00230	LSU ribosomal protein L23p (L23Ae)
Q97SV2	EDBIKKDI_00231	LSU ribosomal protein L2p (L8e)
Q04MN2	EDBIKKDI_00232	SSU ribosomal protein S19p (S15e)
Q04MN1	EDBIKKDI_00233	LSU ribosomal protein L22p (L17e)
Q04MN0	EDBIKKDI_00234	SSU ribosomal protein S3p (S3e)
Q04MM9	EDBIKKDI_00235	LSU ribosomal protein L16p (L10e)
A0A0B7M1U7	EDBIKKDI_00236	LSU ribosomal protein L29p (L35e)
Q04MM7	EDBIKKDI_00237	SSU ribosomal protein S17p (S11e)
Q04MM6	EDBIKKDI_00238	LSU ribosomal protein L14p (L23e)
Q04MM5	EDBIKKDI_00239	LSU ribosomal protein L24p (L26e)
Q97SV1	EDBIKKDI_00240	LSU ribosomal protein L5p (L11e)
Q04MM3	EDBIKKDI_00241	SSU ribosomal protein S14p (S29e)
Q04MM2	EDBIKKDI_00242	SSU ribosomal protein S8p (S15Ae)
Q8CWV3	EDBIKKDI_00243	LSU ribosomal protein L6p (L9e)
Q97SU6	EDBIKKDI_00244	LSU ribosomal protein L18p (L5e)
Q04ML9	EDBIKKDI_00245	SSU ribosomal protein S5p (S2e)
Q97SU4	EDBIKKDI_00246	LSU ribosomal protein L30p (L7e)
Q97SU3	EDBIKKDI_00247	LSU ribosomal protein L15p (L27Ae)
Q8DRD5	EDBIKKDI_00248	Protein translocase subunit SecY
Q8DRD4	EDBIKKDI_00249	Adenylate kinase
Q04ML4	EDBIKKDI_00250	Translation initiation factor 1
P0A496	EDBIKKDI_00251	LSU ribosomal protein L36p
Q04ML3	EDBIKKDI_00252	SSU ribosomal protein S13p (S18e)
Q04ML2	EDBIKKDI_00253	SSU ribosomal protein S11p (S14e)
Q04ML1	EDBIKKDI_00254	DNA-directed RNA polymerase alpha subunit
Q8CWU8	EDBIKKDI_00255	LSU ribosomal protein L17p
	EDBIKKDI_00256	L17DE
C1CC34	EDBIKKDI_00257	ACT domain-containing transcriptional regulator
Q8DRD2	EDBIKKDI_00258	hypothetical protein
	EDBIKKDI_00259	csRNA
B1I8M8	EDBIKKDI_00260	Phosphoglycerate mutase family protein
A0AA86XQP8	EDBIKKDI_00261	Iron(III)-transport system permease protein SfuB
A0AA86XHZ9	EDBIKKDI_00262	Iron(III)-transport system permease protein SfuB
A0AA86XHF1	EDBIKKDI_00263	Ferric iron ABC transporter ATP-binding protein
A0A4N0CTW4	EDBIKKDI_00264	hypothetical protein
Q8DRC6	EDBIKKDI_00265	hypothetical protein
A0A654UAH6	EDBIKKDI_00266	hypothetical protein
Q8DRC5	EDBIKKDI_00267	Pyruvate formate-lyase activating enzyme
B1I8X4	EDBIKKDI_00268	Transcriptional regulator%2C DeoR family
Q8DRC3	EDBIKKDI_00269	Transcriptional regulator
C1CC41	EDBIKKDI_00270	Cellobiose-specific PTS IIA component
A0A0H2UNC3	EDBIKKDI_00271	Cellobiose-specific PTS IIB component
A0AA87CGC2	EDBIKKDI_00272	Cellobiose-specific PTS IIC component
Q8DRB9	EDBIKKDI_00273	Pyruvate formate-lyase
A0A0B7M4C0	EDBIKKDI_00274	Transaldolase
Q8DRB7	EDBIKKDI_00275	Glycerol dehydrogenase
C1CPD0	EDBIKKDI_00276	Leucyl-tRNA synthetase
B1I8Y3	EDBIKKDI_00277	hypothetical protein
B1I8Y4	EDBIKKDI_00278	Acetyltransferase%2C GNAT family
B1I8Y5	EDBIKKDI_00279	Acetyltransferase%2C GNAT family
	EDBIKKDI_00280	csRNA
	EDBIKKDI_00281	csRNA
Q8CWU7	EDBIKKDI_00282	Holliday junction DNA helicase RuvB
A0A0B7LYW5	EDBIKKDI_00283	Hypothetical protein
A0A9P1PBI0	EDBIKKDI_00284	Hypothetical protein
	EDBIKKDI_00285	csRNA
Q8DRB3	EDBIKKDI_00286	Undecaprenyl diphosphate synthase
C1CB37	EDBIKKDI_00287	Phosphatidate cytidylyltransferase
Q8DRB1	EDBIKKDI_00288	Intramembrane protease Eep
C1CPD8	EDBIKKDI_00289	Prolyl-tRNA synthetase
A0A0T8WZJ2	EDBIKKDI_00290	6-phospho-beta-glucosidase
A0A0U0DJ39	EDBIKKDI_00291	Glucosamine--fructose-6-phosphate aminotransferase
A0A916L5E3	EDBIKKDI_00292	Oxidoreductase
A0A0U0KZ90	EDBIKKDI_00293	Pullulanase SpuA
E2DP60	EDBIKKDI_00294	SSU ribosomal protein S12p (S23e)
Q8CWU6	EDBIKKDI_00295	SSU ribosomal protein S7p (S5e)
C1CPE5	EDBIKKDI_00296	Translation elongation factor G
A0A0T7TL48	EDBIKKDI_00297	DNA polymerase III
C1CC64	EDBIKKDI_00298	Antitoxin RelB1
A0A916L4W9	EDBIKKDI_00299	mRNA interferase RelE1
A0A916P8B6	EDBIKKDI_00300	Hypothetical protein
A0A4F3LQC9	EDBIKKDI_00301	Aminopeptidase PepS
C1CC68	EDBIKKDI_00302	Membrane protein
C1CB54	EDBIKKDI_00303	Ribosomal small subunit pseudouridine synthase A
C1CC70	EDBIKKDI_00304	Aminopeptidase C
Q8DR99	EDBIKKDI_00305	Mannose-specific PTS IID component
A0A098ZQD6	EDBIKKDI_00306	Mannose-specific PTS IIC component
C1CB58	EDBIKKDI_00307	Mannose-specific PTS IIAB components
A0A0B4ZJD6	EDBIKKDI_00308	Alcohol dehydrogenase
A0AA86Y7Y5	EDBIKKDI_00309	Hydrolase%2C HAD superfamily
A0AA87C7M2	EDBIKKDI_00310	Guanine-hypoxanthine permease
A0AA87C4W3	EDBIKKDI_00311	Membrane-bound protease%2C CAAX family
A0AA87C4W7	EDBIKKDI_00312	Dihydropteroate synthase
A0AA87C6T3	EDBIKKDI_00313	Bifunctional dihydrofolate synthase/folylpolyglutamate synthase
C1CPG4	EDBIKKDI_00314	GTP cyclohydrolase I type 1
A0A0U0KYZ2	EDBIKKDI_00315	Bifunctional dihydroneopterin aldolase/2-amino-4-hydroxy-6-hydroxymethyldihydropteridine pyrophosphokinase
Q8CZ79	EDBIKKDI_00316	Hypothetical protein
	EDBIKKDI_00317	L13_leader
Q8CWU5	EDBIKKDI_00318	LSU ribosomal protein L13p (L13Ae)
Q97SN4	EDBIKKDI_00319	SSU ribosomal protein S9p (S16e)
A0A853PLB6	EDBIKKDI_00320	Tyrosine recombinase XerC
A0A0U0DJ02	EDBIKKDI_00321	hypothetical protein
A0A853PFJ4	EDBIKKDI_00322	hypothetical protein
A0AA86YD07	EDBIKKDI_00323	hypothetical protein
A0A853PIZ0	EDBIKKDI_00324	Bis(5'-nucleosyl)-tetraphosphatase%2C symmetrical
A0AA86XXU5	EDBIKKDI_00325	hypothetical protein
A0AA87C7L8	EDBIKKDI_00326	hypothetical protein
A0A0U0KY55	EDBIKKDI_00327	hypothetical protein
A0AA86YCQ8	EDBIKKDI_00328	hypothetical protein
A0A853PKU8	EDBIKKDI_00329	hypothetical protein
A0A0U0EYK6	EDBIKKDI_00330	hypothetical protein
A0AA86WZ12	EDBIKKDI_00331	Hypothetical protein
A0AA86Y1B3	EDBIKKDI_00332	6-phospho-beta-glucosidase
Q8DR88	EDBIKKDI_00333	Hypothetical protein
C1CB84	EDBIKKDI_00334	Cellobiose-specific PTS IIB component
A0AA86XSS4	EDBIKKDI_00335	Transcriptional antiterminator of lichenan operon%2C BglG family
B2ISN1	EDBIKKDI_00336	Cellobiose-specific PTS IIA component
A0A916L5V5	EDBIKKDI_00337	Hypothetical protein
C1CB88	EDBIKKDI_00338	Cellobiose-specific PTS IIC component
Q8CZ76	EDBIKKDI_00339	Hypothetical protein
A0A0B7LX26	EDBIKKDI_00340	hypothetical protein
	EDBIKKDI_00341	SpF10_sRNA
	EDBIKKDI_00341	
A0AA87CBT5	EDBIKKDI_00342	Maltodextrin glucosidase
	EDBIKKDI_00343	SpF11_sRNA
A0AA87CGK9	EDBIKKDI_00344	Glutathione peroxidase family protein
M4YR67	EDBIKKDI_00345	Hyaluronate lyase precursor SpnHL
A0AA95DAT1	EDBIKKDI_00346	IS200/IS605 family transposase ISStin10
A0AA86XQR8	EDBIKKDI_00347	Bifunctional 4-hydroxy-2-oxoglutarate aldolase/2-dehydro-3-deoxyphosphogluconate aldolase
A0AA86XI67	EDBIKKDI_00348	2-dehydro-3-deoxygluconokinase
A0AA86XHI7	EDBIKKDI_00349	Putative 4-deoxy-L-threo-5-hexosulose-uronate ketol-isomerase
A0AA86YDE8	EDBIKKDI_00350	2-deoxy-D-gluconate 3-dehydrogenase
Q8DR78	EDBIKKDI_00351	Hyaluronate-oligosaccharide-specific PTS IIA component
A0A4J2ANA9	EDBIKKDI_00352	Unsaturated chondroitin disaccharide hydrolase
A0A0T8LZC3	EDBIKKDI_00353	Hyaluronate-oligosaccharide-specific PTS IIB component
A0A098ZCW3	EDBIKKDI_00354	Hyaluronate-oligosaccharide-specific PTS IIC component
A0A0T8LNX8	EDBIKKDI_00355	Hyaluronate-oligosaccharide-specific PTS IID component
A0A0E8JM08	EDBIKKDI_00356	Preprotein translocase subunit YajC
A0AA87CCJ4	EDBIKKDI_00357	Oligohyaluronate lyase
A0AA87CBT7	EDBIKKDI_00358	Transcriptional regulator RegR
A0AA87CGL2	EDBIKKDI_00359	hypothetical protein
A0A0T8ZXW0	EDBIKKDI_00360	hypothetical protein
A0A916PFJ0	EDBIKKDI_00361	hypothetical protein
A0A098ZCX8	EDBIKKDI_00362	Transcriptional regulator%2C PbsX family
C1CPL0	EDBIKKDI_00363	16S rRNA (cytosine(1402)-N(4))-methyltransferase MraW
T2BRR5	EDBIKKDI_00364	Cell division protein FtsL
Q75Y54	EDBIKKDI_00365	Penicillin-binding protein 2X
A0AA86Y7V6	EDBIKKDI_00366	Phospho-N-acetylmuramoyl-pentapeptide- transferase
A0A0E8AAN7	EDBIKKDI_00367	Putative ATP-dependent Clp proteinase ATP-binding subunit ClpL
Q04MC2	EDBIKKDI_00368	Bifunctional S-ribosylhomocysteine lyase/autoinducer-2 production protein LuxS
C1CPL6	EDBIKKDI_00369	ATP-dependent Zn protease
A0AA86XXS9	EDBIKKDI_00370	Glucan 1%2C6-alpha-glucosidase
A0A4L3HWC4	EDBIKKDI_00371	IS630 family transposase IS630-Spn1
A0A060QNH3	EDBIKKDI_00372	Exopolysaccharide biosynthesis transcriptional regulator Cps2A
Q4K383	EDBIKKDI_00373	Tyrosine-protein phosphatase Cps2B
G3GH58	EDBIKKDI_00374	Capsular biosynthesis protein Cps2C
A0A060QT77	EDBIKKDI_00375	Tyrosine-protein kinase Cps2D
A0A060QP57	EDBIKKDI_00376	Undecaprenyl-phosphate galactosephosphotransferase Cps2E
G3GH61	EDBIKKDI_00377	N-acetylglucosaminyldiphosphoundecaprenol N-acetyl-beta-D-mannosaminyltransferase
Q4K0U9	EDBIKKDI_00378	Lipopolysaccharide cholinephosphotransferase LicD1
P97000	EDBIKKDI_00379	hypothetical protein
P97001	EDBIKKDI_00380	hypothetical protein
A0AA86XCX4	EDBIKKDI_00381	hypothetical protein
Q4K0U5	EDBIKKDI_00382	UDP-N-acetylglucosamine 2-epimerase
A0A060QP40	EDBIKKDI_00383	Glucose-1-phosphate thymidylyltransferase Cps2L
A0A060QSK5	EDBIKKDI_00384	dTDP-4-dehydrorhamnose 3%2C5-epimerase Cps2M
A0A916L5C2	EDBIKKDI_00385	dTDP-glucose 4%2C6-dehydratase Cps2N
A0AA87C7S1	EDBIKKDI_00386	dTDP-4-dehydrorhamnose reductase Cps2O
A0A916L630	EDBIKKDI_00387	UDP-galactopyranose mutase
A0AA86X0C8	EDBIKKDI_00388	UDP-galactopyranose mutase Cps2P
A0AA87CCA5	EDBIKKDI_00389	Oligopeptide ABC transporter%2C periplasmic oligopeptide-binding protein AliA
A0AA86XNG2	EDBIKKDI_00390	Endo-alpha-N-acetylgalactosaminidase Eng
Q75YL8	EDBIKKDI_00391	Multimodular transpeptidase-transglycosylase%2C penicillin-binding protein 1A
T2BR99	EDBIKKDI_00392	RecU Holliday junction resolvase
A0A0E8LBN5	EDBIKKDI_00393	Hypothetical protein
C1CPN9	EDBIKKDI_00394	Cell division protein GpsB
	EDBIKKDI_00395	RNaseP_bact_b
A0A916L4N7	EDBIKKDI_00396	23S rRNA (guanine(2445)-N(2))-methyltransferase
A0AA86XCW6	EDBIKKDI_00397	Mid-cell-anchored protein Z
A0AA86Y7E2	EDBIKKDI_00398	6-phosphogluconate dehydrogenase%2C decarboxylating
B1I9H6	EDBIKKDI_00399	Orphan response regulator RitR
A0AA87C5B8	EDBIKKDI_00400	Choline-binding protein CbpF
A0AA87C5I7	EDBIKKDI_00401	Choline-binding protein CbpF
A0A916L4N8	EDBIKKDI_00402	Macrolide-efflux protein
A0A916L4U5	EDBIKKDI_00403	hypothetical protein
A0A0E7XKA4	EDBIKKDI_00404	hypothetical protein
A0A0E8Z6G1	EDBIKKDI_00405	Mevalonate kinase
Q9FD53	EDBIKKDI_00406	Diphosphomevalonate decarboxylase
A0A916L4C1	EDBIKKDI_00407	Phosphomevalonate kinase
A0AA86XTX6	EDBIKKDI_00408	Isopentenyl-diphosphate delta-isomerase%2C FMN-dependent
Q8DR47	EDBIKKDI_00409	Cell wall-active antibiotics response protein VraT
A0A0B7M1X4	EDBIKKDI_00410	Two-component system sensor histidine kinase VraS
A0A0B7M2V5	EDBIKKDI_00411	Two-component transcriptional regulator VraR
A0A0B7LFA3	EDBIKKDI_00412	hypothetical protein
A0AA86XYM6	EDBIKKDI_00413	hypothetical protein
A0A9P1L7K0	EDBIKKDI_00414	hypothetical protein
C1CPR1	EDBIKKDI_00415	Cell division trigger factor
A0AA87C5I4	EDBIKKDI_00416	RecD-like DNA helicase YrrC
Q3I0J5	EDBIKKDI_00417	Signal peptidase I
A0AA87C4H5	EDBIKKDI_00418	Ribonuclease HIII
C1CCH1	EDBIKKDI_00419	Z-ring positive regulator ZapA
C1C5E3	EDBIKKDI_00420	Z-ring positive regulator ZapB
C1CPR7	EDBIKKDI_00421	Recombination inhibitory protein MutS2
	EDBIKKDI_00422	Glycine
A0AA87CGC4	EDBIKKDI_00423	Sodium/glycine symporter GlyP
Q8DR24	EDBIKKDI_00424	Macrophage infectivity potentiator protein
A0A916P581	EDBIKKDI_00425	Exfoliative toxin A
Q97SG0	EDBIKKDI_00426	Seryl-tRNA synthetase
A0A0B7LWQ6	EDBIKKDI_00427	Putative regulator of the mannose operon ManO
Q8DR20	EDBIKKDI_00428	Aspartokinase
C1CCI0	EDBIKKDI_00429	Trans-2%2Ccis-3-Decenoyl-ACP isomerase
A0AA86XNV1	EDBIKKDI_00430	Transcriptional regulator of fatty acid biosynthesis FabT
Q04M58	EDBIKKDI_00431	3-oxoacyl-(acyl-carrier-protein) synthase FabH
P0A2W1	EDBIKKDI_00432	Acyl carrier protein
A0A0H2UNJ5	EDBIKKDI_00433	Enoyl-(acyl-carrier-protein) reductase FabK
A0A0E8HG21	EDBIKKDI_00434	Malonyl CoA-acyl carrier protein transacylase FabD
A0A916L400	EDBIKKDI_00435	3-oxoacyl-[acyl-carrier protein] reductase FabG1
Q8DR14	EDBIKKDI_00436	3-oxoacyl-(acyl-carrier-protein) synthase FabF
Q9FBC1	EDBIKKDI_00437	Biotin carboxyl carrier protein of acetyl-CoA carboxylase
Q04M51	EDBIKKDI_00438	3-hydroxyacyl-(acyl-carrier-protein) dehydratase FabZ
Q9FBB9	EDBIKKDI_00439	Biotin carboxylase of acetyl-CoA carboxylase
Q7CRB7	EDBIKKDI_00440	Acetyl-coenzyme A carboxyl transferase beta chain
A0A064BZA7	EDBIKKDI_00441	Acetyl-coenzyme A carboxyl transferase alpha chain
A0A916P9V1	EDBIKKDI_00442	Hypothetical protein
Q04M45	EDBIKKDI_00443	Transcription termination protein NusB
Q8DR12	EDBIKKDI_00444	Alkaline shock protein
Q04M43	EDBIKKDI_00445	Translation elongation factor P
A0AA86X1L8	EDBIKKDI_00446	Alcohol dehydrogenase
C1CPU6	EDBIKKDI_00447	Bifunctional aspartyl-tRNA(Asp) amidotransferase subunit B/glutamyl-tRNA(Glu) amidotransferase subunit B
C1CPU7	EDBIKKDI_00448	Bifunctional aspartyl-tRNA(Asp) amidotransferase subunit A/glutamyl-tRNA(Glu) amidotransferase subunit A
C1CPU8	EDBIKKDI_00449	Bifunctional aspartyl-tRNA(Asp) amidotransferase subunit C/glutamyl-tRNA(Glu) amidotransferase subunit C
Q8DR09	EDBIKKDI_00450	Peptide chain release factor 3
A0A064BZB4	EDBIKKDI_00451	LSU ribosomal protein L28p
C1CCK5	EDBIKKDI_00452	Putative alkaline-shock protein
A0A0H2UNS2	EDBIKKDI_00453	Dihydroxyacetone kinase-like protein
C1CCK7	EDBIKKDI_00454	Acetolactate synthase large subunit
Q8DR04	EDBIKKDI_00455	Acetolactate synthase small subunit
A0A098YY27	EDBIKKDI_00456	Ketol-acid reductoisomerase
A0A0E8Z4Y1	EDBIKKDI_00457	hypothetical protein
C1CCL1	EDBIKKDI_00458	Hypothetical protein
C1CCL2	EDBIKKDI_00459	Threonine dehydratase
Q8CZ60	EDBIKKDI_00460	Hypothetical protein
Q8DR01	EDBIKKDI_00461	Glutamine ABC transporter ATP-binding protein GlnQ1
A0A0U0L484	EDBIKKDI_00462	Glutamine ABC transporter permease GlnHP1
A0A0B7LAR3	EDBIKKDI_00463	Hypothetical protein
A0AA87C5N9	EDBIKKDI_00464	hypothetical protein
C1CDR5	EDBIKKDI_00465	hypothetical protein
Q04M23	EDBIKKDI_00466	Undecaprenyl-diphosphatase
A0A0T9I448	EDBIKKDI_00467	DNA polymerase IV
B1I9Q0	EDBIKKDI_00468	Pyruvate formate-lyase
A0A9P1PEP5	EDBIKKDI_00469	IS1167 transposase
	EDBIKKDI_00470	Srn266
B1I9Q2	EDBIKKDI_00471	hypothetical protein
A7KT38	EDBIKKDI_00472	hypothetical protein
A7KT39	EDBIKKDI_00473	hypothetical protein
A7KT33	EDBIKKDI_00474	hypothetical protein
A7KT41	EDBIKKDI_00475	hypothetical protein
A7KT42	EDBIKKDI_00476	hypothetical protein
A7KT36	EDBIKKDI_00477	hypothetical protein
A0AA95IJ56	EDBIKKDI_00478	IS1167 transposase
A0AA95D7A8	EDBIKKDI_00479	hypothetical protein
C1C9F2	EDBIKKDI_00480	IS1167 transposase Orf1
	EDBIKKDI_00481	Srn266
A0A0T8UQK3	EDBIKKDI_00482	hypothetical protein
A0A0U0DZP2	EDBIKKDI_00483	Hypothetical protein
A0A0T9I2B2	EDBIKKDI_00484	Hypothetical protein
B1I9R3	EDBIKKDI_00485	Xylose repressor protein
A0A0B7MEK5	EDBIKKDI_00486	Cellobiose-specific PTS IIC component
A0AA86X180	EDBIKKDI_00487	Hypothetical protein
Q8DQZ2	EDBIKKDI_00488	Lactose-specific PTS IIA component
A0AA86XZ04	EDBIKKDI_00489	6-phospho-beta-galactosidase
A0AA87C8V9	EDBIKKDI_00490	Lactose-specific PTS IIBC components
A0A0H2UNU3	EDBIKKDI_00491	Trk family potassium uptake protein TrkH
C1CCM8	EDBIKKDI_00492	Trk family potassium uptake protein TrkA
C1CCM9	EDBIKKDI_00493	Hypothetical protein
Q97SA4	EDBIKKDI_00494	Substrate-specific component MtsA of methionine-regulated ECF transporter
B2IM89	EDBIKKDI_00495	Hypothetical protein
A0A0E7TIQ9	EDBIKKDI_00496	Duplicated ATPase component MtsB of energizing module of methionine-regulated ECF transporter
C1CCN3	EDBIKKDI_00497	Transmembrane component MtsC of energizing module of methionine-regulated ECF transporter
	EDBIKKDI_00498	23S-methyl
A0A0B7MF90	EDBIKKDI_00499	tRNA (cytidine(34)-2'-O)-methyltransferase
	EDBIKKDI_00500	FMN
A0AA86XGY0	EDBIKKDI_00501	Substrate-specific component RibU of riboflavin ECF transporter
A0AA87CAZ7	EDBIKKDI_00502	Membrane-associated phospholipid phosphatase
B1IA29	EDBIKKDI_00503	Hypothetical protein
B1IA30	EDBIKKDI_00504	Hypothetical protein
Q04LZ9	EDBIKKDI_00505	DNA-directed RNA polymerase delta subunit
Q8DQY0	EDBIKKDI_00506	CTP synthase
A0A0U0DZK1	EDBIKKDI_00507	Sodium-dependent phosphate transporter NptA
A0AA87C5H8	EDBIKKDI_00508	Endo-beta-N-acetylglucosaminidase EndoD
C1CQ04	EDBIKKDI_00509	Phosphoglycerate kinase
Q8CZ51	EDBIKKDI_00510	Hypothetical protein
Q8DQX7	EDBIKKDI_00511	Transcriptional regulator%2C MerR family
Q8DQX6	EDBIKKDI_00512	Glutamine synthetase type I
A0A916L663	EDBIKKDI_00513	hypothetical protein
A0A4J2CHT3	EDBIKKDI_00514	Type I restriction-modification system%2C specificity subunit S type F
A0AA86XBC5	EDBIKKDI_00515	Type I restriction-modification system%2C specificity subunit S type F
A0A0T7JHR3	EDBIKKDI_00516	Type I restriction-modification system DNA-methyltransferase subunit M
A0A0B7L1R7	EDBIKKDI_00517	Type I restriction-modification system restriction subunit R
A0A0B7M6D4	EDBIKKDI_00518	Hypothetical protein
C1CQ16	EDBIKKDI_00519	Heat-inducible transcription repressor HrcA
B2IMB4	EDBIKKDI_00520	Heat shock protein GrpE
Q04LY0	EDBIKKDI_00521	Chaperone protein DnaK
A0A0B7M1K1	EDBIKKDI_00522	hypothetical protein
A0AA86XHN9	EDBIKKDI_00523	Chaperone protein DnaJ
Q8CZ48	EDBIKKDI_00524	Hypothetical protein
Q8DQW8	EDBIKKDI_00525	Histidine triad nucleotide-binding protein
C1CCR3	EDBIKKDI_00526	ABC transporter ATP-binding protein EcsA
A0A0B7M1J8	EDBIKKDI_00527	ABC transporter permease protein EcsB
A0A0B7LVM3	EDBIKKDI_00528	BlpT protein
A0A4J2A6Y2	EDBIKKDI_00529	IS1380 family transposase ISSpn5
A0A0T8BG62	EDBIKKDI_00530	BlpS protein
A7XHJ0	EDBIKKDI_00531	Two-component system response regulator BlpR
A0A0U0HUV3	EDBIKKDI_00532	Two-component system sensor histidine kinase BlpH
A0A4J2A6Y2	EDBIKKDI_00533	IS1380 family transposase ISSpn5
Q9F2F8	EDBIKKDI_00534	Peptide pheromone BlpC
A0AA87CCL4	EDBIKKDI_00535	Competence-stimulating peptide ABC transporter permease protein ComB
A0AA87C5Y4	EDBIKKDI_00536	Competence-stimulating peptide ABC transporter ATP-binding protein ComA
A0AA87C683	EDBIKKDI_00537	Competence-stimulating peptide ABC transporter ATP-binding protein ComA
A0A4J1XGS9	EDBIKKDI_00538	hypothetical protein
A0A0T8B7W5	EDBIKKDI_00539	hypothetical protein
A0A0U0CGX7	EDBIKKDI_00540	hypothetical protein
	EDBIKKDI_00541	group-II-D1D4-3
	EDBIKKDI_00542	group-II-D1D4-1
A0A0T8BFS0	EDBIKKDI_00543	Putative protease
A0A0T8K1H1	EDBIKKDI_00544	hypothetical protein
A0A0U0LIG7	EDBIKKDI_00545	hypothetical protein
G3ECD6	EDBIKKDI_00546	IS5 family transposase ISSpn7
A0AA86XCG4	EDBIKKDI_00547	IS1381 transposase OrfA
A0A0T8K137	EDBIKKDI_00548	IS1381 transposase OrfB
A0AA86XH08	EDBIKKDI_00549	hypothetical protein
A0A064C0Y1	EDBIKKDI_00550	PncW
A0AA86X1N4	EDBIKKDI_00551	Bacteriocin immunity protein BlpY
Q9FBH0	EDBIKKDI_00552	Immunity protein BlpZ
A7XHI6	EDBIKKDI_00553	Putative protease
C1CCT2	EDBIKKDI_00554	Aminoglycoside phosphotransferase family protein
A0A0B7KV02	EDBIKKDI_00555	tRNA (guanine46-N7-)-methyltransferase
C1CQ44	EDBIKKDI_00556	Bacterial ribosome SSU maturation protein RimP
C1CCT5	EDBIKKDI_00557	Transcription termination/antitermination protein NusA
Q8DQV4	EDBIKKDI_00558	Putative nucleic-acid-binding protein implicated in transcription termination
C1CCT7	EDBIKKDI_00559	L7Ae family ribosomal protein
C1CQ48	EDBIKKDI_00560	Translation initiation factor 2
C1CQ49	EDBIKKDI_00561	Ribosome-binding factor A
A0AA86Y810	EDBIKKDI_00562	Hypothetical protein
A0A0B7LZ30	EDBIKKDI_00563	Hypothetical protein
A0A0B7LZV6	EDBIKKDI_00564	Hypothetical protein
Q8CZ42	EDBIKKDI_00565	Glycerate kinase
A0AA86XH17	EDBIKKDI_00566	Hypothetical protein
Q8CZ41	EDBIKKDI_00567	Hypothetical protein
C1CCU6	EDBIKKDI_00568	Hypothetical protein
A0A064C558	EDBIKKDI_00569	Hypothetical protein
A0A0T7IFI6	EDBIKKDI_00570	Acetyltransferase
A0A0T8GN13	EDBIKKDI_00571	hypothetical protein
A0A9P1L8T8	EDBIKKDI_00572	Valyl-tRNA synthetase
A0A0B7LSY0	EDBIKKDI_00573	hypothetical protein
A0A9P1RH91	EDBIKKDI_00574	hypothetical protein
A0AA86XHR6	EDBIKKDI_00575	Fic domain protein
A0A4J2AWX3	EDBIKKDI_00576	IS3 family transposase ISSpn11
Q8DNZ4	EDBIKKDI_00577	IS3 family transposase ISSpn11
	EDBIKKDI_00578	SpF19_sRNA
A0A064C2F5	EDBIKKDI_00579	Beta-glucoside bgl operon antiterminator BglG
A0A4M2KPQ3	EDBIKKDI_00580	Beta-glucoside-specific PTS IIBCA components
A0A9P1PCH1	EDBIKKDI_00581	6-phospho-beta-glucosidase
Q97S36	EDBIKKDI_00582	Phenylalanyl-tRNA synthetase alpha chain
A0A0B7KXV4	EDBIKKDI_00583	N1-spermidine/spermine acetyltransferase PaiA
A0AA87C8C0	EDBIKKDI_00584	Phenylalanyl-tRNA synthetase beta chain
A0A0B7L1P7	EDBIKKDI_00585	Putative integral membrane protein
A0A0B7LZ50	EDBIKKDI_00586	ISSpn8 transposase
A0AA36LHE2	EDBIKKDI_00587	5-methyltetrahydropteroyltriglutamate-- homocysteine methyltransferase
A0A0U0L2I1	EDBIKKDI_00588	5%2C10-methylenetetrahydrofolate reductase
A0AA87CGS2	EDBIKKDI_00589	Polyribonucleotide nucleotidyltransferase
A0A0T8XGM0	EDBIKKDI_00590	Serine acetyltransferase
C1C5W1	EDBIKKDI_00591	Acetyltransferase%2C GNAT family
Q97S25	EDBIKKDI_00592	Cysteinyl-tRNA synthetase
Q8DQS7	EDBIKKDI_00593	Mini-ribonuclease III
A0A9P1L7U7	EDBIKKDI_00594	Leucine rich protein
A0A0T7YKG5	EDBIKKDI_00595	hypothetical protein
A0AA86XPE9	EDBIKKDI_00596	Peptide ABC transporter membrane-spanning permease Vex1
B2IMR7	EDBIKKDI_00597	ABC transporter ATP-binding protein Vex2
Q9S4J0	EDBIKKDI_00598	Peptide ABC transporter membrane-spanning permease Vex3
A0A9P1RL26	EDBIKKDI_00599	Two-component system response regulator VncR
A0A0T8Y234	EDBIKKDI_00600	Two-component system sensor histidine kinase VncS
C1CCX9	EDBIKKDI_00601	Class II fructose-bisphosphate aldolase
A0A9P1PDA5	EDBIKKDI_00602	Oxidoreductase
A0AA87C4F5	EDBIKKDI_00603	Glutamine ABC transporter permease GlnP2b
A0AA86WZV2	EDBIKKDI_00604	Glutamine ABC transporter permease GlnP2a
A0A4J2AVX8	EDBIKKDI_00605	Glutamine ABC transporter substrate-binding protein GlnH2
A0AA86XN05	EDBIKKDI_00606	Glutamine ABC transporter ATP-binding protein GlnQ4
A0AA86XAS8	EDBIKKDI_00607	Single-stranded-DNA-specific exonuclease RecJ
Q8DQR3	EDBIKKDI_00608	Ribonuclease J2
A0A0U0F7N3	EDBIKKDI_00609	Tributyrin esterase
Q4TUK0	EDBIKKDI_00610	tRNA-dependent lipid II--L-alanine/serine ligase MurM
Q4TUJ1	EDBIKKDI_00611	tRNA-dependent lipid II-Ala--L-alanine ligase MurN
B1IAG0	EDBIKKDI_00612	Putative Zn-dependent protease
C1CQA2	EDBIKKDI_00613	Excinuclease ABC subunit C
C1C5Y7	EDBIKKDI_00614	Serine/threonine protein phosphatase
A0A4F2S016	EDBIKKDI_00615	Cysteine ABC transporter substrate-binding protein
Q8DQQ7	EDBIKKDI_00616	Bifunctional oxygen-insensitive NAD(P)H nitroreductase/dihydropteridine reductase
A0A0E8B601	EDBIKKDI_00617	Dipeptidase PepV
C1CCZ5	EDBIKKDI_00618	Uracil-DNA glycosylase
Q8CZ26	EDBIKKDI_00619	hypothetical protein
	EDBIKKDI_00620	SpF22_sRNA
Q8DQQ3	EDBIKKDI_00621	Branched-chain amino acid transport system carrier protein
A0A4F2RV55	EDBIKKDI_00622	Deblocking aminopeptidase
A0A0T8PYS9	EDBIKKDI_00623	Histidine triad family protein
C1CD01	EDBIKKDI_00624	L%2CD-carboxypeptidase
Q97RZ6	EDBIKKDI_00625	LSU ribosomal protein L11p (L12e)
C1CQB6	EDBIKKDI_00626	LSU ribosomal protein L1p (L10Ae)
	EDBIKKDI_00627	Intron_gpII
A0AA86X0M8	EDBIKKDI_00628	Hypothetical protein
A0AA36PFK4	EDBIKKDI_00629	hypothetical protein
A0A0E7TI46	EDBIKKDI_00630	ABC transporter ATP-binding protein
C1CD09	EDBIKKDI_00631	Antibiotic ABC transporter permease protein
Q8DQP8	EDBIKKDI_00632	Multidrug ABC transporter permease protein
A0A6G2DAR9	EDBIKKDI_00633	hypothetical protein
A0A0E7TZA0	EDBIKKDI_00634	hypothetical protein
A0AA87C7A7	EDBIKKDI_00635	Serine protease PrtA precursor
A0AA86XMR1	EDBIKKDI_00636	Galactose-specific PTS IIA component
Q8CZ23	EDBIKKDI_00637	Galactose-specific PTS IIB component
B2IMV8	EDBIKKDI_00638	Galactose-specific PTS IIC component
A0AA87C582	EDBIKKDI_00639	Beta-galactosidase BgaA
A0A4I7EUS8	EDBIKKDI_00640	hypothetical protein
A0AA86XHW0	EDBIKKDI_00641	hypothetical protein
A0A9P1VJZ2	EDBIKKDI_00642	hypothetical protein
	EDBIKKDI_00643	SpF25_sRNA
A0A916L609	EDBIKKDI_00644	Hypothetical protein
A0A4J2CLY0	EDBIKKDI_00645	hypothetical protein
A0AA86XAH6	EDBIKKDI_00646	hypothetical protein
Q8DQP3	EDBIKKDI_00647	Putative rRNA methylase YtqB
A0A0E8ABG5	EDBIKKDI_00648	Hypothetical protein
A0AA87CB47	EDBIKKDI_00649	Na+/H+ antiporter
A0A237K353	EDBIKKDI_00650	Inner membrane protein YihY
C1CD25	EDBIKKDI_00651	Cytochrome c-type biogenesis protein CcdA-1
A0AA87CBX6	EDBIKKDI_00652	Thiol:disulfide oxidoreductase
A0A656C7L0	EDBIKKDI_00653	Peptide methionine sulfoxide reductase MsrAB2
A0A0T8JNZ5	EDBIKKDI_00654	Two-component response regulator YesN
Q8DQN7	EDBIKKDI_00655	Two-component sensor kinase YesM
A0AA86XIJ4	EDBIKKDI_00656	YwlG
A0AA87C4C8	EDBIKKDI_00657	Zinc metalloprotease ZmpB precursor
A0AA86WZK7	EDBIKKDI_00658	Bifunctional para-aminobenzoate synthase%2C aminase component/aminodeoxychorismate lyase
B1IAK4	EDBIKKDI_00659	2-succinyl-6-hydroxy-2%2C4-cyclohexadiene-1-carboxylate synthase
A0A4J2FQN9	EDBIKKDI_00660	Endo-beta-N-acetylglucosaminidase%2C choline-binding protein CbpL
A0AA86Y343	EDBIKKDI_00661	Glucokinase
Q04LL8	EDBIKKDI_00662	Thymidylate synthase
Q8CZ15	EDBIKKDI_00663	Hypothetical protein
A0AA87CB49	EDBIKKDI_00664	tRNA dimethylallyltransferase MiaA
Q8DQN2	EDBIKKDI_00665	GTP-binding protein HflX
B2IMY7	EDBIKKDI_00666	Cystathionine beta-lyase
C1CQF2	EDBIKKDI_00667	Ribonuclease Z
C1C637	EDBIKKDI_00668	Short-chain dehydrogenase
Q8DQM9	EDBIKKDI_00669	Methionine biosynthesis and transport regulator MtaR%2C LysR family
Q8DQM8	EDBIKKDI_00670	Hypothetical protein
Q8DQM7	EDBIKKDI_00671	Rhodanese-like domain protein
C1C641	EDBIKKDI_00672	Hypothetical protein
A0AA86WZJ5	EDBIKKDI_00673	Ribosomal small subunit pseudouridine synthase A
A0AA86Y837	EDBIKKDI_00674	GTP-binding protein TypA
Q8CZ11	EDBIKKDI_00675	Putative membrane protein
A0AA86XAF8	EDBIKKDI_00676	Hypothetical protein
A0A0T8QV08	EDBIKKDI_00677	Putative immunity protein
Q8DQM3	EDBIKKDI_00678	ABC transporter ATP-binding protein
A0AA86X3K8	EDBIKKDI_00679	UDP-N-acetylmuramoylalanine--D-glutamate ligase
C1CQG5	EDBIKKDI_00680	UDP-N-acetylglucosamine--N-acetylmuramyl- (pentapeptide) pyrophosphoryl-undecaprenol N-acetylglucosamine transferase
A0AA87CCP9	EDBIKKDI_00681	Cell division protein DivIB
	EDBIKKDI_00682	PyrR
C1CQG7	EDBIKKDI_00683	Orotidine 5'-phosphate decarboxylase
P0CB78	EDBIKKDI_00684	Orotate phosphoribosyltransferase
A0A0B7LBR9	EDBIKKDI_00685	Hypothetical protein
A0A0D6J942	EDBIKKDI_00686	Hypothetical protein
C1C655	EDBIKKDI_00687	Hypothetical protein
Q8CZ03	EDBIKKDI_00688	Hypothetical protein
A0A4J1UN03	EDBIKKDI_00689	ABC transporter ATP-binding protein
Q8DQL3	EDBIKKDI_00690	Amino acid ABC transporter amino acid-binding/permease protein
Q8DQL2	EDBIKKDI_00691	hypothetical protein
A0AA86XMM9	EDBIKKDI_00692	Glutamine ABC transporter ATP-binding protein GlnQ3
A0A0I9CA19	EDBIKKDI_00693	Glutamine ABC transporter ATP-binding protein GlnQ3
A0AA86XQ80	EDBIKKDI_00694	IS1380 family transposase ISSpn5
A0A4J2DBV8	EDBIKKDI_00695	IS1380 family transposase ISSpn5
A0A4N0E2Y4	EDBIKKDI_00696	Glutamine ABC transporter permease GlnP3b
A0A4F2S1Q4	EDBIKKDI_00697	Glutamine ABC transporter permease GlnP3a
C1CD65	EDBIKKDI_00698	L-Lactate 2-monooxygenase
A0A4F2RZV8	EDBIKKDI_00699	Class II lysyl-tRNA synthetase
A0A4J2A6Y2	EDBIKKDI_00700	IS1380 family transposase ISSpn5
Q8DQK7	EDBIKKDI_00701	L-Lactate 2-monooxygenase
	EDBIKKDI_00702	TPP
Q8DQK6	EDBIKKDI_00703	Thiaminase II
A0A559BUT6	EDBIKKDI_00704	Hydroxyethylthiazole kinase
A0A062WTJ4	EDBIKKDI_00705	Thiamin-phosphate pyrophosphorylase
	EDBIKKDI_00706	TPP
C1CD71	EDBIKKDI_00707	Substrate-specific component YkoE of thiamin-regulated ECF transporter for hydroxymethylpyrimidine
A0A0E7Z2L0	EDBIKKDI_00708	Duplicated ATPase component YkoD of energizing module of thiamin-regulated ECF transporter for hydroxymethylpyrimidine
A0AA86XTL1	EDBIKKDI_00709	Transmembrane component YkoC of energizing module of thiamin-regulated ECF transporter for hydroxymethylpyrimidine
A0A0T9I454	EDBIKKDI_00710	Thiaminase II TenA
Q8CZ02	EDBIKKDI_00711	Substrate-specific component ThiW of putative thiazole ECF transporter
C1CQI9	EDBIKKDI_00712	Hydroxyethylthiazole kinase
C1CD77	EDBIKKDI_00713	Thiamin-phosphate pyrophosphorylase
A0A0H2UP75	EDBIKKDI_00714	Hydroxymethylpyrimidine phosphate kinase ThiD
	EDBIKKDI_00715	TPP
A0A0T7ZZL5	EDBIKKDI_00716	Negative transcriptional regulator of copper transport operon
A0A916P4L1	EDBIKKDI_00717	Copper-exporting ATPase
A0A0T8UEJ4	EDBIKKDI_00718	Lead%2C cadmium%2C copper%2C zinc and mercury transporting P-type ATPase
C1CD82	EDBIKKDI_00719	Pyruvate oxidase
Q8CZ01	EDBIKKDI_00720	Hypothetical protein
A0A4J2G6C5	EDBIKKDI_00721	IS630 family transposase ISSpn2
B1IAQ4	EDBIKKDI_00722	IS630 family transposase ISSpn2
A0A0T7TLZ5	EDBIKKDI_00723	hypothetical protein
A0A4G1VGH6	EDBIKKDI_00724	6-phospho-beta-glucosidase
A0A4G1VJC3	EDBIKKDI_00725	Mannose-6-phosphate isomerase
A0A4G1VKM2	EDBIKKDI_00726	Sodium-dependent transporter
A0A0U0LSX6	EDBIKKDI_00727	HTH-type transcriptional activator mta
A0A4G1VEC0	EDBIKKDI_00728	MutT/Nudix family protein
B2INC4	EDBIKKDI_00729	NAD(FAD)-utilizing dehydrogenase
Q97RQ6	EDBIKKDI_00730	DegV family protein
Q8DQI5	EDBIKKDI_00731	Transcriptional regulator%2C AcrR family
C1CD94	EDBIKKDI_00732	dCMP deaminase
Q8DQI3	EDBIKKDI_00733	Uracil phosphoribosyltransferase
Q04LF4	EDBIKKDI_00734	ATP-dependent Clp protease proteolytic subunit ClpP
A0A0T9AB05	EDBIKKDI_00735	Hypothetical protein
C1CD98	EDBIKKDI_00736	High-affinity leucine-specific transport system%2C periplasmic binding protein LivJ
Q8DQI0	EDBIKKDI_00737	High-affinity branched-chain amino acid transport system permease protein LivH
Q8DQH9	EDBIKKDI_00738	Branched-chain amino acid transport system permease protein LivM
Q8DQH8	EDBIKKDI_00739	Branched-chain amino acid transport ATP-binding protein LivG
A0A4G1VJ28	EDBIKKDI_00740	Branched-chain amino acid transport ATP-binding protein LivF
A0AA86XBW8	EDBIKKDI_00741	CBS domain protein
Q2MGI2	EDBIKKDI_00742	Peptide chain release factor 2
C1C6A0	EDBIKKDI_00743	Cell division transporter%2C ATP-binding protein FtsE
A0AA86Y375	EDBIKKDI_00744	Cell division protein FtsX
A0A9P1RHL8	EDBIKKDI_00745	Maltose- and glucose-specific PTS IICBA components
A0A0B7LDJ8	EDBIKKDI_00746	Exodeoxyribonuclease III
A0AA87C5X4	EDBIKKDI_00747	ATP-dependent RNA helicase YqfR
Q97RN9	EDBIKKDI_00748	S-adenosylmethionine synthetase
Q9X9S0	EDBIKKDI_00749	Dihydroorotate dehydrogenase (fumarate)
C1CDB3	EDBIKKDI_00750	DNA polymerase III delta subunit
C1C6A8	EDBIKKDI_00751	Manganese superoxide dismutase
C1C6A9	EDBIKKDI_00752	hypothetical protein
A0AA86X4U2	EDBIKKDI_00753	putative dual-specificity RNA methyltransferase RlmN
A0A0B7LG10	EDBIKKDI_00754	VanZF-related protein
C1C6B2	EDBIKKDI_00755	ABC transporter ATP-binding protein
A0A0B7L1V4	EDBIKKDI_00756	Peptidyl-prolyl cis-trans isomerase
C1C6B4	EDBIKKDI_00757	Hypothetical protein
Q04LD0	EDBIKKDI_00758	SSU ribosomal protein S16p
C1CDC4	EDBIKKDI_00759	KH domain RNA-binding protein
A0A4J2A6Y2	EDBIKKDI_00760	IS1380 family transposase ISSpn5
A0A0T7Z2X7	EDBIKKDI_00761	IS630 family transposase ISSpn2
A0A4J2GB97	EDBIKKDI_00762	IS630 family transposase ISSpn2
A0AA87C8D0	EDBIKKDI_00763	ATP-dependent RNA helicase YfmL
A0A0U0MHU1	EDBIKKDI_00764	ATP-dependent RNA helicase YfmL
A0A0U0GQD0	EDBIKKDI_00765	Oxidoreductase%2C Gfo/Idh/MocA family
C1CF62	EDBIKKDI_00766	hypothetical protein
B2IQU5	EDBIKKDI_00767	Peptidoglycan N-acetylglucosamine deacetylase
A0A4F2S748	EDBIKKDI_00768	Ooxidoreductase of aldo/keto reductase family%2C subgroup 1
	EDBIKKDI_00769	SpR19_sRNA
C1C872	EDBIKKDI_00770	hypothetical protein
C1CQP3	EDBIKKDI_00771	Glycyl-tRNA synthetase alpha chain
C1CQP4	EDBIKKDI_00772	Glycyl-tRNA synthetase beta chain
Q8DP67	EDBIKKDI_00773	Hypothetical protein
A0A4F2S700	EDBIKKDI_00774	Fumarate reductase%2C flavoprotein subunit precursor
B2IQT8	EDBIKKDI_00775	Fumarate reductase%2C flavoprotein subunit precursor
Q8DP69	EDBIKKDI_00776	Putative thiamin biosynthesis lipoprotein
A0A0T7JXY7	EDBIKKDI_00777	NADH peroxidase
Q97PX2	EDBIKKDI_00778	Pyridoxal 5'-phosphate synthase%2C synthase subunit PdxS
Q97PX3	EDBIKKDI_00779	Pyridoxal 5'-phosphate synthase%2C glutaminase subunit PdxT
A0A0T7ZD96	EDBIKKDI_00780	Hemolysin III
Q8CYK8	EDBIKKDI_00781	Hypothetical protein
C1CF46	EDBIKKDI_00782	Acetyltransferase
C1C858	EDBIKKDI_00783	Methylated-DNA--protein-cysteine methyltransferase
Q8DP75	EDBIKKDI_00784	Arsenate reductase
Q8DP76	EDBIKKDI_00785	Cysteine ABC transporter permease protein
C1CF42	EDBIKKDI_00786	Cysteine ABC transporter ATP-binding protein
C1CF41	EDBIKKDI_00787	Hypothetical protein
A0A0E8AK73	EDBIKKDI_00788	Thioredoxin reductase
A0A0B7LT41	EDBIKKDI_00789	23S rRNA (guanosine(2251)-2'-O)-methyltransferase
Q9F2F0	EDBIKKDI_00790	Peptide deformylase
A0A4J2GAU2	EDBIKKDI_00791	Capsule biosynthesis protein CapA
A0A0B7LA01	EDBIKKDI_00792	hypothetical protein
B2IQR7	EDBIKKDI_00793	HAD superfamily hydrolase
A0A4F2S328	EDBIKKDI_00794	Bifunctional N-acetylneuraminate cytidylyltransferase/platelet activating factor
B2IQR5	EDBIKKDI_00795	C3-degrading proteinase
A0A4G1UH31	EDBIKKDI_00796	Beta-lactamase%2C class C
A0A0T8ZMM1	EDBIKKDI_00797	Drug/metabolite transporter superfamily protein
A0AA86XET3	EDBIKKDI_00798	Transcriptional regulator in cluster with beta-lactamase%2C GntR family
Q04JQ8	EDBIKKDI_00799	GMP synthase%2C amidotransferase and ATP pyrophosphatase subunits
	EDBIKKDI_00800	SpR18_sRNA
A0AA95IJ56	EDBIKKDI_00801	IS1167 transposase
A0AA95D7A8	EDBIKKDI_00802	hypothetical protein
A0A4L8JXX8	EDBIKKDI_00803	IS1167 transposase Orf1
	EDBIKKDI_00804	Srn266
A0AA86X2A4	EDBIKKDI_00805	Transcriptional regulator%2C AraC family
A0AA86XE87	EDBIKKDI_00806	ABC transporter ATP-binding/permease protein
A0AA86XZJ9	EDBIKKDI_00807	ABC transporter ATP-binding/permease protein
A0AA86YC75	EDBIKKDI_00808	Substrate-specific component of putative ECF transporter
A0A0B7LM34	EDBIKKDI_00809	Transmembrane component of energizing module of putative ECF transporter
A0A4G1UHI7	EDBIKKDI_00810	Duplicated ATPase component of energizing module of putative ECF transporter
A0A654UCG4	EDBIKKDI_00811	hypothetical protein
Q8RT72	EDBIKKDI_00812	Type II restriction-modification system methyltransferase
Q8DP92	EDBIKKDI_00813	hypothetical protein
Q8DP93	EDBIKKDI_00814	hypothetical protein
Q8DP94	EDBIKKDI_00815	Peptidase%2C U32 family large subunit (C1)
C1CF13	EDBIKKDI_00816	hypothetical protein
A0A0T8K483	EDBIKKDI_00817	Peptidase%2C U32 family large subunit (C1)
A0AA86XVD1	EDBIKKDI_00818	Multidrug efflux ABC transporter ATP-binding protein
A0A0U0A3P2	EDBIKKDI_00819	Hypothetical protein
C1CF10	EDBIKKDI_00820	Transcriptional repressor
A0AA86X298	EDBIKKDI_00821	Hypothetical protein
A0A916PF67	EDBIKKDI_00822	Nicotinate phosphoribosyltransferase
Q04JT1	EDBIKKDI_00823	NAD synthetase
Q8DP98	EDBIKKDI_00824	Acetyltransferase%2C GNAT family
A0A0B7L6F0	EDBIKKDI_00825	Hypothetical protein
A0A6G2CT29	EDBIKKDI_00826	Choline-binding protein CbpM
A0A4J2FQ83	EDBIKKDI_00827	IS1380 family transposase ISSpn5
Q97Q15	EDBIKKDI_00828	S-adenosylmethionine:tRNA ribosyltransferase-isomerase
C1CQU2	EDBIKKDI_00829	Glucosamine-6-phosphate deaminase
B2IQN3	EDBIKKDI_00830	SSU ribosomal protein S21p
A0A229FYZ7	EDBIKKDI_00831	HPr kinase/phosphorylase
C1CQU5	EDBIKKDI_00832	Prolipoprotein diacylglyceryl transferase
A0A0E8ADM7	EDBIKKDI_00833	General stress protein
C1CEZ8	EDBIKKDI_00834	Hypothetical protein
Q8DPA6	EDBIKKDI_00835	Putative radical SAM family enzyme
Q8CYM5	EDBIKKDI_00836	Acyl-ACP thioesterase
A0AA87C5B1	EDBIKKDI_00837	Putative NagD-like phosphatase
A0AA86YBU8	EDBIKKDI_00838	Integral membrane protein
Q97Q26	EDBIKKDI_00839	Transcriptional regulator SpxA1
Q04JU6	EDBIKKDI_00840	Hypothetical protein
A0A0T8AAM2	EDBIKKDI_00841	Inositol-1-monophosphatase
A0AA86X0J2	EDBIKKDI_00842	tRNA and rRNA cytosine-C5-methylase
A0A0B7MDL7	EDBIKKDI_00843	Hypothetical protein
Q97Q31	EDBIKKDI_00844	Phosphate ABC transporter periplasmic phosphate-binding protein PstS2
Q8DPB2	EDBIKKDI_00845	Phosphate transport system permease protein PstC2
Q8DPB3	EDBIKKDI_00846	Phosphate transport system permease protein PstA2
C1CEY5	EDBIKKDI_00847	Phosphate transport ATP-binding protein PstB2_1
C1CEY4	EDBIKKDI_00848	Phosphate transport ATP-binding protein PstB2_2
Q8DPB6	EDBIKKDI_00849	Phosphate transport system regulatory protein PhoU2
A0A0U0AJD0	EDBIKKDI_00850	Amino acid ABC transporter amino acid-binding/permease protein
A0A4J2FPY6	EDBIKKDI_00851	Putative transcriptional regulator of pyridoxine metabolism
A0A0T7ZJC2	EDBIKKDI_00852	Alpha-acetolactate decarboxylase
A0A4J2GXL1	EDBIKKDI_00853	Hypothetical protein
Q04JV9	EDBIKKDI_00854	UDP-N-acetylenolpyruvoylglucosamine reductase
C1CEX7	EDBIKKDI_00855	Spermidine/putrescine import ABC transporter ATP-binding protein PotA
B2IQK4	EDBIKKDI_00856	Spermidine/putrescine import ABC transporter permease protein PotB
C1C7Y7	EDBIKKDI_00857	Spermidine/putrescine import ABC transporter permease protein PotC
A0A4N2RG68	EDBIKKDI_00858	Spermidine/putrescine import ABC transporter substrate-binding protein PotD
B1ICI4	EDBIKKDI_00859	Hypothetical protein
A0AA86XTI9	EDBIKKDI_00860	Alanyl-tRNA synthetase
A0A0H2UQT1	EDBIKKDI_00861	Cytoplasmic alpha-amylase
A0A0E8Z843	EDBIKKDI_00862	ABC transporter ATP-binding protein
A0AA86Y1Y4	EDBIKKDI_00863	ABC transporter permease
A0AA95IJZ0	EDBIKKDI_00864	Putative ribosomal RNA large subunit methyltransferase YwbD
Q04JX0	EDBIKKDI_00865	3-dehydroquinate dehydratase I
Q3I009	EDBIKKDI_00866	Shikimate/quinate 5-dehydrogenase I beta
Q8DPD1	EDBIKKDI_00867	3-dehydroquinate synthase
Q04JX3	EDBIKKDI_00868	Chorismate synthase
C1CEW2	EDBIKKDI_00869	Prephenate dehydrogenase
C1CQY3	EDBIKKDI_00870	Transcriptional regulator
C1CQY4	EDBIKKDI_00871	5-Enolpyruvylshikimate-3-phosphate synthase
A0AA86X0K9	EDBIKKDI_00872	Shikimate kinase I
A0AA86X3S8	EDBIKKDI_00873	Prephenate dehydratase
Q8DPD6	EDBIKKDI_00874	LytR-CpsA-Psr subfamily F1 cell envelope-associated transcriptional attenuator
A0AA86XFN9	EDBIKKDI_00875	Lipopolysaccharide cholinephosphotransferase LicD3
A0AA44MT57	EDBIKKDI_00876	Glycosyltransferase%2C group 1 family
A0A0H2UQP1	EDBIKKDI_00877	Glycosyltransferase%2C group 2 family
A0AA86Y1Z3	EDBIKKDI_00878	Teichoic acid ribitol polymerase
Q8CYN1	EDBIKKDI_00879	TarQ
C1CQZ3	EDBIKKDI_00880	Adaptor protein MecA
A0AA87C7F1	EDBIKKDI_00881	Homoserine dehydrogenase
C1CQZ4	EDBIKKDI_00882	Homoserine kinase
A0A4J2CZ29	EDBIKKDI_00883	Hypothetical protein
P0A3Q9	EDBIKKDI_00884	Peptide methionine sulfoxide reductase MsrAB1
A0AA86XYD1	EDBIKKDI_00885	ABC transporter ATP-binding/permease protein
A0AA86XCN5	EDBIKKDI_00886	ABC transporter ATP-binding/permease protein
A0A4J1VQN7	EDBIKKDI_00887	Methylthioadenosine deaminase
	EDBIKKDI_00888	L10_leader
Q04JZ3	EDBIKKDI_00889	LSU ribosomal protein L10p (P0)
Q04JZ4	EDBIKKDI_00890	LSU ribosomal protein L7/L12 (P1/P2)
A0AA86XFM2	EDBIKKDI_00891	hypothetical protein
A0A4J2CZ70	EDBIKKDI_00892	NADP-specific glutamate dehydrogenase
A0A4J2FNW3	EDBIKKDI_00893	IS630 family transposase ISSpn2
A0A0B7LYP4	EDBIKKDI_00894	Ferrous iron transport permease EfeU
A0AA87CAZ5	EDBIKKDI_00895	LSU ribosomal protein L31p
C1C7S7	EDBIKKDI_00896	DHH family phosphoesterase Pde2
C1CEQ2	EDBIKKDI_00897	Flavodoxin
Q8DPG5	EDBIKKDI_00898	Chorismate mutase I
Q97QC4	EDBIKKDI_00899	ClC-type fluoride channel
Q97QC5	EDBIKKDI_00900	ClC-type fluoride channel
Q97QC6	EDBIKKDI_00901	LSU ribosomal protein L19p
	EDBIKKDI_00902	tRNA-Arg(cct)
A0A0E7ZI26	EDBIKKDI_00903	hypothetical protein
A0A9Q9R059	EDBIKKDI_00904	Sugar phosphatase YidA
A0A0E7ZFQ5	EDBIKKDI_00905	dNTP triphosphohydrolase
A0A0B7M7R8	EDBIKKDI_00906	Hypothetical protein
Q8DPH0	EDBIKKDI_00907	Signal recognition particle associated protein
A0AA86XP10	EDBIKKDI_00908	Signal recognition particle protein Ffh
A0A098ZHN3	EDBIKKDI_00909	Uracil permease
	EDBIKKDI_00910	SpF44_sRNA
Q97QD4	EDBIKKDI_00911	16S rRNA (guanine(527)-N(7))-methyltransferase RsmG
C1C7R4	EDBIKKDI_00912	LemA
C1CR23	EDBIKKDI_00913	Heat shock protein HtpX
A0AA87CFE2	EDBIKKDI_00914	ABC transporter ATP-binding protein
	EDBIKKDI_00915	SpF43_sRNA
A0A0B7KY73	EDBIKKDI_00916	Protein%2C clustered with ribosomal protein L32p
Q8DPH8	EDBIKKDI_00917	Endonuclease III
	EDBIKKDI_00918	PyrR
Q04K45	EDBIKKDI_00919	Bifunctional uracil phosphoribosyltransferase/pyrimidine operon regulatory protein PyrR
C1CR29	EDBIKKDI_00920	Aspartate carbamoyltransferase
A0A064BWJ2	EDBIKKDI_00921	Carbamoyl-phosphate synthase small chain CarA
Q97QE4	EDBIKKDI_00922	Carbamoyl-phosphate synthase large chain CarB
A0A0B7MB36	EDBIKKDI_00923	Lipopolysaccharide cholinephosphotransferase LicD2
Q9X4D4	EDBIKKDI_00924	Lipopolysaccharide cholinephosphotransferase LicD1
A0A0E8SLM8	EDBIKKDI_00925	Membrane protein TacF involved in the export of O-antigen and teichoic acid
A0A064BWJ5	EDBIKKDI_00926	Ribitol-5-phosphate cytidylyltransferase
Q8DPI3	EDBIKKDI_00927	Ribulose-5-phosphate reductase
A0A0E7ZYU3	EDBIKKDI_00928	Choline kinase LicA
A0A229FXM7	EDBIKKDI_00929	Choline permease LicB
Q93MI4	EDBIKKDI_00930	Cholinephosphate cytidylyltransferase LicC
A0A0D6J8J8	EDBIKKDI_00931	DNA protecting protein DprA
A0A0B7M4M5	EDBIKKDI_00932	Integral membrane protein
B1IC54	EDBIKKDI_00933	DNA topoisomerase I
A0A0D6J7C6	EDBIKKDI_00934	Hypothetical protein related to heme utilization
A0A0T7TL79	EDBIKKDI_00935	Cytoplasmic copper homeostasis protein CutC
A0A0T7TLJ4	EDBIKKDI_00936	Hypothetical protein
A0A0U0GSM8	EDBIKKDI_00937	2-isopropylmalate synthase
A0A0B7LNM6	EDBIKKDI_00938	2-isopropylmalate synthase
A0A4H9BVI6	EDBIKKDI_00939	3-isopropylmalate dehydrogenase
C1C7N4	EDBIKKDI_00940	Putative membrane protein
A0A0B7KXP5	EDBIKKDI_00941	3-isopropylmalate dehydratase small subunit
A0A0B7L497	EDBIKKDI_00942	hypothetical protein
Q8CYQ2	EDBIKKDI_00943	Hypothetical protein
A0A0B7LNM9	EDBIKKDI_00944	Endonuclease
A0AA87CFD5	EDBIKKDI_00945	Hypothetical protein
C1CR55	EDBIKKDI_00946	GMP reductase
	EDBIKKDI_00947	tRNA-Arg(ccg)
A0A0T8X3V7	EDBIKKDI_00948	Ribonuclease III
A0AA86YBP5	EDBIKKDI_00949	Chromosome partition protein SMC
A0A0E8I6Q3	EDBIKKDI_00950	Hydrolase%2C HAD superfamily
A0AA87C4G5	EDBIKKDI_00951	Hydrolase%2C HAD superfamily
A0AA86Y622	EDBIKKDI_00952	Signal recognition particle receptor FtsY
A0AA86Y241	EDBIKKDI_00953	Glucose-6-phosphate 1-dehydrogenase
C1CEJ8	EDBIKKDI_00954	Glutamine transport ATP-binding protein GlnQ
C1CEJ7	EDBIKKDI_00955	Glutamine ABC transporter GlnHP5%2C containing substrate-binding and permease domains
A0AA86XNZ1	EDBIKKDI_00956	CAAX amino terminal protease family protein
A0AA86Y6S6	EDBIKKDI_00957	Excinuclease ABC subunit B
A0AA87CFT3	EDBIKKDI_00958	Acetyltransferase
A0A916L672	EDBIKKDI_00959	Acetyltransferase
A0AA86XCS3	EDBIKKDI_00960	MutT/Nudix family protein
A0A0T7TLM8	EDBIKKDI_00961	Transcriptional repressor of NAD biosynthesis
C1CEJ0	EDBIKKDI_00962	Substrate-specific component NiaX of putative niacin ECF transporter
Q8DPL2	EDBIKKDI_00963	Substrate-specific component PanT of putative pantothenate ECF transporter
A0A9P1L6C9	EDBIKKDI_00964	Phosphopantothenoylcysteine decarboxylase
A0A916L4R0	EDBIKKDI_00965	Phosphopantothenoylcysteine synthetase
C1CR74	EDBIKKDI_00966	Formate--tetrahydrofolate ligase
B2IPQ4	EDBIKKDI_00967	A/G-specific adenine glycosylase
Q9S1K0	EDBIKKDI_00968	Two-component system response regulator VicR
C1CEI3	EDBIKKDI_00969	Two-component system sensor histidine kinase VicK
Q9RCS5	EDBIKKDI_00970	Zn-dependent hydrolase VicX
A0A558SUE3	EDBIKKDI_00971	Replicon stabilization protein RelB2
B2IPQ9	EDBIKKDI_00972	mRNA interferase RelE2
A0AA86X3W4	EDBIKKDI_00973	hypothetical protein
A0A4J2FQ83	EDBIKKDI_00974	IS1380 family transposase ISSpn5
A0AA87CBD3	EDBIKKDI_00975	L-lactate dehydrogenase
A0A4M7Q6P8	EDBIKKDI_00976	DNA gyrase subunit A
A0A098Z5B8	EDBIKKDI_00977	Sortase SrtA%2C LPXTG specific
Q8DPM4	EDBIKKDI_00978	Formate-nitrate transporter
B2IPR5	EDBIKKDI_00979	O-acetyl-L-homoserine sulfhydrylase
A0A098Z5F1	EDBIKKDI_00980	Cystathionine gamma-synthase
A0A0H2UQB9	EDBIKKDI_00981	Hypothetical protein
A0A0B7L351	EDBIKKDI_00982	tRNA pseudouridine synthase B
A0A0T7JKK1	EDBIKKDI_00983	Hypothetical protein
A0AA86Y1W6	EDBIKKDI_00984	hypothetical protein
Q04KA9	EDBIKKDI_00985	Uridine kinase
C1CR91	EDBIKKDI_00986	Exodeoxyribonuclease VII large subunit
Q04KB1	EDBIKKDI_00987	Exodeoxyribonuclease VII small subunit
B2IPS5	EDBIKKDI_00988	(2E%2C6E)-farnesyl diphosphate synthase
B1IC06	EDBIKKDI_00989	RNA-binding methyltransferase
C1C7H2	EDBIKKDI_00990	Arginine pathway regulatory protein AhrC
A0A0B7L4T5	EDBIKKDI_00991	DNA repair protein RecN
A0AA86XYA2	EDBIKKDI_00992	Serine/threonine protein phosphatase
Q8DPN5	EDBIKKDI_00993	Translation elongation factor LepA
A0A0E7XYY0	EDBIKKDI_00994	Galactose-specific PTS IIA component
C1C7G6	EDBIKKDI_00995	Galactose-specific PTS IIB component
C1CEF8	EDBIKKDI_00996	IS5 family transposase ISSpn7
A0A916P9M2	EDBIKKDI_00997	IS1381 transposase OrfA
A0A4J1UZD8	EDBIKKDI_00998	IS1381 transposase OrfB
A0AA86XCI6	EDBIKKDI_00999	Protein LacX%2C plasmid
C1CRA4	EDBIKKDI_01000	Galactose-6-phosphate isomerase%2C LacA subunit
C1CRA5	EDBIKKDI_01001	Galactose-6-phosphate isomerase%2C LacB subunit
C1CRA6	EDBIKKDI_01002	Tagatose-6-phosphate kinase LacC
A0AA87C597	EDBIKKDI_01003	Tagatose 1%2C6-diphosphate aldolase
B1IBZ3	EDBIKKDI_01004	Beta-glucoside bgl operon antiterminator LacT%2C BglG family
Q8DPP4	EDBIKKDI_01005	Lactose-specific PTS IIA component
A0AA87CGT0	EDBIKKDI_01006	Lactose-specific PTS IIBC components
A0AA86Y1U4	EDBIKKDI_01007	6-phospho-beta-galactosidase
A0AA86XHU4	EDBIKKDI_01008	hypothetical protein
C1CEE5	EDBIKKDI_01009	Lactose phosphotransferase system repressor
A0AA95IMF0	EDBIKKDI_01010	Ribonucleotide reductase of class Ib%2C beta subunit
Q8CWR3	EDBIKKDI_01011	Ribonucleotide reductase of class Ib%2C alpha subunit
Q8DPP9	EDBIKKDI_01012	Glutaredoxin-like protein NrdH
Q8DPQ0	EDBIKKDI_01013	Phosphotransferase system%2C phosphocarrier protein HPr
A0AA86XCG8	EDBIKKDI_01014	Phosphoenolpyruvate-protein phosphotransferase of PTS
A0AA86XY80	EDBIKKDI_01015	Pneumococcal histidine triad protein B
A0A4F2S4Y2	EDBIKKDI_01016	Pneumococcal histidine triad protein E
A0A4J2H147	EDBIKKDI_01017	hypothetical protein
A0A4G1WMB5	EDBIKKDI_01018	IS1167 transposase
	EDBIKKDI_01019	Srn266
A0AA86X4M7	EDBIKKDI_01020	hypothetical protein
A0A0T8ZEP9	EDBIKKDI_01021	hypothetical protein
C1CRC4	EDBIKKDI_01022	Tripeptide aminopeptidase PepT
A0AA86XZ52	EDBIKKDI_01023	hypothetical protein
A0AAE4K3B0	EDBIKKDI_01024	hypothetical protein
B3FNT7	EDBIKKDI_01025	Signal peptidase IB
B3FNT4	EDBIKKDI_01026	Pilin
B3FNT5	EDBIKKDI_01027	hypothetical protein
A0A0U0FLZ7	EDBIKKDI_01028	hypothetical protein
C1CRD1	EDBIKKDI_01029	Ferrochelatase%2C protoheme ferro-lyase
A0AA86XRF7	EDBIKKDI_01030	Large-conductance mechanosensitive channel MscL
Q8DQ02	EDBIKKDI_01031	GtrA family protein
	EDBIKKDI_01032	preQ1-II
Q8DQ01	EDBIKKDI_01033	Substrate-specific component QueT of putative queuosine-regulated ECF transporter
	EDBIKKDI_01034	tRNA-Thr(ggt)
	EDBIKKDI_01035	asd
A0A064C4U3	EDBIKKDI_01036	Aspartate-semialdehyde dehydrogenase
C1CRD6	EDBIKKDI_01037	4-hydroxy-tetrahydrodipicolinate synthase
B1IBH5	EDBIKKDI_01038	GTPase and tRNA-U34 5-formylation enzyme MnmE
B2IPH4	EDBIKKDI_01039	Bifunctional 4-oxalocrotonate tautomerase/xylose transport system permease protein XylH
C1CE11	EDBIKKDI_01040	Thymidine kinase
C1CRE0	EDBIKKDI_01041	Peptide chain release factor 1
C1CE13	EDBIKKDI_01042	Peptide chain release factor N(5)-glutamine methyltransferase
C1CE14	EDBIKKDI_01043	Threonylcarbamoyl-AMP synthase TsaC
C1CE15	EDBIKKDI_01044	N-acetyltransferase%2C GCN5-family
C1CRE4	EDBIKKDI_01045	Serine hydroxymethyltransferase
B2IPI1	EDBIKKDI_01046	Pseudouridylate synthase%2C 23S RNA-specific
C1C701	EDBIKKDI_01047	Pneumococcal vaccine antigen A
A0A0B7L1A6	EDBIKKDI_01048	Extracellular protein
A0AA86Y2X5	EDBIKKDI_01049	23S rRNA (uracil(1939)-C(5))-methyltransferase
	EDBIKKDI_01050	SpF61_sRNA
	EDBIKKDI_01050	
	EDBIKKDI_01051	SpF39_sRNA
C1CE21	EDBIKKDI_01052	Hypothetical protein
Q8DPY6	EDBIKKDI_01053	Iron compound ABC uptake transporter substrate-binding protein PiaA
A0A0U0D917	EDBIKKDI_01054	Iron compound ABC uptake transporter permease protein PiaB
Q8DPY4	EDBIKKDI_01055	Iron compound ABC uptake transporter permease protein PiaC
C1CE25	EDBIKKDI_01056	Iron compound ABC uptake transporter ATP-binding protein PiaD
A0A0B7LJA1	EDBIKKDI_01057	hypothetical protein
A0A0E7ZI32	EDBIKKDI_01058	hypothetical protein
A0A0B7LIN9	EDBIKKDI_01059	hypothetical protein
Q9KK10	EDBIKKDI_01060	IS1380 family transposase ISSpn5
A0A6G2D2E2	EDBIKKDI_01061	IS1380 family transposase ISSpn5
A0AA87CBA5	EDBIKKDI_01062	hypothetical protein
A0A0T7TQW9	EDBIKKDI_01063	hypothetical protein
	EDBIKKDI_01064	pemK
Q8CYT9	EDBIKKDI_01065	Hypothetical protein
A0A9P1PK44	EDBIKKDI_01066	Phage integrase
A0A0T9GFA2	EDBIKKDI_01067	Phage integrase
A0A0E8SQT6	EDBIKKDI_01068	Hypothetical protein
B2IPK0	EDBIKKDI_01069	Hypothetical protein
A0AA36LJY8	EDBIKKDI_01070	Hypothetical protein
A0A0U0BYY7	EDBIKKDI_01071	Putative hydrolase
A0A062WSS8	EDBIKKDI_01072	Transcriptional regulator
A0AA86Y8J7	EDBIKKDI_01073	Neopullulanase
A0A0B7M5J3	EDBIKKDI_01074	Neopullulanase
A0A4G1W1A0	EDBIKKDI_01075	Neopullulanase
B1IBK4	EDBIKKDI_01076	hypothetical protein
C1C762	EDBIKKDI_01077	Aminoglycoside N(6')-acetyltransferase type 1
B1IBK6	EDBIKKDI_01078	hypothetical protein
A0A4M7Q6Q9	EDBIKKDI_01079	hypothetical protein
A0AA87CCX2	EDBIKKDI_01080	hypothetical protein
A0A0B7MF81	EDBIKKDI_01081	hypothetical protein
C1C764	EDBIKKDI_01082	Cell division protein FtsW
A0A4G1W0T6	EDBIKKDI_01083	Phosphoenolpyruvate carboxylase
	EDBIKKDI_01084	T-box
C1C766	EDBIKKDI_01085	ABC transporter substrate-binding protein
Q8DPW3	EDBIKKDI_01086	Putative tryptophan-specific ABC transporter permease protein TrpY
Q8DPW2	EDBIKKDI_01087	ABC transporter ATP-binding protein
A0AA86Y1U3	EDBIKKDI_01088	DNA primase
P0A4J0	EDBIKKDI_01089	RNA polymerase sigma factor RpoD
Q8DPW0	EDBIKKDI_01090	Putative aromatic ring hydroxylating enzyme
C1CE62	EDBIKKDI_01091	Diglucosyl diacylglycerol synthase LafB
A0A0B7LF06	EDBIKKDI_01092	1%2C2-diacylglycerol 3-glucosyltransferase LafA
C1CE64	EDBIKKDI_01093	Hypothetical protein
C1CE65	EDBIKKDI_01094	Hypothetical protein
C1CE66	EDBIKKDI_01095	GTP-binding protein ObgE
C1CE67	EDBIKKDI_01096	Hypothetical protein
A0A4H9FG63	EDBIKKDI_01097	IS1167 transposase
A0A4J2D1K3	EDBIKKDI_01098	hypothetical protein
A0A4J1U7S1	EDBIKKDI_01099	IS1167 transposase Orf1
	EDBIKKDI_01100	Srn266
	EDBIKKDI_01101	group-II-D1D4-3
Q97QW6	EDBIKKDI_01102	UDP-N-acetylglucosamine 1-carboxyvinyltransferase
A0A0T7IPG4	EDBIKKDI_01103	Ribosomal-protein-S5p-alanine acetyltransferase
Q8DPV2	EDBIKKDI_01104	Cytosolic protein containing multiple CBS domains
Q8DPV1	EDBIKKDI_01105	Methionine aminopeptidase
A0A4J2B2V3	EDBIKKDI_01106	hypothetical protein
A0A4N3N6R8	EDBIKKDI_01107	IS1381 transposase OrfB
A0A0E9A2L0	EDBIKKDI_01108	ATP-dependent DNA helicase PcrA
A0A062WLA7	EDBIKKDI_01109	DNA repair protein RadC
C1C786	EDBIKKDI_01110	Glutamine amidotransferase%2C class I
C1CRJ3	EDBIKKDI_01111	Redox-sensitive transcriptional regulator Rex
A0A237JSH2	EDBIKKDI_01112	Hypothetical protein
Q8CYS0	EDBIKKDI_01113	Hypothetical protein
A0A0E8STN4	EDBIKKDI_01114	Cysteine desulfurase
P65242	EDBIKKDI_01115	Ribose-phosphate pyrophosphokinase
A0A064C1X1	EDBIKKDI_01116	Adenylate cyclase
Q8DPU2	EDBIKKDI_01117	GTP pyrophosphokinase
B2IQ09	EDBIKKDI_01118	NAD kinase
A0AA87C673	EDBIKKDI_01119	RluD-like protein
Q8DPU0	EDBIKKDI_01120	Phosphate acetyltransferase
	EDBIKKDI_01121	SpR14_sRNA
	EDBIKKDI_01121	
A0AA36PZZ3	EDBIKKDI_01122	IS1167 transposase Orf2
A0A0U0HX93	EDBIKKDI_01123	hypothetical protein
A0A4N0CYU3	EDBIKKDI_01124	IS1167 transposase Orf1
	EDBIKKDI_01125	Srn266
	EDBIKKDI_01126	Srn266
Q04KI6	EDBIKKDI_01127	Hypothetical protein co-occurring with RecR
A0A0B7M7N6	EDBIKKDI_01128	Hypothetical protein
	EDBIKKDI_01129	L21_leader
Q97QU4	EDBIKKDI_01130	LSU ribosomal protein L21p
C1CE93	EDBIKKDI_01131	Putative ribosomal protein
Q04KI2	EDBIKKDI_01132	LSU ribosomal protein L27p
Q8DPT6	EDBIKKDI_01133	Bifunctional FMN adenylyltransferase/riboflavin kinase RibF
Q8DPT5	EDBIKKDI_01134	Transporter
A0A0D6J7H5	EDBIKKDI_01135	DegV family protein
C1CEA0	EDBIKKDI_01136	DNA-binding protein HlpA
A0AA87CCY0	EDBIKKDI_01137	ABC transporter ATP-binding protein
A0AA87C8E3	EDBIKKDI_01138	Positive transcriptional regulator%2C MutR family
C1C7B0	EDBIKKDI_01139	Macrolide efflux ABC transporter membrane-spanning permease
C1CRL7	EDBIKKDI_01140	DNA ligase (NAD(+))
A0AA87C986	EDBIKKDI_01141	Putative glycogen debranching enzyme
B1IBQ6	EDBIKKDI_01142	Glyceraldehyde-3-phosphate dehydrogenase (NADP(+))
A0AA86XE11	EDBIKKDI_01143	1%2C4-alpha-glucan-branching enzyme GlgB
Q97QS7	EDBIKKDI_01144	Glycogen biosynthesis glucose-1-phosphate adenylyltransferase subunit GlgC
Q8DPS4	EDBIKKDI_01145	Glycogen biosynthesis glucose-1-phosphate adenylyltransferase subunit GlgD
C1CRM3	EDBIKKDI_01146	Glycogen biosynthesis ADP-glucose--glucan transglucosylase GlgA
A0A0B7M8L9	EDBIKKDI_01147	Phosphoserine phosphatase
A0A6A8VMR9	EDBIKKDI_01148	Glycerate kinase
A0AA86XHR8	EDBIKKDI_01149	Hypothetical protein
C1CRM6	EDBIKKDI_01150	Enolase
A0A4J2GG84	EDBIKKDI_01151	IS1167 transposase Orf2
Q4JYF9	EDBIKKDI_01152	IS1167 transposase
	EDBIKKDI_01153	Srn266
A0A0T8C0Q6	EDBIKKDI_01154	IS630 family transposase IS630-Spn1
A0A0T8CF02	EDBIKKDI_01155	IS630 family transposase IS630-Spn1
A0AA87CCY2	EDBIKKDI_01156	ATP-dependent nuclease subunit RexB
A0A4J2GKK8	EDBIKKDI_01157	ATP-dependent nuclease subunit RexA
C1CEB9	EDBIKKDI_01158	Hypothetical protein
A0A4J2GJK9	EDBIKKDI_01159	IgA1 protease ZmpA
A0A0E7T841	EDBIKKDI_01160	50S ribosomal subunit maturation GTPase RbgA
C1CRN4	EDBIKKDI_01161	Ribonuclease HII
C1C7C9	EDBIKKDI_01162	Voltage-gated chloride channel family protein
Q04KF1	EDBIKKDI_01163	Tyrosine recombinase XerS
A0A0T7TMB5	EDBIKKDI_01164	Lipoate-protein ligase A
Q8VPK9	EDBIKKDI_01165	Dihydrolipoamide dehydrogenase of acetoin dehydrogenase
A0AA86Y3Y2	EDBIKKDI_01166	Dihydrolipoamide acetyltransferase (E2) component of acetoin dehydrogenase complex
C1C7D4	EDBIKKDI_01167	Acetoin dehydrogenase E1 component beta-subunit
C1CED0	EDBIKKDI_01168	Acetoin dehydrogenase E1 component alpha-subunit
A0AA87CBC0	EDBIKKDI_01169	Dihydrolipoamide acetyltransferase
A0A0B7L0U2	EDBIKKDI_01170	Hypothetical protein
A0AA87C918	EDBIKKDI_01171	Dihydroorotase
C8XPY1	EDBIKKDI_01172	8-oxo-dGTP diphosphatase MutX
B2IPV6	EDBIKKDI_01173	Uracil-DNA glycosylase%2C family 1
A0A0D6J8I6	EDBIKKDI_01174	Hypothetical protein
A0A0H2UQ88	EDBIKKDI_01175	2-haloalkanoic acid dehalogenase
A0A0T8JZF1	EDBIKKDI_01176	PTS-dependent dihydroxyacetone kinase%2C phosphotransferase subunit DhaM
A0AA86Y319	EDBIKKDI_01177	Pneumococcal histidine triad protein D
Q8DQ09	EDBIKKDI_01178	Laminin-binding surface protein
A0AA86XBR9	EDBIKKDI_01179	Cationic amino acid transporter%2C APC Superfamily
	EDBIKKDI_01180	SpF36_sRNA
	EDBIKKDI_01180	
C1CDZ5	EDBIKKDI_01181	Thiol:disulfide oxidoreductase
C1CDZ4	EDBIKKDI_01182	Cytochrome c-type biogenesis protein CcdA-2
A0A4F2S4D7	EDBIKKDI_01183	Hypothetical protein
C1CGU6	EDBIKKDI_01184	IS630 family transposase IS630-Spn1
	EDBIKKDI_01185	Srn266
A0A4J1YM21	EDBIKKDI_01186	IS1167 transposase Orf1
A0A4P0AN65	EDBIKKDI_01187	hypothetical protein
A0A4F2S025	EDBIKKDI_01188	IS1167 transposase
C1CDY9	EDBIKKDI_01189	Glycerophosphoryl diester phosphodiesterase
A0A0E8ASI4	EDBIKKDI_01190	DNA polymerase III epsilon subunit
A0A0H2UPQ5	EDBIKKDI_01191	Transcriptional regulator OrfX
A0AA87C8M2	EDBIKKDI_01192	Bifunctional 5'-methylthioadenosine nucleosidase/S-adenosylhomocysteine nucleosidase
Q8CYV2	EDBIKKDI_01193	Hypothetical protein
A0A0H2UPW5	EDBIKKDI_01194	ADP-ribose pyrophosphatase
A0AA86Y3I6	EDBIKKDI_01195	Bifunctional N-acetylglucosamine-1-phosphate uridyltransferase/glucosamine-1-phosphate N-acetyltransferase
A0A0B7MG22	EDBIKKDI_01196	1%2C4-beta-N-acetylmuramidase%2C lyzozyme M1
A0A0B7LXZ4	EDBIKKDI_01197	Membrane protein
C1CDY0	EDBIKKDI_01198	Transcriptional regulator
Q8DQ21	EDBIKKDI_01199	Phosphoglycerate mutase family 5 protein
A0A0B7LAN8	EDBIKKDI_01200	hypothetical protein
A0AA86YAS0	EDBIKKDI_01201	IS3 family transposase ISSpn1
Q8DQ24	EDBIKKDI_01202	Putative parvulin type peptidyl-prolyl isomerase PrsA
A0AA87C4J3	EDBIKKDI_01203	O-methyltransferase family protein
A0AA87C7V1	EDBIKKDI_01204	Oligoendopeptidase F
A0A0H2UPP6	EDBIKKDI_01205	Competence protein CoiA
A0A0T8ABZ2	EDBIKKDI_01206	Tellurite methyltransferase TehB
Q8DQ29	EDBIKKDI_01207	tmRNA-binding protein SmpB
A0AA86XYT5	EDBIKKDI_01208	3'-to-5' exoribonuclease RNase R
Q8DQ31	EDBIKKDI_01209	Protein-export membrane protein SecG
A0AA86X0Z6	EDBIKKDI_01210	Multidrug resistance efflux pump PmrA
A0A0U0DTA3	EDBIKKDI_01211	Dephospho-CoA kinase
A0A0B7LVH1	EDBIKKDI_01212	Formamidopyrimidine-DNA glycosylase MutM
A0A0B7LRL2	EDBIKKDI_01213	GTP-binding protein Era
A0A0T8T8G5	EDBIKKDI_01214	Diacylglycerol kinase
Q8DQ35	EDBIKKDI_01215	Metal-dependent hydrolase YbeY
A0AA86Y2F2	EDBIKKDI_01216	Fibronectin/fibrinogen-binding protein
A0A0T8B6M8	EDBIKKDI_01217	Endo-beta-N-acetylglucosaminidase LytB
A0A0T8TEC5	EDBIKKDI_01218	Dihydroorotate dehydrogenase (NAD(+))%2C catalytic subunit
A0A0U0BCH1	EDBIKKDI_01219	Dihydroorotate dehydrogenase (NAD(+))%2C electron transfer subunit
C1CDV7	EDBIKKDI_01220	Lactoylglutathione lyase
Q04KW7	EDBIKKDI_01221	LSU ribosomal protein L20p
Q04KW8	EDBIKKDI_01222	LSU ribosomal protein L35p
Q04KW9	EDBIKKDI_01223	Translation initiation factor 3
	EDBIKKDI_01224	L20_leader
A0AA86XYU1	EDBIKKDI_01225	Hypothetical protein
A0A0U0EQ85	EDBIKKDI_01226	ABC transporter%2C ATP-binding protein
A0AA86X101	EDBIKKDI_01227	Late competence DNA transporter ComEC
B1IBB3	EDBIKKDI_01228	Late competence DNA receptor ComEA
A0A0E8B7I3	EDBIKKDI_01229	Acetyltransferase%2C GNAT family
A0A4F2S0B2	EDBIKKDI_01230	Alanine dehydrogenase
Q8DQ45	EDBIKKDI_01231	Alanine dehydrogenase
Q8CYV8	EDBIKKDI_01232	hypothetical protein
A0A4F2S5M0	EDBIKKDI_01233	Acetyltransferase
C1CDU4	EDBIKKDI_01234	Phosphate starvation-inducible protein PhoH
C1CRV1	EDBIKKDI_01235	Hypothetical protein
A0AA87CB91	EDBIKKDI_01236	S1 RNA-binding domain protein
C1CRV3	EDBIKKDI_01237	Ribosome-recycling factor
Q8DQ50	EDBIKKDI_01238	Uridine monophosphate kinase
A0AA87C8P0	EDBIKKDI_01239	Methylenetetrahydrofolate--tRNA-(uracil-5-)- methyltransferase TrmFO
A0AA86XYU8	EDBIKKDI_01240	16S rRNA (cytidine(1402)-2'-O)-methyltransferase
Q97R89	EDBIKKDI_01241	DNA replication initiation control protein YabA
C1C6R7	EDBIKKDI_01242	DNA polymerase III delta prime subunit
A0A916PF21	EDBIKKDI_01243	Thymidylate kinase
C1C6R5	EDBIKKDI_01244	Pyrroline-5-carboxylate reductase
Q8DQ60	EDBIKKDI_01245	Gamma-glutamyl phosphate reductase
B2IP87	EDBIKKDI_01246	Glutamate 5-kinase
A0A9P1S903	EDBIKKDI_01247	Teichoic acid phosphorylcholine esterase%2C choline-binding protein CbpE
A0A0B7M1X1	EDBIKKDI_01248	Ribosomal large subunit pseudouridine synthase D
Q8DQ64	EDBIKKDI_01249	Lipoprotein signal peptidase
Q8DQ65	EDBIKKDI_01250	Cysteine and methionine metabolism regulator CmbR%2C LysR family
C1C6Q7	EDBIKKDI_01251	CAAX amino terminal protease family protein
C1CDS2	EDBIKKDI_01252	Hypothetical protein
A0A098Z4D2	EDBIKKDI_01253	Hydrolase%2C HAD superfamily
C1CDS0	EDBIKKDI_01254	N-carbamoylputrescine amidase
C1CRX2	EDBIKKDI_01255	Agmatine deiminase
A0A4J2CYR2	EDBIKKDI_01256	Carboxynorspermidine decarboxylase
C1CDR7	EDBIKKDI_01257	Carboxynorspermidine synthase
P66836	EDBIKKDI_01258	Spermidine synthase
A0AA86XDT1	EDBIKKDI_01259	hypothetical protein
A0AA86X1P2	EDBIKKDI_01260	Arginine decarboxylase
A0A4J6YAB2	EDBIKKDI_01261	ISSpn8 transposase
A0AA86XJ65	EDBIKKDI_01262	Hypothetical protein
C1CDQ9	EDBIKKDI_01263	ABC transporter permease protein
C1CDQ8	EDBIKKDI_01264	ABC transporter ATP-binding protein
A0A0B7KXN1	EDBIKKDI_01265	Hypothetical protein
Q8CYW5	EDBIKKDI_01266	Hypothetical protein
	EDBIKKDI_01267	Spd-sr07
	EDBIKKDI_01267	
A0A5C8QW28	EDBIKKDI_01268	Putative phage shock protein C
C1CRY6	EDBIKKDI_01269	Putative SprT family zinc-dependent metallopeptidase
A0A0B7LIN4	EDBIKKDI_01270	Transcription accessory protein
A0A098ZMD2	EDBIKKDI_01271	Hypothetical protein
A0AA87C5P2	EDBIKKDI_01272	Putative permease
A0A0T8Q5P4	EDBIKKDI_01273	ABC transporter substrate-binding protein
A0A0D6J9F7	EDBIKKDI_01274	Hypothetical protein
A0A916PFF5	EDBIKKDI_01275	Hypothetical protein
A0A4J1SZ62	EDBIKKDI_01276	IS5 family transposase ISSpn7
Q8CYX1	EDBIKKDI_01277	Membrane-associated protein
A0A4J2FQ83	EDBIKKDI_01278	IS1380 family transposase ISSpn5
A0AA86XZ59	EDBIKKDI_01279	Pyruvate kinase
Q97RC6	EDBIKKDI_01280	6-phosphofructokinase
A0A822QPA1	EDBIKKDI_01281	DNA polymerase III alpha subunit
Q97RC8	EDBIKKDI_01282	Xaa-Pro dipeptidyl-peptidase
Q8DQ88	EDBIKKDI_01283	Arginine pathway regulatory protein ArgR2
A0AA86XUL0	EDBIKKDI_01284	Type I restriction-modification system restriction subunit R
C1CDN9	EDBIKKDI_01285	hypothetical protein
C1C6M1	EDBIKKDI_01286	Tyrosine recombinase XerC
C1CDN7	EDBIKKDI_01287	hypothetical protein
C1CDN6	EDBIKKDI_01288	hypothetical protein
A0A4J2FRJ1	EDBIKKDI_01289	hypothetical protein
A0AA87CC09	EDBIKKDI_01290	hypothetical protein
Q8DQ91	EDBIKKDI_01291	Type I restriction-modification system DNA-methyltransferase subunit M
C1CDN2	EDBIKKDI_01292	ATP-grasp-domain-containing protein
Q8CYX4	EDBIKKDI_01293	hypothetical protein
A0AA87C909	EDBIKKDI_01294	hypothetical protein
A0A098Z6B6	EDBIKKDI_01295	Putative alpha-dextrin endo-1%2C6-alpha-glucosidase
Q97RE1	EDBIKKDI_01296	tRNA 4-thiouridine synthase ThiI
A0AA86X1K4	EDBIKKDI_01297	Putative cysteine desulfurase
A0AA86X4P1	EDBIKKDI_01298	Acetyltransferase
A0AA86Y3W6	EDBIKKDI_01299	DNA translocase FtsK
A0AA86XI73	EDBIKKDI_01300	Fructose-specific PTS IIABC components
A0A9Q9R504	EDBIKKDI_01301	1-phosphofructokinase
A0A0U0FF33	EDBIKKDI_01302	Transcriptional repressor of the fructose operon%2C DeoR family
	EDBIKKDI_01303	tRNA-Ser(gga)
	EDBIKKDI_01304	transfer-messenger RNA%2C SsrA
Q8DQ98	EDBIKKDI_01305	Coordinator of zonal cell elongation
Q75Y14	EDBIKKDI_01306	D-alanyl-D-alanine carboxypeptidase%2C penicillin-binding protein 3
A0AA87CC06	EDBIKKDI_01307	Iron-sulfur cluster assembly protein SufB
A0A0B7MD89	EDBIKKDI_01308	Putative iron-sulfur cluster assembly scaffold protein for SUF system SufE2
A0A0B7LHM4	EDBIKKDI_01309	Cysteine desulfurase SufS
Q8DQA3	EDBIKKDI_01310	Iron-sulfur cluster assembly protein SufD
B1IB34	EDBIKKDI_01311	Iron-sulfur cluster assembly ATPase protein SufC
Q8CYX9	EDBIKKDI_01312	Hypothetical protein
A0A0U0J2A6	EDBIKKDI_01313	DNA polymerase III subunits gamma and tau
A0A0U0BZA9	EDBIKKDI_01314	GAF domain-containing protein
	EDBIKKDI_01315	Srn266
A0A4N0CLZ2	EDBIKKDI_01316	IS1167 transposase
A0AA95IJ56	EDBIKKDI_01317	IS1167 transposase
C1CDK9	EDBIKKDI_01318	SSU ribosomal protein S1p
	EDBIKKDI_01319	tRNA-Gln(ttg)
	EDBIKKDI_01320	tRNA-Tyr(gta)
A0A4F2RY34	EDBIKKDI_01321	Hypothetical protein
Q04L55	EDBIKKDI_01322	Pyrrolidone-carboxylate peptidase
Q8DQB0	EDBIKKDI_01323	Putative membrane protein
C1CDK5	EDBIKKDI_01324	Hypothetical protein
A0A0B7M9A8	EDBIKKDI_01325	Oligopeptide ABC transporter substrate-binding protein
B1IB24	EDBIKKDI_01326	Branched-chain amino acid aminotransferase
Q3HYJ3	EDBIKKDI_01327	Topoisomerase IV subunit A
B2INX2	EDBIKKDI_01328	Restriction enzyme BcgI alpha chain-like protein
Q3HZ74	EDBIKKDI_01329	Topoisomerase IV subunit B
C1CS41	EDBIKKDI_01330	Acyl-phosphate:glycerol-3-phosphate O-acyltransferase PlsY
A0A4J2CRN3	EDBIKKDI_01331	IS3 family transposase ISSpn11
Q8DNZ4	EDBIKKDI_01332	IS3 family transposase ISSpn11
C1C6I2	EDBIKKDI_01333	Putative deoxyribose-specific ABC transporter permease protein
B2INW4	EDBIKKDI_01334	Putative deoxyribose-specific ABC transporter permease protein
A0A0H2UPF8	EDBIKKDI_01335	Putative deoxyribose-specific ABC transporter ATP-binding protein
C1CDJ2	EDBIKKDI_01336	Nucleoside-binding protein
A0AA86X249	EDBIKKDI_01337	Cytidine deaminase
C1CS48	EDBIKKDI_01338	Deoxyribose-phosphate aldolase
A0A0B7M8N7	EDBIKKDI_01339	Pyrimidine-nucleoside phosphorylase
A0A0H2UPK7	EDBIKKDI_01340	16S rRNA (guanine(1207)-N(2))-methyltransferase
C1CDI7	EDBIKKDI_01341	Hypothetical protein
C1CS52	EDBIKKDI_01342	Pantothenate kinase
C1CS53	EDBIKKDI_01343	SSU ribosomal protein S20p
A0A0B7M8N2	EDBIKKDI_01344	FlaR-related DNA topology modulation protein
C1CS55	EDBIKKDI_01345	Purine nucleoside phosphorylase
A0A0B7LFC8	EDBIKKDI_01346	Thiol-activated cytolysin
C1CDI1	EDBIKKDI_01347	hypothetical protein
A0A0B7LRS6	EDBIKKDI_01348	hypothetical protein
B1IB00	EDBIKKDI_01349	Bifunctional purine nucleoside phosphorylase/N-ribosylnicotinamide phosphorylase
A0AA86XZH3	EDBIKKDI_01350	hypothetical protein
C1CS61	EDBIKKDI_01351	Phosphopentomutase
Q04L82	EDBIKKDI_01352	Ribose 5-phosphate isomerase A
A0AA86X550	EDBIKKDI_01353	ADP-dependent (S)-NAD(P)H-hydrate dehydratase
B1IAZ5	EDBIKKDI_01354	Bifunctional methylenetetrahydrofolate dehydrogenase (NADP+)/methenyltetrahydrofolate cyclohydrolase
A0A0E8ZV25	EDBIKKDI_01355	Glutamine ABC transporter ATP-binding protein GlnQ4
A0AA87CCJ7	EDBIKKDI_01356	Glutamine ABC transporter permease GlnP4
Q8DQD6	EDBIKKDI_01357	Hypothetical protein
C1CDG9	EDBIKKDI_01358	ATP-dependent Clp protease ATP-binding subunit ClpE
C1CGU6	EDBIKKDI_01359	IS630 family transposase IS630-Spn1
A0A654W1E4	EDBIKKDI_01360	hypothetical protein
A0AA86Y4H4	EDBIKKDI_01361	MutT/Nudix family protein
C1CDG6	EDBIKKDI_01362	Hypothetical protein
A0A4U8X8U3	EDBIKKDI_01363	IS3 family transposase ISSpn11
A0AAD2I3Y2	EDBIKKDI_01364	IS3 family transposase ISSpn11
B1IAY7	EDBIKKDI_01365	IS66 family transposase Orf2
A0A0D6J8H9	EDBIKKDI_01366	IS630 family transposase ISSpn2
A0A654Z298	EDBIKKDI_01367	IS630 family transposase ISSpn2
Q8DQE5	EDBIKKDI_01368	Septation ring formation regulator EzrA
Q3HZB2	EDBIKKDI_01369	DNA gyrase subunit B
A0A0H2UPC8	EDBIKKDI_01370	Hydrolase%2C haloacid dehalogenase-like family
A0A0D6J9P1	EDBIKKDI_01371	4-methyl-5(b-hydroxyethyl)-thiazole monophosphate biosynthesis enzyme
Q8DQE8	EDBIKKDI_01372	Cell shape-determining protein RodA
A0A4L4E046	EDBIKKDI_01373	Bifunctional DinG family ATP-dependent helicase YoaA/DnaQ family exonuclease
A0AA86XIV2	EDBIKKDI_01374	Protease
A0AA86XR80	EDBIKKDI_01375	Hypothetical protein
Q7B3G0	EDBIKKDI_01376	Two-component system sensor histidine kinase CiaH
C1CDF5	EDBIKKDI_01377	Two-component system response regulator CiaR
C1C6E1	EDBIKKDI_01378	Lysyl aminopeptidase PepN
A0AA87CCR7	EDBIKKDI_01379	Hypothetical protein
A0A4J2GZS6	EDBIKKDI_01380	PEP-utilizing enzyme family protein
A0A0B7LQW1	EDBIKKDI_01381	MutT/Nudix family protein
B1IAX1	EDBIKKDI_01382	3-Ketoacyl-ACP reductase
B2INR6	EDBIKKDI_01383	Hypothetical protein
C1CDE6	EDBIKKDI_01384	Putative oxidoreductase
C1C6D3	EDBIKKDI_01385	Hypothetical protein
Q8DQF6	EDBIKKDI_01386	Transcriptional regulator%2C PadR family
A0A4J1WG14	EDBIKKDI_01387	Hypothetical protein
A0AA86YDQ8	EDBIKKDI_01388	Methionyl-tRNA synthetase
A0A0H2UPB4	EDBIKKDI_01389	ABC transporter permease protein
Q8DQF8	EDBIKKDI_01390	ABC transporter ATP-binding protein
A0A916L500	EDBIKKDI_01391	Periplasmic component of efflux system
C1CDD7	EDBIKKDI_01392	Glutathione reductase
A0A0H2UPB6	EDBIKKDI_01393	Substrate-specific component BioY of biotin ECF transporter
Q8DQG2	EDBIKKDI_01394	Hypothetical protein
B2INF8	EDBIKKDI_01395	Hypothetical protein
Q8CYZ1	EDBIKKDI_01396	Anaerobic ribonucleoside-triphosphate reductase
Q97RM4	EDBIKKDI_01397	tRNA (guanine(37)-N(1))-methyltransferase
Q8DQG3	EDBIKKDI_01398	16S rRNA processing protein RimM
A0AA86YDP5	EDBIKKDI_01399	hypothetical protein
A0A4J2A6Y2	EDBIKKDI_01400	IS1380 family transposase ISSpn5
B2IQV2	EDBIKKDI_01401	Translation elongation factor Tu
C1C884	EDBIKKDI_01402	Major intrinsic protein family aquaporin
A0A4U8XCR9	EDBIKKDI_01403	Cell wall surface anchor family protein MucB
A0AA86Y154	EDBIKKDI_01404	Hypothetical protein
C1CF78	EDBIKKDI_01405	Hypothetical protein
A0A0T8RFC8	EDBIKKDI_01406	IS630 family transposase IS630-Spn1
C1CF82	EDBIKKDI_01407	Phosphoglucomutase
C1CF83	EDBIKKDI_01408	Bacterocin transport accessory protein
A0A0B7M5H6	EDBIKKDI_01409	Glutamine ABC transporter substrate-binding protein GlnH6
B1ICS3	EDBIKKDI_01410	Glutamine ABC transporter ATP-binding protein GlnQ6
C1CF86	EDBIKKDI_01411	Glutamine ABC transporter permease GlnP6
A0AA87CFX3	EDBIKKDI_01412	TPR-repeat-containing protein
Q8DP46	EDBIKKDI_01413	Hypothetical protein
B1ICS7	EDBIKKDI_01414	6-phosphogluconolactonase
Q04N64	EDBIKKDI_01415	ATP synthase F1 sector epsilon chain
A0AA86X1S8	EDBIKKDI_01416	ATP synthase F1 sector beta chain
C1CSC9	EDBIKKDI_01417	ATP synthase F1 sector gamma chain
Q97PT4	EDBIKKDI_01418	ATP synthase F1 sector alpha chain
Q04HT6	EDBIKKDI_01419	ATP synthase F1 sector delta chain
Q04HT5	EDBIKKDI_01420	ATP synthase F0 sector subunit b
Q79MQ8	EDBIKKDI_01421	ATP synthase F0 sector subunit a
Q79RW7	EDBIKKDI_01422	ATP synthase F0 sector subunit c
A0A4J2GYZ2	EDBIKKDI_01423	ISSpn8 transposase
Q8CYJ9	EDBIKKDI_01424	Acetyltransferase
Q8DP42	EDBIKKDI_01425	Transcription elongation factor GreA
A0AA86WYT6	EDBIKKDI_01426	Endolytic murein transglycosylase MltG
Q8DP41	EDBIKKDI_01427	Acetyltransferase%2C GNAT family
A0A0E8HIM2	EDBIKKDI_01428	hypothetical protein
Q8DP40	EDBIKKDI_01429	UDP-N-acetylmuramate--alanine ligase
B2IQY2	EDBIKKDI_01430	Hypothetical protein
A0A0E7SZ73	EDBIKKDI_01431	SWF/SNF family helicase
C1C8B5	EDBIKKDI_01432	Bifunctional PLP-dependent beta-cystathionase/maltose regulon repressor
C1CFA8	EDBIKKDI_01433	Cystathionine gamma-synthase
A0AA36PGT5	EDBIKKDI_01434	ABC transporter%2C ATP-binding/permease protein
A0A9P1PB06	EDBIKKDI_01435	hypothetical protein
A0AA86YC01	EDBIKKDI_01436	Oligopeptide ABC transporter oligopeptide-binding protein AliB
Q8DP32	EDBIKKDI_01437	Putative cell division protein YtgP
A0A0T7IDY3	EDBIKKDI_01438	UDP-N-acetylmuramoylalanyl-D-glutamate--L-lysine ligase
Q8CYJ5	EDBIKKDI_01439	Hypothetical protein
A0A916P8H3	EDBIKKDI_01440	hypothetical protein
A0A0T8KXM9	EDBIKKDI_01441	Glutamate synthase [NADPH] large chain
Q04JL5	EDBIKKDI_01442	Manganese-dependent inorganic pyrophosphatase
C1C8C4	EDBIKKDI_01443	Putative endonuclease
A0A0B7MDM8	EDBIKKDI_01444	tRNA(1)(Val) (adenine(37)-N(6))-methyltransferase
A0A0B7M7N9	EDBIKKDI_01445	General stress protein 13
A0A9P1RKA3	EDBIKKDI_01446	Bifunctional lipoprotein rotamase A/peptidyl-prolyl cis-trans isomerase
Q04JL0	EDBIKKDI_01447	SSU ribosomal protein S18p
P66855	EDBIKKDI_01448	Single-stranded DNA-binding protein
Q04JK8	EDBIKKDI_01449	SSU ribosomal protein S6p
C1CFC3	EDBIKKDI_01450	Asparaginyl-tRNA synthetase
A0A4J2DJA4	EDBIKKDI_01451	Putative lactoylglutathione lyase
A0A9P1L5X9	EDBIKKDI_01452	Aspartate aminotransferase
A0A098ZCY9	EDBIKKDI_01453	Hypothetical protein
C1C8D6	EDBIKKDI_01454	Hypothetical protein
A0AA86Y143	EDBIKKDI_01455	hypothetical protein
A0AA87CB43	EDBIKKDI_01456	M protein trans-acting positive regulator Mga1
Q8DP23	EDBIKKDI_01457	hypothetical protein
A0A229FM92	EDBIKKDI_01458	Hypothetical protein
	EDBIKKDI_01459	SpR20_sRNA
A0A0T8IT76	EDBIKKDI_01460	Cell shape-determining protein
Q8DP22	EDBIKKDI_01461	Peptide deformylase
A0A0H2UQV0	EDBIKKDI_01462	Glutathione S-transferase
C1CFD6	EDBIKKDI_01463	Calcium-transporting ATPase
	EDBIKKDI_01464	SSRC10
C1CFD7	EDBIKKDI_01465	Cobalt-zinc-cadmium resistance protein
A0A0E8HGI4	EDBIKKDI_01466	ATPase component of ABC transporter with duplicated ATPase domains
A0AA86Y175	EDBIKKDI_01467	CCA tRNA nucleotidyltransferase
Q04JJ1	EDBIKKDI_01468	4-hydroxy-tetrahydrodipicolinate reductase
C1C8E9	EDBIKKDI_01469	DegV family protein
B2IR77	EDBIKKDI_01470	Hypothetical protein
C1CSI0	EDBIKKDI_01471	Phosphoglucosamine mutase
Q8DP15	EDBIKKDI_01472	Hypothetical protein
Q8DP14	EDBIKKDI_01473	Bacterial checkpoint controller DisA
A0A0T7TJC2	EDBIKKDI_01474	Thioredoxin reductase
Q8DP12	EDBIKKDI_01475	Putative cytoplasmic protein
C1CFE8	EDBIKKDI_01476	LPPG:FO 2-phospho-L-lactate transferase-like protein
A0A098ZHY2	EDBIKKDI_01477	Putative P-loop-containing kinase
A0A655GQF0	EDBIKKDI_01478	RidA/YER057c/UK114 superfamily protein
B2IR86	EDBIKKDI_01479	GTP-binding protein EngB
B8ZLT1	EDBIKKDI_01480	ATP-dependent Clp protease ATP-binding subunit ClpX
B1ICZ0	EDBIKKDI_01481	Hypothetical protein
B7VEV6	EDBIKKDI_01482	Dihydrofolate reductase
A0A4J1X5N0	EDBIKKDI_01483	Bifunctional non-specific DNA-binding protein/ferroxidase Dpr
A0A0T8ZPW2	EDBIKKDI_01484	1%2C4-beta-N-acetylmuramidase%2C lyzozyme LytC
A0A0T8EF13	EDBIKKDI_01485	Triosephosphate isomerase
A0A0U0E487	EDBIKKDI_01486	Chromosome replication initiation protein DnaD
C1CSJ6	EDBIKKDI_01487	Homoserine O-succinyltransferase
C1CFG0	EDBIKKDI_01488	hypothetical protein
C1CSJ8	EDBIKKDI_01489	Adenine phosphoribosyltransferase
A0A0E7ZDH6	EDBIKKDI_01490	SAM-dependent methyltransferase
Q8DP03	EDBIKKDI_01491	Multiple sugar ABC transporter%2C ATP-binding protein
	EDBIKKDI_01492	tRNA-Leu(aag)
Q8DP02	EDBIKKDI_01493	Nicotinamidase
C1CSK2	EDBIKKDI_01494	GTP-sensing transcriptional pleiotropic repressor CodY
A0AA86XFU4	EDBIKKDI_01495	DEAD-box ATP-dependent RNA helicase CshA
C1CFG8	EDBIKKDI_01496	Major facilitator oxalate:formate antiporter
C1CFG9	EDBIKKDI_01497	Pyridine nucleotide-disulfide oxidoreductase
A0AA86XMV3	EDBIKKDI_01498	Mur ligase family protein
A0A0H2ZML1	EDBIKKDI_01499	Putative amidotransferase similar to cobyric acid synthase
A0A0E8STU1	EDBIKKDI_01500	Xaa-Pro dipeptidase
A0AA86XSQ2	EDBIKKDI_01501	IS3 family transposase ISSpn11
A0A4J2GPM6	EDBIKKDI_01502	IS3 family transposase ISSpn11
A0A0E8AVY5	EDBIKKDI_01503	hypothetical protein
Q8DNZ4	EDBIKKDI_01504	IS3 family transposase ISSpn11
A0A098ZNU7	EDBIKKDI_01505	Substrate-specific component PdxU2 of putative pyridoxin-related ECF transporter
A0A098ZNG5	EDBIKKDI_01506	Pyridoxal kinase%2C thiD family
C1CSL6	EDBIKKDI_01507	tRNA pseudouridine synthase A
Q8DNZ1	EDBIKKDI_01508	Major facilitator superfamily transporter-permease
A0A0H2UQX7	EDBIKKDI_01509	Hypothetical protein
A0AA87C4Z2	EDBIKKDI_01510	Protein PhnA
A0A0E7ZQG4	EDBIKKDI_01511	Cytidylate kinase
C1C8J3	EDBIKKDI_01512	Hypothetical protein
C1CFI7	EDBIKKDI_01513	Ferredoxin
A0AA86XCD6	EDBIKKDI_01514	Bactoprenol glucosyl transferase
C1CFI9	EDBIKKDI_01515	UDP-glucose 4-epimerase
A0AA86Y4D4	EDBIKKDI_01516	Glycine/D-amino acid oxidases family protein
Q8DNY4	EDBIKKDI_01517	Putative GTP cyclohydrolase 1 type 2 protein YbgI
C1CFJ3	EDBIKKDI_01518	tRNA (adenine(22)-N(1))-methyltransferase
B2IRC6	EDBIKKDI_01519	hypothetical protein
A0A0U0QE13	EDBIKKDI_01520	hypothetical protein
A0AA36LLE8	EDBIKKDI_01521	hypothetical protein
A0A916L708	EDBIKKDI_01522	hypothetical protein
A0A4J2CRN3	EDBIKKDI_01523	IS3 family transposase ISSpn11
A0A9P1L8I6	EDBIKKDI_01524	Transketolase
C1C8K7	EDBIKKDI_01525	Ribulose-phosphate 3-epimerase
C1C8K8	EDBIKKDI_01526	Fructose-specific PTS IIABC components
C1C8K9	EDBIKKDI_01527	Fructose-specific PTS IIABC components
C1C8L0	EDBIKKDI_01528	Fructose-specific PTS IIABC components
C1C8L1	EDBIKKDI_01529	hypothetical protein
C1C8L2	EDBIKKDI_01530	Transcriptional antiterminator of lichenan operon%2C BglG family
A0A0E8B8S1	EDBIKKDI_01531	Cadmium-transporting ATPase
B2IRD2	EDBIKKDI_01532	Acyl-ACP:1-acyl-sn-glycerol-3-phosphate acyltransferase
Q8DNY0	EDBIKKDI_01533	Cadmium resistance protein CadD
Q97PI9	EDBIKKDI_01534	SSU ribosomal protein S15p (S13e)
A0AA86X309	EDBIKKDI_01535	Rrf2-linked NADH-flavin reductase
A0A558XFJ3	EDBIKKDI_01536	Hypothetical protein
Q8CYH8	EDBIKKDI_01537	hypothetical protein
C1CSP6	EDBIKKDI_01538	Threonyl-tRNA synthetase
C1C8M2	EDBIKKDI_01539	Two-component system sensor histidine kinase
C1CFK2	EDBIKKDI_01540	Two-component system response regulator
A0A0B7L500	EDBIKKDI_01541	Esterase/lipase
A0A0T8XG96	EDBIKKDI_01542	Hypothetical protein
A0AA86YC33	EDBIKKDI_01543	Rrf2 family transcriptional regulator%2C group III
A0AA87C4V7	EDBIKKDI_01544	Putative diadenosine tetraphosphatase
B2IRP3	EDBIKKDI_01545	Mn-dependent transcriptional regulator MntR
A0AA87C7L1	EDBIKKDI_01546	hypothetical protein
A0A4N1YDM4	EDBIKKDI_01547	hypothetical protein
A0AA47CE94	EDBIKKDI_01548	IS1380 family transposase ISSpn5
C1CSR0	EDBIKKDI_01549	D-tyrosyl-tRNA(Tyr) deacylase
A0AA86XB29	EDBIKKDI_01550	Bifunctional guanosine-3'%2C5'-bis(diphosphate) 3'-pyrophosphohydrolase/(p)ppGpp synthetase II
A0AA44S635	EDBIKKDI_01551	Hydroxyacylglutathione hydrolase
A0A0B7MET0	EDBIKKDI_01552	Neutral endopeptidase O
A0A0T7L7K3	EDBIKKDI_01553	Manganese ABC transporter%2C ATP-binding protein PsaB
C1CFM0	EDBIKKDI_01554	Manganese ABC transporter%2C inner membrane permease protein PsaC
D2CTJ2	EDBIKKDI_01555	Manganese ABC transporter%2C periplasmic-binding protein PsaA
B2IRQ7	EDBIKKDI_01556	Thiol peroxidase%2C Tpx-type
A0AA86Y0X3	EDBIKKDI_01557	ABC transporter%2C permease protein
C1C8P3	EDBIKKDI_01558	ABC transporter%2C ATP-binding protein
A0A0E8SNP9	EDBIKKDI_01559	Putative large secreted protein
C1CSS1	EDBIKKDI_01560	Phosphoglycerate mutase
B2IRR2	EDBIKKDI_01561	Hypothetical protein
A0A0B7LBC0	EDBIKKDI_01562	hypothetical protein
C1CSS4	EDBIKKDI_01563	Isoleucyl-tRNA synthetase
C1CFN2	EDBIKKDI_01564	Cell division initiation protein DivIVA
A0AA86XPF6	EDBIKKDI_01565	YlmH
Q9ZHB6	EDBIKKDI_01566	Cell division integral membrane protein YlmG%2C YGGT family
P0CB77	EDBIKKDI_01567	FtsZ-interacting protein related to cell division YlmF
A0A0B7M6U2	EDBIKKDI_01568	YlmE
C1C8Q5	EDBIKKDI_01569	Cell division protein FtsZ
Q9ZHC0	EDBIKKDI_01570	Cell division protein FtsA
C1CFN9	EDBIKKDI_01571	Putative membrane protein
A0AA95DC46	EDBIKKDI_01572	MutT/nudix family protein phosphohydrolase
A0AA86XF70	EDBIKKDI_01573	UDP-N-acetylmuramoyl-tripeptide--D-alanyl-D- alanine ligase
A0AA87CA70	EDBIKKDI_01574	D-alanine--D-alanine ligase
Q04J97	EDBIKKDI_01575	Recombination protein RecR
B2Y411	EDBIKKDI_01576	Penicillin-binding protein 2B
A0AAD2IJ01	EDBIKKDI_01577	Sialic acid utilization regulator%2C RpiR family
B2IRT0	EDBIKKDI_01578	N-acetylmannosamine kinase
A0A0E7PX49	EDBIKKDI_01579	4-hydroxy-tetrahydrodipicolinate synthase
A0AAE9QSX3	EDBIKKDI_01580	hypothetical protein
A0A0B7L620	EDBIKKDI_01581	Hypothetical protein
A0A0B7LMK4	EDBIKKDI_01582	Protein YjgK%2C linked to biofilm formation
Q8DNV0	EDBIKKDI_01583	ABC transporter%2C putative N-acetylneuraminate transport system permease protein 2
C1C8S0	EDBIKKDI_01584	ABC transporter%2C putative N-acetylneuraminate transport system permease protein 1
Q8DNU8	EDBIKKDI_01585	ABC transporter%2C putative N-acetylneuraminate-binding protein
A0A0B7L627	EDBIKKDI_01586	N-acetylglucosamine-specific PTS IIABC components
P65521	EDBIKKDI_01587	N-acetylmannosamine-6-phosphate 2-epimerase
A0AA86YC55	EDBIKKDI_01588	Oxidoreductase
A0AA44MRJ8	EDBIKKDI_01589	Sialidase
C1CFQ8	EDBIKKDI_01590	ABC transporter%2C permease protein
C1CFQ9	EDBIKKDI_01591	ABC transporter membrane-spanning permease%2C sugar transport YcjO
Q8DNU2	EDBIKKDI_01592	ABC transporter substrate-binding protein - sugar transport
Q8CYF8	EDBIKKDI_01593	Putative beta-D-galactosidase
A0A0B7LMD7	EDBIKKDI_01594	Hypothetical protein
A0AA95IKB0	EDBIKKDI_01595	Sialidase NanA
Q8CYF7	EDBIKKDI_01596	Hypothetical protein
A0A4L4E6H8	EDBIKKDI_01597	Hypothetical protein
A0AA95ILR5	EDBIKKDI_01598	Bifunctional acetyl xylan esterase 1/cephalosporin-C deacetylase
A0AA95IKY0	EDBIKKDI_01599	Bifunctional acetyl xylan esterase 1/cephalosporin-C deacetylase
A0AA95DDB3	EDBIKKDI_01600	ATP-dependent DNA helicase RecG
C1CSV9	EDBIKKDI_01601	Alanine racemase
B2IRV4	EDBIKKDI_01602	Holo-[acyl-carrier protein] synthase
Q8DNU0	EDBIKKDI_01603	2-keto-3-deoxy-D-arabino-heptulosonate-7- phosphate synthase I alpha
C1CFS0	EDBIKKDI_01604	2-keto-3-deoxy-D-arabino-heptulosonate-7- phosphate synthase I alpha
A0AA86YC62	EDBIKKDI_01605	Protein translocase subunit SecA
B2IRV8	EDBIKKDI_01606	hypothetical protein
A0AA86XBA3	EDBIKKDI_01607	ABC transporter%2C ATP-binding protein
A0AA86WZH3	EDBIKKDI_01608	Hypothetical protein
A0A916L5I1	EDBIKKDI_01609	Hypothetical protein
A0A916L6N5	EDBIKKDI_01610	Hypothetical protein
Q8CYF1	EDBIKKDI_01611	Hypothetical protein
Q04J64	EDBIKKDI_01612	GTP-binding protein EngA
C1CFT1	EDBIKKDI_01613	NADPH-flavin oxidoreductase
C1C8U7	EDBIKKDI_01614	Helicase loader DnaI
A0AA86WYP9	EDBIKKDI_01615	Helicase loader DnaB
B2IRW8	EDBIKKDI_01616	Ribonucleotide reductase transcriptional regulator NrdR
Q8DNT4	EDBIKKDI_01617	Transcriptional regulator%2C GntR family
C1C8V1	EDBIKKDI_01618	Multidrug ABC transporter%2C ATP-binding protein
A0A229G0F0	EDBIKKDI_01619	ABC transporter ATP-binding protein
A0A0B7MDD4	EDBIKKDI_01620	ABC transporter membrane-spanning permease - Na+ export
C1C8V4	EDBIKKDI_01621	ABC transporter ATP-binding protein - Na+ export
A0A0U0AQL7	EDBIKKDI_01622	Immunoreactive protein Se23.5-like protein
A0A4M3JU89	EDBIKKDI_01623	Fructokinase
A0AA87CBY4	EDBIKKDI_01624	Sucrose-specific PTS IIBCA components
A0AA86Y1Y6	EDBIKKDI_01625	Sucrose-6-phosphate hydrolase
A0A9P1WF43	EDBIKKDI_01626	Sucrose operon repressor ScrR%2C LacI family
Q8DNS5	EDBIKKDI_01627	Hydroxymethylglutaryl-CoA reductase
A0A6G2DLS3	EDBIKKDI_01628	Hydroxymethylglutaryl-CoA synthase
A0A4J2BD52	EDBIKKDI_01629	hypothetical protein
A0A4J2D4J2	EDBIKKDI_01630	hypothetical protein
C1CFV2	EDBIKKDI_01631	Putative membrane-spanning protein
Q8DNS1	EDBIKKDI_01632	Membrane protein
A0A0B7L145	EDBIKKDI_01633	Serine/threonine protein kinase StkP
A0A0H2UR71	EDBIKKDI_01634	Protein serine/threonine phosphatase PhpP
A0AA87C8T7	EDBIKKDI_01635	16S rRNA (cytosine(967)-C(5))-methyltransferase
Q97PA6	EDBIKKDI_01636	Methionyl-tRNA formyltransferase
A0AA86X254	EDBIKKDI_01637	Helicase PriA essential for oriC/DnaA-independent DNA replication
Q04J38	EDBIKKDI_01638	DNA-directed RNA polymerase omega subunit
Q8DNR5	EDBIKKDI_01639	Guanylate kinase
A0AA86XCE3	EDBIKKDI_01640	Ribonuclease Y
A0A4J2A6Y2	EDBIKKDI_01641	IS1380 family transposase ISSpn5
A0AAE4FWR9	EDBIKKDI_01642	hypothetical protein
C1CT01	EDBIKKDI_01643	hypothetical protein
A0AA87C4B0	EDBIKKDI_01644	Methyltransferase
Q8DNQ9	EDBIKKDI_01645	Ribosomal silencing factor RsfA
Q8DNQ8	EDBIKKDI_01646	Isochorismatase
A0A0T7TKS4	EDBIKKDI_01647	HAD superfamily hydrolase YqeK
C1C8Y3	EDBIKKDI_01648	Nicotinate-nucleotide adenylyltransferase
Q8DNQ6	EDBIKKDI_01649	RNA-binding protein
A0A0T7ZSG0	EDBIKKDI_01650	GTP-binding protein YqeH%2C required for biogenesis of 30S ribosome subunit
B2ISA1	EDBIKKDI_01651	Hydrolase%2C HAD subfamily IIIA
A0A0T7TKR5	EDBIKKDI_01652	Magnesium and cobalt transport protein CorA2
B2ISA3	EDBIKKDI_01653	Potassium efflux system KefA protein
A0A0T8QRN0	EDBIKKDI_01654	Serine/threonine transporter SstT
A0A0T7TKT8	EDBIKKDI_01655	Serine/threonine transporter SstT
A0A916L4F1	EDBIKKDI_01656	Membrane protein
C1CFZ4	EDBIKKDI_01657	Transcriptional regulator%2C MarR family
A0AA86WZD1	EDBIKKDI_01658	Hypothetical protein
C1CFZ6	EDBIKKDI_01659	Thioredoxin
C1C916	EDBIKKDI_01660	NADPH-dependent 7-cyano-7-deazaguanine reductase
A0A4J2FWT3	EDBIKKDI_01661	Hypothetical protein
A0AA86Y765	EDBIKKDI_01662	Aquaporin Z
C1CG00	EDBIKKDI_01663	Hypothetical protein
C1CG01	EDBIKKDI_01664	Putative membrane protein
A0AA86XC79	EDBIKKDI_01665	Oligoendopeptidase F
A0AA86X083	EDBIKKDI_01666	16S rRNA (uracil(1498)-N(3))-methyltransferase
C1CT24	EDBIKKDI_01667	Ribosomal protein L11 methyltransferase
C1CG05	EDBIKKDI_01668	hypothetical protein
A0A0D6J5U3	EDBIKKDI_01669	hypothetical protein
C1CG07	EDBIKKDI_01670	hypothetical protein
C1CG08	EDBIKKDI_01671	7%2C8-dihydro-8-oxoguanine-triphosphatase
A0A9Q9R026	EDBIKKDI_01672	Hypothetical protein
A0AA86XQ13	EDBIKKDI_01673	Hypothetical protein
Q8DNP2	EDBIKKDI_01674	Addiction module antitoxin HicB
A0A6G2D3S6	EDBIKKDI_01675	Addiction module toxin HicA
Q8CYD9	EDBIKKDI_01676	Hypothetical protein
A0AA86YCW5	EDBIKKDI_01677	Chromosome segregation helicase
	EDBIKKDI_01678	tRNA-Lys(ctt)
A0A0T7I5G6	EDBIKKDI_01679	Sucrose-6-phosphate hydrolase
A0AA86XNK2	EDBIKKDI_01680	hypothetical protein
B2ISF6	EDBIKKDI_01681	ABC transporter permease protein
C1CG18	EDBIKKDI_01682	Multiple sugar ABC transporter%2C membrane-spanning permease protein
A0A0E8JL96	EDBIKKDI_01683	Multiple sugar metabolism operon regulatory protein
A0AA86Y2P1	EDBIKKDI_01684	M protein trans-acting positive regulator Mga2
C1C945	EDBIKKDI_01685	Membrane protein
B2ISG1	EDBIKKDI_01686	Hypothetical protein
Q8DNN4	EDBIKKDI_01687	Small integral membrane protein
Q8DNN3	EDBIKKDI_01688	General stress protein%2C Gls24 family
Q97P39	EDBIKKDI_01689	Hypothetical protein
A0A916L643	EDBIKKDI_01690	Acetyltransferase
A0A0E8GKN8	EDBIKKDI_01691	Type IV prepilin peptidase
A0AA86XGN3	EDBIKKDI_01692	Transcriptional regulator%2C Xre family
Q8CYD6	EDBIKKDI_01693	Hypothetical protein
C1CT50	EDBIKKDI_01694	Tryptophan synthase alpha chain
C1CT51	EDBIKKDI_01695	Tryptophan synthase beta chain
C1CT52	EDBIKKDI_01696	Phosphoribosylanthranilate isomerase
C1CT53	EDBIKKDI_01697	Indole-3-glycerol phosphate synthase
C1CT54	EDBIKKDI_01698	Anthranilate phosphoribosyltransferase
A0A916L3U5	EDBIKKDI_01699	Bifunctional anthranilate synthase%2C amidotransferase component/para-aminobenzoate synthase%2Camidotransferase component
A0AA86XT74	EDBIKKDI_01700	Anthranilate synthase%2C aminase component
A0A4J2CPJ0	EDBIKKDI_01701	Hypothetical protein
Q8DNM4	EDBIKKDI_01702	Galactose operon repressor%2C GalR-LacI family
A0AA86Y1P5	EDBIKKDI_01703	Hypothetical protein
Q8DNM3	EDBIKKDI_01704	Mg(2+)-transport-ATPase-associated protein MgtC
A0A4J2FZ62	EDBIKKDI_01705	Iron(III)-transport system permease protein SfuB
A0AA87C738	EDBIKKDI_01706	ABC transporter%2C ATP-binding protein
A0AA87C542	EDBIKKDI_01707	ABC transporter%2C substrate-binding protein
A0A0E7ZGI6	EDBIKKDI_01708	Hypothetical protein
A0AA87C7Y2	EDBIKKDI_01709	UDP-glucose 4-epimerase
A0AA86XY41	EDBIKKDI_01710	Galactose-1-phosphate uridylyltransferase
A0AA86XCA5	EDBIKKDI_01711	Phosphate transport system protein PhoU3
A0AA86X0A3	EDBIKKDI_01712	hypothetical protein
A0AA86YCN0	EDBIKKDI_01713	Plasmin- and fibronectin-binding protein PfbA
A0AA86Y2Q6	EDBIKKDI_01714	Putative UDP-4-keto-6-deoxy-D-glucose 4-transaminase AatB
A0AA86XT83	EDBIKKDI_01715	Sugar transferases involved in lipopolysaccharide synthesis
A0AA86XAB7	EDBIKKDI_01716	ABC transporter%2C ATP-binding/permease protein
A0AA86XMK4	EDBIKKDI_01717	ABC transporter%2C ATP-binding/permease protein
C1C9A8	EDBIKKDI_01718	hypothetical protein
Q8CYC7	EDBIKKDI_01719	hypothetical protein
A0A0U0L0G0	EDBIKKDI_01720	hypothetical protein
C1C9B1	EDBIKKDI_01721	Exodeoxyribonuclease III
A0A0B7MC34	EDBIKKDI_01722	hypothetical protein
	EDBIKKDI_01723	Purine
Q3I0D5	EDBIKKDI_01724	Xanthine phosphoribosyltransferase
A0A0B7LUG6	EDBIKKDI_01725	Xanthine permease
P0A3T5	EDBIKKDI_01726	Type II restriction-modification system component DpnD
C1CG75	EDBIKKDI_01727	Type II restriction-modification system endonuclease DpnC
Q8DNK9	EDBIKKDI_01728	Thioesterase
A0AA86X3I6	EDBIKKDI_01729	Galactose-1-phosphate uridylyltransferase
A0AA86Y2R2	EDBIKKDI_01730	Galactokinase
A0A098Z9Q5	EDBIKKDI_01731	Galactose operon repressor%2C GalR-LacI family
C1CG80	EDBIKKDI_01732	Alcohol dehydrogenase
Q8DNK4	EDBIKKDI_01733	Transcriptional regulator%2C MerR family
A0A5R9AZI9	EDBIKKDI_01734	Cobalt-zinc-cadmium resistance protein CzcD
A0A0E7TKD7	EDBIKKDI_01735	Transcriptional regulator SczA%2C TetR family
Q8DNK1	EDBIKKDI_01736	Ribosyl nicotinamide transporter PnuC
A0AA36PBY1	EDBIKKDI_01737	Glycine betaine/L-proline transport substrate-binding/permease protein ProWX
A0AA87C550	EDBIKKDI_01738	Glycine betaine/L-proline transport ATP-binding protein ProV
A0A916L514	EDBIKKDI_01739	Hypothetical protein
A0A0U0L0M8	EDBIKKDI_01740	Transcriptional regulator%2C MarR family
C1C9D1	EDBIKKDI_01741	Hypothetical protein
Q8DNJ7	EDBIKKDI_01742	Glutamyl aminopeptidase
A0AA86X0B7	EDBIKKDI_01743	UDP-glucose 4-epimerase
A0A0T8SJQ8	EDBIKKDI_01744	hypothetical protein
A0A5C8QU29	EDBIKKDI_01745	Iron compound ABC uptake transporter permease protein PiuB
A0AA86XG62	EDBIKKDI_01746	Iron compound ABC uptake transporter permease protein PiuC
C1CG95	EDBIKKDI_01747	Iron compound ABC uptake transporter ATP-binding protein PiuD
A0AA86XMM1	EDBIKKDI_01748	Iron compound ABC uptake transporter substrate-binding protein PiuA
Q8DNJ1	EDBIKKDI_01749	Putative membrane protein insertion efficiency factor YidD
Q8DNJ0	EDBIKKDI_01750	Ribosomal large subunit pseudouridine synthase B
Q8DNI9	EDBIKKDI_01751	Segregation and condensation protein B
A0AA86Y7L4	EDBIKKDI_01752	Segregation and condensation protein A
A0A0U0L2I0	EDBIKKDI_01753	Tyrosine recombinase XerD
A0A0T8XC27	EDBIKKDI_01754	CBS domain protein
Q8DNI8	EDBIKKDI_01755	Phosphoesterase
B2ISX8	EDBIKKDI_01756	Nucleoside 5-triphosphatase RdgB (dHAPTP%2C dITP%2C XTP-specific)
Q04IS7	EDBIKKDI_01757	Glutamate racemase
B2ISY0	EDBIKKDI_01758	Hypothetical protein
A0AA86X3K1	EDBIKKDI_01759	Trehalose-6-phosphate hydrolase
C1C9F0	EDBIKKDI_01760	Trehalose-specific PTS IIBCA components
Q8DNI5	EDBIKKDI_01761	Trehalose operon transcriptional repressor
	EDBIKKDI_01762	Srn266
A0A4L4F203	EDBIKKDI_01763	IS1167 transposase Orf1
A0AA95D7A8	EDBIKKDI_01764	hypothetical protein
A0A4J2G5R1	EDBIKKDI_01765	IS1167 transposase
A0A4J2FQ83	EDBIKKDI_01766	IS1380 family transposase ISSpn5
A0A4J2D566	EDBIKKDI_01767	IS1167 transposase Orf2
B2ISY6	EDBIKKDI_01768	Peptide ABC transporter ATP-binding protein AmiF
A0A0T8CF10	EDBIKKDI_01769	Peptide ABC transporter ATP-binding protein AmiE
A0A0U0HMD2	EDBIKKDI_01770	Peptide ABC transporter permease AmiD
C1C9F9	EDBIKKDI_01771	Peptide ABC transporter permease AmiC
A0A062WTD1	EDBIKKDI_01772	Peptide ABC transporter substrate-binding protein AmiA
Q8CYC1	EDBIKKDI_01773	Wall teichoic acid biosynthesis protein RafX
A0AA86XVG1	EDBIKKDI_01774	Sucrose phosphorylase
B2ISZ4	EDBIKKDI_01775	Multiple sugar ABC transporter%2C membrane-spanning permease protein MsmG
C1CGC4	EDBIKKDI_01776	Multiple sugar ABC transporter%2C membrane-spanning permease protein MsmF
A0A0H2URJ7	EDBIKKDI_01777	Multiple sugar ABC transporter%2C substrate-binding protein MsmE
A0AA86X215	EDBIKKDI_01778	Alpha-galactosidase
A0AA87CG11	EDBIKKDI_01779	Multiple sugar metabolism operon regulatory protein MsmR
A0A0T7JKM3	EDBIKKDI_01780	Bifunctional biotin operon repressor/Biotin--protein ligase
	EDBIKKDI_01781	tRNA-Ser(gct)
	EDBIKKDI_01781	
	EDBIKKDI_01782	tRNA-Ile(gat)
	EDBIKKDI_01783	tRNA-Gly(tcc)
	EDBIKKDI_01784	tRNA-Phe(gaa)
	EDBIKKDI_01785	tRNA-Met(cat)
	EDBIKKDI_01786	tRNA-Ser(tga)
	EDBIKKDI_01787	tRNA-Met(cat)
	EDBIKKDI_01788	tRNA-Met(cat)
	EDBIKKDI_01789	tRNA-Pro(tgg)
	EDBIKKDI_01790	tRNA-Arg(acg)
	EDBIKKDI_01791	tRNA-Leu(taa)
	EDBIKKDI_01792	tRNA-Gly(gcc)
	EDBIKKDI_01793	tRNA-Thr(tgt)
	EDBIKKDI_01794	tRNA-Leu(tag)
	EDBIKKDI_01795	tRNA-Lys(ttt)
	EDBIKKDI_01795	
	EDBIKKDI_01796	tRNA-Asp(gtc)
	EDBIKKDI_01797	tRNA-Val(tac)
	EDBIKKDI_01798	5S ribosomal RNA
	EDBIKKDI_01799	23S ribosomal RNA
	EDBIKKDI_01800	tRNA-Ala(tgc)
	EDBIKKDI_01801	16S ribosomal RNA
	EDBIKKDI_01802	tRNA-Glu(ttc)
A0AA86Y1M3	EDBIKKDI_01803	RNA methyltransferase%2C TrmA family
A0A0E7YX54	EDBIKKDI_01804	Regulatory protein RecX
Q8DNH5	EDBIKKDI_01805	Cysteinyl-tRNA synthetase related protein
	EDBIKKDI_01806	Spy392987
	EDBIKKDI_01806	
A0A0B7L322	EDBIKKDI_01807	hypothetical protein
A0A0B7M7J4	EDBIKKDI_01808	Positive transcriptional regulator%2C MutR family
A0A0B7M6C0	EDBIKKDI_01809	2-methoxy-6-polyprenyl-1%2C4-benzoquinol methylase%2C mitochondrial
	EDBIKKDI_01810	Spy392987
	EDBIKKDI_01810	
A0A0B7MCZ4	EDBIKKDI_01811	Epoxyqueuosine reductase QueH
Q04IQ3	EDBIKKDI_01812	Heat shock protein 60 family chaperone GroEL
C1CTD7	EDBIKKDI_01813	Heat shock protein 60 family co-chaperone GroES
A0A0H2XDQ1	EDBIKKDI_01814	Single-stranded DNA-binding protein SsbB
A0AA87C511	EDBIKKDI_01815	Short-chain dehydrogenase
Q8DNH2	EDBIKKDI_01816	Phenylalanyl-tRNA synthetase domain protein
Q8DNH1	EDBIKKDI_01817	Thioredoxin
A0A0U0H9H0	EDBIKKDI_01818	Hypothetical protein
A0AA86WZB9	EDBIKKDI_01819	Membrane protein
A0A0H2URK9	EDBIKKDI_01820	Response regulator of the LytR/AlgR family protein
A0A0B7L3A2	EDBIKKDI_01821	Phosphatidylglycerophosphatase B
A0A4G1CTB1	EDBIKKDI_01822	Hypothetical protein
A0AA86XT42	EDBIKKDI_01823	putative ABC transporter ATP-binding protein
A0AA86Y2K9	EDBIKKDI_01824	Multidrug resistance ABC transporter ATP-binding and permease protein
A0A0B7L429	EDBIKKDI_01825	hypothetical protein
Q04IN9	EDBIKKDI_01826	Transcriptional regulatory protein YeeN
Q2XU26	EDBIKKDI_01827	Pneumolysin
A0AA86Y1G4	EDBIKKDI_01828	Hypothetical protein
Q8CYB4	EDBIKKDI_01829	Hypothetical protein
B2IM15	EDBIKKDI_01830	Hypothetical protein
C1C9J6	EDBIKKDI_01831	hypothetical protein
A0AA87C6Z8	EDBIKKDI_01832	hypothetical protein
A0A0B7LIV1	EDBIKKDI_01833	ABC transporter%2C substrate-binding protein
A0A0B7LBX8	EDBIKKDI_01834	ABC transporter%2C ATP-binding protein
A0A0B7LJG6	EDBIKKDI_01835	Iron(III)-transport system permease protein SfuB
B1I8N9	EDBIKKDI_01836	Mg(2+)-transport-ATPase-associated protein MgtC
B1I8P0	EDBIKKDI_01837	Alpha-D-glucose 1-phosphate phosphatase YihX
B1I8P1	EDBIKKDI_01838	hypothetical protein
A0A4N0DZ57	EDBIKKDI_01839	hypothetical protein
A0AAE9TZY3	EDBIKKDI_01840	IS1381 transposase OrfB
A0A0B7LXW1	EDBIKKDI_01841	Hypothetical protein
A0AA86X057	EDBIKKDI_01842	Hypothetical protein
Q8CYA9	EDBIKKDI_01843	hypothetical protein
A0AA86XY08	EDBIKKDI_01844	hypothetical protein
B1I8P6	EDBIKKDI_01845	hypothetical protein
C1C9K3	EDBIKKDI_01846	Putative toxin
A0A0T8ACV9	EDBIKKDI_01847	Putative toxin
Q8KLP2	EDBIKKDI_01848	Autolysin/N-acetylmuramoyl-L-alanine amidase LytA
Q8DNG1	EDBIKKDI_01849	MATE efflux family protein DinF
Q04IM6	EDBIKKDI_01850	DNA recombination/repair protein RecA
C1CTH7	EDBIKKDI_01851	Bifunctional ADP-ribose pyrophosphatase/nicotinamide-nucleotide amidase
B2IM30	EDBIKKDI_01852	Transcriptional regulator LytR
B1I8Q4	EDBIKKDI_01853	Acetyltransferase
B1I8Q5	EDBIKKDI_01854	TsaE protein%2C required for threonylcarbamoyladenosine t(6)A37 formation in tRNA
B1I8Q6	EDBIKKDI_01855	Immunity factor ComM
A0AA86X3B3	EDBIKKDI_01856	Putative transcriptional regulator PlcR
A0A098AQB1	EDBIKKDI_01857	Hypothetical protein
B2IQE7	EDBIKKDI_01858	hypothetical protein
B2IQE8	EDBIKKDI_01859	hypothetical protein
B2IQE9	EDBIKKDI_01860	hypothetical protein
B7UTY4	EDBIKKDI_01861	hypothetical protein
B1IC91	EDBIKKDI_01862	hypothetical protein
B2IRY6	EDBIKKDI_01863	hypothetical protein
B2IRY7	EDBIKKDI_01864	hypothetical protein
B2IRY8	EDBIKKDI_01865	hypothetical protein
A0A7D4ZY64	EDBIKKDI_01866	hypothetical protein
B2IRZ0	EDBIKKDI_01867	hypothetical protein
A0A7D5A3K0	EDBIKKDI_01868	hypothetical protein
	EDBIKKDI_01869	sRNA_0030
A0A060QP50	EDBIKKDI_01870	Translation elongation factor G
A0A098Z6Q4	EDBIKKDI_01871	hypothetical protein
Q7BD37	EDBIKKDI_01872	hypothetical protein
Q7BD38	EDBIKKDI_01873	hypothetical protein
A0A7D4W1F3	EDBIKKDI_01874	hypothetical protein
Q93QE4	EDBIKKDI_01875	ABC-F type ribosomal protection protein Msr(D)
Q7BKK4	EDBIKKDI_01876	Macrolide ABC transporter membrane-spanning permease
	EDBIKKDI_01877	sRNA_1300
A0A060QP53	EDBIKKDI_01878	hypothetical protein
B1IC82	EDBIKKDI_01879	hypothetical protein
B7UTW8	EDBIKKDI_01880	hypothetical protein
B2IQG0	EDBIKKDI_01881	hypothetical protein
	EDBIKKDI_01882	pemK
P61624	EDBIKKDI_01883	hypothetical protein
B2IS01	EDBIKKDI_01884	Transposase from transposon Tn916
A0A098APA1	EDBIKKDI_01885	hypothetical protein
A0A0T8QQB1	EDBIKKDI_01886	ABC transporter%2C ATP-binding protein
Q8CY96	EDBIKKDI_01887	hypothetical protein
Q04IK8	EDBIKKDI_01888	Nucleoside diphosphate kinase
Q97NQ8	EDBIKKDI_01889	DNA-directed RNA polymerase beta' subunit
A0A0B7L1K2	EDBIKKDI_01890	DNA-directed RNA polymerase beta subunit
	EDBIKKDI_01891	Lacto-rpoB
	EDBIKKDI_01892	tRNA-Cys(gca)
A0A0H2URP2	EDBIKKDI_01893	Putative hemolysin
A0A0E7Y8S8	EDBIKKDI_01894	DNA-entry nuclease
Q03159	EDBIKKDI_01895	Competence-associated EpuA protein
Q97NQ4	EDBIKKDI_01896	UDP-N-acetylglucosamine 1-carboxyvinyltransferase
Q8DNE7	EDBIKKDI_01897	Lon-like protease
C1CTM3	EDBIKKDI_01898	Phosphopantetheine adenylyltransferase
C1CGQ2	EDBIKKDI_01899	16S rRNA (guanine(966)-N(2))-methyltransferase
Q97NQ0	EDBIKKDI_01900	Aspartate--ammonia ligase
C1CA17	EDBIKKDI_01901	Membrane protein
A0A0T8P9E4	EDBIKKDI_01902	rRNA methylase
Q8DNE2	EDBIKKDI_01903	Putative nucleoside phosphatase
Q97NP5	EDBIKKDI_01904	Inner membrane protein translocase component YidC1
Q8DNE0	EDBIKKDI_01905	Pyruvate formate-lyase activating enzyme
A0A4J2CDN6	EDBIKKDI_01906	Diaminopimelate decarboxylase
C1CGQ9	EDBIKKDI_01907	PurR: transcription regulator associated with purine metabolism
Q8DND8	EDBIKKDI_01908	3'->5' exoribonuclease YhaM
A0AA87CA99	EDBIKKDI_01909	DNA recombination protein RmuC
A0AA87C7S2	EDBIKKDI_01910	Thiamin pyrophosphokinase
A0A9P1PBP4	EDBIKKDI_01911	Ribulose-phosphate 3-epimerase
A0A916L551	EDBIKKDI_01912	Ribosome small subunit-stimulated GTPase RsgA
Q97NN5	EDBIKKDI_01913	SSU rRNA (adenine(1518)-N(6)/adenine(1519)-N(6))- dimethyltransferase
A0AA86XX43	EDBIKKDI_01914	Hypothetical protein
Q8DND2	EDBIKKDI_01915	ABC transporter%2C ATP-binding protein
A0AA86Y1H5	EDBIKKDI_01916	Putative immunity protein
	EDBIKKDI_01917	SpR08_sRNA
	EDBIKKDI_01917	
A0AA86XMC5	EDBIKKDI_01918	Transcriptional regulator
C1CA35	EDBIKKDI_01919	Ribonuclease M5
A0A0U0L1T2	EDBIKKDI_01920	Putative deoxyribonuclease TatD
A0AA86XN69	EDBIKKDI_01921	hypothetical protein
Q04IH6	EDBIKKDI_01922	LSU ribosomal protein L34p
A0AA86X011	EDBIKKDI_01923	Alanine transaminase
A0AA86XC12	EDBIKKDI_01924	Hypothetical protein
C1CGS7	EDBIKKDI_01925	Universal stress protein family protein
A0AA87CFL9	EDBIKKDI_01926	Hydrolase%2C HAD superfamily
A0A0B7M0D2	EDBIKKDI_01927	L-asparaginase
A0A4J2CI21	EDBIKKDI_01928	Hypothetical protein
B1I8V3	EDBIKKDI_01929	Catabolite control protein A
A0A0E7PTG5	EDBIKKDI_01930	Two-component system response regulator
A0AA87C489	EDBIKKDI_01931	Two-component system sensor histidine kinase
A0A916L4Y4	EDBIKKDI_01932	ABC transporter%2C permease protein
C1CA49	EDBIKKDI_01933	ABC transporter%2C ATP-binding protein
A0A0H2ZP90	EDBIKKDI_01934	Hypothetical protein
A0A0B7MA59	EDBIKKDI_01935	Hypothetical protein
A0A4J2A6Y2	EDBIKKDI_01936	IS1380 family transposase ISSpn5
	EDBIKKDI_01937	tRNA-Pro(tgg)
	EDBIKKDI_01938	tRNA-Arg(acg)
	EDBIKKDI_01939	tRNA-Leu(taa)
	EDBIKKDI_01940	tRNA-Gly(gcc)
	EDBIKKDI_01941	tRNA-Thr(tgt)
	EDBIKKDI_01942	tRNA-Leu(tag)
	EDBIKKDI_01943	tRNA-Lys(ttt)
	EDBIKKDI_01943	
	EDBIKKDI_01944	tRNA-Asp(gtc)
	EDBIKKDI_01945	tRNA-Val(tac)
	EDBIKKDI_01946	5S ribosomal RNA
	EDBIKKDI_01947	23S ribosomal RNA
	EDBIKKDI_01948	tRNA-Ala(tgc)
	EDBIKKDI_01949	16S ribosomal RNA
	EDBIKKDI_01950	tRNA-Glu(ttc)
Q9R2W8	EDBIKKDI_01951	Competence-specific sigma factor ComX
C1CGT9	EDBIKKDI_01952	Transcription antitermination protein NusG
Q8DNB7	EDBIKKDI_01953	Protein translocase subunit SecE
Q75YD8	EDBIKKDI_01954	Multimodular transpeptidase-transglycosylase%2C penicillin-binding protein 2A
A0A0U0HFH7	EDBIKKDI_01955	RluD-like protein
C1CGU4	EDBIKKDI_01956	NAD-dependent glyceraldehyde-3-phosphate dehydrogenase
A0AA86XEF0	EDBIKKDI_01957	ABC transporter%2C permease protein
A0A559A4D2	EDBIKKDI_01958	IS630 family transposase IS630-Spn1
C1CGU6	EDBIKKDI_01959	IS630 family transposase IS630-Spn1
Q8DNB2	EDBIKKDI_01960	Quinolinate phosphoribosyltransferase
C1CGU8	EDBIKKDI_01961	Malonate permease
A0AAE9R2A4	EDBIKKDI_01962	hypothetical protein
Q8DNB0	EDBIKKDI_01963	Transcriptional regulator%2C GntR family
A0A6I3TAP2	EDBIKKDI_01964	6-phospho-beta-glucosidase
Q8DNA8	EDBIKKDI_01965	Cellobiose-specific PTS IIC component
C1CA68	EDBIKKDI_01966	Cellobiose-specific PTS IIB component
B2IMJ8	EDBIKKDI_01967	Cellobiose-specific PTS IIA component
C1CGV5	EDBIKKDI_01968	Bifunctional acetaldehyde dehydrogenase/alcohol dehydrogenase
Q8CY89	EDBIKKDI_01969	Hypothetical protein
B2IMK1	EDBIKKDI_01970	Low molecular weight protein tyrosine phosphatase
Q8DNA3	EDBIKKDI_01971	Preprotein translocase subunit YajC
A0A0D6J533	EDBIKKDI_01972	Transketolase
Q8DNA1	EDBIKKDI_01973	Putative L-ascorbate-6-phosphate lactonase UlaG
C1CA77	EDBIKKDI_01974	Transcriptional antiterminator
A0A4H9FP53	EDBIKKDI_01975	L-ribulose-5-phosphate 4-epimerase
A0A0E8ARC7	EDBIKKDI_01976	L-xylulose 5-phosphate 3-epimerase
C1CA80	EDBIKKDI_01977	3-keto-L-gulonate 6-phosphate decarboxylase
Q8DN96	EDBIKKDI_01978	Ascorbate-specific PTS IIA component
A0A0T7KHY6	EDBIKKDI_01979	Ascorbate-specific PTS IIB component
A0AA86XDI9	EDBIKKDI_01980	Ascorbate-specific PTS IIC component
A0A0E8A591	EDBIKKDI_01981	Sakacin A production response regulator
A0AA87CC20	EDBIKKDI_01982	KH domain RNA-binding protein
B2IML5	EDBIKKDI_01983	Inner membrane protein translocase component YidC2
Q8DN92	EDBIKKDI_01984	Ribonuclease P protein component
C1CTV0	EDBIKKDI_01985	Acetate kinase
A0A0T7TMT7	EDBIKKDI_01986	Adenine-specific methyltransferase
A0A0T9ZX38	EDBIKKDI_01987	2-methoxy-6-polyprenyl-1%2C4-benzoquinol methylase%2C mitochondrial
A0A0B7LZL9	EDBIKKDI_01988	Late competence protein ComGG
A0A0E8ZI36	EDBIKKDI_01989	Late competence protein ComGF
A0A0E7T930	EDBIKKDI_01990	Late competence protein ComGE
A0A0E7TQH5	EDBIKKDI_01991	Late competence protein ComGD
A0AA87C5K5	EDBIKKDI_01992	Late competence protein ComGC
A0A4J1SC29	EDBIKKDI_01993	Late competence protein ComGB
A0A0Y1T7Z4	EDBIKKDI_01994	Late competence protein ComGA
Q8DN85	EDBIKKDI_01995	DNA-binding protein
Q8DN84	EDBIKKDI_01996	Putative Zn-dependent alcohol dehydrogenase
A0AA86X4K8	EDBIKKDI_01997	N-acetylglucosamine-6-phosphate deacetylase
A0AA86Y3T4	EDBIKKDI_01998	Acyltransferase family protein
C1CTW4	EDBIKKDI_01999	tRNA-guanine transglycosylase
A0A098Z2C2	EDBIKKDI_02000	Membrane protein
A0A0D6J6G5	EDBIKKDI_02001	Pyrrolidone-carboxylate peptidase
A0A0E8IPY6	EDBIKKDI_02002	hypothetical protein
A0AA36PGR4	EDBIKKDI_02003	hypothetical protein
A0A916P577	EDBIKKDI_02004	Surface immunogenic protein
A0AA87C863	EDBIKKDI_02005	Hydrolase%2C haloacid dehalogenase-like family
A0A0T8CKE6	EDBIKKDI_02006	Multi antimicrobial extrusion family transporter
A0AA87C5K9	EDBIKKDI_02007	Threonine synthase
A0AA86YCC5	EDBIKKDI_02008	Hypothetical protein
	EDBIKKDI_02009	tRNA-Leu(caa)
	EDBIKKDI_02010	tRNA-Gln(ttg)
	EDBIKKDI_02011	tRNA-His(gtg)
	EDBIKKDI_02012	tRNA-Trp(cca)
	EDBIKKDI_02013	tRNA-Tyr(gta)
	EDBIKKDI_02014	tRNA-Phe(gaa)
	EDBIKKDI_02015	tRNA-Met(cat)
	EDBIKKDI_02016	tRNA-Ser(tga)
	EDBIKKDI_02017	tRNA-Ile(gat)
	EDBIKKDI_02018	tRNA-Gly(tcc)
	EDBIKKDI_02019	tRNA-Val(tac)
	EDBIKKDI_02020	5S ribosomal RNA
	EDBIKKDI_02021	23S ribosomal RNA
	EDBIKKDI_02022	tRNA-Ala(tgc)
	EDBIKKDI_02023	16S ribosomal RNA
	EDBIKKDI_02024	tRNA-Glu(ttc)
Q8DN75	EDBIKKDI_02025	Cytidine/deoxycytidylate deaminase family protein
A0A0B7LT42	EDBIKKDI_02026	Glutamyl-tRNA synthetase
A0A0B7KR19	EDBIKKDI_02027	Glucose-6-phosphate isomerase
A0A0B7LSD8	EDBIKKDI_02028	Glutamine amidotransferase%2C class I
A0AA86XEC5	EDBIKKDI_02029	Multidrug resistance ABC transporter ATP-binding and permease protein
B2IMZ4	EDBIKKDI_02030	hypothetical protein
A0AA86XVJ4	EDBIKKDI_02031	Multidrug resistance ABC transporter ATP-binding and permease protein
	EDBIKKDI_02032	patAB
	EDBIKKDI_02032	
C8XPW9	EDBIKKDI_02033	DNA mismatch repair protein HexA
	EDBIKKDI_02034	SpR10_sRNA
	EDBIKKDI_02034	
B2IMZ7	EDBIKKDI_02035	Arginine pathway regulatory protein ArgR1
C1CTY4	EDBIKKDI_02036	Arginyl-tRNA synthetase
C1CH09	EDBIKKDI_02037	IS1381 transposase OrfB
C1CH10	EDBIKKDI_02038	Putative cupin superfamily protein
Q9S1J6	EDBIKKDI_02039	Two-component system response regulator PnpR
Q9S1J5	EDBIKKDI_02040	Two-component system sensor histidine kinase PnpS
Q8DN64	EDBIKKDI_02041	Phosphate ABC transporter periplasmic phosphate-binding protein PstS1
B1I9F3	EDBIKKDI_02042	Phosphate transport system permease protein PstC1
Q9X4T2	EDBIKKDI_02043	Phosphate transport system permease protein PstA1
A0A0E8A7S1	EDBIKKDI_02044	Phosphate transport ATP-binding protein PstB1
P0A3Y8	EDBIKKDI_02045	Phosphate transport system regulatory protein PhoU1
B2IN08	EDBIKKDI_02046	IS1380 family transposase ISSpn5
A0A0B7LS42	EDBIKKDI_02047	hypothetical protein
C1CTZ5	EDBIKKDI_02048	Glycerol-3-phosphate dehydrogenase [NAD(P)+]
C1CH21	EDBIKKDI_02049	UTP--glucose-1-phosphate uridylyltransferase
Q8DN57	EDBIKKDI_02050	Rhomboid family serine protease
A0A064C3X9	EDBIKKDI_02051	5-formyltetrahydrofolate cyclo-ligase
C1CTZ9	EDBIKKDI_02052	N-acetyl-L%2CL-diaminopimelate deacetylase
C1CU00	EDBIKKDI_02053	2%2C3%2C4%2C5-tetrahydropyridine-2%2C6-dicarboxylate N-acetyltransferase
Q8DN53	EDBIKKDI_02054	Drug/metabolite transporter superfamily permease
Q75YH8	EDBIKKDI_02055	Multimodular transpeptidase-transglycosylase%2C penicillin-binding protein 1B
C1CU03	EDBIKKDI_02056	Tyrosyl-tRNA synthetase
A0AA87C4Q4	EDBIKKDI_02057	Lead%2C cadmium%2C zinc and mercury transporting ATPase
Q8CY77	EDBIKKDI_02058	Hypothetical protein
A0AA86XXK3	EDBIKKDI_02059	23S rRNA (guanine(745)-N(1))-methyltransferase
C1CH34	EDBIKKDI_02060	Hypothetical protein
Q8DN49	EDBIKKDI_02061	Maltodextrin phosphorylase
P0A3Q1	EDBIKKDI_02062	4-alpha-glucanotransferase (amylomaltase)
A0AA87CBD8	EDBIKKDI_02063	Maltose/maltodextrin ABC transporter%2C substrate binding periplasmic protein MalX
P0A4N2	EDBIKKDI_02064	Maltose/maltodextrin ABC transporter%2C permease protein MalC
C1CH39	EDBIKKDI_02065	Maltose/maltodextrin ABC transporter%2C permease protein MalD
A0AA86XLY3	EDBIKKDI_02066	Maltodextrose utilization protein MalA
C1CH41	EDBIKKDI_02067	Maltose operon transcriptional repressor MalR%2C LacI family
Q8DN48	EDBIKKDI_02068	Integral membrane protein
A0AA87C446	EDBIKKDI_02069	Aspartyl-tRNA synthetase
A0AA87C6M0	EDBIKKDI_02070	Hypothetical protein
A0AA86XFS8	EDBIKKDI_02071	Hypothetical protein
A0AA36V8H2	EDBIKKDI_02072	Membrane-bound protease%2C CAAX family
A0A6G2DT60	EDBIKKDI_02073	Hypothetical protein
Q8CY71	EDBIKKDI_02074	Hypothetical protein
C1CH50	EDBIKKDI_02075	Transcriptional regulator%2C Cro/CI family
A0A6G2DME0	EDBIKKDI_02076	Hypothetical protein
A0AA86X2S2	EDBIKKDI_02077	Hypothetical protein
C1CU26	EDBIKKDI_02078	Histidyl-tRNA synthetase
A0AA86XSH5	EDBIKKDI_02079	Macrolide-efflux protein
A0AA86X9K1	EDBIKKDI_02080	Positive transcriptional regulator%2C MutR family
C1CH57	EDBIKKDI_02081	Putative aromatic ring hydroxylating enzyme
Q04I44	EDBIKKDI_02082	Dihydroxy-acid dehydratase
A0AA86WYS8	EDBIKKDI_02083	hypothetical protein
C1CH61	EDBIKKDI_02084	hypothetical protein
A0A0U0G2T3	EDBIKKDI_02085	Putative transport protein SgaT
Q8CY69	EDBIKKDI_02086	Putative PTS IIB component
C1CH64	EDBIKKDI_02087	Transcription antiterminator%2C BglG family
C1CH65	EDBIKKDI_02088	Membrane protease family protein
A0A0T8ADJ5	EDBIKKDI_02089	Hypothetical protein
Q8CWN3	EDBIKKDI_02090	LSU ribosomal protein L32p
Q04I36	EDBIKKDI_02091	LSU ribosomal protein L33p
A0A4L7JFQ0	EDBIKKDI_02092	Choline-binding protein CbpN
C1CH70	EDBIKKDI_02093	hypothetical protein
A0A0T8QXR3	EDBIKKDI_02094	hypothetical protein
A0A0H2US16	EDBIKKDI_02095	IS1381 transposase OrfB
Q8CY66	EDBIKKDI_02096	hypothetical protein
A0AA86X4B8	EDBIKKDI_02097	Glycosyl hydrolase-related protein
A0A0U0EQ64	EDBIKKDI_02098	N-acetylmannosamine kinase
A0AA86XD98	EDBIKKDI_02099	Alpha-mannosidase
A0AA86XYX0	EDBIKKDI_02100	Hypothetical protein
A0AA87C8R3	EDBIKKDI_02101	Alpha-1%2C2-mannosidase
A0AA86Y716	EDBIKKDI_02102	Glycosyl hydrolase family 29 alpha-L-fucosidase
C1CU66	EDBIKKDI_02103	Arginine deiminase
A0A0B7LE02	EDBIKKDI_02104	Ornithine carbamoyltransferase
Q8DN28	EDBIKKDI_02105	Carbamate kinase
Q8CLX6	EDBIKKDI_02106	Arginine/ornithine antiporter ArcD
A0AA86Y2J1	EDBIKKDI_02107	Putative Xaa-His dipeptidase
A0AAE9U1U4	EDBIKKDI_02108	IgA1 protease
A0AA86XZN3	EDBIKKDI_02109	hypothetical protein
Q8DN26	EDBIKKDI_02110	Putative stomatin/prohibitin-family membrane protease subunit YbbK
A0AA86Y3J3	EDBIKKDI_02111	Lactaldehyde dehydrogenase involved in fucose or rhamnose utilization
A0AA86X4A9	EDBIKKDI_02112	Bifunctional L-fucose isomerase/D-arabinose ketol-isomerase
C1CHF8	EDBIKKDI_02113	Fucolectin-related protein
A0AA86XGU8	EDBIKKDI_02114	Putative large secreted protein
Q8DN22	EDBIKKDI_02115	Mannose-specific PTS IID component
Q8DN21	EDBIKKDI_02116	Mannose-specific PTS IIC component
C1CHG2	EDBIKKDI_02117	PTS IIB component
B1I9X4	EDBIKKDI_02118	PTS IIA component
A0A0H2US10	EDBIKKDI_02119	L-fucose mutarotase
A0A558TAT7	EDBIKKDI_02120	L-fuculose phosphate aldolase
A0A9P1Q391	EDBIKKDI_02121	L-fuculokinase
Q8DN15	EDBIKKDI_02122	L-fucose operon activator
	EDBIKKDI_02123	SpF66_sRNA
	EDBIKKDI_02124	SpF66_sRNA
A0A0U0LI09	EDBIKKDI_02125	Zinc ABC transporter%2C substrate-binding lipoprotein AdcA
O33704	EDBIKKDI_02126	Zinc ABC transporter%2C permease protein AdcB
B2INJ0	EDBIKKDI_02127	Zinc ABC transporter%2C ATP-binding protein AdcC
Q8DN14	EDBIKKDI_02128	Transcriptional repressor AdcR for Zn(2+)-responsive expression
C1CB18	EDBIKKDI_02129	Poly(glycerophosphate chain) D-alanine transfer protein DltD
A0A4J2FXC4	EDBIKKDI_02130	Poly(glycerophosphate chain) D-alanine transfer protein DltD
Q04HZ9	EDBIKKDI_02131	D-alanine--poly(phosphoribitol) ligase subunit 2
A0A0B7LC24	EDBIKKDI_02132	D-alanyl transfer protein DltB
C1CU95	EDBIKKDI_02133	D-alanine--poly(phosphoribitol) ligase subunit 1
A0AA36LHR5	EDBIKKDI_02134	Macrolide-efflux protein
	EDBIKKDI_02135	Intron_gpII
A0A822QAK2	EDBIKKDI_02136	hypothetical protein
Q8DN09	EDBIKKDI_02137	hypothetical protein
	EDBIKKDI_02138	group-II-D1D4-1
	EDBIKKDI_02139	group-II-D1D4-3
A0A4J1NJ06	EDBIKKDI_02140	hypothetical protein
B1I9Z2	EDBIKKDI_02141	Hypothetical protein
A0A0H2ZPJ9	EDBIKKDI_02142	Glycerol uptake facilitator protein
A0AA86X0L3	EDBIKKDI_02143	Alpha-glycerophosphate oxidase
Q04HZ0	EDBIKKDI_02144	Glycerol kinase
A0A9P1LP27	EDBIKKDI_02145	Trans-acting positive regulator
Q04HY8	EDBIKKDI_02146	Chaperonin%2C heat shock protein 33
A0AA86XU38	EDBIKKDI_02147	tRNA dihydrouridine synthase B
A0AA87CG79	EDBIKKDI_02148	hypothetical protein
	EDBIKKDI_02149	Srn266
A0A4J2B888	EDBIKKDI_02150	IS1167 transposase
A0A4J2GM32	EDBIKKDI_02151	IS1167 transposase Orf2
A0A1M4NJV9	EDBIKKDI_02152	Choline-binding protein A
A2T3V8	EDBIKKDI_02153	Rhomboid family integral membrane protein
A2T3V7	EDBIKKDI_02154	Two-component system sensor histidine kinase
C1CHJ3	EDBIKKDI_02155	Two-component system response regulator
C1CHJ4	EDBIKKDI_02156	ATP-dependent Clp protease ATP-binding subunit ClpC
A0AA86Y1V1	EDBIKKDI_02157	Transcriptional regulator CtsR
Q8DMZ8	EDBIKKDI_02158	Thiamin ABC transporter ThiZ%2C ATPase component
Q8DMZ7	EDBIKKDI_02159	Thiamin ABC transporter ThiY%2C substrate-binding component
A0A0T7TNK1	EDBIKKDI_02160	Thiamin ABC transporter ThiX%2C transmembrane component
Q8DMZ5	EDBIKKDI_02161	Cytoplasmic thiamin-binding component of thiamin ABC transporter
	EDBIKKDI_02162	TPP
B2INL9	EDBIKKDI_02163	Choline-binding protein D
Q8DMZ3	EDBIKKDI_02164	Hypothetical protein
Q8DMZ2	EDBIKKDI_02165	Replicative DNA helicase DnaC
Q04HX2	EDBIKKDI_02166	LSU ribosomal protein L9p
C1CHK4	EDBIKKDI_02167	DHH family phosphoesterase Pde1
Q8DMZ0	EDBIKKDI_02168	Ribosome hibernation promotion factor%2C long form
B2INM5	EDBIKKDI_02169	Phosphoribosyltransferase domain protein%2C ComF operon protein C
C1CBI5	EDBIKKDI_02170	DNA transporter ATPase%2C ComF operon protein A
A0A916L5G3	EDBIKKDI_02171	Protein co-occurring with transport systems
Q8DMY8	EDBIKKDI_02172	Cysteine synthase
B2INM9	EDBIKKDI_02173	hypothetical protein
A0AA87C5P0	EDBIKKDI_02174	IS630 family transposase ISSpn2
B2INN0	EDBIKKDI_02175	IS66 family transposase Orf2
	EDBIKKDI_02176	SpF51_sRNA
Q04HW4	EDBIKKDI_02177	Translation elongation factor Ts
C1CUD2	EDBIKKDI_02178	SSU ribosomal protein S2p (SAe)
C1CHL5	EDBIKKDI_02179	Secreted antigen GbpB/SagA/PcsB%2C putative peptidoglycan hydrolase
C1CHL6	EDBIKKDI_02180	Cell shape-determining protein MreD
C1CHL7	EDBIKKDI_02181	Cell shape-determining protein MreC
Q8DMY1	EDBIKKDI_02182	Transmembrane component of general energizing module of ECF transporter
Q97N51	EDBIKKDI_02183	ATPase component of general energizing module of ECF transporter
C1CHM0	EDBIKKDI_02184	ATPase component of general energizing module of ECF transporter
A0A0E8SLQ6	EDBIKKDI_02185	CDP-diacylglycerol--glycerol-3-phosphate 3-phosphatidyltransferase
C1CBK0	EDBIKKDI_02186	Transcriptional regulator
A0A0T8XAW7	EDBIKKDI_02187	Peptidase%2C M16 family
A0AA87C8S6	EDBIKKDI_02188	Zinc protease
Q8DMX4	EDBIKKDI_02189	Hypothetical protein
Q04HV1	EDBIKKDI_02190	DNA recombination and repair protein RecF
Q8DMX2	EDBIKKDI_02191	Inosine-5'-monophosphate dehydrogenase
C1CHM8	EDBIKKDI_02192	Tryptophanyl-tRNA synthetase
Q8DMX1	EDBIKKDI_02193	ABC transporter%2C ATP-binding protein
A0A4G1UPE8	EDBIKKDI_02194	ABC transporter%2C permease protein
A0AA86XNW3	EDBIKKDI_02195	hypothetical protein
Q8DMW6	EDBIKKDI_02196	Transcriptional regulator%2C AcrR family
	EDBIKKDI_02197	tRNA-Asn(gtt)
	EDBIKKDI_02198	tRNA-Glu(ttc)
Q8DMW5	EDBIKKDI_02199	Two-component system response regulator ComE
Q8DMW4	EDBIKKDI_02200	Two-component system sensor histidine kinase ComD
Q5QIA8	EDBIKKDI_02201	Competence-stimulating peptide precursor ComC
	EDBIKKDI_02202	tRNA-Arg(tct)
Q04HU2	EDBIKKDI_02203	23S rRNA (pseudouridine(1915)-N(3))-methyltransferase
Q8DMW2	EDBIKKDI_02204	Serine protease%2C DegP/HtrA
A0AA86XYX7	EDBIKKDI_02205	Chromosome partitioning protein ParB
A0AA87C8R8	EDBIKKDI_02206	Chromosomal replication initiator protein DnaA
A0A0B7L3E5	EDBIKKDI_02207	DNA polymerase III beta subunit
A0AA86Y265	EDBIKKDI_02208	Hypothetical protein
A0A0T8CVQ3	EDBIKKDI_02209	hypothetical protein
A0A098APC6	EDBIKKDI_02210	hypothetical protein
A0A098APK5	EDBIKKDI_02211	hypothetical protein
A0A098APJ2	EDBIKKDI_02212	hypothetical protein
A0A098AQB5	EDBIKKDI_02213	hypothetical protein
A0A098APE4	EDBIKKDI_02214	hypothetical protein
A0A098APE3	EDBIKKDI_02215	hypothetical protein
A0A098APJ9	EDBIKKDI_02216	hypothetical protein
A0A0T7KCW0	EDBIKKDI_02217	hypothetical protein
A0A064BWT4	EDBIKKDI_02218	hypothetical protein
A0A098AQB4	EDBIKKDI_02219	hypothetical protein
A0A098AN35	EDBIKKDI_02220	hypothetical protein
A0A098APD9	EDBIKKDI_02221	hypothetical protein
A0A098APJ4	EDBIKKDI_02222	hypothetical protein
A0A0U0LD16	EDBIKKDI_02223	hypothetical protein
A0A098AQB3	EDBIKKDI_02224	hypothetical protein
A0A0T7SUE4	EDBIKKDI_02225	hypothetical protein
A0A098APD5	EDBIKKDI_02226	hypothetical protein
A0A098APD4	EDBIKKDI_02227	hypothetical protein
A0A098APJ0	EDBIKKDI_02228	hypothetical protein
A0A098APH7	EDBIKKDI_02229	hypothetical protein
A0A098AQB2	EDBIKKDI_02230	hypothetical protein
A0A0T8T0N1	EDBIKKDI_02231	hypothetical protein
A0A4J2A6Y2	EDBIKKDI_02232	IS1380 family transposase ISSpn5
A0A098APC9	EDBIKKDI_02233	HTH-type transcriptional activator BcrR
A0A098API4	EDBIKKDI_02234	LexA repressor
A0A098APH2	EDBIKKDI_02235	hypothetical protein
A0A0T7TAY9	EDBIKKDI_02236	hypothetical protein
A0A098APL0	EDBIKKDI_02237	hypothetical protein
A0A6G2D7U3	EDBIKKDI_02238	Bifunctional biotin operon repressor/Biotin--protein ligase
A0A4J1XEZ8	EDBIKKDI_02239	Bifunctional biotin operon repressor/Biotin--protein ligase
	EDBIKKDI_02240	tRNA-Ser(gct)
	EDBIKKDI_02240	
	EDBIKKDI_02241	tRNA-Ile(gat)
	EDBIKKDI_02241	
	EDBIKKDI_02242	tRNA-Gly(tcc)
	EDBIKKDI_02243	tRNA-Phe(gaa)
	EDBIKKDI_02244	tRNA-Met(cat)
	EDBIKKDI_02245	tRNA-Ser(tga)
	EDBIKKDI_02245	
	EDBIKKDI_02246	tRNA-Met(cat)
	EDBIKKDI_02247	tRNA-Met(cat)
	EDBIKKDI_02248	tRNA-Pro(tgg)
	EDBIKKDI_02249	tRNA-Arg(acg)
	EDBIKKDI_02250	tRNA-Leu(taa)
	EDBIKKDI_02250	
	EDBIKKDI_02251	tRNA-Gly(gcc)
	EDBIKKDI_02252	tRNA-Thr(tgt)
	EDBIKKDI_02253	tRNA-Leu(tag)
	EDBIKKDI_02254	tRNA-Lys(ttt)
	EDBIKKDI_02254	
	EDBIKKDI_02255	tRNA-Asp(gtc)
	EDBIKKDI_02256	tRNA-Val(tac)
	EDBIKKDI_02256	
	EDBIKKDI_02257	5S ribosomal RNA
	EDBIKKDI_02258	23S ribosomal RNA
	EDBIKKDI_02259	tRNA-Ala(tgc)
	EDBIKKDI_02260	16S ribosomal RNA
	EDBIKKDI_02261	tRNA-Glu(ttc)
A0A4N9BTN4	EDBIKKDI_02262	Competence-specific sigma factor ComX
Q9S461	EDBIKKDI_02263	Cell division protein FtsH
A0A916L592	EDBIKKDI_02264	Cell division protein FtsH
A0A654U9P8	EDBIKKDI_02265	hypothetical protein
A0A4N2GJ36	EDBIKKDI_02266	hypothetical protein
A0AA95D8A7	EDBIKKDI_02267	Hypoxanthine-guanine phosphoribosyltransferase
A0A916L5H6	EDBIKKDI_02268	tRNA(Ile)-lysidine synthetase TilS
B5E578	EDBIKKDI_02269	tRNA(Ile)-lysidine synthetase TilS
A0AA44S660	EDBIKKDI_02270	tRNA(Ile)-lysidine synthetase TilS
A0A916L5W2	EDBIKKDI_02271	Hypothetical protein
A0A654UC38	EDBIKKDI_02272	Hypothetical protein
A0AA95IKW2	EDBIKKDI_02273	hypothetical protein
P64406	EDBIKKDI_02274	Ribosome-associated heat shock protein
A0A559A027	EDBIKKDI_02275	Transcription-repair coupling factor
A0A559GZ89	EDBIKKDI_02276	Transcription-repair coupling factor
A0A4J1ZB45	EDBIKKDI_02277	Transcription-repair coupling factor
A0A4J1T0I5	EDBIKKDI_02278	Transcription-repair coupling factor
C1C987	EDBIKKDI_02279	Transcription-repair coupling factor
A0A559H6F7	EDBIKKDI_02280	Transcription-repair coupling factor
A0A4J1SB65	EDBIKKDI_02281	Peptidyl-tRNA hydrolase
A0A4J1P6V8	EDBIKKDI_02282	GTP-binding and nucleic acid-binding protein YchF
A0AA87C556	EDBIKKDI_02283	GTP-binding and nucleic acid-binding protein YchF
A0A098AQB6	EDBIKKDI_02284	hypothetical protein
A0A654YWX5	EDBIKKDI_02285	hypothetical protein
A0A6G2DXC2	EDBIKKDI_02286	hypothetical protein
A0A6G2DYK0	EDBIKKDI_02287	hypothetical protein
