uniprot	locus_tag	product
A0A098APL0	EGPCNNKB_00001	hypothetical protein
A0A0T7TAY9	EGPCNNKB_00002	hypothetical protein
A0A098APH2	EGPCNNKB_00003	hypothetical protein
A0A098API4	EGPCNNKB_00004	LexA repressor
A0A098APC9	EGPCNNKB_00005	HTH-type transcriptional activator BcrR
A0A098APD0	EGPCNNKB_00006	hypothetical protein
A0A098AQB2	EGPCNNKB_00007	hypothetical protein
A0A098APH7	EGPCNNKB_00008	hypothetical protein
A0A098APJ0	EGPCNNKB_00009	hypothetical protein
A0A098APD4	EGPCNNKB_00010	hypothetical protein
A0A098APD5	EGPCNNKB_00011	hypothetical protein
A0A0T7SUE4	EGPCNNKB_00012	hypothetical protein
A0A098AQB3	EGPCNNKB_00013	hypothetical protein
A0A0U0LD16	EGPCNNKB_00014	hypothetical protein
A0A098APJ4	EGPCNNKB_00015	hypothetical protein
A0A098APD9	EGPCNNKB_00016	hypothetical protein
A0A098AN35	EGPCNNKB_00017	hypothetical protein
A0A098AQB4	EGPCNNKB_00018	hypothetical protein
A0A064BWT4	EGPCNNKB_00019	hypothetical protein
A0A0T7KCW0	EGPCNNKB_00020	hypothetical protein
A0A098APJ9	EGPCNNKB_00021	hypothetical protein
A0A098APE3	EGPCNNKB_00022	hypothetical protein
A0A098APE4	EGPCNNKB_00023	hypothetical protein
A0A098AQB5	EGPCNNKB_00024	hypothetical protein
A0A098APJ2	EGPCNNKB_00025	hypothetical protein
A0A098APK5	EGPCNNKB_00026	hypothetical protein
A0A098APC6	EGPCNNKB_00027	hypothetical protein
A0A0T8CVQ3	EGPCNNKB_00028	hypothetical protein
A0AA86Y265	EGPCNNKB_00029	Hypothetical protein
O06672	EGPCNNKB_00030	DNA polymerase III beta subunit
Q8DRQ4	EGPCNNKB_00031	Chromosomal replication initiator protein DnaA
A0AA86XYX7	EGPCNNKB_00032	Chromosome partitioning protein ParB
Q8DMW2	EGPCNNKB_00033	Serine protease%2C DegP/HtrA
Q04HU2	EGPCNNKB_00034	23S rRNA (pseudouridine(1915)-N(3))-methyltransferase
	EGPCNNKB_00035	tRNA-Arg(tct)
	EGPCNNKB_00035	
Q5QIA8	EGPCNNKB_00036	Competence-stimulating peptide precursor ComC
Q8DMW4	EGPCNNKB_00037	Two-component system sensor histidine kinase ComD
Q8DMW5	EGPCNNKB_00038	Two-component system response regulator ComE
	EGPCNNKB_00039	tRNA-Glu(ttc)
	EGPCNNKB_00039	
	EGPCNNKB_00040	tRNA-Asn(gtt)
	EGPCNNKB_00040	
Q8DMW6	EGPCNNKB_00041	Transcriptional regulator%2C AcrR family
A0AA86XNW3	EGPCNNKB_00042	hypothetical protein
A0A4G1UPE8	EGPCNNKB_00043	ABC transporter%2C permease protein
Q8DMX1	EGPCNNKB_00044	ABC transporter%2C ATP-binding protein
C1CHM8	EGPCNNKB_00045	Tryptophanyl-tRNA synthetase
Q8DMX2	EGPCNNKB_00046	Inosine-5'-monophosphate dehydrogenase
Q04HV1	EGPCNNKB_00047	DNA recombination and repair protein RecF
Q8DMX4	EGPCNNKB_00048	Hypothetical protein
A0AA87C8S6	EGPCNNKB_00049	Zinc protease
A0A0T8XAW7	EGPCNNKB_00050	Peptidase%2C M16 family
C1CBK0	EGPCNNKB_00051	Transcriptional regulator
A0A0E8SLQ6	EGPCNNKB_00052	CDP-diacylglycerol--glycerol-3-phosphate 3-phosphatidyltransferase
C1CHM0	EGPCNNKB_00053	ATPase component of general energizing module of ECF transporter
Q97N51	EGPCNNKB_00054	ATPase component of general energizing module of ECF transporter
Q8DMY1	EGPCNNKB_00055	Transmembrane component of general energizing module of ECF transporter
C1CHL7	EGPCNNKB_00056	Cell shape-determining protein MreC
C1CHL6	EGPCNNKB_00057	Cell shape-determining protein MreD
C1CHL5	EGPCNNKB_00058	Secreted antigen GbpB/SagA/PcsB%2C putative peptidoglycan hydrolase
C1CUD2	EGPCNNKB_00059	SSU ribosomal protein S2p (SAe)
Q04HW4	EGPCNNKB_00060	Translation elongation factor Ts
	EGPCNNKB_00061	SpF51_sRNA
	EGPCNNKB_00061	
B2INN0	EGPCNNKB_00062	IS66 family transposase Orf2
A0AA87C5P0	EGPCNNKB_00063	IS630 family transposase ISSpn2
B2INM9	EGPCNNKB_00064	hypothetical protein
Q8DMY8	EGPCNNKB_00065	Cysteine synthase
A0A916L5G3	EGPCNNKB_00066	Protein co-occurring with transport systems
C1CBI5	EGPCNNKB_00067	DNA transporter ATPase%2C ComF operon protein A
B2INM5	EGPCNNKB_00068	Phosphoribosyltransferase domain protein%2C ComF operon protein C
Q8DMZ0	EGPCNNKB_00069	Ribosome hibernation promotion factor%2C long form
C1CHK4	EGPCNNKB_00070	DHH family phosphoesterase Pde1
Q04HX2	EGPCNNKB_00071	LSU ribosomal protein L9p
Q8DMZ2	EGPCNNKB_00072	Replicative DNA helicase DnaC
Q8DMZ3	EGPCNNKB_00073	Hypothetical protein
B2INL9	EGPCNNKB_00074	Choline-binding protein D
	EGPCNNKB_00075	TPP
	EGPCNNKB_00075	
Q8DMZ5	EGPCNNKB_00076	Cytoplasmic thiamin-binding component of thiamin ABC transporter
A0A0T7TNK1	EGPCNNKB_00077	Thiamin ABC transporter ThiX%2C transmembrane component
Q8DMZ7	EGPCNNKB_00078	Thiamin ABC transporter ThiY%2C substrate-binding component
Q8DMZ8	EGPCNNKB_00079	Thiamin ABC transporter ThiZ%2C ATPase component
A0AA86Y1V1	EGPCNNKB_00080	Transcriptional regulator CtsR
C1CHJ4	EGPCNNKB_00081	ATP-dependent Clp protease ATP-binding subunit ClpC
C1CHJ3	EGPCNNKB_00082	Two-component system response regulator
A2T3V7	EGPCNNKB_00083	Two-component system sensor histidine kinase
A2T3V8	EGPCNNKB_00084	Rhomboid family integral membrane protein
A0A1M4NJV9	EGPCNNKB_00085	Choline-binding protein A
A0A4J2GM32	EGPCNNKB_00086	IS1167 transposase Orf2
A0A4J2B888	EGPCNNKB_00087	IS1167 transposase
	EGPCNNKB_00088	Srn266
	EGPCNNKB_00088	
A0AA87CG79	EGPCNNKB_00089	hypothetical protein
A0AA86XU38	EGPCNNKB_00090	tRNA dihydrouridine synthase B
Q04HY8	EGPCNNKB_00091	Chaperonin%2C heat shock protein 33
A0A9P1LP27	EGPCNNKB_00092	Trans-acting positive regulator
Q04HZ0	EGPCNNKB_00093	Glycerol kinase
A0AA86X0L3	EGPCNNKB_00094	Alpha-glycerophosphate oxidase
A0A0H2ZPJ9	EGPCNNKB_00095	Glycerol uptake facilitator protein
B1I9Z2	EGPCNNKB_00096	Hypothetical protein
A0A4J1NJ06	EGPCNNKB_00097	hypothetical protein
	EGPCNNKB_00098	group-II-D1D4-3
	EGPCNNKB_00098	
	EGPCNNKB_00099	group-II-D1D4-1
	EGPCNNKB_00099	
Q8DN09	EGPCNNKB_00100	hypothetical protein
A0A822QAK2	EGPCNNKB_00101	hypothetical protein
	EGPCNNKB_00102	Intron_gpII
	EGPCNNKB_00102	
A0AA36LHR5	EGPCNNKB_00103	Macrolide-efflux protein
C1CU95	EGPCNNKB_00104	D-alanine--poly(phosphoribitol) ligase subunit 1
A0A0B7L8I4	EGPCNNKB_00105	D-alanyl transfer protein DltB
Q04HZ9	EGPCNNKB_00106	D-alanine--poly(phosphoribitol) ligase subunit 2
C1CB18	EGPCNNKB_00107	Poly(glycerophosphate chain) D-alanine transfer protein DltD
Q8DN14	EGPCNNKB_00108	Transcriptional repressor AdcR for Zn(2+)-responsive expression
B2INJ0	EGPCNNKB_00109	Zinc ABC transporter%2C ATP-binding protein AdcC
O33704	EGPCNNKB_00110	Zinc ABC transporter%2C permease protein AdcB
A0A0U0LI09	EGPCNNKB_00111	Zinc ABC transporter%2C substrate-binding lipoprotein AdcA
	EGPCNNKB_00112	SpF66_sRNA
	EGPCNNKB_00112	
	EGPCNNKB_00113	SpF66_sRNA
	EGPCNNKB_00113	
B2INI7	EGPCNNKB_00114	L-fucose operon activator
A0A9P1Q391	EGPCNNKB_00115	L-fuculokinase
A0A558TAT7	EGPCNNKB_00116	L-fuculose phosphate aldolase
A0A0H2US10	EGPCNNKB_00117	L-fucose mutarotase
B1I9X4	EGPCNNKB_00118	PTS IIA component
C1CHG2	EGPCNNKB_00119	PTS IIB component
Q8DN21	EGPCNNKB_00120	Mannose-specific PTS IIC component
Q8DN22	EGPCNNKB_00121	Mannose-specific PTS IID component
A0AA86XGU8	EGPCNNKB_00122	Putative large secreted protein
C1CHF8	EGPCNNKB_00123	Fucolectin-related protein
A0AA86X4A9	EGPCNNKB_00124	Bifunctional L-fucose isomerase/D-arabinose ketol-isomerase
A0AA86Y3J3	EGPCNNKB_00125	Lactaldehyde dehydrogenase involved in fucose or rhamnose utilization
Q8DN26	EGPCNNKB_00126	Putative stomatin/prohibitin-family membrane protease subunit YbbK
A0AA86XZN3	EGPCNNKB_00127	hypothetical protein
A0AAE9U1U4	EGPCNNKB_00128	IgA1 protease
A0AA86Y2J1	EGPCNNKB_00129	Putative Xaa-His dipeptidase
Q8CLX6	EGPCNNKB_00130	Arginine/ornithine antiporter ArcD
Q8DN28	EGPCNNKB_00131	Carbamate kinase
A0A0B7LE02	EGPCNNKB_00132	Ornithine carbamoyltransferase
C1CU66	EGPCNNKB_00133	Arginine deiminase
A0AA86Y716	EGPCNNKB_00134	Glycosyl hydrolase family 29 alpha-L-fucosidase
A0AA87C8R3	EGPCNNKB_00135	Alpha-1%2C2-mannosidase
A0AA86XYX0	EGPCNNKB_00136	Hypothetical protein
A0AA86XD98	EGPCNNKB_00137	Alpha-mannosidase
A0A0U0EQ64	EGPCNNKB_00138	N-acetylmannosamine kinase
A0AA86X4B8	EGPCNNKB_00139	Glycosyl hydrolase-related protein
Q8CY66	EGPCNNKB_00140	hypothetical protein
A0A0H2US16	EGPCNNKB_00141	IS1381 transposase OrfB
A0A0T8QXR3	EGPCNNKB_00142	hypothetical protein
C1CH70	EGPCNNKB_00143	hypothetical protein
A0A4L7JFQ0	EGPCNNKB_00144	Choline-binding protein CbpN
Q04I36	EGPCNNKB_00145	LSU ribosomal protein L33p
Q8CWN3	EGPCNNKB_00146	LSU ribosomal protein L32p
A0A0T8ADJ5	EGPCNNKB_00147	Hypothetical protein
C1CH65	EGPCNNKB_00148	Membrane protease family protein
C1CH64	EGPCNNKB_00149	Transcription antiterminator%2C BglG family
Q8CY69	EGPCNNKB_00150	Putative PTS IIB component
A0A0U0G2T3	EGPCNNKB_00151	Putative transport protein SgaT
C1CH61	EGPCNNKB_00152	hypothetical protein
A0AA86WYS8	EGPCNNKB_00153	hypothetical protein
Q04I44	EGPCNNKB_00154	Dihydroxy-acid dehydratase
C1CH57	EGPCNNKB_00155	Putative aromatic ring hydroxylating enzyme
A0AA86X9K1	EGPCNNKB_00156	Positive transcriptional regulator%2C MutR family
A0AA86XSH5	EGPCNNKB_00157	Macrolide-efflux protein
C1CU26	EGPCNNKB_00158	Histidyl-tRNA synthetase
A0AA86X2S2	EGPCNNKB_00159	Hypothetical protein
A0A6G2DME0	EGPCNNKB_00160	Hypothetical protein
C1CH50	EGPCNNKB_00161	Transcriptional regulator%2C Cro/CI family
Q8CY71	EGPCNNKB_00162	Hypothetical protein
A0A6G2DT60	EGPCNNKB_00163	Hypothetical protein
A0AA36V8H2	EGPCNNKB_00164	Membrane-bound protease%2C CAAX family
A0AA86XFS8	EGPCNNKB_00165	Hypothetical protein
A0A0H2ZPA3	EGPCNNKB_00166	Hypothetical protein
A0AA87C446	EGPCNNKB_00167	Aspartyl-tRNA synthetase
Q8DN48	EGPCNNKB_00168	Integral membrane protein
C1CH41	EGPCNNKB_00169	Maltose operon transcriptional repressor MalR%2C LacI family
A0AA86XLY3	EGPCNNKB_00170	Maltodextrose utilization protein MalA
C1CH39	EGPCNNKB_00171	Maltose/maltodextrin ABC transporter%2C permease protein MalD
P0A4N2	EGPCNNKB_00172	Maltose/maltodextrin ABC transporter%2C permease protein MalC
A0AA87CBD8	EGPCNNKB_00173	Maltose/maltodextrin ABC transporter%2C substrate binding periplasmic protein MalX
P0A3Q1	EGPCNNKB_00174	4-alpha-glucanotransferase (amylomaltase)
Q8DN49	EGPCNNKB_00175	Maltodextrin phosphorylase
C1CH34	EGPCNNKB_00176	Hypothetical protein
A0AA86XXK3	EGPCNNKB_00177	23S rRNA (guanine(745)-N(1))-methyltransferase
Q8CY77	EGPCNNKB_00178	Hypothetical protein
A0AA87C4Q4	EGPCNNKB_00179	Lead%2C cadmium%2C zinc and mercury transporting ATPase
C1CU03	EGPCNNKB_00180	Tyrosyl-tRNA synthetase
Q75YH8	EGPCNNKB_00181	Multimodular transpeptidase-transglycosylase%2C penicillin-binding protein 1B
Q8DN53	EGPCNNKB_00182	Drug/metabolite transporter superfamily permease
A0AA86XGB2	EGPCNNKB_00183	2%2C3%2C4%2C5-tetrahydropyridine-2%2C6-dicarboxylate N-acetyltransferase
C1CTZ9	EGPCNNKB_00184	N-acetyl-L%2CL-diaminopimelate deacetylase
A0A064C3X9	EGPCNNKB_00185	5-formyltetrahydrofolate cyclo-ligase
Q8DN57	EGPCNNKB_00186	Rhomboid family serine protease
C1CH21	EGPCNNKB_00187	UTP--glucose-1-phosphate uridylyltransferase
C1CTZ5	EGPCNNKB_00188	Glycerol-3-phosphate dehydrogenase [NAD(P)+]
A0A0B7LS42	EGPCNNKB_00189	hypothetical protein
B2IN08	EGPCNNKB_00190	IS1380 family transposase ISSpn5
P0A3Y8	EGPCNNKB_00191	Phosphate transport system regulatory protein PhoU1
A0A0E8A7S1	EGPCNNKB_00192	Phosphate transport ATP-binding protein PstB1
Q9X4T2	EGPCNNKB_00193	Phosphate transport system permease protein PstA1
B1I9F3	EGPCNNKB_00194	Phosphate transport system permease protein PstC1
Q8DN64	EGPCNNKB_00195	Phosphate ABC transporter periplasmic phosphate-binding protein PstS1
Q9S1J5	EGPCNNKB_00196	Two-component system sensor histidine kinase PnpS
Q9S1J6	EGPCNNKB_00197	Two-component system response regulator PnpR
C1CH10	EGPCNNKB_00198	Putative cupin superfamily protein
A0A0H2US16	EGPCNNKB_00199	IS1381 transposase OrfB
C1CTY4	EGPCNNKB_00200	Arginyl-tRNA synthetase
B2IMZ7	EGPCNNKB_00201	Arginine pathway regulatory protein ArgR1
	EGPCNNKB_00202	SpR10_sRNA
	EGPCNNKB_00202	
C8XPW9	EGPCNNKB_00203	DNA mismatch repair protein HexA
	EGPCNNKB_00204	patAB
	EGPCNNKB_00204	
A0AA86XVJ4	EGPCNNKB_00205	Multidrug resistance ABC transporter ATP-binding and permease protein
B2IMZ4	EGPCNNKB_00206	hypothetical protein
A0AA86XEC5	EGPCNNKB_00207	Multidrug resistance ABC transporter ATP-binding and permease protein
A0A0B7LSD8	EGPCNNKB_00208	Glutamine amidotransferase%2C class I
A0A4J2FXP4	EGPCNNKB_00209	Glucose-6-phosphate isomerase
A0A0B7LT42	EGPCNNKB_00210	Glutamyl-tRNA synthetase
Q8DN75	EGPCNNKB_00211	Cytidine/deoxycytidylate deaminase family protein
	EGPCNNKB_00212	tRNA-Glu(ttc)
	EGPCNNKB_00212	
	EGPCNNKB_00213	16S ribosomal RNA
	EGPCNNKB_00213	
	EGPCNNKB_00214	tRNA-Ala(tgc)
	EGPCNNKB_00214	
	EGPCNNKB_00215	23S ribosomal RNA
	EGPCNNKB_00215	
	EGPCNNKB_00216	5S ribosomal RNA
	EGPCNNKB_00216	
	EGPCNNKB_00217	tRNA-Val(tac)
	EGPCNNKB_00217	
	EGPCNNKB_00218	tRNA-Gly(tcc)
	EGPCNNKB_00218	
	EGPCNNKB_00219	tRNA-Ile(gat)
	EGPCNNKB_00219	
	EGPCNNKB_00220	tRNA-Ser(tga)
	EGPCNNKB_00220	
	EGPCNNKB_00221	tRNA-Met(cat)
	EGPCNNKB_00221	
	EGPCNNKB_00222	tRNA-Phe(gaa)
	EGPCNNKB_00222	
	EGPCNNKB_00223	tRNA-Tyr(gta)
	EGPCNNKB_00223	
	EGPCNNKB_00224	tRNA-Trp(cca)
	EGPCNNKB_00224	
	EGPCNNKB_00225	tRNA-His(gtg)
	EGPCNNKB_00225	
	EGPCNNKB_00226	tRNA-Gln(ttg)
	EGPCNNKB_00226	
	EGPCNNKB_00227	tRNA-Leu(caa)
	EGPCNNKB_00227	
A0AA86YCC5	EGPCNNKB_00228	Hypothetical protein
A0AA87C5K9	EGPCNNKB_00229	Threonine synthase
A0A0T8CKE6	EGPCNNKB_00230	Multi antimicrobial extrusion family transporter
A0AA87C863	EGPCNNKB_00231	Hydrolase%2C haloacid dehalogenase-like family
A0A916P577	EGPCNNKB_00232	Surface immunogenic protein
A0AA36PGR4	EGPCNNKB_00233	hypothetical protein
A0A0E8IPY6	EGPCNNKB_00234	hypothetical protein
A0A0D6J6G5	EGPCNNKB_00235	Pyrrolidone-carboxylate peptidase
A0A098Z2C2	EGPCNNKB_00236	Membrane protein
Q04IB3	EGPCNNKB_00237	tRNA-guanine transglycosylase
B2IMN2	EGPCNNKB_00238	Acyltransferase family protein
B2IMN1	EGPCNNKB_00239	N-acetylglucosamine-6-phosphate deacetylase
Q8DN84	EGPCNNKB_00240	Putative Zn-dependent alcohol dehydrogenase
Q8DN85	EGPCNNKB_00241	DNA-binding protein
A0A0Y1T7Z4	EGPCNNKB_00242	Late competence protein ComGA
A0A4J1SC29	EGPCNNKB_00243	Late competence protein ComGB
A0AA87C5K5	EGPCNNKB_00244	Late competence protein ComGC
A0A0E7TQH5	EGPCNNKB_00245	Late competence protein ComGD
A0A0E7T930	EGPCNNKB_00246	Late competence protein ComGE
A0A0E8ZI36	EGPCNNKB_00247	Late competence protein ComGF
A0A0B7LZL9	EGPCNNKB_00248	Late competence protein ComGG
A0A0T9ZX38	EGPCNNKB_00249	2-methoxy-6-polyprenyl-1%2C4-benzoquinol methylase%2C mitochondrial
A0A0T7TMT7	EGPCNNKB_00250	Adenine-specific methyltransferase
C1CTV0	EGPCNNKB_00251	Acetate kinase
Q8DN92	EGPCNNKB_00252	Ribonuclease P protein component
B2IML5	EGPCNNKB_00253	Inner membrane protein translocase component YidC2
A0AA87CC20	EGPCNNKB_00254	KH domain RNA-binding protein
A0A0E8A591	EGPCNNKB_00255	Sakacin A production response regulator
A0AA86XDI9	EGPCNNKB_00256	Ascorbate-specific PTS IIC component
A0A0T7KHY6	EGPCNNKB_00257	Ascorbate-specific PTS IIB component
Q8DN96	EGPCNNKB_00258	Ascorbate-specific PTS IIA component
C1CA80	EGPCNNKB_00259	3-keto-L-gulonate 6-phosphate decarboxylase
A0A0E8ARC7	EGPCNNKB_00260	L-xylulose 5-phosphate 3-epimerase
A0A4H9FP53	EGPCNNKB_00261	L-ribulose-5-phosphate 4-epimerase
C1CA77	EGPCNNKB_00262	Transcriptional antiterminator
Q8DNA1	EGPCNNKB_00263	Putative L-ascorbate-6-phosphate lactonase UlaG
A0A0D6J533	EGPCNNKB_00264	Transketolase
Q8DNA3	EGPCNNKB_00265	Preprotein translocase subunit YajC
B2IMK1	EGPCNNKB_00266	Low molecular weight protein tyrosine phosphatase
Q8CY89	EGPCNNKB_00267	Hypothetical protein
C1CGV5	EGPCNNKB_00268	Bifunctional acetaldehyde dehydrogenase/alcohol dehydrogenase
B2IMJ8	EGPCNNKB_00269	Cellobiose-specific PTS IIA component
C1CA68	EGPCNNKB_00270	Cellobiose-specific PTS IIB component
Q8DNA8	EGPCNNKB_00271	Cellobiose-specific PTS IIC component
A0A6I3TAP2	EGPCNNKB_00272	6-phospho-beta-glucosidase
Q8DNB0	EGPCNNKB_00273	Transcriptional regulator%2C GntR family
A0AAE9R2A4	EGPCNNKB_00274	hypothetical protein
C1CGU8	EGPCNNKB_00275	Malonate permease
Q8DNB2	EGPCNNKB_00276	Quinolinate phosphoribosyltransferase
C1CGU6	EGPCNNKB_00277	IS630 family transposase IS630-Spn1
A0A559A4D2	EGPCNNKB_00278	IS630 family transposase IS630-Spn1
A0AA86XEF0	EGPCNNKB_00279	ABC transporter%2C permease protein
C1CGU4	EGPCNNKB_00280	NAD-dependent glyceraldehyde-3-phosphate dehydrogenase
A0A0U0HFH7	EGPCNNKB_00281	RluD-like protein
Q75YD8	EGPCNNKB_00282	Multimodular transpeptidase-transglycosylase%2C penicillin-binding protein 2A
Q8DNB7	EGPCNNKB_00283	Protein translocase subunit SecE
C1CGT9	EGPCNNKB_00284	Transcription antitermination protein NusG
Q9R2W8	EGPCNNKB_00285	Competence-specific sigma factor ComX
	EGPCNNKB_00286	tRNA-Glu(ttc)
	EGPCNNKB_00286	
	EGPCNNKB_00287	16S ribosomal RNA
	EGPCNNKB_00287	
	EGPCNNKB_00288	tRNA-Ala(tgc)
	EGPCNNKB_00288	
	EGPCNNKB_00289	23S ribosomal RNA
	EGPCNNKB_00289	
	EGPCNNKB_00290	5S ribosomal RNA
	EGPCNNKB_00290	
	EGPCNNKB_00291	tRNA-Val(tac)
	EGPCNNKB_00291	
	EGPCNNKB_00292	tRNA-Asp(gtc)
	EGPCNNKB_00292	
	EGPCNNKB_00293	tRNA-Lys(ttt)
	EGPCNNKB_00293	
	EGPCNNKB_00294	tRNA-Leu(tag)
	EGPCNNKB_00294	
	EGPCNNKB_00295	tRNA-Thr(tgt)
	EGPCNNKB_00295	
	EGPCNNKB_00296	tRNA-Gly(gcc)
	EGPCNNKB_00296	
	EGPCNNKB_00297	tRNA-Leu(taa)
	EGPCNNKB_00297	
	EGPCNNKB_00298	tRNA-Arg(acg)
	EGPCNNKB_00298	
	EGPCNNKB_00299	tRNA-Pro(tgg)
	EGPCNNKB_00299	
A0A655GS10	EGPCNNKB_00300	IS1380 family transposase ISSpn5
A0A0B7MA59	EGPCNNKB_00301	Hypothetical protein
A0A0H2ZP90	EGPCNNKB_00302	Hypothetical protein
C1CA49	EGPCNNKB_00303	ABC transporter%2C ATP-binding protein
A0A916L4Y4	EGPCNNKB_00304	ABC transporter%2C permease protein
A0AA87C489	EGPCNNKB_00305	Two-component system sensor histidine kinase
A0A0E7PTG5	EGPCNNKB_00306	Two-component system response regulator
B1I8V3	EGPCNNKB_00307	Catabolite control protein A
A0A4J2CI21	EGPCNNKB_00308	Hypothetical protein
A0A0B7M0D2	EGPCNNKB_00309	L-asparaginase
A0AA87CFL9	EGPCNNKB_00310	Hydrolase%2C HAD superfamily
C1CGS7	EGPCNNKB_00311	Universal stress protein family protein
A0AA86XC12	EGPCNNKB_00312	Hypothetical protein
A0AA86X011	EGPCNNKB_00313	Alanine transaminase
Q04IH6	EGPCNNKB_00314	LSU ribosomal protein L34p
A0AA86XN69	EGPCNNKB_00315	hypothetical protein
A0A0U0L1T2	EGPCNNKB_00316	Putative deoxyribonuclease TatD
C1CA35	EGPCNNKB_00317	Ribonuclease M5
A0AA86XMC5	EGPCNNKB_00318	Transcriptional regulator
	EGPCNNKB_00319	SpR08_sRNA
	EGPCNNKB_00319	
A0AA86Y1H5	EGPCNNKB_00320	Putative immunity protein
Q8DND2	EGPCNNKB_00321	ABC transporter%2C ATP-binding protein
A0AA86XX43	EGPCNNKB_00322	Hypothetical protein
Q97NN5	EGPCNNKB_00323	SSU rRNA (adenine(1518)-N(6)/adenine(1519)-N(6))- dimethyltransferase
A0A916L551	EGPCNNKB_00324	Ribosome small subunit-stimulated GTPase RsgA
A0A9P1PBP4	EGPCNNKB_00325	Ribulose-phosphate 3-epimerase
A0AA87C7S2	EGPCNNKB_00326	Thiamin pyrophosphokinase
A0AA87CA99	EGPCNNKB_00327	DNA recombination protein RmuC
Q8DND8	EGPCNNKB_00328	3'->5' exoribonuclease YhaM
C1CGQ9	EGPCNNKB_00329	PurR: transcription regulator associated with purine metabolism
A0A4J2CDN6	EGPCNNKB_00330	Diaminopimelate decarboxylase
Q8DNE0	EGPCNNKB_00331	Pyruvate formate-lyase activating enzyme
A0A0E7TR12	EGPCNNKB_00332	Inner membrane protein translocase component YidC1
Q8DNE2	EGPCNNKB_00333	Putative nucleoside phosphatase
A0A0E8P6L3	EGPCNNKB_00334	rRNA methylase
C1CGQ4	EGPCNNKB_00335	Membrane protein
Q97NQ0	EGPCNNKB_00336	Aspartate--ammonia ligase
A0A064C0J9	EGPCNNKB_00337	16S rRNA (guanine(966)-N(2))-methyltransferase
B8ZNX4	EGPCNNKB_00338	Phosphopantetheine adenylyltransferase
A0AA87CB90	EGPCNNKB_00339	Lon-like protease
A0A0E8SWW9	EGPCNNKB_00340	Hypothetical protein
Q97NQ4	EGPCNNKB_00341	UDP-N-acetylglucosamine 1-carboxyvinyltransferase
Q03159	EGPCNNKB_00342	Competence-associated EpuA protein
A0A0E7Y8S8	EGPCNNKB_00343	DNA-entry nuclease
A0A0H2URP2	EGPCNNKB_00344	Putative hemolysin
	EGPCNNKB_00345	tRNA-Cys(gca)
	EGPCNNKB_00345	
	EGPCNNKB_00346	Lacto-rpoB
	EGPCNNKB_00346	
A0A0B7L1K2	EGPCNNKB_00347	DNA-directed RNA polymerase beta subunit
Q97NQ8	EGPCNNKB_00348	DNA-directed RNA polymerase beta' subunit
Q04IK8	EGPCNNKB_00349	Nucleoside diphosphate kinase
Q8CY96	EGPCNNKB_00350	hypothetical protein
A0A0T8QQB1	EGPCNNKB_00351	ABC transporter%2C ATP-binding protein
A0A098APA1	EGPCNNKB_00352	hypothetical protein
B2IS01	EGPCNNKB_00353	Transposase from transposon Tn916
P61624	EGPCNNKB_00354	hypothetical protein
	EGPCNNKB_00355	pemK
	EGPCNNKB_00355	
B2IQG0	EGPCNNKB_00356	hypothetical protein
B7UTW8	EGPCNNKB_00357	hypothetical protein
B1IC82	EGPCNNKB_00358	hypothetical protein
A0A060QP53	EGPCNNKB_00359	hypothetical protein
	EGPCNNKB_00360	sRNA_1300
	EGPCNNKB_00360	
Q7BKK4	EGPCNNKB_00361	Macrolide ABC transporter membrane-spanning permease
Q93QE4	EGPCNNKB_00362	ABC-F type ribosomal protection protein Msr(D)
A0A7D4W1F3	EGPCNNKB_00363	hypothetical protein
Q7BD38	EGPCNNKB_00364	hypothetical protein
Q7BD37	EGPCNNKB_00365	hypothetical protein
A0A098Z6Q4	EGPCNNKB_00366	hypothetical protein
A0A060QP50	EGPCNNKB_00367	Translation elongation factor G
	EGPCNNKB_00368	sRNA_0030
	EGPCNNKB_00368	
A0A7D5A3K0	EGPCNNKB_00369	hypothetical protein
B2IRZ0	EGPCNNKB_00370	hypothetical protein
A0A7D4ZY64	EGPCNNKB_00371	hypothetical protein
B2IRY8	EGPCNNKB_00372	hypothetical protein
B2IRY7	EGPCNNKB_00373	hypothetical protein
B2IRY6	EGPCNNKB_00374	hypothetical protein
B1IC91	EGPCNNKB_00375	hypothetical protein
B1IC92	EGPCNNKB_00376	IS1167 transposase
B1IC93	EGPCNNKB_00377	hypothetical protein
Q2P9U7	EGPCNNKB_00378	rRNA adenine N-6-methyltransferase
A0A060QT56	EGPCNNKB_00379	hypothetical protein
B1B629	EGPCNNKB_00380	hypothetical protein
B2IQE8	EGPCNNKB_00381	hypothetical protein
B2IQE7	EGPCNNKB_00382	hypothetical protein
A0A098AQB1	EGPCNNKB_00383	Hypothetical protein
A0AA86X3B3	EGPCNNKB_00384	Putative transcriptional regulator PlcR
B1I8Q6	EGPCNNKB_00385	Immunity factor ComM
B1I8Q5	EGPCNNKB_00386	TsaE protein%2C required for threonylcarbamoyladenosine t(6)A37 formation in tRNA
B1I8Q4	EGPCNNKB_00387	Acetyltransferase
B2IM30	EGPCNNKB_00388	Transcriptional regulator LytR
C1CTH7	EGPCNNKB_00389	Bifunctional ADP-ribose pyrophosphatase/nicotinamide-nucleotide amidase
Q04IM6	EGPCNNKB_00390	DNA recombination/repair protein RecA
Q8DNG1	EGPCNNKB_00391	MATE efflux family protein DinF
Q8KLP2	EGPCNNKB_00392	Autolysin/N-acetylmuramoyl-L-alanine amidase LytA
A0A0T8ACV9	EGPCNNKB_00393	Putative toxin
C1C9K3	EGPCNNKB_00394	Putative toxin
B1I8P6	EGPCNNKB_00395	hypothetical protein
A0AA86XY08	EGPCNNKB_00396	hypothetical protein
Q8CYA9	EGPCNNKB_00397	hypothetical protein
A0AA86X057	EGPCNNKB_00398	Hypothetical protein
A0A0B7LXW1	EGPCNNKB_00399	Hypothetical protein
A0AAE9TZY3	EGPCNNKB_00400	IS1381 transposase OrfB
A0A4N0DZ57	EGPCNNKB_00401	hypothetical protein
B1I8P1	EGPCNNKB_00402	hypothetical protein
B1I8P0	EGPCNNKB_00403	Alpha-D-glucose 1-phosphate phosphatase YihX
B1I8N9	EGPCNNKB_00404	Mg(2+)-transport-ATPase-associated protein MgtC
A0A0B7LJG6	EGPCNNKB_00405	Iron(III)-transport system permease protein SfuB
A0A0B7LBX8	EGPCNNKB_00406	ABC transporter%2C ATP-binding protein
A0A0B7LIV1	EGPCNNKB_00407	ABC transporter%2C substrate-binding protein
A0AA87C6Z8	EGPCNNKB_00408	hypothetical protein
C1C9J6	EGPCNNKB_00409	hypothetical protein
B2IM15	EGPCNNKB_00410	Hypothetical protein
Q8CYB4	EGPCNNKB_00411	Hypothetical protein
A0AA86Y1G4	EGPCNNKB_00412	Hypothetical protein
Q2XU26	EGPCNNKB_00413	Pneumolysin
Q04IN9	EGPCNNKB_00414	Transcriptional regulatory protein YeeN
A0A0B7L429	EGPCNNKB_00415	hypothetical protein
A0AA86Y2K9	EGPCNNKB_00416	Multidrug resistance ABC transporter ATP-binding and permease protein
A0AA86XT42	EGPCNNKB_00417	putative ABC transporter ATP-binding protein
A0A4G1CTB1	EGPCNNKB_00418	Hypothetical protein
A0A0B7L3A2	EGPCNNKB_00419	Phosphatidylglycerophosphatase B
A0A0H2URK9	EGPCNNKB_00420	Response regulator of the LytR/AlgR family protein
A0AA86WZB9	EGPCNNKB_00421	Membrane protein
A0A0U0H9H0	EGPCNNKB_00422	Hypothetical protein
Q8DNH1	EGPCNNKB_00423	Thioredoxin
Q8DNH2	EGPCNNKB_00424	Phenylalanyl-tRNA synthetase domain protein
A0AA87C511	EGPCNNKB_00425	Short-chain dehydrogenase
A0A0H2XDQ1	EGPCNNKB_00426	Single-stranded DNA-binding protein SsbB
C1CTD7	EGPCNNKB_00427	Heat shock protein 60 family co-chaperone GroES
Q04IQ3	EGPCNNKB_00428	Heat shock protein 60 family chaperone GroEL
A0A0B7MCZ4	EGPCNNKB_00429	Epoxyqueuosine reductase QueH
	EGPCNNKB_00430	Spy392987
	EGPCNNKB_00430	
A0A0B7M6C0	EGPCNNKB_00431	2-methoxy-6-polyprenyl-1%2C4-benzoquinol methylase%2C mitochondrial
A0A0B7M7J4	EGPCNNKB_00432	Positive transcriptional regulator%2C MutR family
A0A0B7L322	EGPCNNKB_00433	hypothetical protein
	EGPCNNKB_00434	Spy392987
	EGPCNNKB_00434	
Q8DNH5	EGPCNNKB_00435	Cysteinyl-tRNA synthetase related protein
A0A0E7YX54	EGPCNNKB_00436	Regulatory protein RecX
A0AA86Y1M3	EGPCNNKB_00437	RNA methyltransferase%2C TrmA family
	EGPCNNKB_00438	tRNA-Glu(ttc)
	EGPCNNKB_00438	
	EGPCNNKB_00439	16S ribosomal RNA
	EGPCNNKB_00439	
	EGPCNNKB_00440	tRNA-Ala(tgc)
	EGPCNNKB_00440	
	EGPCNNKB_00441	23S ribosomal RNA
	EGPCNNKB_00441	
	EGPCNNKB_00442	5S ribosomal RNA
	EGPCNNKB_00442	
	EGPCNNKB_00443	tRNA-Val(tac)
	EGPCNNKB_00443	
	EGPCNNKB_00444	tRNA-Asp(gtc)
	EGPCNNKB_00444	
	EGPCNNKB_00445	tRNA-Lys(ttt)
	EGPCNNKB_00445	
	EGPCNNKB_00446	tRNA-Leu(tag)
	EGPCNNKB_00446	
	EGPCNNKB_00447	tRNA-Thr(tgt)
	EGPCNNKB_00447	
	EGPCNNKB_00448	tRNA-Gly(gcc)
	EGPCNNKB_00448	
	EGPCNNKB_00449	tRNA-Leu(taa)
	EGPCNNKB_00449	
	EGPCNNKB_00450	tRNA-Arg(acg)
	EGPCNNKB_00450	
	EGPCNNKB_00451	tRNA-Pro(tgg)
	EGPCNNKB_00451	
	EGPCNNKB_00452	tRNA-Met(cat)
	EGPCNNKB_00452	
	EGPCNNKB_00453	tRNA-Met(cat)
	EGPCNNKB_00453	
	EGPCNNKB_00454	tRNA-Ser(tga)
	EGPCNNKB_00454	
	EGPCNNKB_00455	tRNA-Met(cat)
	EGPCNNKB_00455	
	EGPCNNKB_00456	tRNA-Phe(gaa)
	EGPCNNKB_00456	
	EGPCNNKB_00457	tRNA-Gly(tcc)
	EGPCNNKB_00457	
	EGPCNNKB_00458	tRNA-Ile(gat)
	EGPCNNKB_00458	
	EGPCNNKB_00459	tRNA-Ser(gct)
	EGPCNNKB_00459	
A0A0T7JKM3	EGPCNNKB_00460	Bifunctional biotin operon repressor/Biotin--protein ligase
A0AA87CG11	EGPCNNKB_00461	Multiple sugar metabolism operon regulatory protein MsmR
A0AA86X215	EGPCNNKB_00462	Alpha-galactosidase
A0A0H2URJ7	EGPCNNKB_00463	Multiple sugar ABC transporter%2C substrate-binding protein MsmE
C1CGC4	EGPCNNKB_00464	Multiple sugar ABC transporter%2C membrane-spanning permease protein MsmF
B2ISZ4	EGPCNNKB_00465	Multiple sugar ABC transporter%2C membrane-spanning permease protein MsmG
A0AA86XFB4	EGPCNNKB_00466	Sucrose phosphorylase
Q8CYC1	EGPCNNKB_00467	Wall teichoic acid biosynthesis protein RafX
A0A062WTD1	EGPCNNKB_00468	Peptide ABC transporter substrate-binding protein AmiA
C1C9F9	EGPCNNKB_00469	Peptide ABC transporter permease AmiC
A0A0U0HMD2	EGPCNNKB_00470	Peptide ABC transporter permease AmiD
A0A0T8CF10	EGPCNNKB_00471	Peptide ABC transporter ATP-binding protein AmiE
B2ISY6	EGPCNNKB_00472	Peptide ABC transporter ATP-binding protein AmiF
A0A4J2D566	EGPCNNKB_00473	IS1167 transposase Orf2
A0A4J2FQ83	EGPCNNKB_00474	IS1380 family transposase ISSpn5
A0A4J2G5R1	EGPCNNKB_00475	IS1167 transposase
A0AA95D7A8	EGPCNNKB_00476	hypothetical protein
A0A4L4F203	EGPCNNKB_00477	IS1167 transposase Orf1
	EGPCNNKB_00478	Srn266
	EGPCNNKB_00478	
Q8DNI5	EGPCNNKB_00479	Trehalose operon transcriptional repressor
C1C9F0	EGPCNNKB_00480	Trehalose-specific PTS IIBCA components
A0AA86X3K1	EGPCNNKB_00481	Trehalose-6-phosphate hydrolase
B2ISY0	EGPCNNKB_00482	Hypothetical protein
Q04IS7	EGPCNNKB_00483	Glutamate racemase
B2ISX8	EGPCNNKB_00484	Nucleoside 5-triphosphatase RdgB (dHAPTP%2C dITP%2C XTP-specific)
Q8DNI8	EGPCNNKB_00485	Phosphoesterase
A0A0T8XC27	EGPCNNKB_00486	CBS domain protein
A0A0U0L2I0	EGPCNNKB_00487	Tyrosine recombinase XerD
A0AA86Y7L4	EGPCNNKB_00488	Segregation and condensation protein A
Q8DNI9	EGPCNNKB_00489	Segregation and condensation protein B
Q8DNJ0	EGPCNNKB_00490	Ribosomal large subunit pseudouridine synthase B
Q8DNJ1	EGPCNNKB_00491	Putative membrane protein insertion efficiency factor YidD
A0AA86XMM1	EGPCNNKB_00492	Iron compound ABC uptake transporter substrate-binding protein PiuA
C1CG95	EGPCNNKB_00493	Iron compound ABC uptake transporter ATP-binding protein PiuD
A0AA86XG62	EGPCNNKB_00494	Iron compound ABC uptake transporter permease protein PiuC
A0A5C8QU29	EGPCNNKB_00495	Iron compound ABC uptake transporter permease protein PiuB
A0A0T8SJQ8	EGPCNNKB_00496	hypothetical protein
A0AA86X0B7	EGPCNNKB_00497	UDP-glucose 4-epimerase
Q8DNJ7	EGPCNNKB_00498	Glutamyl aminopeptidase
C1C9D1	EGPCNNKB_00499	Hypothetical protein
A0A4J2FV93	EGPCNNKB_00500	Transcriptional regulator%2C MarR family
A0A0B7LCB4	EGPCNNKB_00501	Hypothetical protein
C1CG87	EGPCNNKB_00502	Glycine betaine/L-proline transport ATP-binding protein ProV
A0A0T7KAV4	EGPCNNKB_00503	Glycine betaine/L-proline transport substrate-binding/permease protein ProWX
Q8DNK1	EGPCNNKB_00504	Ribosyl nicotinamide transporter PnuC
A0A0H2ZQB6	EGPCNNKB_00505	Transcriptional regulator SczA%2C TetR family
Q8DNK3	EGPCNNKB_00506	Cobalt-zinc-cadmium resistance protein CzcD
Q8DNK4	EGPCNNKB_00507	Transcriptional regulator%2C MerR family
C1CG80	EGPCNNKB_00508	Alcohol dehydrogenase
Q8DNK6	EGPCNNKB_00509	Galactose operon repressor%2C GalR-LacI family
A0A0E8P399	EGPCNNKB_00510	Galactokinase
A0A4J1SPH5	EGPCNNKB_00511	Galactose-1-phosphate uridylyltransferase
Q8DNK9	EGPCNNKB_00512	Thioesterase
C1CG75	EGPCNNKB_00513	Type II restriction-modification system endonuclease DpnC
P0A3T5	EGPCNNKB_00514	Type II restriction-modification system component DpnD
A0A0B7LUG6	EGPCNNKB_00515	Xanthine permease
Q3I0D5	EGPCNNKB_00516	Xanthine phosphoribosyltransferase
	EGPCNNKB_00517	Purine
	EGPCNNKB_00517	
A0A0B7MC34	EGPCNNKB_00518	hypothetical protein
C1C9B1	EGPCNNKB_00519	Exodeoxyribonuclease III
A0A0U0L0G0	EGPCNNKB_00520	hypothetical protein
Q8CYC7	EGPCNNKB_00521	hypothetical protein
C1C9A8	EGPCNNKB_00522	hypothetical protein
A0AA86XMK4	EGPCNNKB_00523	ABC transporter%2C ATP-binding/permease protein
A0AA86XAB7	EGPCNNKB_00524	ABC transporter%2C ATP-binding/permease protein
A0AA86XT83	EGPCNNKB_00525	Sugar transferases involved in lipopolysaccharide synthesis
A0AA86Y2Q6	EGPCNNKB_00526	Putative UDP-4-keto-6-deoxy-D-glucose 4-transaminase AatB
A0AA86YCN0	EGPCNNKB_00527	Plasmin- and fibronectin-binding protein PfbA
A0AA86X0A3	EGPCNNKB_00528	hypothetical protein
A0AA86XCA5	EGPCNNKB_00529	Phosphate transport system protein PhoU3
A0AA86XY41	EGPCNNKB_00530	Galactose-1-phosphate uridylyltransferase
A0AA87C7Y2	EGPCNNKB_00531	UDP-glucose 4-epimerase
A0A0E7ZGI6	EGPCNNKB_00532	Hypothetical protein
A0AA87C542	EGPCNNKB_00533	ABC transporter%2C substrate-binding protein
A0AA87C738	EGPCNNKB_00534	ABC transporter%2C ATP-binding protein
A0A4J2FZ62	EGPCNNKB_00535	Iron(III)-transport system permease protein SfuB
Q8DNM3	EGPCNNKB_00536	Mg(2+)-transport-ATPase-associated protein MgtC
A0AA86Y1P5	EGPCNNKB_00537	Hypothetical protein
Q8DNM4	EGPCNNKB_00538	Galactose operon repressor%2C GalR-LacI family
A0A4J2CPJ0	EGPCNNKB_00539	Hypothetical protein
A0AA86XT74	EGPCNNKB_00540	Anthranilate synthase%2C aminase component
A0A916L3U5	EGPCNNKB_00541	Bifunctional anthranilate synthase%2C amidotransferase component/para-aminobenzoate synthase%2Camidotransferase component
C1CT54	EGPCNNKB_00542	Anthranilate phosphoribosyltransferase
C1CT53	EGPCNNKB_00543	Indole-3-glycerol phosphate synthase
A0A4J2CJJ0	EGPCNNKB_00544	Phosphoribosylanthranilate isomerase
C1CT51	EGPCNNKB_00545	Tryptophan synthase beta chain
C1CT50	EGPCNNKB_00546	Tryptophan synthase alpha chain
Q8CYD6	EGPCNNKB_00547	Hypothetical protein
A0AA86XGN3	EGPCNNKB_00548	Transcriptional regulator%2C Xre family
A0A0E8GKN8	EGPCNNKB_00549	Type IV prepilin peptidase
A0A916L643	EGPCNNKB_00550	Acetyltransferase
Q97P39	EGPCNNKB_00551	Hypothetical protein
Q8DNN3	EGPCNNKB_00552	General stress protein%2C Gls24 family
Q8DNN4	EGPCNNKB_00553	Small integral membrane protein
B2ISG1	EGPCNNKB_00554	Hypothetical protein
C1C945	EGPCNNKB_00555	Membrane protein
Q97P44	EGPCNNKB_00556	M protein trans-acting positive regulator Mga2
A0A0E8JL96	EGPCNNKB_00557	Multiple sugar metabolism operon regulatory protein
C1CG18	EGPCNNKB_00558	Multiple sugar ABC transporter%2C membrane-spanning permease protein
B2ISF6	EGPCNNKB_00559	ABC transporter permease protein
A0AA86XNK2	EGPCNNKB_00560	hypothetical protein
A0A0T7I5G6	EGPCNNKB_00561	Sucrose-6-phosphate hydrolase
	EGPCNNKB_00562	tRNA-Lys(ctt)
	EGPCNNKB_00562	
A0AA86YCW5	EGPCNNKB_00563	Chromosome segregation helicase
Q8CYD9	EGPCNNKB_00564	Hypothetical protein
A0A6G2D3S6	EGPCNNKB_00565	Addiction module toxin HicA
Q8DNP2	EGPCNNKB_00566	Addiction module antitoxin HicB
A0AA86XQ13	EGPCNNKB_00567	Hypothetical protein
A0A9Q9R026	EGPCNNKB_00568	Hypothetical protein
C1CG08	EGPCNNKB_00569	7%2C8-dihydro-8-oxoguanine-triphosphatase
B2ISE0	EGPCNNKB_00570	hypothetical protein
A0A0B7L667	EGPCNNKB_00571	hypothetical protein
Q5I8Q8	EGPCNNKB_00572	hypothetical protein
B8ZMW2	EGPCNNKB_00573	Ribosomal protein L11 methyltransferase
A0A822QC14	EGPCNNKB_00574	16S rRNA (uracil(1498)-N(3))-methyltransferase
A0A0B7M8H5	EGPCNNKB_00575	Oligoendopeptidase F
C1CG01	EGPCNNKB_00576	Putative membrane protein
C1CG00	EGPCNNKB_00577	Hypothetical protein
A0AA86Y765	EGPCNNKB_00578	Aquaporin Z
A0A4J2FWT3	EGPCNNKB_00579	Hypothetical protein
C1C916	EGPCNNKB_00580	NADPH-dependent 7-cyano-7-deazaguanine reductase
C1CFZ6	EGPCNNKB_00581	Thioredoxin
A0AA86WZD1	EGPCNNKB_00582	Hypothetical protein
C1CFZ4	EGPCNNKB_00583	Transcriptional regulator%2C MarR family
A0A916L4F1	EGPCNNKB_00584	Membrane protein
A0A0T7TKT8	EGPCNNKB_00585	Serine/threonine transporter SstT
A0A0T8QRN0	EGPCNNKB_00586	Serine/threonine transporter SstT
B2ISA3	EGPCNNKB_00587	Potassium efflux system KefA protein
A0A0T7TKR5	EGPCNNKB_00588	Magnesium and cobalt transport protein CorA2
B2ISA1	EGPCNNKB_00589	Hydrolase%2C HAD subfamily IIIA
A0A0T7ZSG0	EGPCNNKB_00590	GTP-binding protein YqeH%2C required for biogenesis of 30S ribosome subunit
Q8DNQ6	EGPCNNKB_00591	RNA-binding protein
C1C8Y3	EGPCNNKB_00592	Nicotinate-nucleotide adenylyltransferase
A0A0T7TKS4	EGPCNNKB_00593	HAD superfamily hydrolase YqeK
Q8DNQ8	EGPCNNKB_00594	Isochorismatase
Q8DNQ9	EGPCNNKB_00595	Ribosomal silencing factor RsfA
A0AA87C4B0	EGPCNNKB_00596	Methyltransferase
C1CT01	EGPCNNKB_00597	hypothetical protein
C1C8X7	EGPCNNKB_00598	Antitoxin YefM
A0AA86XCE3	EGPCNNKB_00599	Ribonuclease Y
Q8DNR5	EGPCNNKB_00600	Guanylate kinase
Q04J38	EGPCNNKB_00601	DNA-directed RNA polymerase omega subunit
A0AA86X254	EGPCNNKB_00602	Helicase PriA essential for oriC/DnaA-independent DNA replication
Q97PA6	EGPCNNKB_00603	Methionyl-tRNA formyltransferase
A0AA87C8T7	EGPCNNKB_00604	16S rRNA (cytosine(967)-C(5))-methyltransferase
A0A0H2UR71	EGPCNNKB_00605	Protein serine/threonine phosphatase PhpP
A0A0B7L145	EGPCNNKB_00606	Serine/threonine protein kinase StkP
Q8DNS1	EGPCNNKB_00607	Membrane protein
C1CFV2	EGPCNNKB_00608	Putative membrane-spanning protein
A0A4J2D4J2	EGPCNNKB_00609	hypothetical protein
A0A4J2BD52	EGPCNNKB_00610	hypothetical protein
A0A6G2DLS3	EGPCNNKB_00611	Hydroxymethylglutaryl-CoA synthase
Q8DNS5	EGPCNNKB_00612	Hydroxymethylglutaryl-CoA reductase
A0A9P1WF43	EGPCNNKB_00613	Sucrose operon repressor ScrR%2C LacI family
A0AA86Y1Y6	EGPCNNKB_00614	Sucrose-6-phosphate hydrolase
A0AA87CBY4	EGPCNNKB_00615	Sucrose-specific PTS IIBCA components
A0A4M3JU89	EGPCNNKB_00616	Fructokinase
A0A0U0AQL7	EGPCNNKB_00617	Immunoreactive protein Se23.5-like protein
C1C8V4	EGPCNNKB_00618	ABC transporter ATP-binding protein - Na+ export
A0A0B7MDD4	EGPCNNKB_00619	ABC transporter membrane-spanning permease - Na+ export
A0A229G0F0	EGPCNNKB_00620	ABC transporter ATP-binding protein
C1C8V1	EGPCNNKB_00621	Multidrug ABC transporter%2C ATP-binding protein
Q8DNT4	EGPCNNKB_00622	Transcriptional regulator%2C GntR family
B2IRW8	EGPCNNKB_00623	Ribonucleotide reductase transcriptional regulator NrdR
A0A4J2GDI7	EGPCNNKB_00624	Helicase loader DnaB
C1C8U7	EGPCNNKB_00625	Helicase loader DnaI
C1CFT1	EGPCNNKB_00626	NADPH-flavin oxidoreductase
Q04J64	EGPCNNKB_00627	GTP-binding protein EngA
Q8CYF1	EGPCNNKB_00628	Hypothetical protein
A0A916L6N5	EGPCNNKB_00629	Hypothetical protein
A0A916L5I1	EGPCNNKB_00630	Hypothetical protein
A0AA86WZH3	EGPCNNKB_00631	Hypothetical protein
A0AA86XBA3	EGPCNNKB_00632	ABC transporter%2C ATP-binding protein
B2IRV8	EGPCNNKB_00633	hypothetical protein
A0AA86YC62	EGPCNNKB_00634	Protein translocase subunit SecA
C1CFS0	EGPCNNKB_00635	2-keto-3-deoxy-D-arabino-heptulosonate-7- phosphate synthase I alpha
Q8DNU0	EGPCNNKB_00636	2-keto-3-deoxy-D-arabino-heptulosonate-7- phosphate synthase I alpha
B2IRV4	EGPCNNKB_00637	Holo-[acyl-carrier protein] synthase
Q04J74	EGPCNNKB_00638	Alanine racemase
C1CFR6	EGPCNNKB_00639	ATP-dependent DNA helicase RecG
C1CFR5	EGPCNNKB_00640	Bifunctional acetyl xylan esterase 1/cephalosporin-C deacetylase
C1CFR4	EGPCNNKB_00641	Hypothetical protein
Q8CYF7	EGPCNNKB_00642	Hypothetical protein
B8XTU1	EGPCNNKB_00643	Sialidase NanA
A0A4J2G5K9	EGPCNNKB_00644	hypothetical protein
Q8CYF8	EGPCNNKB_00645	Putative beta-D-galactosidase
A0A4J2CHU6	EGPCNNKB_00646	ABC transporter substrate-binding protein - sugar transport
A0A4J2G5L7	EGPCNNKB_00647	ABC transporter membrane-spanning permease%2C sugar transport YcjO
C1CFQ8	EGPCNNKB_00648	ABC transporter%2C permease protein
A0A4J2CN59	EGPCNNKB_00649	Sialidase
A0AA86YC55	EGPCNNKB_00650	Oxidoreductase
P65521	EGPCNNKB_00651	N-acetylmannosamine-6-phosphate 2-epimerase
A0A0B7L627	EGPCNNKB_00652	N-acetylglucosamine-specific PTS IIABC components
A0A4J1SFB9	EGPCNNKB_00653	ABC transporter%2C putative N-acetylneuraminate-binding protein
A0A4J2FX14	EGPCNNKB_00654	ABC transporter%2C putative N-acetylneuraminate transport system permease protein 1
Q8DNV0	EGPCNNKB_00655	ABC transporter%2C putative N-acetylneuraminate transport system permease protein 2
C1CFQ0	EGPCNNKB_00656	Protein YjgK%2C linked to biofilm formation
A0A0U0E7C1	EGPCNNKB_00657	Hypothetical protein
C1CFP8	EGPCNNKB_00658	hypothetical protein
C1CFP7	EGPCNNKB_00659	4-hydroxy-tetrahydrodipicolinate synthase
B2IRT0	EGPCNNKB_00660	N-acetylmannosamine kinase
A0A4J2G0Z1	EGPCNNKB_00661	Sialic acid utilization regulator%2C RpiR family
A0A4J2FTX2	EGPCNNKB_00662	Penicillin-binding protein 2B
A0A4J2GE58	EGPCNNKB_00663	Recombination protein RecR
Q9R372	EGPCNNKB_00664	D-alanine--D-alanine ligase
C1CFP1	EGPCNNKB_00665	UDP-N-acetylmuramoyl-tripeptide--D-alanyl-D- alanine ligase
A0A4J2G5X6	EGPCNNKB_00666	MutT/nudix family protein phosphohydrolase
Q8CYG1	EGPCNNKB_00667	Putative membrane protein
Q9ZHC0	EGPCNNKB_00668	Cell division protein FtsA
Q8DNV9	EGPCNNKB_00669	Cell division protein FtsZ
C1CFN6	EGPCNNKB_00670	YlmE
Q8DNW1	EGPCNNKB_00671	FtsZ-interacting protein related to cell division YlmF
Q9ZHB6	EGPCNNKB_00672	Cell division integral membrane protein YlmG%2C YGGT family
Q9ZHB5	EGPCNNKB_00673	YlmH
C1CFN2	EGPCNNKB_00674	Cell division initiation protein DivIVA
B8ZM55	EGPCNNKB_00675	Isoleucyl-tRNA synthetase
A0A5R9AZB9	EGPCNNKB_00676	hypothetical protein
C1CSS1	EGPCNNKB_00677	Phosphoglycerate mutase
A0A4J2CYJ8	EGPCNNKB_00678	Putative large secreted protein
C1C8P3	EGPCNNKB_00679	ABC transporter%2C ATP-binding protein
A0A4J2CH20	EGPCNNKB_00680	ABC transporter%2C permease protein
B2IRQ7	EGPCNNKB_00681	Thiol peroxidase%2C Tpx-type
D2CTJ2	EGPCNNKB_00682	Manganese ABC transporter%2C periplasmic-binding protein PsaA
C1CFM0	EGPCNNKB_00683	Manganese ABC transporter%2C inner membrane permease protein PsaC
B2IRQ4	EGPCNNKB_00684	Manganese ABC transporter%2C ATP-binding protein PsaB
B2IRQ3	EGPCNNKB_00685	Neutral endopeptidase O
A0AA44S635	EGPCNNKB_00686	Hydroxyacylglutathione hydrolase
C1CFL5	EGPCNNKB_00687	Bifunctional guanosine-3'%2C5'-bis(diphosphate) 3'-pyrophosphohydrolase/(p)ppGpp synthetase II
Q8DNX2	EGPCNNKB_00688	D-tyrosyl-tRNA(Tyr) deacylase
B2IRP7	EGPCNNKB_00689	hypothetical protein
A0AA47CE94	EGPCNNKB_00690	IS1380 family transposase ISSpn5
A0A4N1YDM4	EGPCNNKB_00691	hypothetical protein
A0AA87C7L1	EGPCNNKB_00692	hypothetical protein
B2IRP3	EGPCNNKB_00693	Mn-dependent transcriptional regulator MntR
A0AA87C4V7	EGPCNNKB_00694	Putative diadenosine tetraphosphatase
A0AA86YC33	EGPCNNKB_00695	Rrf2 family transcriptional regulator%2C group III
A0A0T8XG96	EGPCNNKB_00696	Hypothetical protein
A0A0B7L500	EGPCNNKB_00697	Esterase/lipase
C1CFK2	EGPCNNKB_00698	Two-component system response regulator
C1C8M2	EGPCNNKB_00699	Two-component system sensor histidine kinase
C1CSP6	EGPCNNKB_00700	Threonyl-tRNA synthetase
Q8CYH8	EGPCNNKB_00701	hypothetical protein
A0A558XFJ3	EGPCNNKB_00702	Hypothetical protein
A0AA86X309	EGPCNNKB_00703	Rrf2-linked NADH-flavin reductase
Q97PI9	EGPCNNKB_00704	SSU ribosomal protein S15p (S13e)
Q8DNY0	EGPCNNKB_00705	Cadmium resistance protein CadD
B2IRD2	EGPCNNKB_00706	Acyl-ACP:1-acyl-sn-glycerol-3-phosphate acyltransferase
A0A0E8B8S1	EGPCNNKB_00707	Cadmium-transporting ATPase
C1C8L2	EGPCNNKB_00708	Transcriptional antiterminator of lichenan operon%2C BglG family
C1C8L1	EGPCNNKB_00709	hypothetical protein
C1C8L0	EGPCNNKB_00710	Fructose-specific PTS IIABC components
C1C8K9	EGPCNNKB_00711	Fructose-specific PTS IIABC components
C1C8K8	EGPCNNKB_00712	Fructose-specific PTS IIABC components
C1C8K7	EGPCNNKB_00713	Ribulose-phosphate 3-epimerase
A0A9P1L8I6	EGPCNNKB_00714	Transketolase
A0A4J2CRN3	EGPCNNKB_00715	IS3 family transposase ISSpn11
A0A916L708	EGPCNNKB_00716	hypothetical protein
A0AA36LLE8	EGPCNNKB_00717	hypothetical protein
A0A0U0QE13	EGPCNNKB_00718	hypothetical protein
B2IRC6	EGPCNNKB_00719	hypothetical protein
C1CFJ3	EGPCNNKB_00720	tRNA (adenine(22)-N(1))-methyltransferase
Q8DNY4	EGPCNNKB_00721	Putative GTP cyclohydrolase 1 type 2 protein YbgI
A0AA86Y4D4	EGPCNNKB_00722	Glycine/D-amino acid oxidases family protein
C1CFI9	EGPCNNKB_00723	UDP-glucose 4-epimerase
A0AA86XCD6	EGPCNNKB_00724	Bactoprenol glucosyl transferase
C1CFI7	EGPCNNKB_00725	Ferredoxin
C1C8J3	EGPCNNKB_00726	Hypothetical protein
A0A0E7ZQG4	EGPCNNKB_00727	Cytidylate kinase
A0AA87C4Z2	EGPCNNKB_00728	Protein PhnA
A0A0H2UQX7	EGPCNNKB_00729	Hypothetical protein
Q8DNZ1	EGPCNNKB_00730	Major facilitator superfamily transporter-permease
C1CSL6	EGPCNNKB_00731	tRNA pseudouridine synthase A
A0A098ZNG5	EGPCNNKB_00732	Pyridoxal kinase%2C thiD family
A0A098ZNU7	EGPCNNKB_00733	Substrate-specific component PdxU2 of putative pyridoxin-related ECF transporter
Q8DNZ4	EGPCNNKB_00734	IS3 family transposase ISSpn11
C1CFH5	EGPCNNKB_00735	hypothetical protein
A0A4J2G4D0	EGPCNNKB_00736	IS3 family transposase ISSpn11
A0A4J2CNG2	EGPCNNKB_00737	Xaa-Pro dipeptidase
A0A0H2ZML1	EGPCNNKB_00738	Putative amidotransferase similar to cobyric acid synthase
A0AA86XMV3	EGPCNNKB_00739	Mur ligase family protein
C1CFG9	EGPCNNKB_00740	Pyridine nucleotide-disulfide oxidoreductase
C1CFG8	EGPCNNKB_00741	Major facilitator oxalate:formate antiporter
A0AA86XFU4	EGPCNNKB_00742	DEAD-box ATP-dependent RNA helicase CshA
C1CSK2	EGPCNNKB_00743	GTP-sensing transcriptional pleiotropic repressor CodY
Q8DP02	EGPCNNKB_00744	Nicotinamidase
	EGPCNNKB_00745	tRNA-Leu(aag)
	EGPCNNKB_00745	
Q8DP03	EGPCNNKB_00746	Multiple sugar ABC transporter%2C ATP-binding protein
A0A0E7ZDH6	EGPCNNKB_00747	SAM-dependent methyltransferase
C1CFG1	EGPCNNKB_00748	Adenine phosphoribosyltransferase
A0A0Y2HYL5	EGPCNNKB_00749	Homoserine O-succinyltransferase
A0A0U0ANU2	EGPCNNKB_00750	Chromosome replication initiation protein DnaD
Q04JH4	EGPCNNKB_00751	Triosephosphate isomerase
A0AA86XF13	EGPCNNKB_00752	1%2C4-beta-N-acetylmuramidase%2C lyzozyme LytC
A0A4J1WRG0	EGPCNNKB_00753	Bifunctional non-specific DNA-binding protein/ferroxidase Dpr
A0A4J2CNP2	EGPCNNKB_00754	Dihydrofolate reductase
B1ICZ0	EGPCNNKB_00755	Hypothetical protein
A0A4J2G4T6	EGPCNNKB_00756	ATP-dependent Clp protease ATP-binding subunit ClpX
Q04JI0	EGPCNNKB_00757	GTP-binding protein EngB
Q8DP09	EGPCNNKB_00758	RidA/YER057c/UK114 superfamily protein
A0A098ZHY2	EGPCNNKB_00759	Putative P-loop-containing kinase
C1CFE8	EGPCNNKB_00760	LPPG:FO 2-phospho-L-lactate transferase-like protein
Q8DP12	EGPCNNKB_00761	Putative cytoplasmic protein
A0A0T7TJC2	EGPCNNKB_00762	Thioredoxin reductase
Q8DP14	EGPCNNKB_00763	Bacterial checkpoint controller DisA
Q8DP15	EGPCNNKB_00764	Hypothetical protein
C1CSI0	EGPCNNKB_00765	Phosphoglucosamine mutase
B2IR77	EGPCNNKB_00766	Hypothetical protein
C1C8E9	EGPCNNKB_00767	DegV family protein
Q04JJ1	EGPCNNKB_00768	4-hydroxy-tetrahydrodipicolinate reductase
A0AA86Y175	EGPCNNKB_00769	CCA tRNA nucleotidyltransferase
A0A0E8HGI4	EGPCNNKB_00770	ATPase component of ABC transporter with duplicated ATPase domains
C1CFD7	EGPCNNKB_00771	Cobalt-zinc-cadmium resistance protein
	EGPCNNKB_00772	SSRC10
	EGPCNNKB_00772	
C1CFD6	EGPCNNKB_00773	Calcium-transporting ATPase
A0A0H2UQV0	EGPCNNKB_00774	Glutathione S-transferase
Q8DP22	EGPCNNKB_00775	Peptide deformylase
A0A0T8IT76	EGPCNNKB_00776	Cell shape-determining protein
A0A229FM92	EGPCNNKB_00777	Hypothetical protein
	EGPCNNKB_00778	SpR20_sRNA
	EGPCNNKB_00778	
Q8DP23	EGPCNNKB_00779	hypothetical protein
A0AA87CB43	EGPCNNKB_00780	M protein trans-acting positive regulator Mga1
A0AA86Y143	EGPCNNKB_00781	hypothetical protein
C1C8D6	EGPCNNKB_00782	Hypothetical protein
A0A098ZCY9	EGPCNNKB_00783	Hypothetical protein
A0A9P1L5X9	EGPCNNKB_00784	Aspartate aminotransferase
A0A4J2DJA4	EGPCNNKB_00785	Putative lactoylglutathione lyase
C1CFC3	EGPCNNKB_00786	Asparaginyl-tRNA synthetase
Q04JK8	EGPCNNKB_00787	SSU ribosomal protein S6p
P66855	EGPCNNKB_00788	Single-stranded DNA-binding protein
Q04JL0	EGPCNNKB_00789	SSU ribosomal protein S18p
A0A9P1RKA3	EGPCNNKB_00790	Bifunctional lipoprotein rotamase A/peptidyl-prolyl cis-trans isomerase
A0A0B7M7N9	EGPCNNKB_00791	General stress protein 13
A0A0B7MDM8	EGPCNNKB_00792	tRNA(1)(Val) (adenine(37)-N(6))-methyltransferase
C1C8C4	EGPCNNKB_00793	Putative endonuclease
Q04JL5	EGPCNNKB_00794	Manganese-dependent inorganic pyrophosphatase
A0A0T8KXM9	EGPCNNKB_00795	Glutamate synthase [NADPH] large chain
A0A916P8H3	EGPCNNKB_00796	hypothetical protein
Q8CYJ5	EGPCNNKB_00797	Hypothetical protein
A0A0T7IDY3	EGPCNNKB_00798	UDP-N-acetylmuramoylalanyl-D-glutamate--L-lysine ligase
B2IR49	EGPCNNKB_00799	Putative cell division protein YtgP
A0AA86YC01	EGPCNNKB_00800	Oligopeptide ABC transporter oligopeptide-binding protein AliB
A0A9P1PB06	EGPCNNKB_00801	hypothetical protein
A0AA36PGT5	EGPCNNKB_00802	ABC transporter%2C ATP-binding/permease protein
C1CFA8	EGPCNNKB_00803	Cystathionine gamma-synthase
C1C8B5	EGPCNNKB_00804	Bifunctional PLP-dependent beta-cystathionase/maltose regulon repressor
A0A0E7SZ73	EGPCNNKB_00805	SWF/SNF family helicase
B2IQY2	EGPCNNKB_00806	Hypothetical protein
Q8DP40	EGPCNNKB_00807	UDP-N-acetylmuramate--alanine ligase
A0A0E8HIM2	EGPCNNKB_00808	hypothetical protein
Q8DP41	EGPCNNKB_00809	Acetyltransferase%2C GNAT family
A0AA86WYT6	EGPCNNKB_00810	Endolytic murein transglycosylase MltG
Q8DP42	EGPCNNKB_00811	Transcription elongation factor GreA
Q8CYJ9	EGPCNNKB_00812	Acetyltransferase
A0A4J6YAB2	EGPCNNKB_00813	ISSpn8 transposase
Q79RW7	EGPCNNKB_00814	ATP synthase F0 sector subunit c
Q79MQ8	EGPCNNKB_00815	ATP synthase F0 sector subunit a
Q04HT5	EGPCNNKB_00816	ATP synthase F0 sector subunit b
Q04HT6	EGPCNNKB_00817	ATP synthase F1 sector delta chain
Q97PT4	EGPCNNKB_00818	ATP synthase F1 sector alpha chain
C1CSC9	EGPCNNKB_00819	ATP synthase F1 sector gamma chain
A0AA86X1S8	EGPCNNKB_00820	ATP synthase F1 sector beta chain
Q04N64	EGPCNNKB_00821	ATP synthase F1 sector epsilon chain
B1ICS7	EGPCNNKB_00822	6-phosphogluconolactonase
Q8DP46	EGPCNNKB_00823	Hypothetical protein
A0AA87CFX3	EGPCNNKB_00824	TPR-repeat-containing protein
C1CF86	EGPCNNKB_00825	Glutamine ABC transporter permease GlnP6
B1ICS3	EGPCNNKB_00826	Glutamine ABC transporter ATP-binding protein GlnQ6
A0A0B7M5H6	EGPCNNKB_00827	Glutamine ABC transporter substrate-binding protein GlnH6
C1CF83	EGPCNNKB_00828	Bacterocin transport accessory protein
C1CF82	EGPCNNKB_00829	Phosphoglucomutase
A0A0T8RFC8	EGPCNNKB_00830	IS630 family transposase IS630-Spn1
C1CF78	EGPCNNKB_00831	Hypothetical protein
A0AA86Y154	EGPCNNKB_00832	Hypothetical protein
A0A4U8XCR9	EGPCNNKB_00833	Cell wall surface anchor family protein MucB
C1C884	EGPCNNKB_00834	Major intrinsic protein family aquaporin
B2IQV2	EGPCNNKB_00835	Translation elongation factor Tu
A0AA47CE94	EGPCNNKB_00836	IS1380 family transposase ISSpn5
A0AA86YDP5	EGPCNNKB_00837	hypothetical protein
Q8DQG3	EGPCNNKB_00838	16S rRNA processing protein RimM
Q97RM4	EGPCNNKB_00839	tRNA (guanine(37)-N(1))-methyltransferase
Q8CYZ1	EGPCNNKB_00840	Anaerobic ribonucleoside-triphosphate reductase
B2INF8	EGPCNNKB_00841	Hypothetical protein
Q8DQG2	EGPCNNKB_00842	Hypothetical protein
A0A0H2UPB6	EGPCNNKB_00843	Substrate-specific component BioY of biotin ECF transporter
C1CDD7	EGPCNNKB_00844	Glutathione reductase
A0A916L500	EGPCNNKB_00845	Periplasmic component of efflux system
Q8DQF8	EGPCNNKB_00846	ABC transporter ATP-binding protein
A0A0H2UPB4	EGPCNNKB_00847	ABC transporter permease protein
A0AA86YDQ8	EGPCNNKB_00848	Methionyl-tRNA synthetase
A0A4J2AQ67	EGPCNNKB_00849	Hypothetical protein
Q8DQF6	EGPCNNKB_00850	Transcriptional regulator%2C PadR family
C1C6D3	EGPCNNKB_00851	Hypothetical protein
C1CDE6	EGPCNNKB_00852	Putative oxidoreductase
B2INR6	EGPCNNKB_00853	Hypothetical protein
B1IAX1	EGPCNNKB_00854	3-Ketoacyl-ACP reductase
A0A0B7LQW1	EGPCNNKB_00855	MutT/Nudix family protein
A0A4J2GZS6	EGPCNNKB_00856	PEP-utilizing enzyme family protein
A0AA87CCR7	EGPCNNKB_00857	Hypothetical protein
A0A4J2GAY2	EGPCNNKB_00858	Lysyl aminopeptidase PepN
C1CDF5	EGPCNNKB_00859	Two-component system response regulator CiaR
Q7B3G0	EGPCNNKB_00860	Two-component system sensor histidine kinase CiaH
A0AA86XR80	EGPCNNKB_00861	Hypothetical protein
A0AA86XIV2	EGPCNNKB_00862	Protease
A0A4L4E046	EGPCNNKB_00863	Bifunctional DinG family ATP-dependent helicase YoaA/DnaQ family exonuclease
Q8DQE8	EGPCNNKB_00864	Cell shape-determining protein RodA
A0A0D6J9P1	EGPCNNKB_00865	4-methyl-5(b-hydroxyethyl)-thiazole monophosphate biosynthesis enzyme
A0A0H2UPC8	EGPCNNKB_00866	Hydrolase%2C haloacid dehalogenase-like family
Q3HZB2	EGPCNNKB_00867	DNA gyrase subunit B
Q8DQE5	EGPCNNKB_00868	Septation ring formation regulator EzrA
A0A654Z298	EGPCNNKB_00869	IS630 family transposase ISSpn2
A0A0D6J8H9	EGPCNNKB_00870	IS630 family transposase ISSpn2
B1IAY7	EGPCNNKB_00871	IS66 family transposase Orf2
A0AAD2I3Y2	EGPCNNKB_00872	IS3 family transposase ISSpn11
A0A4J2AWX3	EGPCNNKB_00873	IS3 family transposase ISSpn11
C1CDG6	EGPCNNKB_00874	Hypothetical protein
Q8DQE1	EGPCNNKB_00875	MutT/Nudix family protein
C1CDZ0	EGPCNNKB_00876	IS630 family transposase IS630-Spn1
C1CDG9	EGPCNNKB_00877	ATP-dependent Clp protease ATP-binding subunit ClpE
Q8DQD6	EGPCNNKB_00878	Hypothetical protein
C1CDH1	EGPCNNKB_00879	Glutamine ABC transporter permease GlnP4
A0A4J2D3R4	EGPCNNKB_00880	Glutamine ABC transporter ATP-binding protein GlnQ4
A0AA86XIX6	EGPCNNKB_00881	Bifunctional methylenetetrahydrofolate dehydrogenase (NADP+)/methenyltetrahydrofolate cyclohydrolase
A0AA86X550	EGPCNNKB_00882	ADP-dependent (S)-NAD(P)H-hydrate dehydratase
Q04L82	EGPCNNKB_00883	Ribose 5-phosphate isomerase A
C1CS61	EGPCNNKB_00884	Phosphopentomutase
A0AA86XZH3	EGPCNNKB_00885	hypothetical protein
B1IB00	EGPCNNKB_00886	Bifunctional purine nucleoside phosphorylase/N-ribosylnicotinamide phosphorylase
A0A0B7LRS6	EGPCNNKB_00887	hypothetical protein
A0AA86XHC5	EGPCNNKB_00888	hypothetical protein
Q8DQC9	EGPCNNKB_00889	Thiol-activated cytolysin
Q8CWS1	EGPCNNKB_00890	Purine nucleoside phosphorylase
A0A0B7M8N2	EGPCNNKB_00891	FlaR-related DNA topology modulation protein
C1CS53	EGPCNNKB_00892	SSU ribosomal protein S20p
C1CS52	EGPCNNKB_00893	Pantothenate kinase
C1CDI7	EGPCNNKB_00894	Hypothetical protein
A0A0H2UPK7	EGPCNNKB_00895	16S rRNA (guanine(1207)-N(2))-methyltransferase
A0A0B7M8N7	EGPCNNKB_00896	Pyrimidine-nucleoside phosphorylase
C1CS48	EGPCNNKB_00897	Deoxyribose-phosphate aldolase
A0AA86X249	EGPCNNKB_00898	Cytidine deaminase
C1CDJ2	EGPCNNKB_00899	Nucleoside-binding protein
A0A0H2UPF8	EGPCNNKB_00900	Putative deoxyribose-specific ABC transporter ATP-binding protein
B2INW4	EGPCNNKB_00901	Putative deoxyribose-specific ABC transporter permease protein
C1C6I2	EGPCNNKB_00902	Putative deoxyribose-specific ABC transporter permease protein
Q8DNZ4	EGPCNNKB_00903	IS3 family transposase ISSpn11
A0A4J2CRN3	EGPCNNKB_00904	IS3 family transposase ISSpn11
C1CS41	EGPCNNKB_00905	Acyl-phosphate:glycerol-3-phosphate O-acyltransferase PlsY
Q3HZ74	EGPCNNKB_00906	Topoisomerase IV subunit B
B2INX2	EGPCNNKB_00907	Restriction enzyme BcgI alpha chain-like protein
Q3HYJ3	EGPCNNKB_00908	Topoisomerase IV subunit A
B1IB24	EGPCNNKB_00909	Branched-chain amino acid aminotransferase
A0A0B7M9A8	EGPCNNKB_00910	Oligopeptide ABC transporter substrate-binding protein
C1CDK5	EGPCNNKB_00911	Hypothetical protein
Q8DQB0	EGPCNNKB_00912	Putative membrane protein
Q04L55	EGPCNNKB_00913	Pyrrolidone-carboxylate peptidase
A0A4F2RY34	EGPCNNKB_00914	Hypothetical protein
	EGPCNNKB_00915	tRNA-Tyr(gta)
	EGPCNNKB_00915	
	EGPCNNKB_00916	tRNA-Gln(ttg)
	EGPCNNKB_00916	
C1CDK9	EGPCNNKB_00917	SSU ribosomal protein S1p
A0A0U0BZA9	EGPCNNKB_00918	GAF domain-containing protein
A0A0U0J2A6	EGPCNNKB_00919	DNA polymerase III subunits gamma and tau
Q8CYX9	EGPCNNKB_00920	Hypothetical protein
B1IB34	EGPCNNKB_00921	Iron-sulfur cluster assembly ATPase protein SufC
Q8DQA3	EGPCNNKB_00922	Iron-sulfur cluster assembly protein SufD
A0A0B7LHM4	EGPCNNKB_00923	Cysteine desulfurase SufS
A0A0B7MD89	EGPCNNKB_00924	Putative iron-sulfur cluster assembly scaffold protein for SUF system SufE2
A0AA87CC06	EGPCNNKB_00925	Iron-sulfur cluster assembly protein SufB
Q75Y14	EGPCNNKB_00926	D-alanyl-D-alanine carboxypeptidase%2C penicillin-binding protein 3
Q8DQ98	EGPCNNKB_00927	Coordinator of zonal cell elongation
	EGPCNNKB_00928	transfer-messenger RNA%2C SsrA
	EGPCNNKB_00928	
	EGPCNNKB_00929	tRNA-Ser(gga)
	EGPCNNKB_00929	
A0A0U0FF33	EGPCNNKB_00930	Transcriptional repressor of the fructose operon%2C DeoR family
A0A9Q9R504	EGPCNNKB_00931	1-phosphofructokinase
A0AA86XI73	EGPCNNKB_00932	Fructose-specific PTS IIABC components
A0AA86Y3W6	EGPCNNKB_00933	DNA translocase FtsK
A0AA86X4P1	EGPCNNKB_00934	Acetyltransferase
A0AA86X1K4	EGPCNNKB_00935	Putative cysteine desulfurase
Q97RE1	EGPCNNKB_00936	tRNA 4-thiouridine synthase ThiI
A0A098Z6B6	EGPCNNKB_00937	Putative alpha-dextrin endo-1%2C6-alpha-glucosidase
A0AA87C909	EGPCNNKB_00938	hypothetical protein
Q8CYX4	EGPCNNKB_00939	hypothetical protein
C1CDN2	EGPCNNKB_00940	ATP-grasp-domain-containing protein
Q8DQ91	EGPCNNKB_00941	Type I restriction-modification system DNA-methyltransferase subunit M
A0AA87C4Q0	EGPCNNKB_00942	hypothetical protein
C1CDN6	EGPCNNKB_00943	hypothetical protein
C1CDN7	EGPCNNKB_00944	hypothetical protein
C1C6M1	EGPCNNKB_00945	Tyrosine recombinase XerC
A0AA87CGZ7	EGPCNNKB_00946	hypothetical protein
A0AA86XUL0	EGPCNNKB_00947	Type I restriction-modification system restriction subunit R
Q8DQ88	EGPCNNKB_00948	Arginine pathway regulatory protein ArgR2
Q97RC8	EGPCNNKB_00949	Xaa-Pro dipeptidyl-peptidase
A0A822QPA1	EGPCNNKB_00950	DNA polymerase III alpha subunit
A0AA86YDU2	EGPCNNKB_00951	6-phosphofructokinase
A0AA86XZ59	EGPCNNKB_00952	Pyruvate kinase
A0A4J2FQ83	EGPCNNKB_00953	IS1380 family transposase ISSpn5
Q8CYX1	EGPCNNKB_00954	Membrane-associated protein
A0A4J1SZ62	EGPCNNKB_00955	IS5 family transposase ISSpn7
A0A916PFF5	EGPCNNKB_00956	Hypothetical protein
A0A0D6J9F7	EGPCNNKB_00957	Hypothetical protein
B1IB73	EGPCNNKB_00958	ABC transporter substrate-binding protein
C1CDQ1	EGPCNNKB_00959	Putative permease
A0A098ZMD2	EGPCNNKB_00960	Hypothetical protein
A0A0B7LIN4	EGPCNNKB_00961	Transcription accessory protein
C1CRY6	EGPCNNKB_00962	Putative SprT family zinc-dependent metallopeptidase
A0A5C8QW28	EGPCNNKB_00963	Putative phage shock protein C
	EGPCNNKB_00964	Spd-sr07
	EGPCNNKB_00964	
Q8CYW5	EGPCNNKB_00965	Hypothetical protein
A0A0B7KXN1	EGPCNNKB_00966	Hypothetical protein
C1CDQ8	EGPCNNKB_00967	ABC transporter ATP-binding protein
C1CDQ9	EGPCNNKB_00968	ABC transporter permease protein
A0AA86XJ65	EGPCNNKB_00969	Hypothetical protein
A0A4J6YAB2	EGPCNNKB_00970	ISSpn8 transposase
A0AA86X1P2	EGPCNNKB_00971	Arginine decarboxylase
A0AA86XDT1	EGPCNNKB_00972	hypothetical protein
P66836	EGPCNNKB_00973	Spermidine synthase
C1CDR7	EGPCNNKB_00974	Carboxynorspermidine synthase
A0A4J2CYR2	EGPCNNKB_00975	Carboxynorspermidine decarboxylase
C1CRX2	EGPCNNKB_00976	Agmatine deiminase
C1CDS0	EGPCNNKB_00977	N-carbamoylputrescine amidase
A0A098Z4D2	EGPCNNKB_00978	Hydrolase%2C HAD superfamily
C1CDS2	EGPCNNKB_00979	Hypothetical protein
C1C6Q7	EGPCNNKB_00980	CAAX amino terminal protease family protein
Q8DQ65	EGPCNNKB_00981	Cysteine and methionine metabolism regulator CmbR%2C LysR family
Q8DQ64	EGPCNNKB_00982	Lipoprotein signal peptidase
A0A0B7M1X1	EGPCNNKB_00983	Ribosomal large subunit pseudouridine synthase D
A0A9P1S903	EGPCNNKB_00984	Teichoic acid phosphorylcholine esterase%2C choline-binding protein CbpE
B2IP87	EGPCNNKB_00985	Glutamate 5-kinase
B8ZP35	EGPCNNKB_00986	Gamma-glutamyl phosphate reductase
A0A0E8P9M0	EGPCNNKB_00987	Pyrroline-5-carboxylate reductase
A0A916PF21	EGPCNNKB_00988	Thymidylate kinase
C1C6R7	EGPCNNKB_00989	DNA polymerase III delta prime subunit
Q97R89	EGPCNNKB_00990	DNA replication initiation control protein YabA
A0AA86XYU8	EGPCNNKB_00991	16S rRNA (cytidine(1402)-2'-O)-methyltransferase
C1CK27	EGPCNNKB_00992	Methylenetetrahydrofolate--tRNA-(uracil-5-)- methyltransferase TrmFO
Q8DQ50	EGPCNNKB_00993	Uridine monophosphate kinase
C1CRV3	EGPCNNKB_00994	Ribosome-recycling factor
A0AA87CB91	EGPCNNKB_00995	S1 RNA-binding domain protein
C1CRV1	EGPCNNKB_00996	Hypothetical protein
C1CDU4	EGPCNNKB_00997	Phosphate starvation-inducible protein PhoH
A0A4F2S5M0	EGPCNNKB_00998	Acetyltransferase
Q8CYV8	EGPCNNKB_00999	hypothetical protein
Q8DQ45	EGPCNNKB_01000	Alanine dehydrogenase
A0A4F2S0B2	EGPCNNKB_01001	Alanine dehydrogenase
A0A0B7L7M9	EGPCNNKB_01002	Acetyltransferase%2C GNAT family
C1C6T1	EGPCNNKB_01003	Late competence DNA receptor ComEA
A0A6I3VL05	EGPCNNKB_01004	Late competence DNA transporter ComEC
A0A4M6CZN2	EGPCNNKB_01005	hypothetical protein
A0A6I3T907	EGPCNNKB_01006	ABC transporter%2C ATP-binding protein
A0A0E8T6Q0	EGPCNNKB_01007	Hypothetical protein
	EGPCNNKB_01008	L20_leader
	EGPCNNKB_01008	
Q04KW9	EGPCNNKB_01009	Translation initiation factor 3
Q04KW8	EGPCNNKB_01010	LSU ribosomal protein L35p
Q04KW7	EGPCNNKB_01011	LSU ribosomal protein L20p
C1CDV7	EGPCNNKB_01012	Lactoylglutathione lyase
C1C6U0	EGPCNNKB_01013	Dihydroorotate dehydrogenase (NAD(+))%2C electron transfer subunit
B2IPB8	EGPCNNKB_01014	Dihydroorotate dehydrogenase (NAD(+))%2C catalytic subunit
A0A0T8B6M8	EGPCNNKB_01015	Endo-beta-N-acetylglucosaminidase LytB
A0AA86Y2F2	EGPCNNKB_01016	Fibronectin/fibrinogen-binding protein
Q8DQ35	EGPCNNKB_01017	Metal-dependent hydrolase YbeY
A0A0T8T8G5	EGPCNNKB_01018	Diacylglycerol kinase
A0A0B7LRL2	EGPCNNKB_01019	GTP-binding protein Era
A0A0B7LVH1	EGPCNNKB_01020	Formamidopyrimidine-DNA glycosylase MutM
A0A0U0DTA3	EGPCNNKB_01021	Dephospho-CoA kinase
A0AA86X0Z6	EGPCNNKB_01022	Multidrug resistance efflux pump PmrA
Q8DQ31	EGPCNNKB_01023	Protein-export membrane protein SecG
A0AA86XYT5	EGPCNNKB_01024	3'-to-5' exoribonuclease RNase R
Q8DQ29	EGPCNNKB_01025	tmRNA-binding protein SmpB
A0A0T8ABZ2	EGPCNNKB_01026	Tellurite methyltransferase TehB
A0A0H2UPP6	EGPCNNKB_01027	Competence protein CoiA
A0AA87C7V1	EGPCNNKB_01028	Oligoendopeptidase F
A0AA87C4J3	EGPCNNKB_01029	O-methyltransferase family protein
Q8DQ24	EGPCNNKB_01030	Putative parvulin type peptidyl-prolyl isomerase PrsA
A0AA86YAS0	EGPCNNKB_01031	IS3 family transposase ISSpn1
A0A0B7LAN8	EGPCNNKB_01032	hypothetical protein
Q8DQ21	EGPCNNKB_01033	Phosphoglycerate mutase family 5 protein
C1CDY0	EGPCNNKB_01034	Transcriptional regulator
A0A0B7LXZ4	EGPCNNKB_01035	Membrane protein
A0AA86XPU5	EGPCNNKB_01036	1%2C4-beta-N-acetylmuramidase%2C lyzozyme M1
A0AA86Y3I6	EGPCNNKB_01037	Bifunctional N-acetylglucosamine-1-phosphate uridyltransferase/glucosamine-1-phosphate N-acetyltransferase
A0A0H2UPW5	EGPCNNKB_01038	ADP-ribose pyrophosphatase
Q8CYV2	EGPCNNKB_01039	Hypothetical protein
A0AA87C8M2	EGPCNNKB_01040	Bifunctional 5'-methylthioadenosine nucleosidase/S-adenosylhomocysteine nucleosidase
A0A0H2UPQ5	EGPCNNKB_01041	Transcriptional regulator OrfX
A0A0E8ASI4	EGPCNNKB_01042	DNA polymerase III epsilon subunit
C1CDY9	EGPCNNKB_01043	Glycerophosphoryl diester phosphodiesterase
A0A4H9FG63	EGPCNNKB_01044	IS1167 transposase
A0A4P0AN65	EGPCNNKB_01045	hypothetical protein
A0A4J1YM21	EGPCNNKB_01046	IS1167 transposase Orf1
	EGPCNNKB_01047	Srn266
	EGPCNNKB_01047	
C1CGU6	EGPCNNKB_01048	IS630 family transposase IS630-Spn1
A0A4F2S4D7	EGPCNNKB_01049	Hypothetical protein
C1CDZ4	EGPCNNKB_01050	Cytochrome c-type biogenesis protein CcdA-2
A0A5R9ATM3	EGPCNNKB_01051	Thiol:disulfide oxidoreductase
	EGPCNNKB_01052	SpF36_sRNA
	EGPCNNKB_01052	
B2IPF3	EGPCNNKB_01053	Cationic amino acid transporter%2C APC Superfamily
Q8DQ09	EGPCNNKB_01054	Laminin-binding surface protein
A0A0E3JFL0	EGPCNNKB_01055	Pneumococcal histidine triad protein D
C1C6Y1	EGPCNNKB_01056	Pneumococcal histidine triad protein E
A0A0B7LLD3	EGPCNNKB_01057	Pneumococcal histidine triad protein E
C1C6Y2	EGPCNNKB_01058	hypothetical protein
A0A0D6J8R7	EGPCNNKB_01059	hypothetical protein
A0AA86XHL3	EGPCNNKB_01060	Tripeptide aminopeptidase PepT
A0A4J1PE64	EGPCNNKB_01061	hypothetical protein
A0AAE4K3B0	EGPCNNKB_01062	hypothetical protein
B3FNT7	EGPCNNKB_01063	Signal peptidase IB
B3FNT4	EGPCNNKB_01064	Pilin
B3FNT5	EGPCNNKB_01065	hypothetical protein
A0A0U0FLZ7	EGPCNNKB_01066	hypothetical protein
C1CRD1	EGPCNNKB_01067	Ferrochelatase%2C protoheme ferro-lyase
A0AA86XRF7	EGPCNNKB_01068	Large-conductance mechanosensitive channel MscL
Q8DQ02	EGPCNNKB_01069	GtrA family protein
	EGPCNNKB_01070	preQ1-II
	EGPCNNKB_01070	
Q8DQ01	EGPCNNKB_01071	Substrate-specific component QueT of putative queuosine-regulated ECF transporter
	EGPCNNKB_01072	tRNA-Thr(ggt)
	EGPCNNKB_01072	
	EGPCNNKB_01073	asd
	EGPCNNKB_01073	
A0A064C4U3	EGPCNNKB_01074	Aspartate-semialdehyde dehydrogenase
C1CRD6	EGPCNNKB_01075	4-hydroxy-tetrahydrodipicolinate synthase
B1IBH5	EGPCNNKB_01076	GTPase and tRNA-U34 5-formylation enzyme MnmE
B2IPH4	EGPCNNKB_01077	Bifunctional 4-oxalocrotonate tautomerase/xylose transport system permease protein XylH
C1CE11	EGPCNNKB_01078	Thymidine kinase
C1CRE0	EGPCNNKB_01079	Peptide chain release factor 1
C1CE13	EGPCNNKB_01080	Peptide chain release factor N(5)-glutamine methyltransferase
C1CE14	EGPCNNKB_01081	Threonylcarbamoyl-AMP synthase TsaC
C1CE15	EGPCNNKB_01082	N-acetyltransferase%2C GCN5-family
C1CRE4	EGPCNNKB_01083	Serine hydroxymethyltransferase
B2IPI1	EGPCNNKB_01084	Pseudouridylate synthase%2C 23S RNA-specific
C1C701	EGPCNNKB_01085	Pneumococcal vaccine antigen A
A0A0B7L1A6	EGPCNNKB_01086	Extracellular protein
A0AA86Y2X5	EGPCNNKB_01087	23S rRNA (uracil(1939)-C(5))-methyltransferase
	EGPCNNKB_01088	SpF61_sRNA
	EGPCNNKB_01088	
	EGPCNNKB_01089	SpF39_sRNA
	EGPCNNKB_01089	
C1CE21	EGPCNNKB_01090	Hypothetical protein
Q8DPY6	EGPCNNKB_01091	Iron compound ABC uptake transporter substrate-binding protein PiaA
A0A0U0D917	EGPCNNKB_01092	Iron compound ABC uptake transporter permease protein PiaB
Q8DPY4	EGPCNNKB_01093	Iron compound ABC uptake transporter permease protein PiaC
C1CE25	EGPCNNKB_01094	Iron compound ABC uptake transporter ATP-binding protein PiaD
A0A0B7LJA1	EGPCNNKB_01095	hypothetical protein
A0A0E7ZI32	EGPCNNKB_01096	hypothetical protein
A0A0B7LIN9	EGPCNNKB_01097	hypothetical protein
Q9KK10	EGPCNNKB_01098	IS1380 family transposase ISSpn5
A0A4J2BYR8	EGPCNNKB_01099	IS1380 family transposase ISSpn5
A0AA87CBA5	EGPCNNKB_01100	hypothetical protein
A0A0T7TQW9	EGPCNNKB_01101	hypothetical protein
	EGPCNNKB_01102	pemK
	EGPCNNKB_01102	
Q8CYT9	EGPCNNKB_01103	Hypothetical protein
A0A9P1PK44	EGPCNNKB_01104	Phage integrase
A0A0T9GFA2	EGPCNNKB_01105	Phage integrase
A0A0E8SQT6	EGPCNNKB_01106	Hypothetical protein
B2IPK0	EGPCNNKB_01107	Hypothetical protein
A0AA36LJY8	EGPCNNKB_01108	Hypothetical protein
A0A0U0BYY7	EGPCNNKB_01109	Putative hydrolase
A0A062WSS8	EGPCNNKB_01110	Transcriptional regulator
A0AA86Y8J7	EGPCNNKB_01111	Neopullulanase
A0A0B7M5J3	EGPCNNKB_01112	Neopullulanase
A0A4G1W1A0	EGPCNNKB_01113	Neopullulanase
B1IBK4	EGPCNNKB_01114	hypothetical protein
C1C762	EGPCNNKB_01115	Aminoglycoside N(6')-acetyltransferase type 1
B1IBK6	EGPCNNKB_01116	hypothetical protein
A0A4M7Q6Q9	EGPCNNKB_01117	hypothetical protein
A0AA87CCX2	EGPCNNKB_01118	hypothetical protein
A0A0B7MF81	EGPCNNKB_01119	hypothetical protein
C1C764	EGPCNNKB_01120	Cell division protein FtsW
A0A4G1W0T6	EGPCNNKB_01121	Phosphoenolpyruvate carboxylase
	EGPCNNKB_01122	T-box
	EGPCNNKB_01122	
C1C766	EGPCNNKB_01123	ABC transporter substrate-binding protein
Q8DPW3	EGPCNNKB_01124	Putative tryptophan-specific ABC transporter permease protein TrpY
Q8DPW2	EGPCNNKB_01125	ABC transporter ATP-binding protein
A0A0D6J7Q0	EGPCNNKB_01126	DNA primase
P0A4J0	EGPCNNKB_01127	RNA polymerase sigma factor RpoD
Q8DPW0	EGPCNNKB_01128	Putative aromatic ring hydroxylating enzyme
C1CE62	EGPCNNKB_01129	Diglucosyl diacylglycerol synthase LafB
A0A0B7LF06	EGPCNNKB_01130	1%2C2-diacylglycerol 3-glucosyltransferase LafA
C1CE64	EGPCNNKB_01131	Hypothetical protein
C1CE65	EGPCNNKB_01132	Hypothetical protein
C1CE66	EGPCNNKB_01133	GTP-binding protein ObgE
C1CE67	EGPCNNKB_01134	Hypothetical protein
A0A4H9FG63	EGPCNNKB_01135	IS1167 transposase
A0A4J2D1K3	EGPCNNKB_01136	hypothetical protein
A0A4J1U7S1	EGPCNNKB_01137	IS1167 transposase Orf1
	EGPCNNKB_01138	Srn266
	EGPCNNKB_01138	
	EGPCNNKB_01139	group-II-D1D4-3
	EGPCNNKB_01139	
Q97QW6	EGPCNNKB_01140	UDP-N-acetylglucosamine 1-carboxyvinyltransferase
A0A0T7IPG4	EGPCNNKB_01141	Ribosomal-protein-S5p-alanine acetyltransferase
Q8DPV2	EGPCNNKB_01142	Cytosolic protein containing multiple CBS domains
Q8DPV1	EGPCNNKB_01143	Methionine aminopeptidase
A0A4J2B2V3	EGPCNNKB_01144	hypothetical protein
A0A4N3N6R8	EGPCNNKB_01145	IS1381 transposase OrfB
A0A0E9A2L0	EGPCNNKB_01146	ATP-dependent DNA helicase PcrA
A0A062WLA7	EGPCNNKB_01147	DNA repair protein RadC
C1C786	EGPCNNKB_01148	Glutamine amidotransferase%2C class I
C1CRJ3	EGPCNNKB_01149	Redox-sensitive transcriptional regulator Rex
A0A237JSH2	EGPCNNKB_01150	Hypothetical protein
Q8CYS0	EGPCNNKB_01151	Hypothetical protein
A0A0E8STN4	EGPCNNKB_01152	Cysteine desulfurase
P65242	EGPCNNKB_01153	Ribose-phosphate pyrophosphokinase
A0A064C1X1	EGPCNNKB_01154	Adenylate cyclase
Q8DPU2	EGPCNNKB_01155	GTP pyrophosphokinase
B2IQ09	EGPCNNKB_01156	NAD kinase
A0AA87C673	EGPCNNKB_01157	RluD-like protein
Q8DPU0	EGPCNNKB_01158	Phosphate acetyltransferase
	EGPCNNKB_01159	SpR14_sRNA
	EGPCNNKB_01159	
A0AA36PZZ3	EGPCNNKB_01160	IS1167 transposase Orf2
A0A0U0HX93	EGPCNNKB_01161	hypothetical protein
A0A4N0CYU3	EGPCNNKB_01162	IS1167 transposase Orf1
	EGPCNNKB_01163	Srn266
	EGPCNNKB_01163	
	EGPCNNKB_01164	Srn266
	EGPCNNKB_01164	
Q04KI6	EGPCNNKB_01165	Hypothetical protein co-occurring with RecR
A0A0B7M7N6	EGPCNNKB_01166	Hypothetical protein
	EGPCNNKB_01167	L21_leader
	EGPCNNKB_01167	
Q97QU4	EGPCNNKB_01168	LSU ribosomal protein L21p
C1CE93	EGPCNNKB_01169	Putative ribosomal protein
Q04KI2	EGPCNNKB_01170	LSU ribosomal protein L27p
Q8DPT6	EGPCNNKB_01171	Bifunctional FMN adenylyltransferase/riboflavin kinase RibF
Q8DPT5	EGPCNNKB_01172	Transporter
A0A0D6J7H5	EGPCNNKB_01173	DegV family protein
C1CEA0	EGPCNNKB_01174	DNA-binding protein HlpA
A0AA87CCY0	EGPCNNKB_01175	ABC transporter ATP-binding protein
A0AA87C8E3	EGPCNNKB_01176	Positive transcriptional regulator%2C MutR family
C1C7B0	EGPCNNKB_01177	Macrolide efflux ABC transporter membrane-spanning permease
C1CRL7	EGPCNNKB_01178	DNA ligase (NAD(+))
A0AA87C986	EGPCNNKB_01179	Putative glycogen debranching enzyme
B1IBQ6	EGPCNNKB_01180	Glyceraldehyde-3-phosphate dehydrogenase (NADP(+))
A0AA86XIH9	EGPCNNKB_01181	1%2C4-alpha-glucan-branching enzyme GlgB
Q97QS7	EGPCNNKB_01182	Glycogen biosynthesis glucose-1-phosphate adenylyltransferase subunit GlgC
Q8DPS4	EGPCNNKB_01183	Glycogen biosynthesis glucose-1-phosphate adenylyltransferase subunit GlgD
C1CRM3	EGPCNNKB_01184	Glycogen biosynthesis ADP-glucose--glucan transglucosylase GlgA
A0A0B7M8L9	EGPCNNKB_01185	Phosphoserine phosphatase
A0A6A8VMR9	EGPCNNKB_01186	Glycerate kinase
A0AA86XHR8	EGPCNNKB_01187	Hypothetical protein
C1CRM6	EGPCNNKB_01188	Enolase
A0A4J2GG84	EGPCNNKB_01189	IS1167 transposase Orf2
Q4JYF9	EGPCNNKB_01190	IS1167 transposase
	EGPCNNKB_01191	Srn266
	EGPCNNKB_01191	
A0A0T8C0Q6	EGPCNNKB_01192	IS630 family transposase IS630-Spn1
A0A0T8CF02	EGPCNNKB_01193	IS630 family transposase IS630-Spn1
A0AA87CCY2	EGPCNNKB_01194	ATP-dependent nuclease subunit RexB
A0A4J2GKK8	EGPCNNKB_01195	ATP-dependent nuclease subunit RexA
C1CEB9	EGPCNNKB_01196	Hypothetical protein
A0A4J2GJK9	EGPCNNKB_01197	IgA1 protease ZmpA
A0A0E7T841	EGPCNNKB_01198	50S ribosomal subunit maturation GTPase RbgA
C1CRN4	EGPCNNKB_01199	Ribonuclease HII
C1C7C9	EGPCNNKB_01200	Voltage-gated chloride channel family protein
Q04KF1	EGPCNNKB_01201	Tyrosine recombinase XerS
A0A0T7TMB5	EGPCNNKB_01202	Lipoate-protein ligase A
Q8VPK9	EGPCNNKB_01203	Dihydrolipoamide dehydrogenase of acetoin dehydrogenase
A0AA86Y3Y2	EGPCNNKB_01204	Dihydrolipoamide acetyltransferase (E2) component of acetoin dehydrogenase complex
C1C7D4	EGPCNNKB_01205	Acetoin dehydrogenase E1 component beta-subunit
C1CED0	EGPCNNKB_01206	Acetoin dehydrogenase E1 component alpha-subunit
A0A0U0IWL7	EGPCNNKB_01207	Dihydrolipoamide acetyltransferase
A0A0B7L0U2	EGPCNNKB_01208	Hypothetical protein
A0A4J1TFL0	EGPCNNKB_01209	Dihydroorotase
C8XPX7	EGPCNNKB_01210	8-oxo-dGTP diphosphatase MutX
B2IPV6	EGPCNNKB_01211	Uracil-DNA glycosylase%2C family 1
A0A2L1GXP5	EGPCNNKB_01212	Hypothetical protein
A0A0H2UQ88	EGPCNNKB_01213	2-haloalkanoic acid dehalogenase
A0A0T8JZF1	EGPCNNKB_01214	PTS-dependent dihydroxyacetone kinase%2C phosphotransferase subunit DhaM
A0AA86XY80	EGPCNNKB_01215	Pneumococcal histidine triad protein B
A0AA86XCG8	EGPCNNKB_01216	Phosphoenolpyruvate-protein phosphotransferase of PTS
Q8DPQ0	EGPCNNKB_01217	Phosphotransferase system%2C phosphocarrier protein HPr
Q8DPP9	EGPCNNKB_01218	Glutaredoxin-like protein NrdH
Q8CWR3	EGPCNNKB_01219	Ribonucleotide reductase of class Ib%2C alpha subunit
A0AA95IMF0	EGPCNNKB_01220	Ribonucleotide reductase of class Ib%2C beta subunit
C1CEE5	EGPCNNKB_01221	Lactose phosphotransferase system repressor
A0AA86XHU4	EGPCNNKB_01222	hypothetical protein
A0AA86Y1U4	EGPCNNKB_01223	6-phospho-beta-galactosidase
A0AA87CGT0	EGPCNNKB_01224	Lactose-specific PTS IIBC components
Q8DPP4	EGPCNNKB_01225	Lactose-specific PTS IIA component
A0A4J2D5G2	EGPCNNKB_01226	Beta-glucoside bgl operon antiterminator LacT%2C BglG family
A0AA87C597	EGPCNNKB_01227	Tagatose 1%2C6-diphosphate aldolase
C1CRA6	EGPCNNKB_01228	Tagatose-6-phosphate kinase LacC
C1CRA5	EGPCNNKB_01229	Galactose-6-phosphate isomerase%2C LacB subunit
C1CRA4	EGPCNNKB_01230	Galactose-6-phosphate isomerase%2C LacA subunit
A0AA86XCI6	EGPCNNKB_01231	Protein LacX%2C plasmid
A0A4J1UZD8	EGPCNNKB_01232	IS1381 transposase OrfB
A0A916P9M2	EGPCNNKB_01233	IS1381 transposase OrfA
C1CEF8	EGPCNNKB_01234	IS5 family transposase ISSpn7
C1C7G6	EGPCNNKB_01235	Galactose-specific PTS IIB component
A0A0E7XYY0	EGPCNNKB_01236	Galactose-specific PTS IIA component
Q8DPN5	EGPCNNKB_01237	Translation elongation factor LepA
A0AA86XYA2	EGPCNNKB_01238	Serine/threonine protein phosphatase
A0A0B7L4T5	EGPCNNKB_01239	DNA repair protein RecN
C1C7H2	EGPCNNKB_01240	Arginine pathway regulatory protein AhrC
B1IC06	EGPCNNKB_01241	RNA-binding methyltransferase
B2IPS5	EGPCNNKB_01242	(2E%2C6E)-farnesyl diphosphate synthase
Q04KB1	EGPCNNKB_01243	Exodeoxyribonuclease VII small subunit
C1CR91	EGPCNNKB_01244	Exodeoxyribonuclease VII large subunit
Q04KA9	EGPCNNKB_01245	Uridine kinase
A0AA86Y1W6	EGPCNNKB_01246	hypothetical protein
A0A0T7JKK1	EGPCNNKB_01247	Hypothetical protein
A0A0B7L351	EGPCNNKB_01248	tRNA pseudouridine synthase B
A0A0H2UQB9	EGPCNNKB_01249	Hypothetical protein
A0A098Z5F1	EGPCNNKB_01250	Cystathionine gamma-synthase
B2IPR5	EGPCNNKB_01251	O-acetyl-L-homoserine sulfhydrylase
Q8DPM4	EGPCNNKB_01252	Formate-nitrate transporter
A0A098Z5B8	EGPCNNKB_01253	Sortase SrtA%2C LPXTG specific
A0A4M7Q6P8	EGPCNNKB_01254	DNA gyrase subunit A
A0AA87CBD3	EGPCNNKB_01255	L-lactate dehydrogenase
A0A4J2FQ83	EGPCNNKB_01256	IS1380 family transposase ISSpn5
A0AA86X3W4	EGPCNNKB_01257	hypothetical protein
B2IPQ9	EGPCNNKB_01258	mRNA interferase RelE2
A0A558SUE3	EGPCNNKB_01259	Replicon stabilization protein RelB2
Q9RCS5	EGPCNNKB_01260	Zn-dependent hydrolase VicX
C1CEI3	EGPCNNKB_01261	Two-component system sensor histidine kinase VicK
Q9S1K0	EGPCNNKB_01262	Two-component system response regulator VicR
B2IPQ4	EGPCNNKB_01263	A/G-specific adenine glycosylase
C1CR74	EGPCNNKB_01264	Formate--tetrahydrofolate ligase
A0A916L4R0	EGPCNNKB_01265	Phosphopantothenoylcysteine synthetase
A0A9P1L6C9	EGPCNNKB_01266	Phosphopantothenoylcysteine decarboxylase
Q8DPL2	EGPCNNKB_01267	Substrate-specific component PanT of putative pantothenate ECF transporter
C1CEJ0	EGPCNNKB_01268	Substrate-specific component NiaX of putative niacin ECF transporter
A0A0T7TLM8	EGPCNNKB_01269	Transcriptional repressor of NAD biosynthesis
A0AA86XCS3	EGPCNNKB_01270	MutT/Nudix family protein
A0A916L672	EGPCNNKB_01271	Acetyltransferase
A0AA87CFT3	EGPCNNKB_01272	Acetyltransferase
A0AA86Y6S6	EGPCNNKB_01273	Excinuclease ABC subunit B
A0AA86XNZ1	EGPCNNKB_01274	CAAX amino terminal protease family protein
C1CEJ7	EGPCNNKB_01275	Glutamine ABC transporter GlnHP5%2C containing substrate-binding and permease domains
C1CEJ8	EGPCNNKB_01276	Glutamine transport ATP-binding protein GlnQ
A0AA86Y241	EGPCNNKB_01277	Glucose-6-phosphate 1-dehydrogenase
A0AA86Y622	EGPCNNKB_01278	Signal recognition particle receptor FtsY
A0AA87C4G5	EGPCNNKB_01279	Hydrolase%2C HAD superfamily
A0A0E8I6Q3	EGPCNNKB_01280	Hydrolase%2C HAD superfamily
A0AA86YBP5	EGPCNNKB_01281	Chromosome partition protein SMC
A0A0T8X3V7	EGPCNNKB_01282	Ribonuclease III
	EGPCNNKB_01283	tRNA-Arg(ccg)
	EGPCNNKB_01283	
C1CR55	EGPCNNKB_01284	GMP reductase
A0AA87CFD5	EGPCNNKB_01285	Hypothetical protein
A0A0B7LNM9	EGPCNNKB_01286	Endonuclease
Q8CYQ2	EGPCNNKB_01287	Hypothetical protein
A0A0B7L497	EGPCNNKB_01288	hypothetical protein
A0A0B7KXP5	EGPCNNKB_01289	3-isopropylmalate dehydratase small subunit
C1C7N4	EGPCNNKB_01290	Putative membrane protein
A0A4H9BVI6	EGPCNNKB_01291	3-isopropylmalate dehydrogenase
A0A0B7LNM6	EGPCNNKB_01292	2-isopropylmalate synthase
A0A0U0GSM8	EGPCNNKB_01293	2-isopropylmalate synthase
A0A0T7TLJ4	EGPCNNKB_01294	Hypothetical protein
A0A0T7TL79	EGPCNNKB_01295	Cytoplasmic copper homeostasis protein CutC
A0A0D6J7C6	EGPCNNKB_01296	Hypothetical protein related to heme utilization
B1IC54	EGPCNNKB_01297	DNA topoisomerase I
A0A0B7M4M5	EGPCNNKB_01298	Integral membrane protein
A0A0D6J8J8	EGPCNNKB_01299	DNA protecting protein DprA
Q93MI4	EGPCNNKB_01300	Cholinephosphate cytidylyltransferase LicC
A0A229FXM7	EGPCNNKB_01301	Choline permease LicB
A0A0E7ZYU3	EGPCNNKB_01302	Choline kinase LicA
Q8DPI3	EGPCNNKB_01303	Ribulose-5-phosphate reductase
A0A064BWJ5	EGPCNNKB_01304	Ribitol-5-phosphate cytidylyltransferase
A0A0E8SLM8	EGPCNNKB_01305	Membrane protein TacF involved in the export of O-antigen and teichoic acid
Q9X4D4	EGPCNNKB_01306	Lipopolysaccharide cholinephosphotransferase LicD1
A0A0B7MB36	EGPCNNKB_01307	Lipopolysaccharide cholinephosphotransferase LicD2
Q97QE4	EGPCNNKB_01308	Carbamoyl-phosphate synthase large chain CarB
A0A064BWJ2	EGPCNNKB_01309	Carbamoyl-phosphate synthase small chain CarA
C1CR29	EGPCNNKB_01310	Aspartate carbamoyltransferase
Q04K45	EGPCNNKB_01311	Bifunctional uracil phosphoribosyltransferase/pyrimidine operon regulatory protein PyrR
	EGPCNNKB_01312	PyrR
	EGPCNNKB_01312	
Q8DPH8	EGPCNNKB_01313	Endonuclease III
A0A0B7KY73	EGPCNNKB_01314	Protein%2C clustered with ribosomal protein L32p
	EGPCNNKB_01315	SpF43_sRNA
	EGPCNNKB_01315	
A0AA87CFE2	EGPCNNKB_01316	ABC transporter ATP-binding protein
C1CR23	EGPCNNKB_01317	Heat shock protein HtpX
C1C7R4	EGPCNNKB_01318	LemA
Q97QD4	EGPCNNKB_01319	16S rRNA (guanine(527)-N(7))-methyltransferase RsmG
	EGPCNNKB_01320	SpF44_sRNA
	EGPCNNKB_01320	
A0A098ZHN3	EGPCNNKB_01321	Uracil permease
A0AA86XP10	EGPCNNKB_01322	Signal recognition particle protein Ffh
Q8DPH0	EGPCNNKB_01323	Signal recognition particle associated protein
A0A0B7M7R8	EGPCNNKB_01324	Hypothetical protein
A0A0E7ZFQ5	EGPCNNKB_01325	dNTP triphosphohydrolase
A0A9Q9R059	EGPCNNKB_01326	Sugar phosphatase YidA
A0A0E7ZI26	EGPCNNKB_01327	hypothetical protein
	EGPCNNKB_01328	tRNA-Arg(cct)
	EGPCNNKB_01328	
Q97QC6	EGPCNNKB_01329	LSU ribosomal protein L19p
Q97QC5	EGPCNNKB_01330	ClC-type fluoride channel
Q97QC4	EGPCNNKB_01331	ClC-type fluoride channel
Q8DPG5	EGPCNNKB_01332	Chorismate mutase I
C1CEQ2	EGPCNNKB_01333	Flavodoxin
C1C7S7	EGPCNNKB_01334	DHH family phosphoesterase Pde2
A0AA87CAZ5	EGPCNNKB_01335	LSU ribosomal protein L31p
A0A0B7LYP4	EGPCNNKB_01336	Ferrous iron transport permease EfeU
A0A4J2FNW3	EGPCNNKB_01337	IS630 family transposase ISSpn2
A0A4J2CZ70	EGPCNNKB_01338	NADP-specific glutamate dehydrogenase
A0AA86XFM2	EGPCNNKB_01339	hypothetical protein
Q04JZ4	EGPCNNKB_01340	LSU ribosomal protein L7/L12 (P1/P2)
Q04JZ3	EGPCNNKB_01341	LSU ribosomal protein L10p (P0)
	EGPCNNKB_01342	L10_leader
	EGPCNNKB_01342	
A0A4J1VQN7	EGPCNNKB_01343	Methylthioadenosine deaminase
A0AA86XCN5	EGPCNNKB_01344	ABC transporter ATP-binding/permease protein
A0AA86XYD1	EGPCNNKB_01345	ABC transporter ATP-binding/permease protein
P0A3Q9	EGPCNNKB_01346	Peptide methionine sulfoxide reductase MsrAB1
A0A4J2CZ29	EGPCNNKB_01347	Hypothetical protein
C1CQZ4	EGPCNNKB_01348	Homoserine kinase
A0AA87C7F1	EGPCNNKB_01349	Homoserine dehydrogenase
C1CQZ3	EGPCNNKB_01350	Adaptor protein MecA
Q8CYN1	EGPCNNKB_01351	TarQ
A0AA86Y1Z3	EGPCNNKB_01352	Teichoic acid ribitol polymerase
A0A0H2UQP1	EGPCNNKB_01353	Glycosyltransferase%2C group 2 family
A0AA44MT57	EGPCNNKB_01354	Glycosyltransferase%2C group 1 family
A0AA86XFN9	EGPCNNKB_01355	Lipopolysaccharide cholinephosphotransferase LicD3
Q8DPD6	EGPCNNKB_01356	LytR-CpsA-Psr subfamily F1 cell envelope-associated transcriptional attenuator
A0AA86X3S8	EGPCNNKB_01357	Prephenate dehydratase
A0AA86X0K9	EGPCNNKB_01358	Shikimate kinase I
C1CQY4	EGPCNNKB_01359	5-Enolpyruvylshikimate-3-phosphate synthase
Q8DPD3	EGPCNNKB_01360	Transcriptional regulator
Q8DPD2	EGPCNNKB_01361	Prephenate dehydrogenase
B8ZKM3	EGPCNNKB_01362	Chorismate synthase
Q3I049	EGPCNNKB_01363	3-dehydroquinate synthase
Q3HZZ1	EGPCNNKB_01364	Shikimate/quinate 5-dehydrogenase I beta
A0A4J1SXB4	EGPCNNKB_01365	3-dehydroquinate dehydratase I
C1CEW7	EGPCNNKB_01366	Putative ribosomal RNA large subunit methyltransferase YwbD
C1CEW8	EGPCNNKB_01367	ABC transporter permease
C1C7Y1	EGPCNNKB_01368	ABC transporter ATP-binding protein
A0A0H2UQT1	EGPCNNKB_01369	Cytoplasmic alpha-amylase
A0A4J2FJZ8	EGPCNNKB_01370	Alanyl-tRNA synthetase
B1ICI4	EGPCNNKB_01371	Hypothetical protein
A0A4N2RG68	EGPCNNKB_01372	Spermidine/putrescine import ABC transporter substrate-binding protein PotD
C1C7Y7	EGPCNNKB_01373	Spermidine/putrescine import ABC transporter permease protein PotC
B2IQK4	EGPCNNKB_01374	Spermidine/putrescine import ABC transporter permease protein PotB
C1CEX7	EGPCNNKB_01375	Spermidine/putrescine import ABC transporter ATP-binding protein PotA
Q04JV9	EGPCNNKB_01376	UDP-N-acetylenolpyruvoylglucosamine reductase
A0A4J2GXL1	EGPCNNKB_01377	Hypothetical protein
A0A0T7ZJC2	EGPCNNKB_01378	Alpha-acetolactate decarboxylase
A0A4J2FPY6	EGPCNNKB_01379	Putative transcriptional regulator of pyridoxine metabolism
A0A0U0AJD0	EGPCNNKB_01380	Amino acid ABC transporter amino acid-binding/permease protein
Q8DPB6	EGPCNNKB_01381	Phosphate transport system regulatory protein PhoU2
C1CEY4	EGPCNNKB_01382	Phosphate transport ATP-binding protein PstB2_2
C1CEY5	EGPCNNKB_01383	Phosphate transport ATP-binding protein PstB2_1
Q8DPB3	EGPCNNKB_01384	Phosphate transport system permease protein PstA2
Q8DPB2	EGPCNNKB_01385	Phosphate transport system permease protein PstC2
Q97Q31	EGPCNNKB_01386	Phosphate ABC transporter periplasmic phosphate-binding protein PstS2
A0A0B7MDL7	EGPCNNKB_01387	Hypothetical protein
A0AA86X0J2	EGPCNNKB_01388	tRNA and rRNA cytosine-C5-methylase
A0A0T8AAM2	EGPCNNKB_01389	Inositol-1-monophosphatase
Q04JU6	EGPCNNKB_01390	Hypothetical protein
Q97Q26	EGPCNNKB_01391	Transcriptional regulator SpxA1
A0AA86YBU8	EGPCNNKB_01392	Integral membrane protein
A0AA87C5B1	EGPCNNKB_01393	Putative NagD-like phosphatase
Q8CYM5	EGPCNNKB_01394	Acyl-ACP thioesterase
Q8DPA6	EGPCNNKB_01395	Putative radical SAM family enzyme
C1CEZ8	EGPCNNKB_01396	Hypothetical protein
A0A0E8ADM7	EGPCNNKB_01397	General stress protein
C1CQU5	EGPCNNKB_01398	Prolipoprotein diacylglyceryl transferase
A0A229FYZ7	EGPCNNKB_01399	HPr kinase/phosphorylase
B2IQN3	EGPCNNKB_01400	SSU ribosomal protein S21p
C1CQU2	EGPCNNKB_01401	Glucosamine-6-phosphate deaminase
Q97Q15	EGPCNNKB_01402	S-adenosylmethionine:tRNA ribosyltransferase-isomerase
A0A4J2FQ83	EGPCNNKB_01403	IS1380 family transposase ISSpn5
A0A6G2CT29	EGPCNNKB_01404	Choline-binding protein CbpM
A0A0B7L6F0	EGPCNNKB_01405	Hypothetical protein
Q8DP98	EGPCNNKB_01406	Acetyltransferase%2C GNAT family
Q04JT1	EGPCNNKB_01407	NAD synthetase
A0A916PF67	EGPCNNKB_01408	Nicotinate phosphoribosyltransferase
A0AA86X298	EGPCNNKB_01409	Hypothetical protein
C1CF10	EGPCNNKB_01410	Transcriptional repressor
A0A0U0A3P2	EGPCNNKB_01411	Hypothetical protein
A0AA86XVD1	EGPCNNKB_01412	Multidrug efflux ABC transporter ATP-binding protein
A0A0T8K483	EGPCNNKB_01413	Peptidase%2C U32 family large subunit (C1)
C1CF13	EGPCNNKB_01414	hypothetical protein
Q8DP94	EGPCNNKB_01415	Peptidase%2C U32 family large subunit (C1)
Q8DP93	EGPCNNKB_01416	hypothetical protein
Q8DP92	EGPCNNKB_01417	hypothetical protein
Q8RT72	EGPCNNKB_01418	Type II restriction-modification system methyltransferase
A0A654UCG4	EGPCNNKB_01419	hypothetical protein
A0A4G1UHI7	EGPCNNKB_01420	Duplicated ATPase component of energizing module of putative ECF transporter
A0A0B7LM34	EGPCNNKB_01421	Transmembrane component of energizing module of putative ECF transporter
A0AA86YC75	EGPCNNKB_01422	Substrate-specific component of putative ECF transporter
A0AA86XZJ9	EGPCNNKB_01423	ABC transporter ATP-binding/permease protein
A0AA86XE87	EGPCNNKB_01424	ABC transporter ATP-binding/permease protein
A0AA86X2A4	EGPCNNKB_01425	Transcriptional regulator%2C AraC family
	EGPCNNKB_01426	Srn266
	EGPCNNKB_01426	
A0A4N0CYU3	EGPCNNKB_01427	IS1167 transposase Orf1
A0A0U0HX93	EGPCNNKB_01428	hypothetical protein
A0AA36PZZ3	EGPCNNKB_01429	IS1167 transposase Orf2
	EGPCNNKB_01430	SpR18_sRNA
	EGPCNNKB_01430	
Q04JQ8	EGPCNNKB_01431	GMP synthase%2C amidotransferase and ATP pyrophosphatase subunits
A0AA86XET3	EGPCNNKB_01432	Transcriptional regulator in cluster with beta-lactamase%2C GntR family
A0A0T8ZMM1	EGPCNNKB_01433	Drug/metabolite transporter superfamily protein
A0A4G1UH31	EGPCNNKB_01434	Beta-lactamase%2C class C
B2IQR5	EGPCNNKB_01435	C3-degrading proteinase
A0A4F2S328	EGPCNNKB_01436	Bifunctional N-acetylneuraminate cytidylyltransferase/platelet activating factor
B2IQR7	EGPCNNKB_01437	HAD superfamily hydrolase
A0A6G2DJ95	EGPCNNKB_01438	hypothetical protein
A0A4J2GAU2	EGPCNNKB_01439	Capsule biosynthesis protein CapA
Q9F2F0	EGPCNNKB_01440	Peptide deformylase
A0A0B7LT41	EGPCNNKB_01441	23S rRNA (guanosine(2251)-2'-O)-methyltransferase
A0A0E8AK73	EGPCNNKB_01442	Thioredoxin reductase
C1CF41	EGPCNNKB_01443	Hypothetical protein
A0AA86XMN1	EGPCNNKB_01444	Cysteine ABC transporter ATP-binding protein
Q8DP76	EGPCNNKB_01445	Cysteine ABC transporter permease protein
Q8DP75	EGPCNNKB_01446	Arsenate reductase
C1C858	EGPCNNKB_01447	Methylated-DNA--protein-cysteine methyltransferase
C1CF46	EGPCNNKB_01448	Acetyltransferase
Q8CYK8	EGPCNNKB_01449	Hypothetical protein
A0A0T7ZD96	EGPCNNKB_01450	Hemolysin III
Q97PX3	EGPCNNKB_01451	Pyridoxal 5'-phosphate synthase%2C glutaminase subunit PdxT
Q97PX2	EGPCNNKB_01452	Pyridoxal 5'-phosphate synthase%2C synthase subunit PdxS
C1C864	EGPCNNKB_01453	NADH peroxidase
C1C866	EGPCNNKB_01454	Putative thiamin biosynthesis lipoprotein
A0A0U0FT63	EGPCNNKB_01455	Fumarate reductase%2C flavoprotein subunit precursor
A0A4J2GK35	EGPCNNKB_01456	Fumarate reductase%2C flavoprotein subunit precursor
Q8DP67	EGPCNNKB_01457	Hypothetical protein
C1CQP4	EGPCNNKB_01458	Glycyl-tRNA synthetase beta chain
C1CQP3	EGPCNNKB_01459	Glycyl-tRNA synthetase alpha chain
C1C872	EGPCNNKB_01460	hypothetical protein
	EGPCNNKB_01461	SpR19_sRNA
	EGPCNNKB_01461	
A0A4F2S748	EGPCNNKB_01462	Ooxidoreductase of aldo/keto reductase family%2C subgroup 1
B2IQU5	EGPCNNKB_01463	Peptidoglycan N-acetylglucosamine deacetylase
C1CF62	EGPCNNKB_01464	hypothetical protein
A0A0U0GQD0	EGPCNNKB_01465	Oxidoreductase%2C Gfo/Idh/MocA family
A0AA87C8D0	EGPCNNKB_01466	ATP-dependent RNA helicase YfmL
A0A4J2GB97	EGPCNNKB_01467	IS630 family transposase ISSpn2
A0A0T7Z2X7	EGPCNNKB_01468	IS630 family transposase ISSpn2
A0A4J2A6Y2	EGPCNNKB_01469	IS1380 family transposase ISSpn5
C1CDC4	EGPCNNKB_01470	KH domain RNA-binding protein
Q04LD0	EGPCNNKB_01471	SSU ribosomal protein S16p
C1C6B4	EGPCNNKB_01472	Hypothetical protein
A0A0B7L1V4	EGPCNNKB_01473	Peptidyl-prolyl cis-trans isomerase
C1C6B2	EGPCNNKB_01474	ABC transporter ATP-binding protein
A0A0B7LG10	EGPCNNKB_01475	VanZF-related protein
A0AA86X4U2	EGPCNNKB_01476	putative dual-specificity RNA methyltransferase RlmN
C1C6A9	EGPCNNKB_01477	hypothetical protein
C1C6A8	EGPCNNKB_01478	Manganese superoxide dismutase
C1CDB3	EGPCNNKB_01479	DNA polymerase III delta subunit
Q9X9S0	EGPCNNKB_01480	Dihydroorotate dehydrogenase (fumarate)
Q97RN9	EGPCNNKB_01481	S-adenosylmethionine synthetase
A0AA87C5X4	EGPCNNKB_01482	ATP-dependent RNA helicase YqfR
A0A4J2GNZ3	EGPCNNKB_01483	Exodeoxyribonuclease III
A0A4J2D5B4	EGPCNNKB_01484	Maltose- and glucose-specific PTS IICBA components
A0AA86Y375	EGPCNNKB_01485	Cell division protein FtsX
C1C6A0	EGPCNNKB_01486	Cell division transporter%2C ATP-binding protein FtsE
Q2MGI2	EGPCNNKB_01487	Peptide chain release factor 2
A0AA86XBW8	EGPCNNKB_01488	CBS domain protein
A0A4G1VJ28	EGPCNNKB_01489	Branched-chain amino acid transport ATP-binding protein LivF
Q8DQH8	EGPCNNKB_01490	Branched-chain amino acid transport ATP-binding protein LivG
Q8DQH9	EGPCNNKB_01491	Branched-chain amino acid transport system permease protein LivM
Q8DQI0	EGPCNNKB_01492	High-affinity branched-chain amino acid transport system permease protein LivH
C1CD98	EGPCNNKB_01493	High-affinity leucine-specific transport system%2C periplasmic binding protein LivJ
A0A0T9AB05	EGPCNNKB_01494	Hypothetical protein
Q04LF4	EGPCNNKB_01495	ATP-dependent Clp protease proteolytic subunit ClpP
Q8DQI3	EGPCNNKB_01496	Uracil phosphoribosyltransferase
C1CD94	EGPCNNKB_01497	dCMP deaminase
Q8DQI5	EGPCNNKB_01498	Transcriptional regulator%2C AcrR family
Q97RQ6	EGPCNNKB_01499	DegV family protein
B2INC4	EGPCNNKB_01500	NAD(FAD)-utilizing dehydrogenase
A0A4G1VEC0	EGPCNNKB_01501	MutT/Nudix family protein
A0A0U0LSX6	EGPCNNKB_01502	HTH-type transcriptional activator mta
A0A4G1VKM2	EGPCNNKB_01503	Sodium-dependent transporter
A0A4G1VJC3	EGPCNNKB_01504	Mannose-6-phosphate isomerase
A0A4G1VGH6	EGPCNNKB_01505	6-phospho-beta-glucosidase
A0A0T7TLZ5	EGPCNNKB_01506	hypothetical protein
B1IAQ4	EGPCNNKB_01507	IS630 family transposase ISSpn2
A0A4J2G6C5	EGPCNNKB_01508	IS630 family transposase ISSpn2
Q8CZ01	EGPCNNKB_01509	Hypothetical protein
C1CD82	EGPCNNKB_01510	Pyruvate oxidase
A0A0T8UEJ4	EGPCNNKB_01511	Lead%2C cadmium%2C copper%2C zinc and mercury transporting P-type ATPase
A0A916P4L1	EGPCNNKB_01512	Copper-exporting ATPase
A0A0T7ZZL5	EGPCNNKB_01513	Negative transcriptional regulator of copper transport operon
	EGPCNNKB_01514	TPP
	EGPCNNKB_01514	
A0A0H2UP75	EGPCNNKB_01515	Hydroxymethylpyrimidine phosphate kinase ThiD
C1CD77	EGPCNNKB_01516	Thiamin-phosphate pyrophosphorylase
C1CQI9	EGPCNNKB_01517	Hydroxyethylthiazole kinase
Q8CZ02	EGPCNNKB_01518	Substrate-specific component ThiW of putative thiazole ECF transporter
A0A0T9I454	EGPCNNKB_01519	Thiaminase II TenA
A0AA86XTL1	EGPCNNKB_01520	Transmembrane component YkoC of energizing module of thiamin-regulated ECF transporter for hydroxymethylpyrimidine
A0A0E7Z2L0	EGPCNNKB_01521	Duplicated ATPase component YkoD of energizing module of thiamin-regulated ECF transporter for hydroxymethylpyrimidine
C1CD71	EGPCNNKB_01522	Substrate-specific component YkoE of thiamin-regulated ECF transporter for hydroxymethylpyrimidine
	EGPCNNKB_01523	TPP
	EGPCNNKB_01523	
A0A062WTJ4	EGPCNNKB_01524	Thiamin-phosphate pyrophosphorylase
A0A559BUT6	EGPCNNKB_01525	Hydroxyethylthiazole kinase
Q8DQK6	EGPCNNKB_01526	Thiaminase II
	EGPCNNKB_01527	TPP
	EGPCNNKB_01527	
Q8DQK7	EGPCNNKB_01528	L-Lactate 2-monooxygenase
A0A4J2FQ83	EGPCNNKB_01529	IS1380 family transposase ISSpn5
A0A4F2RZV8	EGPCNNKB_01530	Class II lysyl-tRNA synthetase
C1CD65	EGPCNNKB_01531	L-Lactate 2-monooxygenase
A0A4F2S1Q4	EGPCNNKB_01532	Glutamine ABC transporter permease GlnP3a
A0A4N0E2Y4	EGPCNNKB_01533	Glutamine ABC transporter permease GlnP3b
A0A4J2FQ83	EGPCNNKB_01534	IS1380 family transposase ISSpn5
A0A0I9CA19	EGPCNNKB_01535	Glutamine ABC transporter ATP-binding protein GlnQ3
A0AA86XMM9	EGPCNNKB_01536	Glutamine ABC transporter ATP-binding protein GlnQ3
Q8DQL2	EGPCNNKB_01537	hypothetical protein
Q8DQL3	EGPCNNKB_01538	Amino acid ABC transporter amino acid-binding/permease protein
A0A4J1UN03	EGPCNNKB_01539	ABC transporter ATP-binding protein
Q8CZ03	EGPCNNKB_01540	Hypothetical protein
C1C655	EGPCNNKB_01541	Hypothetical protein
A0A0D6J942	EGPCNNKB_01542	Hypothetical protein
A0A0B7LBR9	EGPCNNKB_01543	Hypothetical protein
P0CB78	EGPCNNKB_01544	Orotate phosphoribosyltransferase
C1CQG7	EGPCNNKB_01545	Orotidine 5'-phosphate decarboxylase
	EGPCNNKB_01546	PyrR
	EGPCNNKB_01546	
A0AA87CCP9	EGPCNNKB_01547	Cell division protein DivIB
C1CQG5	EGPCNNKB_01548	UDP-N-acetylglucosamine--N-acetylmuramyl- (pentapeptide) pyrophosphoryl-undecaprenol N-acetylglucosamine transferase
A0AA86X3K8	EGPCNNKB_01549	UDP-N-acetylmuramoylalanine--D-glutamate ligase
Q8DQM3	EGPCNNKB_01550	ABC transporter ATP-binding protein
A0A0T8QV08	EGPCNNKB_01551	Putative immunity protein
A0AA86XAF8	EGPCNNKB_01552	Hypothetical protein
Q8CZ11	EGPCNNKB_01553	Putative membrane protein
A0AA86Y837	EGPCNNKB_01554	GTP-binding protein TypA
A0AA86WZJ5	EGPCNNKB_01555	Ribosomal small subunit pseudouridine synthase A
C1C641	EGPCNNKB_01556	Hypothetical protein
Q8DQM7	EGPCNNKB_01557	Rhodanese-like domain protein
Q8DQM8	EGPCNNKB_01558	Hypothetical protein
Q8DQM9	EGPCNNKB_01559	Methionine biosynthesis and transport regulator MtaR%2C LysR family
C1C637	EGPCNNKB_01560	Short-chain dehydrogenase
C1CQF2	EGPCNNKB_01561	Ribonuclease Z
B2IMY7	EGPCNNKB_01562	Cystathionine beta-lyase
Q8DQN2	EGPCNNKB_01563	GTP-binding protein HflX
A0AA87CB49	EGPCNNKB_01564	tRNA dimethylallyltransferase MiaA
Q8CZ15	EGPCNNKB_01565	Hypothetical protein
Q04LL8	EGPCNNKB_01566	Thymidylate synthase
A0AA86Y343	EGPCNNKB_01567	Glucokinase
A0A4J2FQN9	EGPCNNKB_01568	Endo-beta-N-acetylglucosaminidase%2C choline-binding protein CbpL
B1IAK4	EGPCNNKB_01569	2-succinyl-6-hydroxy-2%2C4-cyclohexadiene-1-carboxylate synthase
A0AA86WZK7	EGPCNNKB_01570	Bifunctional para-aminobenzoate synthase%2C aminase component/aminodeoxychorismate lyase
A0AA87C4C8	EGPCNNKB_01571	Zinc metalloprotease ZmpB precursor
A0AA86XIJ4	EGPCNNKB_01572	YwlG
C1CD29	EGPCNNKB_01573	Two-component sensor kinase YesM
A0AA86Y872	EGPCNNKB_01574	Two-component response regulator YesN
C1CD27	EGPCNNKB_01575	Peptide methionine sulfoxide reductase MsrAB2
A0AA87CBX6	EGPCNNKB_01576	Thiol:disulfide oxidoreductase
C1CD25	EGPCNNKB_01577	Cytochrome c-type biogenesis protein CcdA-1
C1CD24	EGPCNNKB_01578	Inner membrane protein YihY
A0AA87CB47	EGPCNNKB_01579	Na+/H+ antiporter
A0A0E8ABG5	EGPCNNKB_01580	Hypothetical protein
Q8DQP3	EGPCNNKB_01581	Putative rRNA methylase YtqB
A0AA86XAH6	EGPCNNKB_01582	hypothetical protein
A0A4J2CLY0	EGPCNNKB_01583	hypothetical protein
A0A916L609	EGPCNNKB_01584	Hypothetical protein
	EGPCNNKB_01585	SpF25_sRNA
	EGPCNNKB_01585	
A0A9P1VJZ2	EGPCNNKB_01586	hypothetical protein
A0AA86XHW0	EGPCNNKB_01587	hypothetical protein
A0A4I7EUS8	EGPCNNKB_01588	hypothetical protein
A0AA87C582	EGPCNNKB_01589	Beta-galactosidase BgaA
B2IMV8	EGPCNNKB_01590	Galactose-specific PTS IIC component
Q8CZ23	EGPCNNKB_01591	Galactose-specific PTS IIB component
A0AA86XMR1	EGPCNNKB_01592	Galactose-specific PTS IIA component
A0AA87C7A7	EGPCNNKB_01593	Serine protease PrtA precursor
A0A0U0M581	EGPCNNKB_01594	hypothetical protein
Q8DQP8	EGPCNNKB_01595	Multidrug ABC transporter permease protein
Q8DQP9	EGPCNNKB_01596	Antibiotic ABC transporter permease protein
B2IMV0	EGPCNNKB_01597	ABC transporter ATP-binding protein
A0A0B7LEL3	EGPCNNKB_01598	Hypothetical protein
	EGPCNNKB_01599	Intron_gpII
	EGPCNNKB_01599	
B8ZML9	EGPCNNKB_01600	LSU ribosomal protein L1p (L10Ae)
Q97RZ6	EGPCNNKB_01601	LSU ribosomal protein L11p (L12e)
C1CD01	EGPCNNKB_01602	L%2CD-carboxypeptidase
C1CD00	EGPCNNKB_01603	Histidine triad family protein
A0A4J2FUI6	EGPCNNKB_01604	Deblocking aminopeptidase
A0A5R9B059	EGPCNNKB_01605	Branched-chain amino acid transport system carrier protein
	EGPCNNKB_01606	SpF22_sRNA
	EGPCNNKB_01606	
C1CCZ6	EGPCNNKB_01607	hypothetical protein
C1CCZ5	EGPCNNKB_01608	Uracil-DNA glycosylase
C1CCZ4	EGPCNNKB_01609	Dipeptidase PepV
C1CCZ3	EGPCNNKB_01610	Bifunctional oxygen-insensitive NAD(P)H nitroreductase/dihydropteridine reductase
Q8CWT0	EGPCNNKB_01611	Cysteine ABC transporter substrate-binding protein
B2IMT6	EGPCNNKB_01612	Serine/threonine protein phosphatase
B2IMT5	EGPCNNKB_01613	Serine/threonine protein phosphatase
B8ZMK5	EGPCNNKB_01614	Excinuclease ABC subunit C
C1C5Y5	EGPCNNKB_01615	Putative Zn-dependent protease
Q9L446	EGPCNNKB_01616	tRNA-dependent lipid II-Ala--L-alanine ligase MurN
Q4TUJ7	EGPCNNKB_01617	tRNA-dependent lipid II--L-alanine/serine ligase MurM
B2IMT0	EGPCNNKB_01618	Tributyrin esterase
Q8DQR3	EGPCNNKB_01619	Ribonuclease J2
A0AAD2KA13	EGPCNNKB_01620	Single-stranded-DNA-specific exonuclease RecJ
C1CCY4	EGPCNNKB_01621	Glutamine ABC transporter ATP-binding protein GlnQ4
A0AA86Y851	EGPCNNKB_01622	Glutamine ABC transporter substrate-binding protein GlnH2
A0AA87CGT1	EGPCNNKB_01623	Glutamine ABC transporter permease GlnP2a
C1C5X6	EGPCNNKB_01624	Glutamine ABC transporter permease GlnP2b
C1C5X5	EGPCNNKB_01625	Oxidoreductase
C1CCX9	EGPCNNKB_01626	Class II fructose-bisphosphate aldolase
A0A0T8Y234	EGPCNNKB_01627	Two-component system sensor histidine kinase VncS
A0A9P1RL26	EGPCNNKB_01628	Two-component system response regulator VncR
Q9S4J0	EGPCNNKB_01629	Peptide ABC transporter membrane-spanning permease Vex3
B2IMR7	EGPCNNKB_01630	ABC transporter ATP-binding protein Vex2
A0AA86XPE9	EGPCNNKB_01631	Peptide ABC transporter membrane-spanning permease Vex1
A0A0T7YKG5	EGPCNNKB_01632	hypothetical protein
A0A9P1L7U7	EGPCNNKB_01633	Leucine rich protein
Q8DQS7	EGPCNNKB_01634	Mini-ribonuclease III
Q97S25	EGPCNNKB_01635	Cysteinyl-tRNA synthetase
C1C5W1	EGPCNNKB_01636	Acetyltransferase%2C GNAT family
A0A0T8XGM0	EGPCNNKB_01637	Serine acetyltransferase
A0AA87CGS2	EGPCNNKB_01638	Polyribonucleotide nucleotidyltransferase
A0A0U0L2I1	EGPCNNKB_01639	5%2C10-methylenetetrahydrofolate reductase
A0AA36LHE2	EGPCNNKB_01640	5-methyltetrahydropteroyltriglutamate-- homocysteine methyltransferase
A0A0B7LZ50	EGPCNNKB_01641	ISSpn8 transposase
A0A0B7L1P7	EGPCNNKB_01642	Putative integral membrane protein
A0AA87C8C0	EGPCNNKB_01643	Phenylalanyl-tRNA synthetase beta chain
A0A0B7KXV4	EGPCNNKB_01644	N1-spermidine/spermine acetyltransferase PaiA
Q97S36	EGPCNNKB_01645	Phenylalanyl-tRNA synthetase alpha chain
A0A9P1PCH1	EGPCNNKB_01646	6-phospho-beta-glucosidase
A0A4M2KPQ3	EGPCNNKB_01647	Beta-glucoside-specific PTS IIBCA components
A0A064C2F5	EGPCNNKB_01648	Beta-glucoside bgl operon antiterminator BglG
	EGPCNNKB_01649	SpF19_sRNA
	EGPCNNKB_01649	
Q8DNZ4	EGPCNNKB_01650	IS3 family transposase ISSpn11
A0A4J2AWX3	EGPCNNKB_01651	IS3 family transposase ISSpn11
C1C5U5	EGPCNNKB_01652	Fic domain protein
A0A9P1RH91	EGPCNNKB_01653	hypothetical protein
A0A0B7LSY0	EGPCNNKB_01654	hypothetical protein
A0A9P1L8T8	EGPCNNKB_01655	Valyl-tRNA synthetase
A0A0T8GN13	EGPCNNKB_01656	hypothetical protein
A0A0T7IFI6	EGPCNNKB_01657	Acetyltransferase
A0A064C558	EGPCNNKB_01658	Hypothetical protein
C1CCU6	EGPCNNKB_01659	Hypothetical protein
Q8CZ41	EGPCNNKB_01660	Hypothetical protein
A0AA86XH17	EGPCNNKB_01661	Hypothetical protein
Q8CZ42	EGPCNNKB_01662	Glycerate kinase
A0A0B7LZV6	EGPCNNKB_01663	Hypothetical protein
A0A0B7LZ30	EGPCNNKB_01664	Hypothetical protein
A0AA86Y810	EGPCNNKB_01665	Hypothetical protein
C1CQ49	EGPCNNKB_01666	Ribosome-binding factor A
C1CQ48	EGPCNNKB_01667	Translation initiation factor 2
C1CCT7	EGPCNNKB_01668	L7Ae family ribosomal protein
Q8DQV4	EGPCNNKB_01669	Putative nucleic-acid-binding protein implicated in transcription termination
C1CCT5	EGPCNNKB_01670	Transcription termination/antitermination protein NusA
C1CQ44	EGPCNNKB_01671	Bacterial ribosome SSU maturation protein RimP
A0A0B7KV02	EGPCNNKB_01672	tRNA (guanine46-N7-)-methyltransferase
C1CCT2	EGPCNNKB_01673	Aminoglycoside phosphotransferase family protein
A7XHI6	EGPCNNKB_01674	Putative protease
Q9FBH0	EGPCNNKB_01675	Immunity protein BlpZ
A0AA86X1N4	EGPCNNKB_01676	Bacteriocin immunity protein BlpY
A0A064C0Y1	EGPCNNKB_01677	PncW
A0AA86XH08	EGPCNNKB_01678	hypothetical protein
A0A0T8K137	EGPCNNKB_01679	IS1381 transposase OrfB
A0AA86XCG4	EGPCNNKB_01680	IS1381 transposase OrfA
G3ECD6	EGPCNNKB_01681	IS5 family transposase ISSpn7
A0A0U0LIG7	EGPCNNKB_01682	hypothetical protein
A0A0T8K1H1	EGPCNNKB_01683	hypothetical protein
A0A0T8BFS0	EGPCNNKB_01684	Putative protease
	EGPCNNKB_01685	group-II-D1D4-1
	EGPCNNKB_01685	
	EGPCNNKB_01686	group-II-D1D4-3
	EGPCNNKB_01686	
A0A0U0CGX7	EGPCNNKB_01687	hypothetical protein
A0A0T8B7W5	EGPCNNKB_01688	hypothetical protein
A0A4J1XGS9	EGPCNNKB_01689	hypothetical protein
A0AA87C683	EGPCNNKB_01690	Competence-stimulating peptide ABC transporter ATP-binding protein ComA
A0AA87C5Y4	EGPCNNKB_01691	Competence-stimulating peptide ABC transporter ATP-binding protein ComA
A0AA87CCL4	EGPCNNKB_01692	Competence-stimulating peptide ABC transporter permease protein ComB
Q9F2F8	EGPCNNKB_01693	Peptide pheromone BlpC
A0A4J2FQ83	EGPCNNKB_01694	IS1380 family transposase ISSpn5
A0A0U0HUV3	EGPCNNKB_01695	Two-component system sensor histidine kinase BlpH
A7XHJ0	EGPCNNKB_01696	Two-component system response regulator BlpR
A0A0T8BG62	EGPCNNKB_01697	BlpS protein
A0A0B7LVM3	EGPCNNKB_01698	BlpT protein
A0A0B7M1J8	EGPCNNKB_01699	ABC transporter permease protein EcsB
C1CCR3	EGPCNNKB_01700	ABC transporter ATP-binding protein EcsA
Q8DQW8	EGPCNNKB_01701	Histidine triad nucleotide-binding protein
Q8CZ48	EGPCNNKB_01702	Hypothetical protein
A0AA86XHN9	EGPCNNKB_01703	Chaperone protein DnaJ
A0A0B7M1K1	EGPCNNKB_01704	hypothetical protein
Q04LY0	EGPCNNKB_01705	Chaperone protein DnaK
B2IMB4	EGPCNNKB_01706	Heat shock protein GrpE
C1CQ16	EGPCNNKB_01707	Heat-inducible transcription repressor HrcA
A0A0B7M6D4	EGPCNNKB_01708	Hypothetical protein
A0A0B7L1R7	EGPCNNKB_01709	Type I restriction-modification system restriction subunit R
A0A0T7JHR3	EGPCNNKB_01710	Type I restriction-modification system DNA-methyltransferase subunit M
A0A172W5N8	EGPCNNKB_01711	Type I restriction-modification system%2C specificity subunit S type F
A0AA86Y2X2	EGPCNNKB_01712	Type I restriction-modification system%2C specificity subunit S component 2.2
C1CCQ0	EGPCNNKB_01713	Integrase/recombinase CreX (XerC/CodV family)
A0AA47CDS9	EGPCNNKB_01714	Type I restriction-modification system%2C specificity subunit S components 1.1-2.1
A0A916L663	EGPCNNKB_01715	hypothetical protein
Q8DQX6	EGPCNNKB_01716	Glutamine synthetase type I
Q8DQX7	EGPCNNKB_01717	Transcriptional regulator%2C MerR family
Q8CZ51	EGPCNNKB_01718	Hypothetical protein
C1CQ04	EGPCNNKB_01719	Phosphoglycerate kinase
A0AA87C5H8	EGPCNNKB_01720	Endo-beta-N-acetylglucosaminidase EndoD
A0A0U0DZK1	EGPCNNKB_01721	Sodium-dependent phosphate transporter NptA
Q8DQY0	EGPCNNKB_01722	CTP synthase
Q04LZ9	EGPCNNKB_01723	DNA-directed RNA polymerase delta subunit
B1IA30	EGPCNNKB_01724	Hypothetical protein
B1IA29	EGPCNNKB_01725	Hypothetical protein
A0AA87CAZ7	EGPCNNKB_01726	Membrane-associated phospholipid phosphatase
A0AA86XGY0	EGPCNNKB_01727	Substrate-specific component RibU of riboflavin ECF transporter
	EGPCNNKB_01728	FMN
	EGPCNNKB_01728	
C1CCN4	EGPCNNKB_01729	tRNA (cytidine(34)-2'-O)-methyltransferase
	EGPCNNKB_01730	23S-methyl
	EGPCNNKB_01730	
C1CCN3	EGPCNNKB_01731	Transmembrane component MtsC of energizing module of methionine-regulated ECF transporter
A0A0E7TIQ9	EGPCNNKB_01732	Duplicated ATPase component MtsB of energizing module of methionine-regulated ECF transporter
B2IM89	EGPCNNKB_01733	Hypothetical protein
Q97SA4	EGPCNNKB_01734	Substrate-specific component MtsA of methionine-regulated ECF transporter
C1CCM9	EGPCNNKB_01735	Hypothetical protein
C1CCM8	EGPCNNKB_01736	Trk family potassium uptake protein TrkA
A0A0H2UNU3	EGPCNNKB_01737	Trk family potassium uptake protein TrkH
A0AA87C8V9	EGPCNNKB_01738	Lactose-specific PTS IIBC components
A0AA86XZ04	EGPCNNKB_01739	6-phospho-beta-galactosidase
Q8DQZ2	EGPCNNKB_01740	Lactose-specific PTS IIA component
A0AA86X180	EGPCNNKB_01741	Hypothetical protein
A0A0B7MEK5	EGPCNNKB_01742	Cellobiose-specific PTS IIC component
B1I9R3	EGPCNNKB_01743	Xylose repressor protein
A0A0T9I2B2	EGPCNNKB_01744	Hypothetical protein
A0A0U0DZP2	EGPCNNKB_01745	Hypothetical protein
A0A0T8UQK3	EGPCNNKB_01746	hypothetical protein
	EGPCNNKB_01747	Srn266
	EGPCNNKB_01747	
A0AA86Y2V6	EGPCNNKB_01748	IS1167 transposase
A0A4J2CEE8	EGPCNNKB_01749	IS1167 transposase
A7KT36	EGPCNNKB_01750	hypothetical protein
A7KT42	EGPCNNKB_01751	hypothetical protein
A7KT41	EGPCNNKB_01752	hypothetical protein
A7KT33	EGPCNNKB_01753	hypothetical protein
A7KT39	EGPCNNKB_01754	hypothetical protein
A7KT38	EGPCNNKB_01755	hypothetical protein
B1I9Q2	EGPCNNKB_01756	hypothetical protein
	EGPCNNKB_01757	Srn266
	EGPCNNKB_01757	
A0A9P1PEP5	EGPCNNKB_01758	IS1167 transposase
B1I9Q0	EGPCNNKB_01759	Pyruvate formate-lyase
A0A0T9I448	EGPCNNKB_01760	DNA polymerase IV
Q04M23	EGPCNNKB_01761	Undecaprenyl-diphosphatase
C1CDR5	EGPCNNKB_01762	hypothetical protein
A0AA87C5N9	EGPCNNKB_01763	hypothetical protein
A0A0B7LAR3	EGPCNNKB_01764	Hypothetical protein
A0A0U0L484	EGPCNNKB_01765	Glutamine ABC transporter permease GlnHP1
Q8DR01	EGPCNNKB_01766	Glutamine ABC transporter ATP-binding protein GlnQ1
Q8CZ60	EGPCNNKB_01767	Hypothetical protein
C1CCL2	EGPCNNKB_01768	Threonine dehydratase
C1CCL1	EGPCNNKB_01769	Hypothetical protein
A0A0E8Z4Y1	EGPCNNKB_01770	hypothetical protein
A0A098YY27	EGPCNNKB_01771	Ketol-acid reductoisomerase
Q8DR04	EGPCNNKB_01772	Acetolactate synthase small subunit
C1CCK7	EGPCNNKB_01773	Acetolactate synthase large subunit
A0A0H2UNS2	EGPCNNKB_01774	Dihydroxyacetone kinase-like protein
C1CCK5	EGPCNNKB_01775	Putative alkaline-shock protein
A0A064BZB4	EGPCNNKB_01776	LSU ribosomal protein L28p
Q8DR09	EGPCNNKB_01777	Peptide chain release factor 3
C1CPU8	EGPCNNKB_01778	Bifunctional aspartyl-tRNA(Asp) amidotransferase subunit C/glutamyl-tRNA(Glu) amidotransferase subunit C
C1CPU7	EGPCNNKB_01779	Bifunctional aspartyl-tRNA(Asp) amidotransferase subunit A/glutamyl-tRNA(Glu) amidotransferase subunit A
C1CPU6	EGPCNNKB_01780	Bifunctional aspartyl-tRNA(Asp) amidotransferase subunit B/glutamyl-tRNA(Glu) amidotransferase subunit B
A0AA86X1L8	EGPCNNKB_01781	Alcohol dehydrogenase
Q04M43	EGPCNNKB_01782	Translation elongation factor P
Q8DR12	EGPCNNKB_01783	Alkaline shock protein
Q04M45	EGPCNNKB_01784	Transcription termination protein NusB
A0A916P9V1	EGPCNNKB_01785	Hypothetical protein
A0A064BZA7	EGPCNNKB_01786	Acetyl-coenzyme A carboxyl transferase alpha chain
Q7CRB7	EGPCNNKB_01787	Acetyl-coenzyme A carboxyl transferase beta chain
Q9FBB9	EGPCNNKB_01788	Biotin carboxylase of acetyl-CoA carboxylase
Q04M51	EGPCNNKB_01789	3-hydroxyacyl-(acyl-carrier-protein) dehydratase FabZ
Q9FBC1	EGPCNNKB_01790	Biotin carboxyl carrier protein of acetyl-CoA carboxylase
Q8DR14	EGPCNNKB_01791	3-oxoacyl-(acyl-carrier-protein) synthase FabF
A0A916L400	EGPCNNKB_01792	3-oxoacyl-[acyl-carrier protein] reductase FabG1
A0A0E8HG21	EGPCNNKB_01793	Malonyl CoA-acyl carrier protein transacylase FabD
A0A0H2UNJ5	EGPCNNKB_01794	Enoyl-(acyl-carrier-protein) reductase FabK
P0A2W1	EGPCNNKB_01795	Acyl carrier protein
Q04M58	EGPCNNKB_01796	3-oxoacyl-(acyl-carrier-protein) synthase FabH
A0AA86XNV1	EGPCNNKB_01797	Transcriptional regulator of fatty acid biosynthesis FabT
C1CCI0	EGPCNNKB_01798	Trans-2%2Ccis-3-Decenoyl-ACP isomerase
Q8DR20	EGPCNNKB_01799	Aspartokinase
A0A0B7LWQ6	EGPCNNKB_01800	Putative regulator of the mannose operon ManO
Q97SG0	EGPCNNKB_01801	Seryl-tRNA synthetase
A0A916P581	EGPCNNKB_01802	Exfoliative toxin A
Q8DR24	EGPCNNKB_01803	Macrophage infectivity potentiator protein
A0AA87CGC4	EGPCNNKB_01804	Sodium/glycine symporter GlyP
	EGPCNNKB_01805	Glycine
	EGPCNNKB_01805	
C1CPR7	EGPCNNKB_01806	Recombination inhibitory protein MutS2
C1C5E3	EGPCNNKB_01807	Z-ring positive regulator ZapB
C1CCH1	EGPCNNKB_01808	Z-ring positive regulator ZapA
A0AA87C4H5	EGPCNNKB_01809	Ribonuclease HIII
Q3I0J5	EGPCNNKB_01810	Signal peptidase I
A0AA87C5I4	EGPCNNKB_01811	RecD-like DNA helicase YrrC
C1CPR1	EGPCNNKB_01812	Cell division trigger factor
A0A9P1L7K0	EGPCNNKB_01813	hypothetical protein
A0A4J2FDC2	EGPCNNKB_01814	Glutamyl endopeptidase
C1C5C9	EGPCNNKB_01815	Hypothetical protein
A0A4J2BC58	EGPCNNKB_01816	hypothetical protein
Q9S1J7	EGPCNNKB_01817	Two-component transcriptional regulator VraR
B2ILS7	EGPCNNKB_01818	Two-component system sensor histidine kinase VraS
C1CCF1	EGPCNNKB_01819	Cell wall-active antibiotics response protein VraT
Q97SH8	EGPCNNKB_01820	Isopentenyl-diphosphate delta-isomerase%2C FMN-dependent
B2ILS4	EGPCNNKB_01821	Phosphomevalonate kinase
B2ILS3	EGPCNNKB_01822	Diphosphomevalonate decarboxylase
C1C5C0	EGPCNNKB_01823	Mevalonate kinase
A0A4J2FK19	EGPCNNKB_01824	hypothetical protein
B2ILS1	EGPCNNKB_01825	hypothetical protein
B2ILS0	EGPCNNKB_01826	Macrolide-efflux protein
A0A4J2FE96	EGPCNNKB_01827	Choline-binding protein CbpF
A0AA87C5B8	EGPCNNKB_01828	Choline-binding protein CbpF
B1I9H6	EGPCNNKB_01829	Orphan response regulator RitR
A0AA86Y7E2	EGPCNNKB_01830	6-phosphogluconate dehydrogenase%2C decarboxylating
A0AA86XCW6	EGPCNNKB_01831	Mid-cell-anchored protein Z
A0A916L4N7	EGPCNNKB_01832	23S rRNA (guanine(2445)-N(2))-methyltransferase
	EGPCNNKB_01833	RNaseP_bact_b
	EGPCNNKB_01833	
C1CPN9	EGPCNNKB_01834	Cell division protein GpsB
A0A0E8LBN5	EGPCNNKB_01835	Hypothetical protein
T2BR99	EGPCNNKB_01836	RecU Holliday junction resolvase
Q75YL8	EGPCNNKB_01837	Multimodular transpeptidase-transglycosylase%2C penicillin-binding protein 1A
A0AA86XNG2	EGPCNNKB_01838	Endo-alpha-N-acetylgalactosaminidase Eng
T2BPT2	EGPCNNKB_01839	Oligopeptide ABC transporter%2C periplasmic oligopeptide-binding protein AliA
A0A4P8GDU5	EGPCNNKB_01840	hypothetical protein
Q4K1G5	EGPCNNKB_01841	UDP-galactopyranose mutase Cps2P
Q4K161	EGPCNNKB_01842	UDP-galactopyranose mutase
A0A060QNA1	EGPCNNKB_01843	dTDP-4-dehydrorhamnose reductase Cps2O
A0A060QRN4	EGPCNNKB_01844	dTDP-glucose 4%2C6-dehydratase Cps2N
G3GGW3	EGPCNNKB_01845	dTDP-4-dehydrorhamnose 3%2C5-epimerase Cps2M
Q4K105	EGPCNNKB_01846	Glucose-1-phosphate thymidylyltransferase Cps2L
A0A060QMS4	EGPCNNKB_01847	UDP-N-acetylglucosamine 2-epimerase
Q9ZFT2	EGPCNNKB_01848	hypothetical protein
G3GGH5	EGPCNNKB_01849	hypothetical protein
Q4K109	EGPCNNKB_01850	hypothetical protein
Q4K110	EGPCNNKB_01851	Lipopolysaccharide cholinephosphotransferase LicD1
Q9ZFT6	EGPCNNKB_01852	N-acetylglucosaminyldiphosphoundecaprenol N-acetyl-beta-D-mannosaminyltransferase
G3GGV5	EGPCNNKB_01853	Undecaprenyl-phosphate galactosephosphotransferase Cps2E
G3GGV4	EGPCNNKB_01854	Tyrosine-protein kinase Cps2D
G3GGT8	EGPCNNKB_01855	Capsular biosynthesis protein Cps2C
Q9ZFU0	EGPCNNKB_01856	Tyrosine-protein phosphatase Cps2B
G3GGG7	EGPCNNKB_01857	Exopolysaccharide biosynthesis transcriptional regulator Cps2A
A0A4J2DB31	EGPCNNKB_01858	IS630 family transposase IS630-Spn1
A0A4P8GD88	EGPCNNKB_01859	Glucan 1%2C6-alpha-glucosidase
Q97SJ8	EGPCNNKB_01860	ATP-dependent Zn protease
Q04MC2	EGPCNNKB_01861	Bifunctional S-ribosylhomocysteine lyase/autoinducer-2 production protein LuxS
T2BRM7	EGPCNNKB_01862	Putative ATP-dependent Clp proteinase ATP-binding subunit ClpL
T2BRP8	EGPCNNKB_01863	Phospho-N-acetylmuramoyl-pentapeptide- transferase
T2BRN0	EGPCNNKB_01864	Penicillin-binding protein 2X
T2BRR5	EGPCNNKB_01865	Cell division protein FtsL
H8ZYQ3	EGPCNNKB_01866	16S rRNA (cytosine(1402)-N(4))-methyltransferase MraW
Q8DR71	EGPCNNKB_01867	Transcriptional regulator%2C PbsX family
A0A4J1VMT0	EGPCNNKB_01868	hypothetical protein
C1CBA9	EGPCNNKB_01869	Hypothetical protein
C1CCA5	EGPCNNKB_01870	hypothetical protein
C1CCA4	EGPCNNKB_01871	Transcriptional regulator RegR
A0A4J1ZCT1	EGPCNNKB_01872	Oligohyaluronate lyase
B1I946	EGPCNNKB_01873	Preprotein translocase subunit YajC
C1CBA4	EGPCNNKB_01874	Hyaluronate-oligosaccharide-specific PTS IID component
Q8DR75	EGPCNNKB_01875	Hyaluronate-oligosaccharide-specific PTS IIC component
Q8DR76	EGPCNNKB_01876	Hyaluronate-oligosaccharide-specific PTS IIB component
A0A0B7MAW4	EGPCNNKB_01877	Unsaturated chondroitin disaccharide hydrolase
Q8DR78	EGPCNNKB_01878	Hyaluronate-oligosaccharide-specific PTS IIA component
Q8DR79	EGPCNNKB_01879	2-deoxy-D-gluconate 3-dehydrogenase
A0A0H2UNJ8	EGPCNNKB_01880	Putative 4-deoxy-L-threo-5-hexosulose-uronate ketol-isomerase
C1CC94	EGPCNNKB_01881	2-dehydro-3-deoxygluconokinase
C1CB96	EGPCNNKB_01882	Bifunctional 4-hydroxy-2-oxoglutarate aldolase/2-dehydro-3-deoxyphosphogluconate aldolase
A0AA95DAT1	EGPCNNKB_01883	IS200/IS605 family transposase ISStin10
M4YR67	EGPCNNKB_01884	Hyaluronate lyase precursor SpnHL
A0A4J1WJM0	EGPCNNKB_01885	Hyaluronate lyase precursor SpnHL
Q8DR82	EGPCNNKB_01886	Glutathione peroxidase family protein
	EGPCNNKB_01887	SpF11_sRNA
	EGPCNNKB_01887	
A0A098Z6C6	EGPCNNKB_01888	Maltodextrin glucosidase
	EGPCNNKB_01889	SpF10_sRNA
	EGPCNNKB_01889	
A0A0B7LX26	EGPCNNKB_01890	hypothetical protein
Q8CZ76	EGPCNNKB_01891	Hypothetical protein
C1CC87	EGPCNNKB_01892	Tyrosine recombinase XerC
Q8CWU4	EGPCNNKB_01893	SSU ribosomal protein S9p (S16e)
Q8CWU5	EGPCNNKB_01894	LSU ribosomal protein L13p (L13Ae)
	EGPCNNKB_01895	L13_leader
	EGPCNNKB_01895	
Q8CZ79	EGPCNNKB_01896	Hypothetical protein
C1CC82	EGPCNNKB_01897	Bifunctional dihydroneopterin aldolase/2-amino-4-hydroxy-6-hydroxymethyldihydropteridine pyrophosphokinase
C1CIH2	EGPCNNKB_01898	GTP cyclohydrolase I type 1
A0A4J2FL14	EGPCNNKB_01899	Bifunctional dihydrofolate synthase/folylpolyglutamate synthase
A0A8F5DQJ9	EGPCNNKB_01900	Dihydropteroate synthase
A0A6I3UPE2	EGPCNNKB_01901	Membrane-bound protease%2C CAAX family
A0A0T8AEJ3	EGPCNNKB_01902	Guanine-hypoxanthine permease
B2ISL4	EGPCNNKB_01903	Hydrolase%2C HAD superfamily
A0A0B7LSF0	EGPCNNKB_01904	Alcohol dehydrogenase
C1CB58	EGPCNNKB_01905	Mannose-specific PTS IIAB components
Q8DR98	EGPCNNKB_01906	Mannose-specific PTS IIC component
Q8DR99	EGPCNNKB_01907	Mannose-specific PTS IID component
C1CC70	EGPCNNKB_01908	Aminopeptidase C
C1CB54	EGPCNNKB_01909	Ribosomal small subunit pseudouridine synthase A
C1CC68	EGPCNNKB_01910	Membrane protein
C1CC67	EGPCNNKB_01911	Aminopeptidase PepS
C1CC66	EGPCNNKB_01912	Hypothetical protein
Q8DRA4	EGPCNNKB_01913	mRNA interferase RelE1
C1CC64	EGPCNNKB_01914	Antitoxin RelB1
A0A6G2DCI5	EGPCNNKB_01915	DNA polymerase III
Q04MH7	EGPCNNKB_01916	Translation elongation factor G
Q8CWU6	EGPCNNKB_01917	SSU ribosomal protein S7p (S5e)
E2DP60	EGPCNNKB_01918	SSU ribosomal protein S12p (S23e)
A0A4J1SFW7	EGPCNNKB_01919	Pullulanase SpuA
A0AA36PZ18	EGPCNNKB_01920	Pullulanase SpuA
Q8DRA7	EGPCNNKB_01921	Oxidoreductase
A0AA86JUT9	EGPCNNKB_01922	Glucosamine--fructose-6-phosphate aminotransferase
Q8DRA9	EGPCNNKB_01923	6-phospho-beta-glucosidase
C1CPD8	EGPCNNKB_01924	Prolyl-tRNA synthetase
A0A0T8CCL6	EGPCNNKB_01925	Intramembrane protease Eep
C1CB37	EGPCNNKB_01926	Phosphatidate cytidylyltransferase
Q8DRB3	EGPCNNKB_01927	Undecaprenyl diphosphate synthase
	EGPCNNKB_01928	csRNA
	EGPCNNKB_01928	
A0A9P1PBI0	EGPCNNKB_01929	Hypothetical protein
A0A0B7LYW5	EGPCNNKB_01930	Hypothetical protein
Q8CWU7	EGPCNNKB_01931	Holliday junction DNA helicase RuvB
	EGPCNNKB_01932	csRNA
	EGPCNNKB_01932	
B1I8Y5	EGPCNNKB_01933	Acetyltransferase%2C GNAT family
B1I8Y4	EGPCNNKB_01934	Acetyltransferase%2C GNAT family
B1I8Y3	EGPCNNKB_01935	hypothetical protein
A0A0T7ZAT6	EGPCNNKB_01936	Leucyl-tRNA synthetase
Q8DRB7	EGPCNNKB_01937	Glycerol dehydrogenase
A0A0B7M4C0	EGPCNNKB_01938	Transaldolase
Q8DRB9	EGPCNNKB_01939	Pyruvate formate-lyase
A0AA87CGC2	EGPCNNKB_01940	Cellobiose-specific PTS IIC component
A0A0H2UNC3	EGPCNNKB_01941	Cellobiose-specific PTS IIB component
C1CC41	EGPCNNKB_01942	Cellobiose-specific PTS IIA component
Q8DRC3	EGPCNNKB_01943	Transcriptional regulator
B1I8X4	EGPCNNKB_01944	Transcriptional regulator%2C DeoR family
C1CAP6	EGPCNNKB_01945	Pyruvate formate-lyase activating enzyme
A0A654UAH6	EGPCNNKB_01946	hypothetical protein
A0AA86XF27	EGPCNNKB_01947	hypothetical protein
C1CAP3	EGPCNNKB_01948	hypothetical protein
A0A9P1QB76	EGPCNNKB_01949	Ferric iron ABC transporter ATP-binding protein
A0A4L0ZST4	EGPCNNKB_01950	Ferric iron ABC transporter ATP-binding protein
A0AAD2KDW9	EGPCNNKB_01951	hypothetical protein
A0A0T9A4V7	EGPCNNKB_01952	hypothetical protein
A0A0B7LV95	EGPCNNKB_01953	hypothetical protein
B1I8M8	EGPCNNKB_01954	Phosphoglycerate mutase family protein
	EGPCNNKB_01955	csRNA
	EGPCNNKB_01955	
A0A4J2FMK8	EGPCNNKB_01956	hypothetical protein
C1CC34	EGPCNNKB_01957	ACT domain-containing transcriptional regulator
	EGPCNNKB_01958	L17DE
	EGPCNNKB_01958	
Q8CWU8	EGPCNNKB_01959	LSU ribosomal protein L17p
Q04ML1	EGPCNNKB_01960	DNA-directed RNA polymerase alpha subunit
Q04ML2	EGPCNNKB_01961	SSU ribosomal protein S11p (S14e)
Q04ML3	EGPCNNKB_01962	SSU ribosomal protein S13p (S18e)
P0A496	EGPCNNKB_01963	LSU ribosomal protein L36p
Q04ML4	EGPCNNKB_01964	Translation initiation factor 1
Q8DRD4	EGPCNNKB_01965	Adenylate kinase
Q8DRD5	EGPCNNKB_01966	Protein translocase subunit SecY
Q97SU3	EGPCNNKB_01967	LSU ribosomal protein L15p (L27Ae)
Q97SU4	EGPCNNKB_01968	LSU ribosomal protein L30p (L7e)
Q04ML9	EGPCNNKB_01969	SSU ribosomal protein S5p (S2e)
Q97SU6	EGPCNNKB_01970	LSU ribosomal protein L18p (L5e)
Q8CWV3	EGPCNNKB_01971	LSU ribosomal protein L6p (L9e)
Q04MM2	EGPCNNKB_01972	SSU ribosomal protein S8p (S15Ae)
Q04MM3	EGPCNNKB_01973	SSU ribosomal protein S14p (S29e)
Q97SV1	EGPCNNKB_01974	LSU ribosomal protein L5p (L11e)
Q04MM5	EGPCNNKB_01975	LSU ribosomal protein L24p (L26e)
Q04MM6	EGPCNNKB_01976	LSU ribosomal protein L14p (L23e)
Q04MM7	EGPCNNKB_01977	SSU ribosomal protein S17p (S11e)
A0A0B7M1U7	EGPCNNKB_01978	LSU ribosomal protein L29p (L35e)
Q04MM9	EGPCNNKB_01979	LSU ribosomal protein L16p (L10e)
Q04MN0	EGPCNNKB_01980	SSU ribosomal protein S3p (S3e)
Q04MN1	EGPCNNKB_01981	LSU ribosomal protein L22p (L17e)
Q04MN2	EGPCNNKB_01982	SSU ribosomal protein S19p (S15e)
Q97SV2	EGPCNNKB_01983	LSU ribosomal protein L2p (L8e)
Q97SV3	EGPCNNKB_01984	LSU ribosomal protein L23p (L23Ae)
Q8CWV7	EGPCNNKB_01985	LSU ribosomal protein L4p (L1e)
Q97SV5	EGPCNNKB_01986	LSU ribosomal protein L3p (L3e)
Q04MN7	EGPCNNKB_01987	SSU ribosomal protein S10p (S20e)
Q8CZ85	EGPCNNKB_01988	Hypothetical protein
A0A0E7SRY4	EGPCNNKB_01989	Ribonucleotide reductase of class III%2C activating protein
B1I8J4	EGPCNNKB_01990	Acetyltransferase
C1CC00	EGPCNNKB_01991	Ribonucleotide reductase of class III%2C large subunit
A0AA86XSY0	EGPCNNKB_01992	Competence-damage induced protein
Q8DRD8	EGPCNNKB_01993	Hypothetical protein
Q8DRD9	EGPCNNKB_01994	Cardiolipin synthetase
C1CBZ7	EGPCNNKB_01995	Hypothetical protein
A0AA86XP36	EGPCNNKB_01996	Bifunctional dihydrofolate synthase/folylpolyglutamate synthase
Q97SX0	EGPCNNKB_01997	Hypothetical protein
Q8DRE2	EGPCNNKB_01998	Putative pre-16S rRNA nuclease YqgF
Q97SX1	EGPCNNKB_01999	Hypothetical protein
C1CBZ2	EGPCNNKB_02000	Hypothetical protein
Q8DRE3	EGPCNNKB_02001	Transcriptional regulator SpxA2
C1CBZ0	EGPCNNKB_02002	MP-%2CMA-%2CMS-%2CAP-%2CNP-specific aminopeptidase YpdF
A0A0B7M0T8	EGPCNNKB_02003	Excinuclease ABC subunit A UvrA
B1I8H9	EGPCNNKB_02004	hypothetical protein
B1I8H8	EGPCNNKB_02005	hypothetical protein
B1I8H7	EGPCNNKB_02006	hypothetical protein
B1I8H6	EGPCNNKB_02007	hypothetical protein
A0AA86XSZ0	EGPCNNKB_02008	hypothetical protein
B1I8H4	EGPCNNKB_02009	hypothetical protein
B1I8H3	EGPCNNKB_02010	hypothetical protein
B1I8H2	EGPCNNKB_02011	hypothetical protein
B1I8H1	EGPCNNKB_02012	hypothetical protein
B1I8H0	EGPCNNKB_02013	hypothetical protein
A0A0U0JYS1	EGPCNNKB_02014	hypothetical protein
B1I8G8	EGPCNNKB_02015	hypothetical protein
A0A0T9GR41	EGPCNNKB_02016	hypothetical protein
B1I8G6	EGPCNNKB_02017	hypothetical protein
B1I8G5	EGPCNNKB_02018	hypothetical protein
A0A4J2FSQ0	EGPCNNKB_02019	hypothetical protein
A0A4J2FKZ8	EGPCNNKB_02020	Transposase from transposon Tn916
Q8DRE5	EGPCNNKB_02021	Magnesium and cobalt transport protein CorA1
A0A064C1E4	EGPCNNKB_02022	Integral membrane protein
A0A0H2UN46	EGPCNNKB_02023	Muramoyltetrapeptide carboxypeptidase
A0A0I9ALB8	EGPCNNKB_02024	CAAX amino terminal protease family protein
A0A6G2DBT6	EGPCNNKB_02025	hypothetical protein
A0A0B7M4M9	EGPCNNKB_02026	DNA-3-methyladenine glycosylase
C1CP48	EGPCNNKB_02027	Holliday junction DNA helicase RuvA
	EGPCNNKB_02028	FMN
	EGPCNNKB_02028	
A0AA87CAT9	EGPCNNKB_02029	Bifunctional diaminohydroxyphosphoribosylaminopyrimidine deaminase/5-amino-6-(5-phosphoribosylamino)uracil reductase RibD
A0AA86XQ21	EGPCNNKB_02030	Riboflavin synthase RibE
A0AA86YD39	EGPCNNKB_02031	Bifunctional 3%2C4-dihydroxy-2-butanone 4-phosphate synthase/GTP cyclohydrolase II RibB
Q04MR3	EGPCNNKB_02032	6%2C7-dimethyl-8-ribityllumazine synthase RibH
Q04MR4	EGPCNNKB_02033	DNA mismatch repair protein HexB
A0A0B7LVH6	EGPCNNKB_02034	DNA-binding protein
Q8CZ92	EGPCNNKB_02035	Hypothetical protein
B2IS07	EGPCNNKB_02036	NRAMP family Mn2+/Fe2+ transporter
Q97T03	EGPCNNKB_02037	Ribonucleotide reduction protein NrdI
A0AA86XQL0	EGPCNNKB_02038	Hypothetical protein
A0A4J2FRY0	EGPCNNKB_02039	Two-component system response regulator
A0A0U0GTA1	EGPCNNKB_02040	Two-component system sensor histidine kinase
C1CBX0	EGPCNNKB_02041	Hypothetical protein
C1CBW9	EGPCNNKB_02042	Substrate-specific component of putative ECF transporter
C1CAH3	EGPCNNKB_02043	Methionine ABC transporter permease protein
C1CAH2	EGPCNNKB_02044	Methionine ABC transporter ATP-binding protein
C1CAH1	EGPCNNKB_02045	N-acyl-L-amino acid amidohydrolase
B1I8D6	EGPCNNKB_02046	Methionine ABC transporter substrate-binding protein
Q8DRG2	EGPCNNKB_02047	Cysteine ABC transporter substrate-binding protein
B1I8D4	EGPCNNKB_02048	hypothetical protein
B1I8D3	EGPCNNKB_02049	hypothetical protein
A0A4J2FHS8	EGPCNNKB_02050	Hypothetical protein
A0AA86YDA8	EGPCNNKB_02051	Macrolide-efflux protein
A0AA87C7U0	EGPCNNKB_02052	Hypothetical protein
C1CAG4	EGPCNNKB_02053	hypothetical protein
A0AA36LH43	EGPCNNKB_02054	Positive transcriptional regulator%2C MutR family
A0A0U0FXB8	EGPCNNKB_02055	UDP-glucose 6-dehydrogenase
A0A098Z604	EGPCNNKB_02056	UDP-glucose 6-dehydrogenase
A0AA86XB28	EGPCNNKB_02057	Hypothetical protein
A0AA86XU06	EGPCNNKB_02058	Hypothetical protein
A0AA87CCD7	EGPCNNKB_02059	Asparagine synthetase
A0A0T7SWM3	EGPCNNKB_02060	hypothetical protein
A0A0B7M974	EGPCNNKB_02061	ABC transporter ATP-binding protein
A0A4L1JLT3	EGPCNNKB_02062	Family 2 glycosyltransferase
B2IRL7	EGPCNNKB_02063	Exopolysaccharide biosynthesis glycosyltransferase EpsF
A0AA86Y2L2	EGPCNNKB_02064	Exopolysaccharide biosynthesis glycosyltransferase EpsF
	EGPCNNKB_02065	Srn266
	EGPCNNKB_02065	
A0AA36PIF3	EGPCNNKB_02066	IS1167 transposase
A0A0E7ZP93	EGPCNNKB_02067	IS1167 transposase Orf2
C1CP14	EGPCNNKB_02068	N(6)-L-threonylcarbamoyladenine synthase TsaD
B1I842	EGPCNNKB_02069	Ribosomal-protein-S18p-alanine acetyltransferase
C1CBU8	EGPCNNKB_02070	tRNA threonylcarbamoyladenosine biosynthesis protein TsaB
Q8CZA0	EGPCNNKB_02071	Two-peptide bacteriocin peptide CibA
C1CAF2	EGPCNNKB_02072	Two-peptide bacteriocin peptide CibB
A0A0E8HIW7	EGPCNNKB_02073	hypothetical protein
Q97T34	EGPCNNKB_02074	Hypothetical protein
C1CBU4	EGPCNNKB_02075	Ribonuclease J1 (endonuclease and 5' exonuclease)
Q97T36	EGPCNNKB_02076	tRNA uridine 5-carboxymethylaminomethyl modification enzyme MnmG
A0A0H2UMZ7	EGPCNNKB_02077	MutT/Nudix family protein
	EGPCNNKB_02078	Spd-sr37
	EGPCNNKB_02078	
A0AA86XD06	EGPCNNKB_02079	tRNA-specific 2-thiouridylase MnmA
A0A4J2A0N6	EGPCNNKB_02080	Surface protein PspA precursor
Q9LAX9	EGPCNNKB_02081	Surface protein PspA precursor
A0A0D6J4Z7	EGPCNNKB_02082	hypothetical protein
	EGPCNNKB_02083	Bacilli-1
	EGPCNNKB_02083	
	EGPCNNKB_02084	SpF03_sRNA
	EGPCNNKB_02084	
A0A6B9PSL3	EGPCNNKB_02085	Pyridoxamine 5'-phosphate oxidase
A0A6I3U1G6	EGPCNNKB_02086	Hypothetical protein
A0A6I3U2Y3	EGPCNNKB_02087	Hypothetical protein
A0AA87C4I5	EGPCNNKB_02088	Hypothetical protein
B1I823	EGPCNNKB_02089	Hypothetical protein
A0A0T8B2F9	EGPCNNKB_02090	Hypothetical protein
A0A4J2AMU0	EGPCNNKB_02091	Hypothetical protein
A0A6B9PW06	EGPCNNKB_02092	hypothetical protein
A0AA36PVD8	EGPCNNKB_02093	Hypothetical protein
A0A0E9A260	EGPCNNKB_02094	Hypothetical protein
A0AA36PVG8	EGPCNNKB_02095	hypothetical protein
A0A9P1LV03	EGPCNNKB_02096	Lactococcin-G-processing and transport ATP-binding protein LagD
B2IRJ1	EGPCNNKB_02097	Hypothetical protein
	EGPCNNKB_02098	SpF03_sRNA
	EGPCNNKB_02098	
A0AA87C9H1	EGPCNNKB_02099	Hypothetical protein
	EGPCNNKB_02100	Bacilli-1
	EGPCNNKB_02100	
A0A0B7LZ46	EGPCNNKB_02101	Argininosuccinate synthase
B2IRI9	EGPCNNKB_02102	Amino acid ABC transporter substrate-binding/permease protein
Q8DRI7	EGPCNNKB_02103	ABC transporter ATP-binding protein
A0AA87C5C8	EGPCNNKB_02104	Amino acid ABC transporter membrane-spanning permease
Q8CZB5	EGPCNNKB_02105	Putative bacteriocin
C1CBS3	EGPCNNKB_02106	Aggregation-promoting factor
Q8DRI9	EGPCNNKB_02107	L-serine dehydratase%2C beta subunit
Q8DRJ0	EGPCNNKB_02108	L-serine dehydratase%2C alpha subunit
A0AA86Y2A7	EGPCNNKB_02109	Phosphoglycolate phosphatase
A0A4J2FQ61	EGPCNNKB_02110	hypothetical protein
C1CBR9	EGPCNNKB_02111	Putative UDP-GlcNAc 4%2C6-dehydratase AatA
A0A0E7TXH7	EGPCNNKB_02112	Glycosyltransferase%2C group 2 family
A0A0H2UMY2	EGPCNNKB_02113	Cyanate permease
A0A0U0MBI6	EGPCNNKB_02114	Transcriptional regulator%2C PadR family
A0A916L4S0	EGPCNNKB_02115	Integral membrane protein (putative)
A0A916L4U3	EGPCNNKB_02116	Putative membrane-associated protein
A0AA86XNZ5	EGPCNNKB_02117	Putative membrane protein
A0A4N9NW56	EGPCNNKB_02118	hypothetical protein
A0A916P9J5	EGPCNNKB_02119	hypothetical protein
A0A0U0G5R8	EGPCNNKB_02120	hypothetical protein
A0AA87C7S4	EGPCNNKB_02121	hypothetical protein
A0A4J2FQ83	EGPCNNKB_02122	IS1380 family transposase ISSpn5
A0A916P6F6	EGPCNNKB_02123	hypothetical protein
A0A6I3TJZ8	EGPCNNKB_02124	tRNA (5-methylaminomethyl-2-thiouridylate)-methyltransferase
C1CNW3	EGPCNNKB_02125	hypothetical protein
B2IRH0	EGPCNNKB_02126	ABC transporter substrate-binding protein
B2IRG9	EGPCNNKB_02127	ABC transporter permease protein
Q8DRJ8	EGPCNNKB_02128	Multiple sugar ABC transporter%2C membrane-spanning permease protein
A0AA86XNR3	EGPCNNKB_02129	Hypothetical protein
A0A0B7LLV1	EGPCNNKB_02130	Hypothetical protein
	EGPCNNKB_02131	SpF01_sRNA
	EGPCNNKB_02131	
Q04MZ3	EGPCNNKB_02132	SSU ribosomal protein S4p (S9e)
Q9S1J1	EGPCNNKB_02133	Two-component system sensor histidine kinase
B2IRG2	EGPCNNKB_02134	Two-component system response regulator
A0A7X3BZ34	EGPCNNKB_02135	Cell wall surface anchor family protein PavB
A0A9P1PBN7	EGPCNNKB_02136	hypothetical protein
A0A916P8I1	EGPCNNKB_02137	hypothetical protein
A0A0E8J209	EGPCNNKB_02138	Hypothetical protein
Q8DRK4	EGPCNNKB_02139	Trk family potassium uptake protein CabP
C1CBP8	EGPCNNKB_02140	Trk family potassium uptake protein
Q8DRK6	EGPCNNKB_02141	Uridine phosphorylase
B2IRF1	EGPCNNKB_02142	Sulfurtransferase
A0AA86Y3Q5	EGPCNNKB_02143	hypothetical protein
B1I7X5	EGPCNNKB_02144	Hypothetical protein
C1CBP2	EGPCNNKB_02145	Glyoxalase family protein
A0A916P8X5	EGPCNNKB_02146	Aldose 1-epimerase
A0A0B7KP13	EGPCNNKB_02147	Galactosamine-6-phosphate isomerase
Q8DRL0	EGPCNNKB_02148	Galactosamine-specific PTS IIA component
B2IRE5	EGPCNNKB_02149	Galactosamine-specific PTS IID component
C1CBN7	EGPCNNKB_02150	Galactosamine-specific PTS IIC component
Q8DRL3	EGPCNNKB_02151	Galactosamine-specific PTS IIB component
A0A0B7L1X5	EGPCNNKB_02152	Beta-galactosidase
A0A4J1TEZ4	EGPCNNKB_02153	Transcriptional regulator%2C GntR family
A0A4J2G926	EGPCNNKB_02154	Beta-hexosaminidase StrH
C1C9W0	EGPCNNKB_02155	Adenylosuccinate lyase
Q8CZC6	EGPCNNKB_02156	Hypothetical protein
A0A916L550	EGPCNNKB_02157	N5-carboxyaminoimidazole ribonucleotide synthase
C1CBM9	EGPCNNKB_02158	N5-carboxyaminoimidazole ribonucleotide mutase
A0A916P8A5	EGPCNNKB_02159	Phosphoribosylamine--glycine ligase
B2IR40	EGPCNNKB_02160	Bifunctional inosine monophosphate cyclohydrolase/phosphoribosylaminoimidazolecarboxamide formyltransferase
A0AA86YCA5	EGPCNNKB_02161	Teicoplanin resistance protein VanZ
A0A0H2UKZ6	EGPCNNKB_02162	Phosphoribosylglycinamide formyltransferase
A0A916P8B5	EGPCNNKB_02163	Phosphoribosylformylglycinamidine cyclo-ligase
A0A0E8P8H6	EGPCNNKB_02164	Amidophosphoribosyltransferase
A0A2L1GV50	EGPCNNKB_02165	Phosphoribosylformylglycinamidine synthase%2C synthetase and glutamine amidotransferase subunits
B8ZJM7	EGPCNNKB_02166	Phosphoribosylaminoimidazole-succinocarboxamide synthase
B2IR33	EGPCNNKB_02167	Competence-stimulating peptide ABC transporter permease protein ComB
A0AA86XPN9	EGPCNNKB_02168	Competence-stimulating peptide ABC transporter ATP-binding protein ComA
A0A064C448	EGPCNNKB_02169	Bacteriocin BlpU
A0AA86XDH7	EGPCNNKB_02170	IS1381 transposase OrfB
Q9F7T4	EGPCNNKB_02171	Acyl carrier protein
Q04N31	EGPCNNKB_02172	Phosphate:acyl-ACP acyltransferase PlsX
Q8DRN4	EGPCNNKB_02173	DNA recombination and repair protein RecO
A0A916L4N9	EGPCNNKB_02174	N-acetyl-L%2CL-diaminopimelate aminotransferase
A0A0T7JIJ2	EGPCNNKB_02175	Putative membrane protein YeiH
Q8DRN7	EGPCNNKB_02176	CoA-binding protein
A0AA86Y2T4	EGPCNNKB_02177	DNA polymerase I
A0A0B7M9C2	EGPCNNKB_02178	hypothetical protein
A0AA87C4M3	EGPCNNKB_02179	hypothetical protein
	EGPCNNKB_02180	Srn266
	EGPCNNKB_02180	
A0A0U0IDH7	EGPCNNKB_02181	hypothetical protein
B2IR17	EGPCNNKB_02182	Ribose-phosphate pyrophosphokinase
C1C9S3	EGPCNNKB_02183	hypothetical protein
C1CHC1	EGPCNNKB_02184	Carbonic anhydrase
A0A916P522	EGPCNNKB_02185	DNA repair protein RadA
Q8DRP1	EGPCNNKB_02186	Hypothetical protein
Q8DRP2	EGPCNNKB_02187	Deoxyuridine 5'-triphosphate nucleotidohydrolase
	EGPCNNKB_02188	Bacteria_small_SRP
	EGPCNNKB_02188	
A0A4F2S2H4	EGPCNNKB_02189	tRNA-specific adenosine-34 deaminase
	EGPCNNKB_02190	csRNA
	EGPCNNKB_02190	
C1CHA1	EGPCNNKB_02191	Adenylosuccinate synthetase
A0A5R9AWI2	EGPCNNKB_02192	Competence positive regulator ComW
A0A0B7KRB2	EGPCNNKB_02193	IS1167 transposase Orf1
	EGPCNNKB_02194	tRNA-Asn(gtt)
	EGPCNNKB_02194	
	EGPCNNKB_02195	5S ribosomal RNA
	EGPCNNKB_02195	
	EGPCNNKB_02196	23S ribosomal RNA
	EGPCNNKB_02196	
	EGPCNNKB_02197	tRNA-Ala(tgc)
	EGPCNNKB_02197	
	EGPCNNKB_02198	16S ribosomal RNA
	EGPCNNKB_02198	
	EGPCNNKB_02199	tRNA-Glu(ttc)
	EGPCNNKB_02199	
Q9R2W8	EGPCNNKB_02200	Competence-specific sigma factor ComX
P59652	EGPCNNKB_02201	Cell division protein FtsH
C1C993	EGPCNNKB_02202	Hypoxanthine-guanine phosphoribosyltransferase
C1CNP4	EGPCNNKB_02203	tRNA(Ile)-lysidine synthetase TilS
A0A0T8R1P4	EGPCNNKB_02204	Hypothetical protein
A0A0E8ADH2	EGPCNNKB_02205	Hypothetical protein
Q8CZD2	EGPCNNKB_02206	Cell division protein DivIC
P64406	EGPCNNKB_02207	Ribosome-associated heat shock protein
A0A0T8NI77	EGPCNNKB_02208	Transcription-repair coupling factor
C1CNN8	EGPCNNKB_02209	Peptidyl-tRNA hydrolase
Q8DRQ3	EGPCNNKB_02210	GTP-binding and nucleic acid-binding protein YchF
A0A098APE9	EGPCNNKB_02211	Tyrosine recombinase XerC
A0A098AQB6	EGPCNNKB_02212	hypothetical protein
A0A098APJ7	EGPCNNKB_02213	hypothetical protein
P0C2H1	EGPCNNKB_02214	hypothetical protein
