uniprot	locus_tag	product
A0A064C0A0	EOOINEPP_00001	hypothetical protein
A0A0T8QXT5	EOOINEPP_00002	hypothetical protein
A0A098AMZ1	EOOINEPP_00003	hypothetical protein
A0A098AMZ9	EOOINEPP_00004	hypothetical protein
A0A098AN29	EOOINEPP_00005	hypothetical protein
A0A098APF8	EOOINEPP_00006	hypothetical protein
A0A098AMY4	EOOINEPP_00007	hypothetical protein
A0A064BWT4	EOOINEPP_00008	hypothetical protein
A0A380LRG2	EOOINEPP_00009	hypothetical protein
A0A098AMZ7	EOOINEPP_00010	hypothetical protein
A0A098AN24	EOOINEPP_00011	hypothetical protein
A0A098AN19	EOOINEPP_00012	hypothetical protein
A0A098APF1	EOOINEPP_00013	hypothetical protein
A0A098AMY5	EOOINEPP_00014	hypothetical protein
A0A098AMZ2	EOOINEPP_00015	hypothetical protein
A0A098AN20	EOOINEPP_00016	hypothetical protein
A0A0U0FAH0	EOOINEPP_00017	hypothetical protein
A0A098AN70	EOOINEPP_00018	hypothetical protein
A0A380LRH1	EOOINEPP_00019	Hypothetical protein
O06672	EOOINEPP_00020	DNA polymerase III beta subunit
O08397	EOOINEPP_00021	Chromosomal replication initiator protein DnaA
Q8DMW1	EOOINEPP_00022	Chromosome partitioning protein ParB
B2IP00	EOOINEPP_00023	Serine protease%2C DegP/HtrA
Q04HU2	EOOINEPP_00024	23S rRNA (pseudouridine(1915)-N(3))-methyltransferase
	EOOINEPP_00025	tRNA-Arg(tct)
	EOOINEPP_00025	
Q5QIA8	EOOINEPP_00026	Competence-stimulating peptide precursor ComC
Q8DMW4	EOOINEPP_00027	Two-component system sensor histidine kinase ComD
Q8DMW5	EOOINEPP_00028	Two-component system response regulator ComE
	EOOINEPP_00029	tRNA-Glu(ttc)
	EOOINEPP_00029	
	EOOINEPP_00030	tRNA-Asn(gtt)
	EOOINEPP_00030	
Q8DMW6	EOOINEPP_00031	Transcriptional regulator%2C AcrR family
B2INQ0	EOOINEPP_00032	hypothetical protein
A0AA86MJL5	EOOINEPP_00033	hypothetical protein
A0A4J1N6I8	EOOINEPP_00034	ABC transporter%2C permease protein
C1CHM9	EOOINEPP_00035	ABC transporter%2C ATP-binding protein
A0AA86JBL7	EOOINEPP_00036	Tryptophanyl-tRNA synthetase
Q8DMX2	EOOINEPP_00037	Inosine-5'-monophosphate dehydrogenase
A0AA86JRZ5	EOOINEPP_00038	DNA recombination and repair protein RecF
A0A0I5S5P0	EOOINEPP_00039	Hypothetical protein
A0AA86J9T4	EOOINEPP_00040	Zinc protease
B2INP1	EOOINEPP_00041	Peptidase%2C M16 family
C1CBK0	EOOINEPP_00042	Transcriptional regulator
Q8DMX8	EOOINEPP_00043	CDP-diacylglycerol--glycerol-3-phosphate 3-phosphatidyltransferase
A0AA86JKT2	EOOINEPP_00044	ATPase component of general energizing module of ECF transporter
Q97N51	EOOINEPP_00045	ATPase component of general energizing module of ECF transporter
Q8DMY1	EOOINEPP_00046	Transmembrane component of general energizing module of ECF transporter
C1CHL7	EOOINEPP_00047	Cell shape-determining protein MreC
C1CHL6	EOOINEPP_00048	Cell shape-determining protein MreD
A0A0B7LER3	EOOINEPP_00049	Secreted antigen GbpB/SagA/PcsB%2C putative peptidoglycan hydrolase
C1CUD2	EOOINEPP_00050	SSU ribosomal protein S2p (SAe)
C1CBJ1	EOOINEPP_00051	Translation elongation factor Ts
	EOOINEPP_00052	SpF51_sRNA
	EOOINEPP_00052	
A0AA86JVX4	EOOINEPP_00053	IS630 family transposase ISSpn2
A0A0T7JR70	EOOINEPP_00054	hypothetical protein
C1CBI7	EOOINEPP_00055	Cysteine synthase
B1IAC5	EOOINEPP_00056	Protein co-occurring with transport systems
A0AA86JIM6	EOOINEPP_00057	DNA transporter ATPase%2C ComF operon protein A
C1CBI4	EOOINEPP_00058	Phosphoribosyltransferase domain protein%2C ComF operon protein C
C1CHK5	EOOINEPP_00059	Ribosome hibernation promotion factor%2C long form
A0AA86J9X4	EOOINEPP_00060	DHH family phosphoesterase Pde1
Q04HX2	EOOINEPP_00061	LSU ribosomal protein L9p
Q8DMZ2	EOOINEPP_00062	Replicative DNA helicase DnaC
Q8DMZ3	EOOINEPP_00063	Hypothetical protein
A0AA86JUE5	EOOINEPP_00064	Choline-binding protein D
	EOOINEPP_00065	TPP
	EOOINEPP_00065	
B1IA12	EOOINEPP_00066	Cytoplasmic thiamin-binding component of thiamin ABC transporter
B1IA11	EOOINEPP_00067	Thiamin ABC transporter ThiX%2C transmembrane component
Q8DMZ7	EOOINEPP_00068	Thiamin ABC transporter ThiY%2C substrate-binding component
Q8DMZ8	EOOINEPP_00069	Thiamin ABC transporter ThiZ%2C ATPase component
C1CHJ5	EOOINEPP_00070	Transcriptional regulator CtsR
A0A4J2F7U4	EOOINEPP_00071	ATP-dependent Clp protease ATP-binding subunit ClpC
A0A0B7M3U6	EOOINEPP_00072	Two-component system response regulator
A2T3V7	EOOINEPP_00073	Two-component system sensor histidine kinase
A0A0U0F393	EOOINEPP_00074	Rhomboid family integral membrane protein
F2WWM3	EOOINEPP_00075	Choline-binding protein A
C1CHI9	EOOINEPP_00076	tRNA dihydrouridine synthase B
Q04HY8	EOOINEPP_00077	Chaperonin%2C heat shock protein 33
A0A9P1LP27	EOOINEPP_00078	Trans-acting positive regulator
B8ZQ22	EOOINEPP_00079	Glycerol kinase
A0A0U0JAN3	EOOINEPP_00080	Alpha-glycerophosphate oxidase
A0AAD2Q881	EOOINEPP_00081	Glycerol uptake facilitator protein
B1I9Z2	EOOINEPP_00082	Hypothetical protein
A0A4J1NJ06	EOOINEPP_00083	hypothetical protein
	EOOINEPP_00084	group-II-D1D4-3
	EOOINEPP_00084	
	EOOINEPP_00085	group-II-D1D4-1
	EOOINEPP_00085	
Q8DN09	EOOINEPP_00086	hypothetical protein
A0A822QAK2	EOOINEPP_00087	hypothetical protein
A0A0B7L8Y7	EOOINEPP_00088	Macrolide-efflux protein
A0A0B7LDU8	EOOINEPP_00089	Macrolide-efflux protein
A0AA86JCL4	EOOINEPP_00090	D-alanine--poly(phosphoribitol) ligase subunit 1
A0A0B7L8I4	EOOINEPP_00091	D-alanyl transfer protein DltB
Q04HZ9	EOOINEPP_00092	D-alanine--poly(phosphoribitol) ligase subunit 2
B1I9Y5	EOOINEPP_00093	Poly(glycerophosphate chain) D-alanine transfer protein DltD
Q8DN14	EOOINEPP_00094	Transcriptional repressor AdcR for Zn(2+)-responsive expression
B2INJ0	EOOINEPP_00095	Zinc ABC transporter%2C ATP-binding protein AdcC
A0A0U0GQW9	EOOINEPP_00096	Zinc ABC transporter%2C permease protein AdcB
A0AA86J9Q5	EOOINEPP_00097	Zinc ABC transporter%2C substrate-binding lipoprotein AdcA
	EOOINEPP_00098	SpF66_sRNA
	EOOINEPP_00098	
	EOOINEPP_00099	SpF66_sRNA
	EOOINEPP_00099	
A0A0B7LC33	EOOINEPP_00100	L-fucose operon activator
A0A4J2BSX0	EOOINEPP_00101	L-fuculokinase
A0A558TAT7	EOOINEPP_00102	L-fuculose phosphate aldolase
A0A4J2G0L9	EOOINEPP_00103	L-fucose mutarotase
A0A0H2US10	EOOINEPP_00104	L-fucose mutarotase
B1I9X4	EOOINEPP_00105	PTS IIA component
C1CHG2	EOOINEPP_00106	PTS IIB component
Q8DN21	EOOINEPP_00107	Mannose-specific PTS IIC component
Q8DN22	EOOINEPP_00108	Mannose-specific PTS IID component
C1CHF9	EOOINEPP_00109	Putative large secreted protein
C1CHF8	EOOINEPP_00110	Fucolectin-related protein
A0AA86J7Z5	EOOINEPP_00111	Bifunctional L-fucose isomerase/D-arabinose ketol-isomerase
A0A0E7XIU7	EOOINEPP_00112	Lactaldehyde dehydrogenase involved in fucose or rhamnose utilization
Q8DN26	EOOINEPP_00113	Putative stomatin/prohibitin-family membrane protease subunit YbbK
A0AA86JUH0	EOOINEPP_00114	hypothetical protein
A0AA86J9R5	EOOINEPP_00115	Putative Xaa-His dipeptidase
Q8CLX6	EOOINEPP_00116	Arginine/ornithine antiporter ArcD
Q8DN28	EOOINEPP_00117	Carbamate kinase
A0A0B7LE02	EOOINEPP_00118	Ornithine carbamoyltransferase
A0A0U0ATW4	EOOINEPP_00119	Arginine deiminase
A0AA86MFM4	EOOINEPP_00120	Glycosyl hydrolase family 29 alpha-L-fucosidase
A0AA86MBT3	EOOINEPP_00121	Alpha-1%2C2-mannosidase
A0AA86JIQ6	EOOINEPP_00122	Hypothetical protein
A0A4J2BSQ6	EOOINEPP_00123	Alpha-mannosidase
A0AA86J8P4	EOOINEPP_00124	N-acetylmannosamine kinase
A0A0E8ZGT0	EOOINEPP_00125	Glycosyl hydrolase-related protein
A0A0H2US30	EOOINEPP_00126	hypothetical protein
Q8CY66	EOOINEPP_00127	hypothetical protein
A0AA86JQC8	EOOINEPP_00128	IS1381 transposase OrfB
A0A4H9G1D8	EOOINEPP_00129	IS1381 transposase OrfA
A0AA86MJ43	EOOINEPP_00130	hypothetical protein
A0AA86MK33	EOOINEPP_00131	Choline-binding protein CbpN
Q04I36	EOOINEPP_00132	LSU ribosomal protein L33p
A0A0E8Z1I8	EOOINEPP_00133	LSU ribosomal protein L32p
Q8CY67	EOOINEPP_00134	Hypothetical protein
A0AA86JR35	EOOINEPP_00135	Membrane protease family protein
A0AA86JHR3	EOOINEPP_00136	Transcription antiterminator%2C BglG family
Q8CY69	EOOINEPP_00137	Putative PTS IIB component
Q8DN40	EOOINEPP_00138	Putative transport protein SgaT
B2IN54	EOOINEPP_00139	hypothetical protein
C1CAX2	EOOINEPP_00140	hypothetical protein
C1CNA5	EOOINEPP_00141	Dihydroxy-acid dehydratase
A0A4J1NYI3	EOOINEPP_00142	Hypothetical protein
C1CH57	EOOINEPP_00143	Putative aromatic ring hydroxylating enzyme
A0A0I6MXJ4	EOOINEPP_00144	Positive transcriptional regulator%2C MutR family
A0A0I6MX68	EOOINEPP_00145	Macrolide-efflux protein
A0A0I6DYZ4	EOOINEPP_00146	Histidyl-tRNA synthetase
A0A237K072	EOOINEPP_00147	Hypothetical protein
Q8DN47	EOOINEPP_00148	Transcriptional regulator%2C Cro/CI family
B2IN37	EOOINEPP_00149	Hypothetical protein
A0AA86JR27	EOOINEPP_00150	Hypothetical protein
A0A0T7NJF4	EOOINEPP_00151	Membrane-bound protease%2C CAAX family
Q8CY74	EOOINEPP_00152	Hypothetical protein
A0AA86JAL1	EOOINEPP_00153	Hypothetical protein
A0AA86J9I2	EOOINEPP_00154	Aspartyl-tRNA synthetase
A0A0U0DZ93	EOOINEPP_00155	Integral membrane protein
A0AA86JJK3	EOOINEPP_00156	hypothetical protein
C1CH41	EOOINEPP_00157	Maltose operon transcriptional repressor MalR%2C LacI family
A0A0B7LGJ4	EOOINEPP_00158	Maltodextrose utilization protein MalA
C1CH39	EOOINEPP_00159	Maltose/maltodextrin ABC transporter%2C permease protein MalD
P0A4N2	EOOINEPP_00160	Maltose/maltodextrin ABC transporter%2C permease protein MalC
A0A4I7EEA0	EOOINEPP_00161	Maltose/maltodextrin ABC transporter%2C substrate binding periplasmic protein MalX
P0A3Q1	EOOINEPP_00162	4-alpha-glucanotransferase (amylomaltase)
A0A0E8ZIY9	EOOINEPP_00163	Maltodextrin phosphorylase
C1CH34	EOOINEPP_00164	Hypothetical protein
A0A0T9GRM9	EOOINEPP_00165	Hypothetical protein
A0AA86JHP0	EOOINEPP_00166	23S rRNA (guanine(745)-N(1))-methyltransferase
Q8CY77	EOOINEPP_00167	Hypothetical protein
B2IN19	EOOINEPP_00168	Lead%2C cadmium%2C zinc and mercury transporting ATPase
A0A0U0FQH3	EOOINEPP_00169	Tyrosyl-tRNA synthetase
A0A0U0FR10	EOOINEPP_00170	Multimodular transpeptidase-transglycosylase%2C penicillin-binding protein 1B
Q8DN53	EOOINEPP_00171	Drug/metabolite transporter superfamily permease
Q8DN54	EOOINEPP_00172	2%2C3%2C4%2C5-tetrahydropyridine-2%2C6-dicarboxylate N-acetyltransferase
B2IN14	EOOINEPP_00173	N-acetyl-L%2CL-diaminopimelate deacetylase
A0AA86MP44	EOOINEPP_00174	5-formyltetrahydrofolate cyclo-ligase
Q8DN57	EOOINEPP_00175	Rhomboid family serine protease
A0AA86MK16	EOOINEPP_00176	UTP--glucose-1-phosphate uridylyltransferase
Q8DN59	EOOINEPP_00177	Glycerol-3-phosphate dehydrogenase [NAD(P)+]
A0AA86JAG6	EOOINEPP_00178	Transcriptional regulator
B2IN08	EOOINEPP_00179	IS1380 family transposase ISSpn5
C1CAR6	EOOINEPP_00180	Phosphate transport system regulatory protein PhoU1
B2IN06	EOOINEPP_00181	Phosphate transport ATP-binding protein PstB1
Q9X4T2	EOOINEPP_00182	Phosphate transport system permease protein PstA1
B1I9F3	EOOINEPP_00183	Phosphate transport system permease protein PstC1
A0AA86J9G4	EOOINEPP_00184	Phosphate ABC transporter periplasmic phosphate-binding protein PstS1
Q9S1J5	EOOINEPP_00185	Two-component system sensor histidine kinase PnpS
Q9S1J6	EOOINEPP_00186	Two-component system response regulator PnpR
A0A0T8C5H8	EOOINEPP_00187	Putative cupin superfamily protein
B2IPT3	EOOINEPP_00188	IS1381 transposase OrfB
Q8DN69	EOOINEPP_00189	Arginyl-tRNA synthetase
P0A2Y3	EOOINEPP_00190	Arginine pathway regulatory protein ArgR1
	EOOINEPP_00191	SpR10_sRNA
	EOOINEPP_00191	
C8XPW7	EOOINEPP_00192	DNA mismatch repair protein HexA
	EOOINEPP_00193	patAB
	EOOINEPP_00193	
A0A0B7LCV4	EOOINEPP_00194	Multidrug resistance ABC transporter ATP-binding and permease protein
A0AA86MPT8	EOOINEPP_00195	hypothetical protein
A0A0B7M9F3	EOOINEPP_00196	Multidrug resistance ABC transporter ATP-binding and permease protein
C1CH02	EOOINEPP_00197	Glutamine amidotransferase%2C class I
C1CH00	EOOINEPP_00198	Glucose-6-phosphate isomerase
C1CGZ9	EOOINEPP_00199	Glutamyl-tRNA synthetase
C1CGZ8	EOOINEPP_00200	Cytidine/deoxycytidylate deaminase family protein
	EOOINEPP_00201	tRNA-Glu(ttc)
	EOOINEPP_00201	
	EOOINEPP_00202	16S ribosomal RNA
	EOOINEPP_00202	
	EOOINEPP_00203	tRNA-Ala(tgc)
	EOOINEPP_00203	
	EOOINEPP_00204	23S ribosomal RNA
	EOOINEPP_00204	
	EOOINEPP_00205	5S ribosomal RNA
	EOOINEPP_00205	
	EOOINEPP_00206	tRNA-Val(tac)
	EOOINEPP_00206	
	EOOINEPP_00207	tRNA-Gly(tcc)
	EOOINEPP_00207	
	EOOINEPP_00208	tRNA-Ile(gat)
	EOOINEPP_00208	
	EOOINEPP_00209	tRNA-Ser(tga)
	EOOINEPP_00209	
	EOOINEPP_00210	tRNA-Met(cat)
	EOOINEPP_00210	
	EOOINEPP_00211	tRNA-Phe(gaa)
	EOOINEPP_00211	
	EOOINEPP_00212	tRNA-Tyr(gta)
	EOOINEPP_00212	
	EOOINEPP_00213	tRNA-Trp(cca)
	EOOINEPP_00213	
	EOOINEPP_00214	tRNA-His(gtg)
	EOOINEPP_00214	
	EOOINEPP_00215	tRNA-Gln(ttg)
	EOOINEPP_00215	
	EOOINEPP_00216	tRNA-Leu(caa)
	EOOINEPP_00216	
A0A0T8B533	EOOINEPP_00217	Hypothetical protein
A0A380LNX4	EOOINEPP_00218	Threonine synthase
C1CGZ5	EOOINEPP_00219	Multi antimicrobial extrusion family transporter
Q8CY81	EOOINEPP_00220	Hydrolase%2C haloacid dehalogenase-like family
A0A380LQN4	EOOINEPP_00221	Surface immunogenic protein
A0A0T8B5A8	EOOINEPP_00222	hypothetical protein
A0A0E8SXT7	EOOINEPP_00223	hypothetical protein
A0A0U0H3G0	EOOINEPP_00224	Hypothetical protein
A0AA86JEQ0	EOOINEPP_00225	Pyrrolidone-carboxylate peptidase
A0A6G2DAS0	EOOINEPP_00226	Pyrrolidone-carboxylate peptidase
C1CGY9	EOOINEPP_00227	Membrane protein
A0AA86JA16	EOOINEPP_00228	tRNA-guanine transglycosylase
A0AA86JJ25	EOOINEPP_00229	Acyltransferase family protein
B2IMN1	EOOINEPP_00230	N-acetylglucosamine-6-phosphate deacetylase
Q8DN84	EOOINEPP_00231	Putative Zn-dependent alcohol dehydrogenase
Q8DN85	EOOINEPP_00232	DNA-binding protein
A0A0U0EVJ1	EOOINEPP_00233	Late competence protein ComGA
A0A4J1SC29	EOOINEPP_00234	Late competence protein ComGB
C1CA98	EOOINEPP_00235	Late competence protein ComGC
A0A654UAX8	EOOINEPP_00236	Late competence protein ComGD
A0A0B7KTY0	EOOINEPP_00237	Late competence protein ComGE
A0A0B7L3P1	EOOINEPP_00238	Late competence protein ComGF
A0A4J2BTN4	EOOINEPP_00239	Late competence protein ComGG
Q8CY86	EOOINEPP_00240	hypothetical protein
B1I9A1	EOOINEPP_00241	Adenine-specific methyltransferase
A0A0B7LXB8	EOOINEPP_00242	Acetate kinase
Q8DN92	EOOINEPP_00243	Ribonuclease P protein component
B2IML5	EOOINEPP_00244	Inner membrane protein translocase component YidC2
B2IML4	EOOINEPP_00245	KH domain RNA-binding protein
A0A0T8SDC0	EOOINEPP_00246	Sakacin A production response regulator
C1CGW8	EOOINEPP_00247	Ascorbate-specific PTS IIC component
Q8DN95	EOOINEPP_00248	Ascorbate-specific PTS IIB component
B1I992	EOOINEPP_00249	Ascorbate-specific PTS IIA component
A0A0T8SD73	EOOINEPP_00250	3-keto-L-gulonate 6-phosphate decarboxylase
Q8DN98	EOOINEPP_00251	L-xylulose 5-phosphate 3-epimerase
A0A0E8ZPA5	EOOINEPP_00252	L-ribulose-5-phosphate 4-epimerase
A0A6I3VD74	EOOINEPP_00253	Transcriptional antiterminator
Q8DNA1	EOOINEPP_00254	Putative L-ascorbate-6-phosphate lactonase UlaG
C1CGW0	EOOINEPP_00255	Transketolase
Q8DNA3	EOOINEPP_00256	Preprotein translocase subunit YajC
Q8DNA4	EOOINEPP_00257	Low molecular weight protein tyrosine phosphatase
A0A0E8ZM70	EOOINEPP_00258	Hypothetical protein
C1CGV5	EOOINEPP_00259	Bifunctional acetaldehyde dehydrogenase/alcohol dehydrogenase
B2IMJ8	EOOINEPP_00260	Cellobiose-specific PTS IIA component
A0A2L1H0A2	EOOINEPP_00261	Cellobiose-specific PTS IIB component
Q8DNA8	EOOINEPP_00262	Cellobiose-specific PTS IIC component
A0AA86J9C7	EOOINEPP_00263	6-phospho-beta-glucosidase
Q8DNB0	EOOINEPP_00264	Transcriptional regulator%2C GntR family
A0A0H2XDB2	EOOINEPP_00265	hypothetical protein
C1CGU8	EOOINEPP_00266	Malonate permease
B2IMJ1	EOOINEPP_00267	Quinolinate phosphoribosyltransferase
A0A4J1VSX9	EOOINEPP_00268	IS630 family transposase IS630-Spn1
A0AA86MPK3	EOOINEPP_00269	ABC transporter%2C permease protein
Q8CWN6	EOOINEPP_00270	NAD-dependent glyceraldehyde-3-phosphate dehydrogenase
A0A0H2URZ7	EOOINEPP_00271	RluD-like protein
A0AA86JEQ7	EOOINEPP_00272	Multimodular transpeptidase-transglycosylase%2C penicillin-binding protein 2A
Q8DNB7	EOOINEPP_00273	Protein translocase subunit SecE
C1CGT9	EOOINEPP_00274	Transcription antitermination protein NusG
A0A0H2UMS0	EOOINEPP_00275	Competence-specific sigma factor ComX
	EOOINEPP_00276	tRNA-Glu(ttc)
	EOOINEPP_00276	
	EOOINEPP_00277	16S ribosomal RNA
	EOOINEPP_00277	
	EOOINEPP_00278	tRNA-Ala(tgc)
	EOOINEPP_00278	
	EOOINEPP_00279	23S ribosomal RNA
	EOOINEPP_00279	
	EOOINEPP_00280	5S ribosomal RNA
	EOOINEPP_00280	
	EOOINEPP_00281	tRNA-Val(tac)
	EOOINEPP_00281	
	EOOINEPP_00282	tRNA-Asp(gtc)
	EOOINEPP_00282	
	EOOINEPP_00283	tRNA-Lys(ttt)
	EOOINEPP_00283	
	EOOINEPP_00284	tRNA-Leu(tag)
	EOOINEPP_00284	
	EOOINEPP_00285	tRNA-Thr(tgt)
	EOOINEPP_00285	
	EOOINEPP_00286	tRNA-Gly(gcc)
	EOOINEPP_00286	
	EOOINEPP_00287	tRNA-Leu(taa)
	EOOINEPP_00287	
	EOOINEPP_00288	tRNA-Arg(acg)
	EOOINEPP_00288	
	EOOINEPP_00289	tRNA-Pro(tgg)
	EOOINEPP_00289	
C1CA51	EOOINEPP_00290	Hypothetical protein
A0A380LP39	EOOINEPP_00291	Hypothetical protein
A0AA86MFW3	EOOINEPP_00292	ABC transporter%2C ATP-binding protein
A0A0B7LZR8	EOOINEPP_00293	ABC transporter%2C permease protein
Q9S1I8	EOOINEPP_00294	Two-component system sensor histidine kinase
Q9S1I7	EOOINEPP_00295	Two-component system response regulator
C1CA45	EOOINEPP_00296	Catabolite control protein A
A0AA86JAG3	EOOINEPP_00297	Hypothetical protein
A0AA86J8G2	EOOINEPP_00298	L-asparaginase
C1CA42	EOOINEPP_00299	Hydrolase%2C HAD superfamily
C1CGS7	EOOINEPP_00300	Universal stress protein family protein
A0A0U0EM10	EOOINEPP_00301	hypothetical protein
C1CGS5	EOOINEPP_00302	Alanine transaminase
Q04IH6	EOOINEPP_00303	LSU ribosomal protein L34p
A0AA86XN69	EOOINEPP_00304	hypothetical protein
A0AA86MJ12	EOOINEPP_00305	Cell wall surface anchor family protein
A0AA86MP00	EOOINEPP_00306	Putative deoxyribonuclease TatD
C1CGS1	EOOINEPP_00307	Ribonuclease M5
A0AA86MC15	EOOINEPP_00308	Transcriptional regulator
B2IM57	EOOINEPP_00309	Hypothetical protein
A0AA86JDC5	EOOINEPP_00310	Putative immunity protein
Q8DND2	EOOINEPP_00311	ABC transporter%2C ATP-binding protein
Q8CY94	EOOINEPP_00312	Hypothetical protein
Q97NN5	EOOINEPP_00313	SSU rRNA (adenine(1518)-N(6)/adenine(1519)-N(6))- dimethyltransferase
A0A380LP92	EOOINEPP_00314	Ribosome small subunit-stimulated GTPase RsgA
B2IM65	EOOINEPP_00315	Ribulose-phosphate 3-epimerase
A0AA86JUY5	EOOINEPP_00316	Thiamin pyrophosphokinase
A0AA86JAD5	EOOINEPP_00317	DNA recombination protein RmuC
C1CA24	EOOINEPP_00318	3'->5' exoribonuclease YhaM
C1CGQ9	EOOINEPP_00319	PurR: transcription regulator associated with purine metabolism
A0A380LP67	EOOINEPP_00320	Diaminopimelate decarboxylase
Q8DNE0	EOOINEPP_00321	Pyruvate formate-lyase activating enzyme
Q97NP5	EOOINEPP_00322	Inner membrane protein translocase component YidC1
A0AA86MC20	EOOINEPP_00323	Putative nucleoside phosphatase
A0A0T8MDD2	EOOINEPP_00324	rRNA methylase
C1CGQ4	EOOINEPP_00325	Membrane protein
Q97NQ0	EOOINEPP_00326	Aspartate--ammonia ligase
C1CGQ2	EOOINEPP_00327	16S rRNA (guanine(966)-N(2))-methyltransferase
B5E2G0	EOOINEPP_00328	Phosphopantetheine adenylyltransferase
A0A380LR41	EOOINEPP_00329	Lon-like protease
A0A380LP76	EOOINEPP_00330	Hypothetical protein
A0A380LR80	EOOINEPP_00331	UDP-N-acetylglucosamine 1-carboxyvinyltransferase
Q03159	EOOINEPP_00332	Competence-associated EpuA protein
A0A0B7L7Z9	EOOINEPP_00333	DNA-entry nuclease
B1I8R6	EOOINEPP_00334	Putative hemolysin
	EOOINEPP_00335	tRNA-Cys(gca)
	EOOINEPP_00335	
	EOOINEPP_00336	Lacto-rpoB
	EOOINEPP_00336	
A0A0B7LZ45	EOOINEPP_00337	DNA-directed RNA polymerase beta subunit
A0AA86MP25	EOOINEPP_00338	DNA-directed RNA polymerase beta' subunit
A0A0T7L482	EOOINEPP_00339	Nucleoside diphosphate kinase
A0A0B7LDE7	EOOINEPP_00340	hypothetical protein
Q8CY96	EOOINEPP_00341	hypothetical protein
C1CA02	EOOINEPP_00342	ABC transporter%2C ATP-binding protein
A0AA86J9F7	EOOINEPP_00343	hypothetical protein
A0AA86JAI9	EOOINEPP_00344	Hypothetical protein
A0AA86J8J6	EOOINEPP_00345	Putative transcriptional regulator PlcR
Q8CYA2	EOOINEPP_00346	Immunity factor ComM
Q8DNF8	EOOINEPP_00347	TsaE protein%2C required for threonylcarbamoyladenosine t(6)A37 formation in tRNA
A0AA86JV03	EOOINEPP_00348	Acetyltransferase
B2IM30	EOOINEPP_00349	Transcriptional regulator LytR
C1C9K9	EOOINEPP_00350	Bifunctional ADP-ribose pyrophosphatase/nicotinamide-nucleotide amidase
C1CMP5	EOOINEPP_00351	DNA recombination/repair protein RecA
A0AA86MJ25	EOOINEPP_00352	MATE efflux family protein DinF
C1CGM2	EOOINEPP_00353	Autolysin/N-acetylmuramoyl-L-alanine amidase LytA
A0AA86MFY0	EOOINEPP_00354	hypothetical protein
A0AA95DDF8	EOOINEPP_00355	IS5 family transposase ISSpn7
B1I8P1	EOOINEPP_00356	hypothetical protein
B1I8P0	EOOINEPP_00357	Alpha-D-glucose 1-phosphate phosphatase YihX
B1I8N9	EOOINEPP_00358	Mg(2+)-transport-ATPase-associated protein MgtC
A0A0B7LJG6	EOOINEPP_00359	Iron(III)-transport system permease protein SfuB
A0A0B7LBX8	EOOINEPP_00360	ABC transporter%2C ATP-binding protein
A0A0B7LIV1	EOOINEPP_00361	ABC transporter%2C substrate-binding protein
A0A0E7TWI5	EOOINEPP_00362	hypothetical protein
A0A0B7LRS0	EOOINEPP_00363	hypothetical protein
B2IM15	EOOINEPP_00364	Hypothetical protein
Q8CYB4	EOOINEPP_00365	Hypothetical protein
Q8CYB5	EOOINEPP_00366	Hypothetical protein
A4GRE7	EOOINEPP_00367	Pneumolysin
Q04IN9	EOOINEPP_00368	Transcriptional regulatory protein YeeN
A0AA86JBJ5	EOOINEPP_00369	hypothetical protein
A0AA86JVW9	EOOINEPP_00370	Multidrug resistance ABC transporter ATP-binding and permease protein
C1C9I8	EOOINEPP_00371	putative ABC transporter ATP-binding protein
Q8CYB6	EOOINEPP_00372	Hypothetical protein
A0A0B7L3A2	EOOINEPP_00373	Phosphatidylglycerophosphatase B
A0A0H2URK9	EOOINEPP_00374	Response regulator of the LytR/AlgR family protein
A0A0B7L9U4	EOOINEPP_00375	Membrane protein
Q8CYB9	EOOINEPP_00376	Hypothetical protein
A0A0B7MDH0	EOOINEPP_00377	Thioredoxin
A0AA86MCN5	EOOINEPP_00378	Phenylalanyl-tRNA synthetase domain protein
C1CGK0	EOOINEPP_00379	Short-chain dehydrogenase
A0A0E8PDH7	EOOINEPP_00380	Single-stranded DNA-binding protein SsbB
Q8VTM9	EOOINEPP_00381	Heat shock protein 60 family co-chaperone GroES
Q04IQ3	EOOINEPP_00382	Heat shock protein 60 family chaperone GroEL
C1CGD6	EOOINEPP_00383	IS1167 transposase
C1CGD5	EOOINEPP_00384	IS1167 transposase
	EOOINEPP_00385	Srn266
	EOOINEPP_00385	
Q8CYC0	EOOINEPP_00386	Hypothetical protein
	EOOINEPP_00387	Spy392987
	EOOINEPP_00387	
Q8DNH5	EOOINEPP_00388	Cysteinyl-tRNA synthetase related protein
A0A0E9GYL2	EOOINEPP_00389	Regulatory protein RecX
C1CGD1	EOOINEPP_00390	RNA methyltransferase%2C TrmA family
	EOOINEPP_00391	tRNA-Glu(ttc)
	EOOINEPP_00391	
	EOOINEPP_00392	16S ribosomal RNA
	EOOINEPP_00392	
	EOOINEPP_00393	tRNA-Ala(tgc)
	EOOINEPP_00393	
	EOOINEPP_00394	23S ribosomal RNA
	EOOINEPP_00394	
	EOOINEPP_00395	5S ribosomal RNA
	EOOINEPP_00395	
	EOOINEPP_00396	tRNA-Val(tac)
	EOOINEPP_00396	
	EOOINEPP_00397	tRNA-Asp(gtc)
	EOOINEPP_00397	
	EOOINEPP_00398	tRNA-Lys(ttt)
	EOOINEPP_00398	
	EOOINEPP_00399	tRNA-Leu(tag)
	EOOINEPP_00399	
	EOOINEPP_00400	tRNA-Thr(tgt)
	EOOINEPP_00400	
	EOOINEPP_00401	tRNA-Gly(gcc)
	EOOINEPP_00401	
	EOOINEPP_00402	tRNA-Leu(taa)
	EOOINEPP_00402	
	EOOINEPP_00403	tRNA-Arg(acg)
	EOOINEPP_00403	
	EOOINEPP_00404	tRNA-Pro(tgg)
	EOOINEPP_00404	
	EOOINEPP_00405	tRNA-Met(cat)
	EOOINEPP_00405	
	EOOINEPP_00406	tRNA-Met(cat)
	EOOINEPP_00406	
	EOOINEPP_00407	tRNA-Ser(tga)
	EOOINEPP_00407	
	EOOINEPP_00408	tRNA-Met(cat)
	EOOINEPP_00408	
	EOOINEPP_00409	tRNA-Phe(gaa)
	EOOINEPP_00409	
	EOOINEPP_00410	tRNA-Gly(tcc)
	EOOINEPP_00410	
	EOOINEPP_00411	tRNA-Ile(gat)
	EOOINEPP_00411	
	EOOINEPP_00412	tRNA-Ser(gct)
	EOOINEPP_00412	
C1C9G9	EOOINEPP_00413	Bifunctional biotin operon repressor/Biotin--protein ligase
A0A0B7MFI0	EOOINEPP_00414	Multiple sugar metabolism operon regulatory protein MsmR
A0AA86JB16	EOOINEPP_00415	Alpha-galactosidase
B2ISZ6	EOOINEPP_00416	Multiple sugar ABC transporter%2C substrate-binding protein MsmE
C1C9G5	EOOINEPP_00417	Multiple sugar ABC transporter%2C membrane-spanning permease protein MsmF
A0AA86J6D1	EOOINEPP_00418	Multiple sugar ABC transporter%2C membrane-spanning permease protein MsmG
A0AA86JFB0	EOOINEPP_00419	Sucrose phosphorylase
Q8CYC1	EOOINEPP_00420	Wall teichoic acid biosynthesis protein RafX
A0A0U0KSF7	EOOINEPP_00421	Peptide ABC transporter substrate-binding protein AmiA
C1C9F9	EOOINEPP_00422	Peptide ABC transporter permease AmiC
C1CGB7	EOOINEPP_00423	Peptide ABC transporter permease AmiD
B2ISY7	EOOINEPP_00424	Peptide ABC transporter ATP-binding protein AmiE
B1I896	EOOINEPP_00425	Peptide ABC transporter ATP-binding protein AmiF
A0AA86MML6	EOOINEPP_00426	ABC transporter substrate-binding protein
A0AA86MEU9	EOOINEPP_00427	ABC transporter substrate-binding protein
A0AA86MB69	EOOINEPP_00428	hypothetical protein
A0AA86JGZ0	EOOINEPP_00429	Putative tryptophan-specific ABC transporter permease protein TrpY
A0AA86JB29	EOOINEPP_00430	ABC transporter ATP-binding protein
Q8DNI5	EOOINEPP_00431	Trehalose operon transcriptional repressor
A0AA86J8D9	EOOINEPP_00432	Trehalose-specific PTS IIBCA components
A0AA86J6G1	EOOINEPP_00433	Trehalose-6-phosphate hydrolase
B2ISY0	EOOINEPP_00434	Hypothetical protein
Q04IS7	EOOINEPP_00435	Glutamate racemase
B2ISX8	EOOINEPP_00436	Nucleoside 5-triphosphatase RdgB (dHAPTP%2C dITP%2C XTP-specific)
C1CGA3	EOOINEPP_00437	Phosphoesterase
Q9EUQ9	EOOINEPP_00438	CBS domain protein
C1C9E3	EOOINEPP_00439	Tyrosine recombinase XerD
A0A0T8RTE1	EOOINEPP_00440	Segregation and condensation protein A
Q8DNI9	EOOINEPP_00441	Segregation and condensation protein B
Q8DNJ0	EOOINEPP_00442	Ribosomal large subunit pseudouridine synthase B
C1CG97	EOOINEPP_00443	Putative membrane protein insertion efficiency factor YidD
C1CG96	EOOINEPP_00444	Iron compound ABC uptake transporter substrate-binding protein PiuA
C1CG95	EOOINEPP_00445	Iron compound ABC uptake transporter ATP-binding protein PiuD
C1CG94	EOOINEPP_00446	Iron compound ABC uptake transporter permease protein PiuC
A0AA86J8E7	EOOINEPP_00447	Iron compound ABC uptake transporter permease protein PiuB
A0A0E7ZNQ0	EOOINEPP_00448	UDP-glucose 4-epimerase
Q8DNJ7	EOOINEPP_00449	Glutamyl aminopeptidase
A0A0E8P644	EOOINEPP_00450	Hypothetical protein
A0A0E8SYC0	EOOINEPP_00451	Transcriptional regulator%2C MarR family
A0AA86J851	EOOINEPP_00452	Hypothetical protein
C1CG87	EOOINEPP_00453	Glycine betaine/L-proline transport ATP-binding protein ProV
A0A0T7KAV4	EOOINEPP_00454	Glycine betaine/L-proline transport substrate-binding/permease protein ProWX
Q8DNK1	EOOINEPP_00455	Ribosyl nicotinamide transporter PnuC
C1CG83	EOOINEPP_00456	Transcriptional regulator SczA%2C TetR family
Q8DNK3	EOOINEPP_00457	Cobalt-zinc-cadmium resistance protein CzcD
Q8DNK4	EOOINEPP_00458	Transcriptional regulator%2C MerR family
C1CG80	EOOINEPP_00459	Alcohol dehydrogenase
Q8DNK6	EOOINEPP_00460	Galactose operon repressor%2C GalR-LacI family
B2ISV2	EOOINEPP_00461	Galactokinase
A0AA86J8F8	EOOINEPP_00462	Galactose-1-phosphate uridylyltransferase
A0A0M3KL39	EOOINEPP_00463	Thioesterase
C1CG75	EOOINEPP_00464	Type II restriction-modification system endonuclease DpnC
P0A3T5	EOOINEPP_00465	Type II restriction-modification system component DpnD
A0AA86JT53	EOOINEPP_00466	Xanthine permease
Q3I0B1	EOOINEPP_00467	Xanthine phosphoribosyltransferase
	EOOINEPP_00468	Purine
	EOOINEPP_00468	
Q8CYC6	EOOINEPP_00469	hypothetical protein
C1CG71	EOOINEPP_00470	Exodeoxyribonuclease III
A0AA86MHZ7	EOOINEPP_00471	hypothetical protein
C1CG69	EOOINEPP_00472	hypothetical protein
A0A0H2URE6	EOOINEPP_00473	hypothetical protein
A0AA86MB78	EOOINEPP_00474	ABC transporter%2C ATP-binding/permease protein
A0AA86JH18	EOOINEPP_00475	ABC transporter%2C ATP-binding/permease protein
A0AA86JB57	EOOINEPP_00476	Sugar transferases involved in lipopolysaccharide synthesis
C1CG64	EOOINEPP_00477	Putative UDP-4-keto-6-deoxy-D-glucose 4-transaminase AatB
A0AA86J8G8	EOOINEPP_00478	Plasmin- and fibronectin-binding protein PfbA
B2IST5	EOOINEPP_00479	hypothetical protein
Q8CYD2	EOOINEPP_00480	Hypothetical protein
C1C979	EOOINEPP_00481	ABC transporter%2C substrate-binding protein
A0AA86JT56	EOOINEPP_00482	ABC transporter%2C ATP-binding protein
C1CG52	EOOINEPP_00483	Iron(III)-transport system permease protein SfuB
Q8DNM3	EOOINEPP_00484	Mg(2+)-transport-ATPase-associated protein MgtC
A0AA86MIY9	EOOINEPP_00485	Hypothetical protein
Q8DNM4	EOOINEPP_00486	Galactose operon repressor%2C GalR-LacI family
	EOOINEPP_00487	T-box
	EOOINEPP_00487	
A0A4J2BRX9	EOOINEPP_00488	Hypothetical protein
A0AA86MEX1	EOOINEPP_00489	Anthranilate synthase%2C aminase component
A0A0B7LWH4	EOOINEPP_00490	Bifunctional anthranilate synthase%2C amidotransferase component/para-aminobenzoate synthase%2Camidotransferase component
Q04IY6	EOOINEPP_00491	Anthranilate phosphoribosyltransferase
A0A0B7LLQ6	EOOINEPP_00492	Indole-3-glycerol phosphate synthase
A0AA86J715	EOOINEPP_00493	Phosphoribosylanthranilate isomerase
A0AA86J8H6	EOOINEPP_00494	Tryptophan synthase beta chain
A0A0B7M517	EOOINEPP_00495	Tryptophan synthase alpha chain
A0A0U0MHV9	EOOINEPP_00496	Hypothetical protein
A0A0H2URC4	EOOINEPP_00497	Transcriptional regulator%2C Xre family
A0AA86JT66	EOOINEPP_00498	Type IV prepilin peptidase
A0A0B7L697	EOOINEPP_00499	Acetyltransferase
A0A0B7LBM5	EOOINEPP_00500	Xylose repressor protein
A0A4F2BEU0	EOOINEPP_00501	Cellobiose-specific PTS IIC component
A0A0B7L735	EOOINEPP_00502	hypothetical protein
C1CG33	EOOINEPP_00503	Cellobiose-specific PTS IIB component
A0A4L3I3R0	EOOINEPP_00504	Lactose-specific PTS IIA component
B2ISF4	EOOINEPP_00505	Cellobiose-specific PTS IIC component
A0A0U0AG22	EOOINEPP_00506	Arylsulfatase
A0AA86JB75	EOOINEPP_00507	Formylglycine-generating enzyme
C1C952	EOOINEPP_00508	hypothetical protein
Q97P39	EOOINEPP_00509	Hypothetical protein
Q8DNN3	EOOINEPP_00510	General stress protein%2C Gls24 family
Q8DNN4	EOOINEPP_00511	Small integral membrane protein
B2ISG1	EOOINEPP_00512	Hypothetical protein
C1C945	EOOINEPP_00513	Membrane protein
Q97P44	EOOINEPP_00514	M protein trans-acting positive regulator Mga2
A0A0E8JL96	EOOINEPP_00515	Multiple sugar metabolism operon regulatory protein
C1CG18	EOOINEPP_00516	Multiple sugar ABC transporter%2C membrane-spanning permease protein
B2ISF6	EOOINEPP_00517	ABC transporter permease protein
B2ISF0	EOOINEPP_00518	hypothetical protein
A0A0T8VMK4	EOOINEPP_00519	Sucrose-6-phosphate hydrolase
	EOOINEPP_00520	tRNA-Lys(ctt)
	EOOINEPP_00520	
A0A4V0ITY0	EOOINEPP_00521	Chromosome segregation helicase
Q8CYD9	EOOINEPP_00522	Hypothetical protein
Q8DNP2	EOOINEPP_00523	Addiction module antitoxin HicB
B2ISE3	EOOINEPP_00524	Hypothetical protein
A0AA86J6K7	EOOINEPP_00525	Hypothetical protein
A0AA86JFH6	EOOINEPP_00526	7%2C8-dihydro-8-oxoguanine-triphosphatase
Q8DNP4	EOOINEPP_00527	Ribosomal protein L11 methyltransferase
A0AA86JT80	EOOINEPP_00528	16S rRNA (uracil(1498)-N(3))-methyltransferase
A0A916P872	EOOINEPP_00529	Oligoendopeptidase F
A0A062WT08	EOOINEPP_00530	hypothetical protein
A0AA86MJ00	EOOINEPP_00531	ABC transporter ATP-binding protein
A0A0E8TAE1	EOOINEPP_00532	hypothetical protein
A0AA86MMP4	EOOINEPP_00533	hypothetical protein
A0AA86MEY5	EOOINEPP_00534	Aquaporin Z
A0A380LRR5	EOOINEPP_00535	NADPH-dependent 7-cyano-7-deazaguanine reductase
C1CFZ6	EOOINEPP_00536	Thioredoxin
Q8CYE5	EOOINEPP_00537	Hypothetical protein
C1CFZ4	EOOINEPP_00538	Transcriptional regulator%2C MarR family
C1CFX5	EOOINEPP_00539	Membrane protein
A0A0T7TKT8	EOOINEPP_00540	Serine/threonine transporter SstT
A0AA86JFJ2	EOOINEPP_00541	Serine/threonine transporter SstT
B2ISA3	EOOINEPP_00542	Potassium efflux system KefA protein
A0A064C0E8	EOOINEPP_00543	Magnesium and cobalt transport protein CorA2
B2ISA1	EOOINEPP_00544	Hydrolase%2C HAD subfamily IIIA
A0A0H2UR97	EOOINEPP_00545	GTP-binding protein YqeH%2C required for biogenesis of 30S ribosome subunit
Q8DNQ6	EOOINEPP_00546	RNA-binding protein
P65505	EOOINEPP_00547	Nicotinate-nucleotide adenylyltransferase
A0A0E8T0X8	EOOINEPP_00548	HAD superfamily hydrolase YqeK
Q8DNQ8	EOOINEPP_00549	Isochorismatase
Q8DNQ9	EOOINEPP_00550	Ribosomal silencing factor RsfA
A0AA86JH70	EOOINEPP_00551	Methyltransferase
A0A0T8N9M2	EOOINEPP_00552	hypothetical protein
A0AA86J758	EOOINEPP_00553	hypothetical protein
A0A0H2ZR31	EOOINEPP_00554	Antitoxin YefM
Q8DNR3	EOOINEPP_00555	YoeB toxin protein
A0A0U0B6S6	EOOINEPP_00556	Ribonuclease Y
Q97PA3	EOOINEPP_00557	Guanylate kinase
Q04J38	EOOINEPP_00558	DNA-directed RNA polymerase omega subunit
A0AA86J8B5	EOOINEPP_00559	Helicase PriA essential for oriC/DnaA-independent DNA replication
B5E782	EOOINEPP_00560	Methionyl-tRNA formyltransferase
A0AA86MJ09	EOOINEPP_00561	16S rRNA (cytosine(967)-C(5))-methyltransferase
A0A0H2UR71	EOOINEPP_00562	Protein serine/threonine phosphatase PhpP
A0A380LRS2	EOOINEPP_00563	Serine/threonine protein kinase StkP
Q8DNS1	EOOINEPP_00564	Membrane protein
C1CFV2	EOOINEPP_00565	Putative membrane-spanning protein
A0AA86JH77	EOOINEPP_00566	IS1381 transposase OrfA
C1C7G4	EOOINEPP_00567	IS1381 transposase OrfB
Q8CYE8	EOOINEPP_00568	Hypothetical protein
C1CFU8	EOOINEPP_00569	Hydroxymethylglutaryl-CoA synthase
A0A380LTJ0	EOOINEPP_00570	Hydroxymethylglutaryl-CoA reductase
Q8DNS6	EOOINEPP_00571	Sucrose operon repressor ScrR%2C LacI family
A0AA86JP91	EOOINEPP_00572	Sucrose-6-phosphate hydrolase
Q8DNS8	EOOINEPP_00573	Sucrose-specific PTS IIBCA components
B1I778	EOOINEPP_00574	Fructokinase
C1CFU1	EOOINEPP_00575	Immunoreactive protein Se23.5-like protein
A0A0E8SZC7	EOOINEPP_00576	Hypothetical protein
C1C8V4	EOOINEPP_00577	ABC transporter ATP-binding protein - Na+ export
C1CFT8	EOOINEPP_00578	ABC transporter membrane-spanning permease - Na+ export
A0A229G0F0	EOOINEPP_00579	ABC transporter ATP-binding protein
C1C8V1	EOOINEPP_00580	Multidrug ABC transporter%2C ATP-binding protein
Q8DNT4	EOOINEPP_00581	Transcriptional regulator%2C GntR family
B2IRW8	EOOINEPP_00582	Ribonucleotide reductase transcriptional regulator NrdR
A0A0U0H4S0	EOOINEPP_00583	Helicase loader DnaB
A0A0U0BPB3	EOOINEPP_00584	Helicase loader DnaI
A0A0U0M2R2	EOOINEPP_00585	NADPH-flavin oxidoreductase
A0A0T7Z4A0	EOOINEPP_00586	GTP-binding protein EngA
B1I765	EOOINEPP_00587	Hypothetical protein
A0A559BP94	EOOINEPP_00588	Hypothetical protein
A0A0U0H5W0	EOOINEPP_00589	Hypothetical protein
A0A559G8C4	EOOINEPP_00590	Hypothetical protein
A0AA86MJ17	EOOINEPP_00591	ABC transporter%2C ATP-binding protein
B2IRV8	EOOINEPP_00592	hypothetical protein
A0AA86MMQ9	EOOINEPP_00593	Protein translocase subunit SecA
C1CFS0	EOOINEPP_00594	2-keto-3-deoxy-D-arabino-heptulosonate-7- phosphate synthase I alpha
Q8DNU0	EOOINEPP_00595	2-keto-3-deoxy-D-arabino-heptulosonate-7- phosphate synthase I alpha
B2IRV4	EOOINEPP_00596	Holo-[acyl-carrier protein] synthase
A0A0B7M206	EOOINEPP_00597	Alanine racemase
A0AA86J783	EOOINEPP_00598	ATP-dependent DNA helicase RecG
C1CFR5	EOOINEPP_00599	Bifunctional acetyl xylan esterase 1/cephalosporin-C deacetylase
A0A4J1WA53	EOOINEPP_00600	Hypothetical protein
Q8CYF7	EOOINEPP_00601	Hypothetical protein
B8XTV7	EOOINEPP_00602	Sialidase NanA
A0A0B7LFI0	EOOINEPP_00603	Hypothetical protein
A0A0B7MDG4	EOOINEPP_00604	Putative beta-D-galactosidase
Q8DNU2	EOOINEPP_00605	ABC transporter substrate-binding protein - sugar transport
Q8DNU3	EOOINEPP_00606	ABC transporter membrane-spanning permease%2C sugar transport YcjO
C1CFQ8	EOOINEPP_00607	ABC transporter%2C permease protein
A0AA86MBA6	EOOINEPP_00608	Sialidase
C1CFQ6	EOOINEPP_00609	Oxidoreductase
P65521	EOOINEPP_00610	N-acetylmannosamine-6-phosphate 2-epimerase
C1C8S2	EOOINEPP_00611	N-acetylglucosamine-specific PTS IIABC components
Q8DNU8	EOOINEPP_00612	ABC transporter%2C putative N-acetylneuraminate-binding protein
C1CFQ2	EOOINEPP_00613	ABC transporter%2C putative N-acetylneuraminate transport system permease protein 1
Q8DNV0	EOOINEPP_00614	ABC transporter%2C putative N-acetylneuraminate transport system permease protein 2
C1CFQ0	EOOINEPP_00615	Protein YjgK%2C linked to biofilm formation
A0A0U0E7C1	EOOINEPP_00616	Hypothetical protein
C1CFP8	EOOINEPP_00617	hypothetical protein
A0AA86Y540	EOOINEPP_00618	4-hydroxy-tetrahydrodipicolinate synthase
A0A4J2BSC2	EOOINEPP_00619	N-acetylmannosamine kinase
B2IRS9	EOOINEPP_00620	Sialic acid utilization regulator%2C RpiR family
B0B6H3	EOOINEPP_00621	Penicillin-binding protein 2B
Q9R2M1	EOOINEPP_00622	Recombination protein RecR
Q9R372	EOOINEPP_00623	D-alanine--D-alanine ligase
C1CFP1	EOOINEPP_00624	UDP-N-acetylmuramoyl-tripeptide--D-alanyl-D- alanine ligase
A0A4L3I074	EOOINEPP_00625	MutT/nudix family protein phosphohydrolase
Q8CYG1	EOOINEPP_00626	Putative membrane protein
Q9ZHC0	EOOINEPP_00627	Cell division protein FtsA
Q8DNV9	EOOINEPP_00628	Cell division protein FtsZ
C1CFN6	EOOINEPP_00629	YlmE
Q8DNW1	EOOINEPP_00630	FtsZ-interacting protein related to cell division YlmF
Q9ZHB6	EOOINEPP_00631	Cell division integral membrane protein YlmG%2C YGGT family
Q9ZHB5	EOOINEPP_00632	YlmH
C1CFN2	EOOINEPP_00633	Cell division initiation protein DivIVA
A0A4J2BWQ7	EOOINEPP_00634	Isoleucyl-tRNA synthetase
C1CFM9	EOOINEPP_00635	hypothetical protein
C1CFM7	EOOINEPP_00636	Phosphoglycerate mutase
A0AA86MF17	EOOINEPP_00637	Putative large secreted protein
C1C8P3	EOOINEPP_00638	ABC transporter%2C ATP-binding protein
A0AA86JHD8	EOOINEPP_00639	ABC transporter%2C permease protein
A0A062WLL4	EOOINEPP_00640	Thiol peroxidase%2C Tpx-type
D2CTJ2	EOOINEPP_00641	Manganese ABC transporter%2C periplasmic-binding protein PsaA
C1CFM0	EOOINEPP_00642	Manganese ABC transporter%2C inner membrane permease protein PsaC
B2IRQ4	EOOINEPP_00643	Manganese ABC transporter%2C ATP-binding protein PsaB
A0AA86JFQ8	EOOINEPP_00644	Neutral endopeptidase O
A0A0T8BDS4	EOOINEPP_00645	Hydroxyacylglutathione hydrolase
A0A0H2ZP47	EOOINEPP_00646	Bifunctional guanosine-3'%2C5'-bis(diphosphate) 3'-pyrophosphohydrolase/(p)ppGpp synthetase II
Q8DNX2	EOOINEPP_00647	D-tyrosyl-tRNA(Tyr) deacylase
A0A0H2ZLZ3	EOOINEPP_00648	hypothetical protein
B2IRP3	EOOINEPP_00649	Mn-dependent transcriptional regulator MntR
A0A6A8VMJ1	EOOINEPP_00650	Putative diadenosine tetraphosphatase
A0AA86MMS5	EOOINEPP_00651	Rrf2 family transcriptional regulator%2C group III
A0AA86MF23	EOOINEPP_00652	Hypothetical protein
A0AA86MBB7	EOOINEPP_00653	Esterase/lipase
A0A064C629	EOOINEPP_00654	Two-component system response regulator
A0A380LVT5	EOOINEPP_00655	Two-component system sensor histidine kinase
C1CSP6	EOOINEPP_00656	Threonyl-tRNA synthetase
Q8CYH8	EOOINEPP_00657	hypothetical protein
Q8CYH9	EOOINEPP_00658	Hypothetical protein
A0AA86JFR8	EOOINEPP_00659	Rrf2-linked NADH-flavin reductase
Q97PI9	EOOINEPP_00660	SSU ribosomal protein S15p (S13e)
Q8DNY0	EOOINEPP_00661	Cadmium resistance protein CadD
B2IRD2	EOOINEPP_00662	Acyl-ACP:1-acyl-sn-glycerol-3-phosphate acyltransferase
A0AA86JBW6	EOOINEPP_00663	Cadmium-transporting ATPase
A0AA86MJ41	EOOINEPP_00664	tRNA (adenine(22)-N(1))-methyltransferase
C1CFJ2	EOOINEPP_00665	Putative GTP cyclohydrolase 1 type 2 protein YbgI
A0A0E9GWZ8	EOOINEPP_00666	Glycine/D-amino acid oxidases family protein
A0A0B7M1L4	EOOINEPP_00667	UDP-glucose 4-epimerase
Q8DNY7	EOOINEPP_00668	Bactoprenol glucosyl transferase
C1CFI7	EOOINEPP_00669	Ferredoxin
Q8CYI0	EOOINEPP_00670	Hypothetical protein
A0A064C099	EOOINEPP_00671	Cytidylate kinase
A0AA86J8U5	EOOINEPP_00672	Protein PhnA
Q8CYI1	EOOINEPP_00673	Hypothetical protein
A0AA86JFS8	EOOINEPP_00674	Major facilitator superfamily transporter-permease
A0AA86JPE4	EOOINEPP_00675	tRNA pseudouridine synthase A
A0A0H2UR72	EOOINEPP_00676	Pyridoxal kinase%2C thiD family
A0AA86J8I9	EOOINEPP_00677	Substrate-specific component PdxU2 of putative pyridoxin-related ECF transporter
Q8DNZ4	EOOINEPP_00678	IS3 family transposase ISSpn11
A0AA86JJ87	EOOINEPP_00679	hypothetical protein
C1CFH2	EOOINEPP_00680	Xaa-Pro dipeptidase
A0A0H2ZML1	EOOINEPP_00681	Putative amidotransferase similar to cobyric acid synthase
C1C8I0	EOOINEPP_00682	Mur ligase family protein
A0AA86MIZ1	EOOINEPP_00683	Pyridine nucleotide-disulfide oxidoreductase
A0AA86MJX7	EOOINEPP_00684	Major facilitator oxalate:formate antiporter
P0A4D7	EOOINEPP_00685	DEAD-box ATP-dependent RNA helicase CshA
C1CSK2	EOOINEPP_00686	GTP-sensing transcriptional pleiotropic repressor CodY
Q8DP02	EOOINEPP_00687	Nicotinamidase
	EOOINEPP_00688	tRNA-Leu(aag)
	EOOINEPP_00688	
A0A0H2UQW6	EOOINEPP_00689	Multiple sugar ABC transporter%2C ATP-binding protein
Q8DP04	EOOINEPP_00690	SAM-dependent methyltransferase
C1CFG1	EOOINEPP_00691	Adenine phosphoribosyltransferase
Q8DP05	EOOINEPP_00692	Homoserine O-succinyltransferase
C1CFF8	EOOINEPP_00693	Chromosome replication initiation protein DnaD
Q04JH4	EOOINEPP_00694	Triosephosphate isomerase
A0AA86JAJ5	EOOINEPP_00695	1%2C4-beta-N-acetylmuramidase%2C lyzozyme LytC
O85254	EOOINEPP_00696	Bifunctional non-specific DNA-binding protein/ferroxidase Dpr
O85255	EOOINEPP_00697	Dihydrofolate reductase
B1ICZ0	EOOINEPP_00698	Hypothetical protein
A0A4M9XSE5	EOOINEPP_00699	ATP-dependent Clp protease ATP-binding subunit ClpX
Q04JI0	EOOINEPP_00700	GTP-binding protein EngB
Q8DP09	EOOINEPP_00701	RidA/YER057c/UK114 superfamily protein
A0A0B7LZK7	EOOINEPP_00702	Putative P-loop-containing kinase
C1CFE8	EOOINEPP_00703	LPPG:FO 2-phospho-L-lactate transferase-like protein
Q8DP12	EOOINEPP_00704	Putative cytoplasmic protein
A0A0E7NRX6	EOOINEPP_00705	Tyrosine recombinase XerC
A0AA86MGF1	EOOINEPP_00706	hypothetical protein
A0AA86MCL4	EOOINEPP_00707	hypothetical protein
A0AA86JKM8	EOOINEPP_00708	hypothetical protein
A0A380LQI5	EOOINEPP_00709	hypothetical protein
A0A0T7JG49	EOOINEPP_00710	hypothetical protein
A0A0B7MB27	EOOINEPP_00711	hypothetical protein
C1CHB1	EOOINEPP_00712	hypothetical protein
A0A380LS70	EOOINEPP_00713	hypothetical protein
A0A380LQB1	EOOINEPP_00714	hypothetical protein
A0A098ANA5	EOOINEPP_00715	hypothetical protein
A0A064C342	EOOINEPP_00716	hypothetical protein
A0A064C1N6	EOOINEPP_00717	hypothetical protein
A0A064C056	EOOINEPP_00718	hypothetical protein
M9QZ03	EOOINEPP_00719	hypothetical protein
A0AA86MPN8	EOOINEPP_00720	hypothetical protein
A0A0E8SXA9	EOOINEPP_00721	hypothetical protein
A0A380LTA8	EOOINEPP_00722	hypothetical protein
A0A380LS80	EOOINEPP_00723	hypothetical protein
A0A098AN63	EOOINEPP_00724	hypothetical protein
A0A064C5V3	EOOINEPP_00725	hypothetical protein
A0A0T8WW84	EOOINEPP_00726	hypothetical protein
A0AA86J9N0	EOOINEPP_00727	hypothetical protein
A0AA86JIP8	EOOINEPP_00728	hypothetical protein
A0A0U0FML2	EOOINEPP_00729	hypothetical protein
A0A380LU01	EOOINEPP_00730	hypothetical protein
A0A0B7M3F4	EOOINEPP_00731	hypothetical protein
A0A380LTB6	EOOINEPP_00732	hypothetical protein
A0A4L7JWA9	EOOINEPP_00733	hypothetical protein
A0AA86JLC6	EOOINEPP_00734	hypothetical protein
A0A0B7LRJ1	EOOINEPP_00735	hypothetical protein
	EOOINEPP_00736	GOLLD
	EOOINEPP_00736	
A0AA86MGS2	EOOINEPP_00737	hypothetical protein
A0A4J1UIP0	EOOINEPP_00738	hypothetical protein
A0A4J2BWE8	EOOINEPP_00739	hypothetical protein
A0A4J2B3Z3	EOOINEPP_00740	hypothetical protein
A0A0U0GT88	EOOINEPP_00741	hypothetical protein
A0A380LS23	EOOINEPP_00742	hypothetical protein
A0A380LTC2	EOOINEPP_00743	hypothetical protein
A0A380LSA0	EOOINEPP_00744	hypothetical protein
A0A4J1MW86	EOOINEPP_00745	hypothetical protein
A0A4J1V8M8	EOOINEPP_00746	hypothetical protein
C1CGF7	EOOINEPP_00747	hypothetical protein
A0A0T8U0V4	EOOINEPP_00748	hypothetical protein
A0A098ANC3	EOOINEPP_00749	hypothetical protein
A0AA86MCZ4	EOOINEPP_00750	hypothetical protein
M9QX92	EOOINEPP_00751	hypothetical protein
A0A0T8ZZN8	EOOINEPP_00752	hypothetical protein
M9QQS0	EOOINEPP_00753	hypothetical protein
A0A0U0HEJ3	EOOINEPP_00754	hypothetical protein
A0A4J2BVC4	EOOINEPP_00755	hypothetical protein
A0A0U0LNZ8	EOOINEPP_00756	hypothetical protein
A0AAE4FWU6	EOOINEPP_00757	hypothetical protein
M9QQR7	EOOINEPP_00758	hypothetical protein
B1I7B6	EOOINEPP_00759	hypothetical protein
C1CGE3	EOOINEPP_00760	hypothetical protein
A0AA86JC10	EOOINEPP_00761	hypothetical protein
A0AA86JFI0	EOOINEPP_00762	Autolysin/N-acetylmuramoyl-L-alanine amidase LytA
A0A0D6J7C7	EOOINEPP_00763	Thioredoxin reductase
Q8DP14	EOOINEPP_00764	Bacterial checkpoint controller DisA
Q8DP15	EOOINEPP_00765	Hypothetical protein
A0AA86JJX3	EOOINEPP_00766	Phosphoglucosamine mutase
B2IR77	EOOINEPP_00767	Hypothetical protein
Q97PP6	EOOINEPP_00768	DegV family protein
B2IR75	EOOINEPP_00769	4-hydroxy-tetrahydrodipicolinate reductase
A0AA86J8X0	EOOINEPP_00770	CCA tRNA nucleotidyltransferase
A0A0T8V6V7	EOOINEPP_00771	ATPase component of ABC transporter with duplicated ATPase domains
C1CFD7	EOOINEPP_00772	Cobalt-zinc-cadmium resistance protein
	EOOINEPP_00773	SSRC10
	EOOINEPP_00773	
A0A0T8FY45	EOOINEPP_00774	Calcium-transporting ATPase
A0A0T8A0Q4	EOOINEPP_00775	Glutathione S-transferase
A0A0T8SNA2	EOOINEPP_00776	Peptide deformylase
A0AA86MK75	EOOINEPP_00777	Cell shape-determining protein
Q8CYI7	EOOINEPP_00778	Hypothetical protein
	EOOINEPP_00779	SpR20_sRNA
	EOOINEPP_00779	
B2IR66	EOOINEPP_00780	hypothetical protein
B1ICW7	EOOINEPP_00781	Hypothetical protein
A0A098ZCY9	EOOINEPP_00782	Hypothetical protein
A0A0T8L9J6	EOOINEPP_00783	Aspartate aminotransferase
C1C8D2	EOOINEPP_00784	Putative lactoylglutathione lyase
C1CFC3	EOOINEPP_00785	Asparaginyl-tRNA synthetase
Q04JK8	EOOINEPP_00786	SSU ribosomal protein S6p
A0AA86J8Y1	EOOINEPP_00787	Single-stranded DNA-binding protein
Q04JL0	EOOINEPP_00788	SSU ribosomal protein S18p
A0A0T8L9N8	EOOINEPP_00789	Bifunctional lipoprotein rotamase A/peptidyl-prolyl cis-trans isomerase
Q8DP29	EOOINEPP_00790	General stress protein 13
Q8DP30	EOOINEPP_00791	tRNA(1)(Val) (adenine(37)-N(6))-methyltransferase
Q97PR7	EOOINEPP_00792	Putative endonuclease
Q04JL5	EOOINEPP_00793	Manganese-dependent inorganic pyrophosphatase
A0A098Z6G6	EOOINEPP_00794	Glutamate synthase [NADPH] large chain
A0A0T8UTG8	EOOINEPP_00795	hypothetical protein
C1CFB2	EOOINEPP_00796	Hypothetical protein
A0A0T8JHS8	EOOINEPP_00797	UDP-N-acetylmuramoylalanyl-D-glutamate--L-lysine ligase
Q8DP32	EOOINEPP_00798	Putative cell division protein YtgP
A0A0F7YA13	EOOINEPP_00799	Oligopeptide ABC transporter oligopeptide-binding protein AliB
A0A4M2GLZ6	EOOINEPP_00800	ABC transporter%2C ATP-binding/permease protein
A0A0T8UTH6	EOOINEPP_00801	ABC transporter%2C ATP-binding/permease protein
A0AA86J8Z1	EOOINEPP_00802	Cystathionine gamma-synthase
A0A0U0ES11	EOOINEPP_00803	Bifunctional PLP-dependent beta-cystathionase/maltose regulon repressor
A0AA86JRD0	EOOINEPP_00804	SWF/SNF family helicase
Q8CYJ6	EOOINEPP_00805	Hypothetical protein
A0A380LSF6	EOOINEPP_00806	UDP-N-acetylmuramate--alanine ligase
C1CFA4	EOOINEPP_00807	hypothetical protein
Q8DP41	EOOINEPP_00808	Acetyltransferase%2C GNAT family
A0AA86MJ90	EOOINEPP_00809	Endolytic murein transglycosylase MltG
Q8DP42	EOOINEPP_00810	Transcription elongation factor GreA
A0AA86MG47	EOOINEPP_00811	Hypothetical protein
Q8CYJ9	EOOINEPP_00812	Acetyltransferase
Q79RW7	EOOINEPP_00813	ATP synthase F0 sector subunit c
Q6Y861	EOOINEPP_00814	ATP synthase F0 sector subunit a
Q04HT5	EOOINEPP_00815	ATP synthase F0 sector subunit b
Q04HT6	EOOINEPP_00816	ATP synthase F1 sector delta chain
C1CF95	EOOINEPP_00817	ATP synthase F1 sector alpha chain
C1CSC9	EOOINEPP_00818	ATP synthase F1 sector gamma chain
C1CLK6	EOOINEPP_00819	ATP synthase F1 sector beta chain
Q04N64	EOOINEPP_00820	ATP synthase F1 sector epsilon chain
Q8DP45	EOOINEPP_00821	6-phosphogluconolactonase
Q8DP46	EOOINEPP_00822	Hypothetical protein
A0AA86MJ60	EOOINEPP_00823	TPR-repeat-containing protein
C1CF86	EOOINEPP_00824	Glutamine ABC transporter permease GlnP6
Q8DP49	EOOINEPP_00825	Glutamine ABC transporter ATP-binding protein GlnQ6
Q8DP50	EOOINEPP_00826	Glutamine ABC transporter substrate-binding protein GlnH6
Q8DP51	EOOINEPP_00827	Bacterocin transport accessory protein
A0AA86JHJ3	EOOINEPP_00828	Phosphoglucomutase
C1C888	EOOINEPP_00829	IS630 family transposase IS630-Spn1
C1C887	EOOINEPP_00830	Hypothetical protein
A0A6G2CVB6	EOOINEPP_00831	Hypothetical protein
C1C885	EOOINEPP_00832	Cell wall surface anchor family protein MucB
C1C884	EOOINEPP_00833	Major intrinsic protein family aquaporin
B2IQV2	EOOINEPP_00834	Translation elongation factor Tu
A0A4J1TXJ2	EOOINEPP_00835	Mobile element protein
C1C879	EOOINEPP_00836	IS630 family transposase ISSpn2
A0A380LQP7	EOOINEPP_00837	hypothetical protein
A0AA86JC09	EOOINEPP_00838	IS630 family transposase ISSpn2
A0AA86MJ65	EOOINEPP_00839	ATP-dependent RNA helicase YfmL
A0AA86MI80	EOOINEPP_00840	Oxidoreductase%2C Gfo/Idh/MocA family
B2IQU6	EOOINEPP_00841	hypothetical protein
A0AA86MF50	EOOINEPP_00842	Peptidoglycan N-acetylglucosamine deacetylase
B2IQU4	EOOINEPP_00843	Ooxidoreductase of aldo/keto reductase family%2C subgroup 1
	EOOINEPP_00844	SpR19_sRNA
	EOOINEPP_00844	
C1C872	EOOINEPP_00845	hypothetical protein
A0A0B7LTT5	EOOINEPP_00846	Glycyl-tRNA synthetase alpha chain
A0AA86J7G2	EOOINEPP_00847	Glycyl-tRNA synthetase beta chain
Q8DP67	EOOINEPP_00848	Hypothetical protein
A0A064C0N4	EOOINEPP_00849	Fumarate reductase%2C flavoprotein subunit precursor
Q8DP68	EOOINEPP_00850	Fumarate reductase%2C flavoprotein subunit precursor
Q8DP69	EOOINEPP_00851	Putative thiamin biosynthesis lipoprotein
C1C864	EOOINEPP_00852	NADH peroxidase
Q97PX2	EOOINEPP_00853	Pyridoxal 5'-phosphate synthase%2C synthase subunit PdxS
Q97PX3	EOOINEPP_00854	Pyridoxal 5'-phosphate synthase%2C glutaminase subunit PdxT
A0AA86MJ71	EOOINEPP_00855	Hemolysin III
Q8CYK8	EOOINEPP_00856	Hypothetical protein
C1CF46	EOOINEPP_00857	Acetyltransferase
C1CF45	EOOINEPP_00858	Methylated-DNA--protein-cysteine methyltransferase
Q8DP75	EOOINEPP_00859	Arsenate reductase
Q8DP76	EOOINEPP_00860	Cysteine ABC transporter permease protein
Q8DP77	EOOINEPP_00861	Cysteine ABC transporter ATP-binding protein
Q8CYL0	EOOINEPP_00862	Hypothetical protein
A0A380LQW9	EOOINEPP_00863	Thioredoxin reductase
B1ICN8	EOOINEPP_00864	23S rRNA (guanosine(2251)-2'-O)-methyltransferase
Q04JP7	EOOINEPP_00865	Peptide deformylase
A0AA86JPI6	EOOINEPP_00866	Capsule biosynthesis protein CapA
Q8CYL3	EOOINEPP_00867	hypothetical protein
Q8DP80	EOOINEPP_00868	HAD superfamily hydrolase
Q8CYL4	EOOINEPP_00869	Bifunctional N-acetylneuraminate cytidylyltransferase/platelet activating factor
Q8DP81	EOOINEPP_00870	C3-degrading proteinase
C1CF32	EOOINEPP_00871	Beta-lactamase%2C class C
Q8DP82	EOOINEPP_00872	Drug/metabolite transporter superfamily protein
Q8DP83	EOOINEPP_00873	Transcriptional regulator in cluster with beta-lactamase%2C GntR family
Q04JQ8	EOOINEPP_00874	GMP synthase%2C amidotransferase and ATP pyrophosphatase subunits
	EOOINEPP_00875	SpR18_sRNA
	EOOINEPP_00875	
B2IQR0	EOOINEPP_00876	IS66 family transposase Orf1
A0AA86JBN9	EOOINEPP_00877	IS66 family transposase Orf2
A0A0E7Z8M3	EOOINEPP_00878	hypothetical protein
A0A380LQT6	EOOINEPP_00879	hypothetical protein
A0AA86J712	EOOINEPP_00880	hypothetical protein
A0AA86JFZ8	EOOINEPP_00881	Duplicated ATPase component of energizing module of putative ECF transporter
A0AA86JPJ5	EOOINEPP_00882	Transmembrane component of energizing module of putative ECF transporter
Q8CYL9	EOOINEPP_00883	Substrate-specific component of putative ECF transporter
A0AA86J8Q7	EOOINEPP_00884	ABC transporter ATP-binding/permease protein
A0AA86JC30	EOOINEPP_00885	ABC transporter ATP-binding/permease protein
A0AA86MJ78	EOOINEPP_00886	Transcriptional regulator%2C AraC family
A0A110RR68	EOOINEPP_00887	Type II restriction-modification system methyltransferase
Q8DP92	EOOINEPP_00888	hypothetical protein
B2IQP5	EOOINEPP_00889	hypothetical protein
A0A4K6U217	EOOINEPP_00890	Peptidase%2C U32 family large subunit (C1)
A0A0T8K483	EOOINEPP_00891	Peptidase%2C U32 family large subunit (C1)
A0AA86JHP6	EOOINEPP_00892	Multidrug efflux ABC transporter ATP-binding protein
A0A380LQV3	EOOINEPP_00893	Hypothetical protein
C1CF10	EOOINEPP_00894	Transcriptional repressor
A0AA86J929	EOOINEPP_00895	Hypothetical protein
Q8DP97	EOOINEPP_00896	Nicotinate phosphoribosyltransferase
A0A4V0J7Q8	EOOINEPP_00897	NAD synthetase
C1C817	EOOINEPP_00898	Acetyltransferase%2C GNAT family
A0A0B7L6F0	EOOINEPP_00899	Hypothetical protein
A0A4N5NE36	EOOINEPP_00900	Choline-binding protein CbpM
A0AA95IJ94	EOOINEPP_00901	S-adenosylmethionine:tRNA ribosyltransferase-isomerase
C1CQU2	EOOINEPP_00902	Glucosamine-6-phosphate deaminase
B2IQN3	EOOINEPP_00903	SSU ribosomal protein S21p
A0AA86MMX8	EOOINEPP_00904	HPr kinase/phosphorylase
B2IQN1	EOOINEPP_00905	Prolipoprotein diacylglyceryl transferase
Q8DPA4	EOOINEPP_00906	General stress protein
B1ICL0	EOOINEPP_00907	Hypothetical protein
Q8DPA6	EOOINEPP_00908	Putative radical SAM family enzyme
A0AA86J7J6	EOOINEPP_00909	Acyl-ACP thioesterase
Q8DPA7	EOOINEPP_00910	Putative NagD-like phosphatase
A0A0B7M5J0	EOOINEPP_00911	Integral membrane protein
Q97Q26	EOOINEPP_00912	Transcriptional regulator SpxA1
Q04JU6	EOOINEPP_00913	Hypothetical protein
A0AA86JTQ5	EOOINEPP_00914	Inositol-1-monophosphatase
A0AA86J8S7	EOOINEPP_00915	tRNA and rRNA cytosine-C5-methylase
Q97Q31	EOOINEPP_00916	Phosphate ABC transporter periplasmic phosphate-binding protein PstS2
Q8DPB2	EOOINEPP_00917	Phosphate transport system permease protein PstC2
Q8DPB3	EOOINEPP_00918	Phosphate transport system permease protein PstA2
C1CEY5	EOOINEPP_00919	Phosphate transport ATP-binding protein PstB2_1
C1CEY4	EOOINEPP_00920	Phosphate transport ATP-binding protein PstB2_2
Q8DPB6	EOOINEPP_00921	Phosphate transport system regulatory protein PhoU2
A0AA86JHR5	EOOINEPP_00922	Amino acid ABC transporter amino acid-binding/permease protein
A0AA86JBS5	EOOINEPP_00923	Putative transcriptional regulator of pyridoxine metabolism
A0AA86J7K5	EOOINEPP_00924	Alpha-acetolactate decarboxylase
A0A0H2UQJ2	EOOINEPP_00925	Hypothetical protein
B1ICI9	EOOINEPP_00926	UDP-N-acetylenolpyruvoylglucosamine reductase
C1CEX7	EOOINEPP_00927	Spermidine/putrescine import ABC transporter ATP-binding protein PotA
A0AA86JPL8	EOOINEPP_00928	Spermidine/putrescine import ABC transporter permease protein PotB
C1C7Y7	EOOINEPP_00929	Spermidine/putrescine import ABC transporter permease protein PotC
A0AA86J8T5	EOOINEPP_00930	Spermidine/putrescine import ABC transporter substrate-binding protein PotD
B1ICI4	EOOINEPP_00931	Hypothetical protein
A0AA86MJ93	EOOINEPP_00932	Alanyl-tRNA synthetase
A0AA86MIA9	EOOINEPP_00933	Cytoplasmic alpha-amylase
A0AA86MMZ4	EOOINEPP_00934	ABC transporter ATP-binding protein
A0AA86MF79	EOOINEPP_00935	ABC transporter permease
A0AA86MBF4	EOOINEPP_00936	Putative ribosomal RNA large subunit methyltransferase YwbD
Q04JX0	EOOINEPP_00937	3-dehydroquinate dehydratase I
C1CL85	EOOINEPP_00938	Shikimate/quinate 5-dehydrogenase I beta
Q3I071	EOOINEPP_00939	3-dehydroquinate synthase
C1CL83	EOOINEPP_00940	Chorismate synthase
C1CEW2	EOOINEPP_00941	Prephenate dehydrogenase
Q8DPD3	EOOINEPP_00942	Transcriptional regulator
A0AA86JPM7	EOOINEPP_00943	5-Enolpyruvylshikimate-3-phosphate synthase
C1CEV9	EOOINEPP_00944	Shikimate kinase I
A0A0D6J7D6	EOOINEPP_00945	Prephenate dehydratase
Q8DPD6	EOOINEPP_00946	LytR-CpsA-Psr subfamily F1 cell envelope-associated transcriptional attenuator
I6L8M4	EOOINEPP_00947	IS1380 family transposase ISSpn5
A0A0U0HA50	EOOINEPP_00948	Lipopolysaccharide cholinephosphotransferase LicD3
A0AA86MIB5	EOOINEPP_00949	Glycosyltransferase%2C group 1 family
Q8DPD9	EOOINEPP_00950	Glycosyltransferase%2C group 2 family
A0A0T8BP31	EOOINEPP_00951	Teichoic acid ribitol polymerase
Q8CYN1	EOOINEPP_00952	TarQ
C1C7W3	EOOINEPP_00953	Adaptor protein MecA
Q8DPE1	EOOINEPP_00954	Homoserine dehydrogenase
Q04JY7	EOOINEPP_00955	Homoserine kinase
P0A3Q9	EOOINEPP_00956	Peptide methionine sulfoxide reductase MsrAB1
A0AA86J763	EOOINEPP_00957	ABC transporter ATP-binding/permease protein
A0AA86JG40	EOOINEPP_00958	ABC transporter ATP-binding/permease protein
A0A6I3VCP0	EOOINEPP_00959	Methylthioadenosine deaminase
	EOOINEPP_00960	L10_leader
	EOOINEPP_00960	
Q04JZ3	EOOINEPP_00961	LSU ribosomal protein L10p (P0)
Q04JZ4	EOOINEPP_00962	LSU ribosomal protein L7/L12 (P1/P2)
	EOOINEPP_00963	rli38
	EOOINEPP_00963	
A0A098ANF2	EOOINEPP_00964	hypothetical protein
A0A0B7LSP9	EOOINEPP_00965	hypothetical protein
A0A380LSW2	EOOINEPP_00966	hypothetical protein
A0A2Z4HWH3	EOOINEPP_00967	Tn5253 hypothetical protein
E4Z7F0	EOOINEPP_00968	hypothetical protein
A0A0I6SP51	EOOINEPP_00969	Tn5253 putative CAAX amino terminal protease
A0A0I8W061	EOOINEPP_00970	Lanthionine biosynthesis protein LanL
A0A0B7LGD3	EOOINEPP_00971	ABC transporter ATP-binding/membrane spanning protein
C1C7U3	EOOINEPP_00972	ABC transporter ATP-binding protein
A0A2Z4HWJ5	EOOINEPP_00973	Hypothetical protein
A0AAE4K123	EOOINEPP_00974	hypothetical protein
A0A2Z4HWH1	EOOINEPP_00975	hypothetical protein
A0A0T7I9X4	EOOINEPP_00976	hypothetical protein
B1IAQ4	EOOINEPP_00977	IS630 family transposase ISSpn2
A0A2Z4HWG2	EOOINEPP_00978	IS1381 transposase OrfB
A0A2Z4HWI7	EOOINEPP_00979	ABC transporter ATP-binding protein
Q8CYP4	EOOINEPP_00980	Hypothetical protein
A0A2Z4HWG8	EOOINEPP_00981	NADP-specific glutamate dehydrogenase
A0A4J1YFH8	EOOINEPP_00982	Ferrous iron transport permease EfeU
A0AA87CAZ5	EOOINEPP_00983	LSU ribosomal protein L31p
C1C7S7	EOOINEPP_00984	DHH family phosphoesterase Pde2
C1CEQ2	EOOINEPP_00985	Flavodoxin
B2IQ95	EOOINEPP_00986	Chorismate mutase I
A0A0B7LCK6	EOOINEPP_00987	ClC-type fluoride channel
A0A0B7L7B2	EOOINEPP_00988	ClC-type fluoride channel
Q97QC6	EOOINEPP_00989	LSU ribosomal protein L19p
	EOOINEPP_00990	tRNA-Arg(cct)
	EOOINEPP_00990	
B1ICA6	EOOINEPP_00991	hypothetical protein
A0A0T8EFL7	EOOINEPP_00992	Sugar phosphatase YidA
A0AA86J9T0	EOOINEPP_00993	dNTP triphosphohydrolase
A0AA86JD20	EOOINEPP_00994	Hypothetical protein
C1C7R8	EOOINEPP_00995	Signal recognition particle associated protein
A0AA86MIT1	EOOINEPP_00996	Signal recognition particle protein Ffh
A0AA86MNM7	EOOINEPP_00997	Uracil permease
	EOOINEPP_00998	SpF44_sRNA
	EOOINEPP_00998	
C1CEP0	EOOINEPP_00999	16S rRNA (guanine(527)-N(7))-methyltransferase RsmG
Q8DPH4	EOOINEPP_01000	LemA
Q97QD6	EOOINEPP_01001	Heat shock protein HtpX
A0A4J1U6Q8	EOOINEPP_01002	ABC transporter ATP-binding protein
	EOOINEPP_01003	SpF43_sRNA
	EOOINEPP_01003	
Q8CYP8	EOOINEPP_01004	BlpT protein
C1C7Q8	EOOINEPP_01005	Protein%2C clustered with ribosomal protein L32p
Q8DPH8	EOOINEPP_01006	Endonuclease III
	EOOINEPP_01007	PyrR
	EOOINEPP_01007	
Q04K45	EOOINEPP_01008	Bifunctional uracil phosphoribosyltransferase/pyrimidine operon regulatory protein PyrR
C1CR29	EOOINEPP_01009	Aspartate carbamoyltransferase
A0A064BWJ2	EOOINEPP_01010	Carbamoyl-phosphate synthase small chain CarA
A0A0B7L456	EOOINEPP_01011	Carbamoyl-phosphate synthase large chain CarB
C1CEM8	EOOINEPP_01012	Lipopolysaccharide cholinephosphotransferase LicD2
C1CEM7	EOOINEPP_01013	Lipopolysaccharide cholinephosphotransferase LicD1
C1C7Q0	EOOINEPP_01014	Membrane protein TacF involved in the export of O-antigen and teichoic acid
A0A4K4TS12	EOOINEPP_01015	Ribitol-5-phosphate cytidylyltransferase
A0A822QCX9	EOOINEPP_01016	Ribulose-5-phosphate reductase
A0A0U0A2B6	EOOINEPP_01017	Choline kinase LicA
A0A229FXM7	EOOINEPP_01018	Choline permease LicB
A0A0T7TTU0	EOOINEPP_01019	Cholinephosphate cytidylyltransferase LicC
A0A0H2UQA6	EOOINEPP_01020	DNA protecting protein DprA
C1CEL8	EOOINEPP_01021	Integral membrane protein
A0A380LXW8	EOOINEPP_01022	DNA topoisomerase I
Q8DPJ0	EOOINEPP_01023	Hypothetical protein related to heme utilization
A0A0E8T1X1	EOOINEPP_01024	Cytoplasmic copper homeostasis protein CutC
C1CEL4	EOOINEPP_01025	Hypothetical protein
A0AA86J9U9	EOOINEPP_01026	2-isopropylmalate synthase
A0AA86JD36	EOOINEPP_01027	hypothetical protein
A0AA86MJR9	EOOINEPP_01028	3-isopropylmalate dehydrogenase
B1IC48	EOOINEPP_01029	Putative membrane protein
A0A0E8SRX2	EOOINEPP_01030	3-isopropylmalate dehydratase small subunit
A0A098ZBM5	EOOINEPP_01031	Hypothetical protein
A0AA86MBU9	EOOINEPP_01032	Endonuclease
A0AA86JIT2	EOOINEPP_01033	Hypothetical protein
A0AA86JCR4	EOOINEPP_01034	GMP reductase
	EOOINEPP_01035	tRNA-Arg(ccg)
	EOOINEPP_01035	
A0A0B7M364	EOOINEPP_01036	Ribonuclease III
A0AA86JA36	EOOINEPP_01037	Chromosome partition protein SMC
A0AA86J829	EOOINEPP_01038	Hydrolase%2C HAD superfamily
A0A0U0GYB8	EOOINEPP_01039	Hydrolase%2C HAD superfamily
A0AA86JQG6	EOOINEPP_01040	Signal recognition particle receptor FtsY
A0A0U0MGK9	EOOINEPP_01041	Glucose-6-phosphate 1-dehydrogenase
A0A0B7LWY7	EOOINEPP_01042	Glutamine transport ATP-binding protein GlnQ
A0AA86JD41	EOOINEPP_01043	Glutamine ABC transporter GlnHP5%2C containing substrate-binding and permease domains
A0A0B7M3X4	EOOINEPP_01044	CAAX amino terminal protease family protein
A0AA86MIU3	EOOINEPP_01045	Excinuclease ABC subunit B
C1CEJ4	EOOINEPP_01046	Acetyltransferase
A0AA86MFP4	EOOINEPP_01047	Acetyltransferase
A0AA86MBV3	EOOINEPP_01048	MutT/Nudix family protein
Q8DPL1	EOOINEPP_01049	Transcriptional repressor of NAD biosynthesis
C1CEJ0	EOOINEPP_01050	Substrate-specific component NiaX of putative niacin ECF transporter
Q8DPL2	EOOINEPP_01051	Substrate-specific component PanT of putative pantothenate ECF transporter
Q8DPL3	EOOINEPP_01052	Phosphopantothenoylcysteine decarboxylase
C1CEI7	EOOINEPP_01053	Phosphopantothenoylcysteine synthetase
B5E4W4	EOOINEPP_01054	Formate--tetrahydrofolate ligase
C8XPY5	EOOINEPP_01055	A/G-specific adenine glycosylase
Q9S1K0	EOOINEPP_01056	Two-component system response regulator VicR
A0A0I6LZG5	EOOINEPP_01057	Two-component system sensor histidine kinase VicK
Q9RCS5	EOOINEPP_01058	Zn-dependent hydrolase VicX
A0A6I3U6U1	EOOINEPP_01059	IS1167 transposase
	EOOINEPP_01060	Srn266
	EOOINEPP_01060	
A0A558SUE3	EOOINEPP_01061	Replicon stabilization protein RelB2
Q8CYQ7	EOOINEPP_01062	mRNA interferase RelE2
A0A380LVR6	EOOINEPP_01063	hypothetical protein
A0AA87CBD3	EOOINEPP_01064	L-lactate dehydrogenase
Q3HZH7	EOOINEPP_01065	DNA gyrase subunit A
A0A0T9ISP7	EOOINEPP_01066	Sortase SrtA%2C LPXTG specific
A0A0U0EGM1	EOOINEPP_01067	Formate-nitrate transporter
C1C7I2	EOOINEPP_01068	hypothetical protein
A0AA86JKC1	EOOINEPP_01069	Cystathionine gamma-synthase
A0A0B7LSK6	EOOINEPP_01070	Hypothetical protein
B2IPR9	EOOINEPP_01071	tRNA pseudouridine synthase B
B2IPS0	EOOINEPP_01072	Hypothetical protein
Q8CYQ8	EOOINEPP_01073	Hypothetical protein
Q04KA9	EOOINEPP_01074	Uridine kinase
A0AA86JRK2	EOOINEPP_01075	Exodeoxyribonuclease VII large subunit
Q04KB1	EOOINEPP_01076	Exodeoxyribonuclease VII small subunit
A0AA86JB49	EOOINEPP_01077	(2E%2C6E)-farnesyl diphosphate synthase
A0A0B7LYQ9	EOOINEPP_01078	RNA-binding methyltransferase
A0A0T8BDD5	EOOINEPP_01079	Arginine pathway regulatory protein AhrC
A0A380LU63	EOOINEPP_01080	DNA repair protein RecN
C1C7H0	EOOINEPP_01081	Serine/threonine protein phosphatase
B2IPT0	EOOINEPP_01082	Translation elongation factor LepA
A0AA86MCF8	EOOINEPP_01083	Hypothetical protein
A0AA86JKD2	EOOINEPP_01084	Galactose-specific PTS IIA component
A0A0H2UQA9	EOOINEPP_01085	Galactose-specific PTS IIB component
A0A0U0PEN1	EOOINEPP_01086	IS5 family transposase ISSpn7
C1CEF7	EOOINEPP_01087	hypothetical protein
A0AA86J9A5	EOOINEPP_01088	IS1381 transposase OrfB
C1CEF5	EOOINEPP_01089	Aldose epimerase
Q8DPN9	EOOINEPP_01090	Galactose-6-phosphate isomerase%2C LacA subunit
Q97QL1	EOOINEPP_01091	Galactose-6-phosphate isomerase%2C LacB subunit
A0A0U0FU16	EOOINEPP_01092	Tagatose-6-phosphate kinase LacC
C1C7F9	EOOINEPP_01093	Tagatose 1%2C6-diphosphate aldolase
C1C7F8	EOOINEPP_01094	Beta-glucoside bgl operon antiterminator LacT%2C BglG family
Q8DPP4	EOOINEPP_01095	Lactose-specific PTS IIA component
A0AA86MPJ9	EOOINEPP_01096	Lactose-specific PTS IIBC components
A0AA86MGA6	EOOINEPP_01097	6-phospho-beta-galactosidase
B2IPU3	EOOINEPP_01098	hypothetical protein
A0A0B7LYU0	EOOINEPP_01099	Lactose phosphotransferase system repressor
A0AA86JE37	EOOINEPP_01100	Ribonucleotide reductase of class Ib%2C beta subunit
Q8CWR3	EOOINEPP_01101	Ribonucleotide reductase of class Ib%2C alpha subunit
Q8DPP9	EOOINEPP_01102	Glutaredoxin-like protein NrdH
Q8DPQ0	EOOINEPP_01103	Phosphotransferase system%2C phosphocarrier protein HPr
A0A0B7LFZ1	EOOINEPP_01104	Phosphoenolpyruvate-protein phosphotransferase of PTS
A0AA86JJ02	EOOINEPP_01105	Pneumococcal histidine triad protein B
A0A0E8IDI5	EOOINEPP_01106	PTS-dependent dihydroxyacetone kinase%2C phosphotransferase subunit DhaM
A0A0H2ZPD2	EOOINEPP_01107	2-haloalkanoic acid dehalogenase
A0A2L1GXP5	EOOINEPP_01108	Hypothetical protein
B2IPV6	EOOINEPP_01109	Uracil-DNA glycosylase%2C family 1
C8XPX7	EOOINEPP_01110	8-oxo-dGTP diphosphatase MutX
A0AA86MJP0	EOOINEPP_01111	Dihydroorotase
A0A0B7L0U2	EOOINEPP_01112	Hypothetical protein
A0A0B7LQG5	EOOINEPP_01113	Dihydrolipoamide acetyltransferase
C1CED0	EOOINEPP_01114	Acetoin dehydrogenase E1 component alpha-subunit
A0AA86JKZ3	EOOINEPP_01115	Acetoin dehydrogenase E1 component beta-subunit
C1C7D3	EOOINEPP_01116	Dihydrolipoamide acetyltransferase (E2) component of acetoin dehydrogenase complex
A0A0E9GX80	EOOINEPP_01117	Dihydrolipoamide dehydrogenase of acetoin dehydrogenase
C1C7D1	EOOINEPP_01118	Lipoate-protein ligase A
A0AA86JA04	EOOINEPP_01119	Tyrosine recombinase XerS
A0AA95DDK6	EOOINEPP_01120	Voltage-gated chloride channel family protein
A0AA95IL15	EOOINEPP_01121	Ribonuclease HII
C1CEC2	EOOINEPP_01122	50S ribosomal subunit maturation GTPase RbgA
I6L8M4	EOOINEPP_01123	IS1380 family transposase ISSpn5
A0A380LXL7	EOOINEPP_01124	Zinc metalloprotease ZmpB precursor
A0A4J2BUS1	EOOINEPP_01125	IgA1 protease ZmpA
A0A0B7LQ89	EOOINEPP_01126	Hypothetical protein
A0AA86JIH5	EOOINEPP_01127	ATP-dependent nuclease subunit RexA
A0AA86JRQ2	EOOINEPP_01128	ATP-dependent nuclease subunit RexB
A0AA86JVP9	EOOINEPP_01129	IS630 family transposase IS630-Spn1
C1CRM6	EOOINEPP_01130	Enolase
Q8CYR5	EOOINEPP_01131	Hypothetical protein
A0AA86MJF7	EOOINEPP_01132	Glycerate kinase
A0A0B7M8L9	EOOINEPP_01133	Phosphoserine phosphatase
A0A0E9GYG9	EOOINEPP_01134	Glycogen biosynthesis ADP-glucose--glucan transglucosylase GlgA
Q8DPS4	EOOINEPP_01135	Glycogen biosynthesis glucose-1-phosphate adenylyltransferase subunit GlgD
Q97QS7	EOOINEPP_01136	Glycogen biosynthesis glucose-1-phosphate adenylyltransferase subunit GlgC
A0AA86JE71	EOOINEPP_01137	1%2C4-alpha-glucan-branching enzyme GlgB
C1CEA6	EOOINEPP_01138	Glyceraldehyde-3-phosphate dehydrogenase (NADP(+))
C1CEA5	EOOINEPP_01139	Putative glycogen debranching enzyme
A0A6G2DA64	EOOINEPP_01140	DNA ligase (NAD(+))
A0AA86JII7	EOOINEPP_01141	Macrolide efflux ABC transporter membrane-spanning permease
A0AA86JRQ9	EOOINEPP_01142	Positive transcriptional regulator%2C MutR family
A0AA86JVQ6	EOOINEPP_01143	ABC transporter ATP-binding protein
C1CEA0	EOOINEPP_01144	DNA-binding protein HlpA
C1CE99	EOOINEPP_01145	DegV family protein
C1C7A5	EOOINEPP_01146	Transporter
A0A0I8WJY3	EOOINEPP_01147	Bifunctional FMN adenylyltransferase/riboflavin kinase RibF
A0AAD2Q8N3	EOOINEPP_01148	IS1380 family transposase ISSpn5
Q04KI2	EOOINEPP_01149	LSU ribosomal protein L27p
Q8DPT7	EOOINEPP_01150	Putative ribosomal protein
Q97QU4	EOOINEPP_01151	LSU ribosomal protein L21p
	EOOINEPP_01152	L21_leader
	EOOINEPP_01152	
A0AA86JB64	EOOINEPP_01153	Hypothetical protein
Q04KI6	EOOINEPP_01154	Hypothetical protein co-occurring with RecR
	EOOINEPP_01155	Srn266
	EOOINEPP_01155	
A0AA86JAB2	EOOINEPP_01156	IS1167 transposase Orf1
A0A559A0J2	EOOINEPP_01157	hypothetical protein
C1CGD6	EOOINEPP_01158	IS1167 transposase
	EOOINEPP_01159	SpR14_sRNA
	EOOINEPP_01159	
Q8DPU0	EOOINEPP_01160	Phosphate acetyltransferase
A0AA86MIQ4	EOOINEPP_01161	RluD-like protein
B2IQ09	EOOINEPP_01162	NAD kinase
Q8DPU2	EOOINEPP_01163	GTP pyrophosphokinase
Q8DPU3	EOOINEPP_01164	Adenylate cyclase
P65242	EOOINEPP_01165	Ribose-phosphate pyrophosphokinase
C1CE80	EOOINEPP_01166	Cysteine desulfurase
Q8CYS0	EOOINEPP_01167	Hypothetical protein
A0A237JSH2	EOOINEPP_01168	Hypothetical protein
C1CRJ3	EOOINEPP_01169	Redox-sensitive transcriptional regulator Rex
C1C786	EOOINEPP_01170	Glutamine amidotransferase%2C class I
A0A062WLA7	EOOINEPP_01171	DNA repair protein RadC
A0AA86JIL8	EOOINEPP_01172	ATP-dependent DNA helicase PcrA
A0AA86MBR7	EOOINEPP_01173	IS1381 transposase OrfB
A0A0B7LX61	EOOINEPP_01174	IS5 family transposase ISSpn7
A0A0T8VRH1	EOOINEPP_01175	hypothetical protein
Q8DPV1	EOOINEPP_01176	Methionine aminopeptidase
A0A0B7M8Z1	EOOINEPP_01177	Cytosolic protein containing multiple CBS domains
C1CE69	EOOINEPP_01178	Ribosomal-protein-S5p-alanine acetyltransferase
Q97QW6	EOOINEPP_01179	UDP-N-acetylglucosamine 1-carboxyvinyltransferase
	EOOINEPP_01180	group-II-D1D4-3
	EOOINEPP_01180	
C1CE67	EOOINEPP_01181	Hypothetical protein
A0AA86JQ84	EOOINEPP_01182	GTP-binding protein ObgE
C1CE65	EOOINEPP_01183	Hypothetical protein
A0AA86J7V7	EOOINEPP_01184	Hypothetical protein
A0A062WRH4	EOOINEPP_01185	1%2C2-diacylglycerol 3-glucosyltransferase LafA
A0A380LWR5	EOOINEPP_01186	Diglucosyl diacylglycerol synthase LafB
Q8DPW0	EOOINEPP_01187	Putative aromatic ring hydroxylating enzyme
P0A4J0	EOOINEPP_01188	RNA polymerase sigma factor RpoD
B1IBL2	EOOINEPP_01189	DNA primase
A0AA86MFK1	EOOINEPP_01190	ABC transporter ATP-binding protein
A0A0H2UPW3	EOOINEPP_01191	Putative tryptophan-specific ABC transporter permease protein TrpY
A0A558TB35	EOOINEPP_01192	ABC transporter substrate-binding protein
	EOOINEPP_01193	T-box
	EOOINEPP_01193	
B2IQ40	EOOINEPP_01194	Phosphoenolpyruvate carboxylase
A0A0E7RLL4	EOOINEPP_01195	Cell division protein FtsW
B2IQ42	EOOINEPP_01196	hypothetical protein
A0AA86JUC1	EOOINEPP_01197	Peptidase E
B2IQ45	EOOINEPP_01198	hypothetical protein
A0A0U0I1A6	EOOINEPP_01199	hypothetical protein
	EOOINEPP_01200	pemK
	EOOINEPP_01200	
C1C734	EOOINEPP_01201	Putative repressor protein%2C phage associated
B2IQ47	EOOINEPP_01202	hypothetical protein
B2IQ49	EOOINEPP_01203	hypothetical protein
A0AA86JCH4	EOOINEPP_01204	Multidrug ABC transporter permease protein
A0AA86JIK2	EOOINEPP_01205	Multidrug ABC transporter permease protein
A0A4N2HCH5	EOOINEPP_01206	Antibiotic ABC transporter permease protein
A0A237K3R9	EOOINEPP_01207	ABC transporter ATP-binding protein
A0A0T7ZX26	EOOINEPP_01208	Tyrosine-protein phosphatase
C1C727	EOOINEPP_01209	Methionyl-tRNA synthetase
A0A0T8NQG6	EOOINEPP_01210	Chloramphenicol acetyltransferase
A0A0T7JD98	EOOINEPP_01211	hypothetical protein
A0A0T8W5C7	EOOINEPP_01212	Histidinol-phosphate aminotransferase
A0A0T7JD88	EOOINEPP_01213	Long-chain-fatty-acid--CoA ligase
A0A0T8EX30	EOOINEPP_01214	hypothetical protein
A0A0T8AV73	EOOINEPP_01215	hypothetical protein
A0A0T8EX55	EOOINEPP_01216	Acyl carrier protein
A0A380LVQ9	EOOINEPP_01217	hypothetical protein
A0A0T8EX65	EOOINEPP_01218	hypothetical protein
A0AA44MQQ7	EOOINEPP_01219	IS1381 transposase OrfB
A0AA86JIJ2	EOOINEPP_01220	ISSpn8 transposase
A0A0T9GLB7	EOOINEPP_01221	hypothetical protein
A0A0T8SRJ5	EOOINEPP_01222	IS1182 family transposase ISAco1
A0A4L7JVF0	EOOINEPP_01223	hypothetical protein
A0A0U0EP22	EOOINEPP_01224	hypothetical protein
A0AA86MJL7	EOOINEPP_01225	Tn5252 Orf9 protein
A0A098ANV0	EOOINEPP_01226	Tn5252 Orf10 protein
A0A0T8SSW1	EOOINEPP_01227	hypothetical protein
A0A9P1S8G1	EOOINEPP_01228	hypothetical protein
A0AA86JQ57	EOOINEPP_01229	hypothetical protein
A0AA86JGR6	EOOINEPP_01230	hypothetical protein
A0AA86J7T3	EOOINEPP_01231	hypothetical protein
A0A380LTS5	EOOINEPP_01232	DNA replication and repair protein RecF
A0A0T8SRV3	EOOINEPP_01233	hypothetical protein
A0A0U0GUB2	EOOINEPP_01234	Choline-binding protein CbpF
A0A0T8SRN0	EOOINEPP_01235	hypothetical protein
A0A0U0FX18	EOOINEPP_01236	hypothetical protein
A0A380LVP0	EOOINEPP_01237	hypothetical protein
A0A2Z4HWM5	EOOINEPP_01238	Tyrosine recombinase XerS
A0A0T8STN7	EOOINEPP_01239	Bifunctional UDP-N-acetylglucosamine kinase/zeta toxin PezT
A0A0T7YHJ0	EOOINEPP_01240	Antitoxin PezA
A0A0B7LGP2	EOOINEPP_01241	hypothetical protein
A0A0U0GUD4	EOOINEPP_01242	Neopullulanase
A0A0B7M5J3	EOOINEPP_01243	Neopullulanase
A0A2Z4HWN2	EOOINEPP_01244	Neopullulanase
C1C751	EOOINEPP_01245	Transcriptional regulator
A0A0U0FZC1	EOOINEPP_01246	Putative hydrolase
C1C749	EOOINEPP_01247	Hypothetical protein
B2IPK0	EOOINEPP_01248	Hypothetical protein
B2IPJ6	EOOINEPP_01249	Hypothetical protein
A0A2Z4HWN8	EOOINEPP_01250	Phage integrase
Q8CYT9	EOOINEPP_01251	Hypothetical protein
	EOOINEPP_01252	pemK
	EOOINEPP_01252	
Q8CYU1	EOOINEPP_01253	Putative type II restriction endonuclease
A0A2Z4HWP0	EOOINEPP_01254	Iron compound ABC uptake transporter ATP-binding protein PiaD
Q8DPY4	EOOINEPP_01255	Iron compound ABC uptake transporter permease protein PiaC
B2IPI9	EOOINEPP_01256	Iron compound ABC uptake transporter permease protein PiaB
Q8DPY6	EOOINEPP_01257	Iron compound ABC uptake transporter substrate-binding protein PiaA
C1CE21	EOOINEPP_01258	Hypothetical protein
	EOOINEPP_01259	SpF39_sRNA
	EOOINEPP_01259	
	EOOINEPP_01260	SpF61_sRNA
	EOOINEPP_01260	
A0A0B7LQI0	EOOINEPP_01261	23S rRNA (uracil(1939)-C(5))-methyltransferase
C1CE19	EOOINEPP_01262	Extracellular protein
A0A0I9F9I5	EOOINEPP_01263	Pneumococcal vaccine antigen A
A0A5R9AW41	EOOINEPP_01264	Pseudouridylate synthase%2C 23S RNA-specific
A0A380LTP6	EOOINEPP_01265	Serine hydroxymethyltransferase
B1IBI2	EOOINEPP_01266	N-acetyltransferase%2C GCN5-family
C1CE14	EOOINEPP_01267	Threonylcarbamoyl-AMP synthase TsaC
C1CE13	EOOINEPP_01268	Peptide chain release factor N(5)-glutamine methyltransferase
Q8DPZ4	EOOINEPP_01269	Peptide chain release factor 1
A0A0E9GQZ0	EOOINEPP_01270	Thymidine kinase
B2IPH4	EOOINEPP_01271	Bifunctional 4-oxalocrotonate tautomerase/xylose transport system permease protein XylH
A0AA86MIL8	EOOINEPP_01272	GTPase and tRNA-U34 5-formylation enzyme MnmE
C1CK93	EOOINEPP_01273	4-hydroxy-tetrahydrodipicolinate synthase
A0AA86JCQ6	EOOINEPP_01274	Aspartate-semialdehyde dehydrogenase
	EOOINEPP_01275	asd
	EOOINEPP_01275	
	EOOINEPP_01276	tRNA-Thr(ggt)
	EOOINEPP_01276	
Q8DQ01	EOOINEPP_01277	Substrate-specific component QueT of putative queuosine-regulated ECF transporter
	EOOINEPP_01278	preQ1-II
	EOOINEPP_01278	
A0A0B7L7C1	EOOINEPP_01279	GtrA family protein
A0A064C208	EOOINEPP_01280	Large-conductance mechanosensitive channel MscL
A0AA86JQ28	EOOINEPP_01281	Ferrochelatase%2C protoheme ferro-lyase
A0AA86JGM0	EOOINEPP_01282	Tripeptide aminopeptidase PepT
A0A0T8EVT7	EOOINEPP_01283	hypothetical protein
A0AA86J9Q4	EOOINEPP_01284	hypothetical protein
A0A0B7LLD3	EOOINEPP_01285	Pneumococcal histidine triad protein E
A0AA86JCD4	EOOINEPP_01286	hypothetical protein
A0A0E3GJB8	EOOINEPP_01287	Pneumococcal histidine triad protein D
Q8DQ09	EOOINEPP_01288	Laminin-binding surface protein
A0A0U0CNB1	EOOINEPP_01289	Cationic amino acid transporter%2C APC Superfamily
	EOOINEPP_01290	SpF36_sRNA
	EOOINEPP_01290	
A0AA86JB35	EOOINEPP_01291	Thiol:disulfide oxidoreductase
Q8DQ11	EOOINEPP_01292	Cytochrome c-type biogenesis protein CcdA-2
A0AA86JA82	EOOINEPP_01293	Hypothetical protein
C1CGU6	EOOINEPP_01294	IS630 family transposase IS630-Spn1
C1CDY9	EOOINEPP_01295	Glycerophosphoryl diester phosphodiesterase
A0AA86MIU7	EOOINEPP_01296	DNA polymerase III epsilon subunit
A0A0H2UPQ5	EOOINEPP_01297	Transcriptional regulator OrfX
C1CDY6	EOOINEPP_01298	Bifunctional 5'-methylthioadenosine nucleosidase/S-adenosylhomocysteine nucleosidase
Q8CYV2	EOOINEPP_01299	Hypothetical protein
A0AA86JIV9	EOOINEPP_01300	ADP-ribose pyrophosphatase
B1IBE8	EOOINEPP_01301	Bifunctional N-acetylglucosamine-1-phosphate uridyltransferase/glucosamine-1-phosphate N-acetyltransferase
A0AA86J8V6	EOOINEPP_01302	1%2C4-beta-N-acetylmuramidase%2C lyzozyme M1
A0A0B7M194	EOOINEPP_01303	Membrane protein
A0A0H2UPP4	EOOINEPP_01304	Transcriptional regulator
Q8DQ21	EOOINEPP_01305	Phosphoglycerate mutase family 5 protein
A0AA86JQI9	EOOINEPP_01306	hypothetical protein
A0A0B7L788	EOOINEPP_01307	IS3 family transposase ISSpn1
Q8DQ24	EOOINEPP_01308	Putative parvulin type peptidyl-prolyl isomerase PrsA
A0A0U0FFI2	EOOINEPP_01309	O-methyltransferase family protein
A0AA86MJT3	EOOINEPP_01310	Oligoendopeptidase F
A0A0F7YG00	EOOINEPP_01311	Competence protein CoiA
Q8DQ28	EOOINEPP_01312	Tellurite methyltransferase TehB
Q8DQ29	EOOINEPP_01313	tmRNA-binding protein SmpB
A0AA86MBW2	EOOINEPP_01314	3'-to-5' exoribonuclease RNase R
Q8DQ31	EOOINEPP_01315	Protein-export membrane protein SecG
C1C6U9	EOOINEPP_01316	Multidrug resistance efflux pump PmrA
A0A0T8G196	EOOINEPP_01317	Dephospho-CoA kinase
A0A0U0FFB9	EOOINEPP_01318	Formamidopyrimidine-DNA glycosylase MutM
A0A0B7LRL2	EOOINEPP_01319	GTP-binding protein Era
A0A0T8T8G5	EOOINEPP_01320	Diacylglycerol kinase
A0A0B7M6E0	EOOINEPP_01321	Metal-dependent hydrolase YbeY
A0A0B7LE52	EOOINEPP_01322	Fibronectin/fibrinogen-binding protein
A0AA86J9Z2	EOOINEPP_01323	Endo-beta-N-acetylglucosaminidase LytB
C1C6U1	EOOINEPP_01324	Dihydroorotate dehydrogenase (NAD(+))%2C catalytic subunit
A0A0B7M800	EOOINEPP_01325	Dihydroorotate dehydrogenase (NAD(+))%2C electron transfer subunit
C1CDV7	EOOINEPP_01326	Lactoylglutathione lyase
Q04KW7	EOOINEPP_01327	LSU ribosomal protein L20p
Q04KW8	EOOINEPP_01328	LSU ribosomal protein L35p
Q04KW9	EOOINEPP_01329	Translation initiation factor 3
	EOOINEPP_01330	L20_leader
	EOOINEPP_01330	
A0AA86MBW6	EOOINEPP_01331	Hypothetical protein
A0AA86JJ09	EOOINEPP_01332	ABC transporter%2C ATP-binding protein
A0AA86JCV2	EOOINEPP_01333	Late competence DNA transporter ComEC
A0AA86J8X6	EOOINEPP_01334	Late competence DNA receptor ComEA
A0AA86JA67	EOOINEPP_01335	Acetyltransferase%2C GNAT family
	EOOINEPP_01336	Srn266
	EOOINEPP_01336	
A0A6I3U6U1	EOOINEPP_01337	IS1167 transposase
A0AA86JBX2	EOOINEPP_01338	Alanine dehydrogenase
Q8DQ44	EOOINEPP_01339	Alanine dehydrogenase 2
Q8DQ45	EOOINEPP_01340	Alanine dehydrogenase
Q8CYV8	EOOINEPP_01341	hypothetical protein
Q8CYV9	EOOINEPP_01342	Acetyltransferase
Q8DQ46	EOOINEPP_01343	Phosphate starvation-inducible protein PhoH
C1CRV1	EOOINEPP_01344	Hypothetical protein
Q8DQ48	EOOINEPP_01345	S1 RNA-binding domain protein
A0A0U0G1H3	EOOINEPP_01346	Ribosome-recycling factor
B2IP99	EOOINEPP_01347	Uridine monophosphate kinase
A0A380LWC0	EOOINEPP_01348	Methylenetetrahydrofolate--tRNA-(uracil-5-)- methyltransferase TrmFO
A0A380LV30	EOOINEPP_01349	IS5 family transposase ISSpn7
A0A380LX17	EOOINEPP_01350	IS1381 transposase OrfB
C1C6S1	EOOINEPP_01351	Replication protein
C1CDT5	EOOINEPP_01352	hypothetical protein
A0AA86JBY1	EOOINEPP_01353	16S rRNA (cytidine(1402)-2'-O)-methyltransferase
Q97R89	EOOINEPP_01354	DNA replication initiation control protein YabA
A0A0U0H4N6	EOOINEPP_01355	DNA polymerase III delta prime subunit
A0A0B7M1W3	EOOINEPP_01356	Thymidylate kinase
A0A0D6J8H3	EOOINEPP_01357	Pyrroline-5-carboxylate reductase
A0A380LWA9	EOOINEPP_01358	Gamma-glutamyl phosphate reductase
A0A5R9ATZ3	EOOINEPP_01359	Glutamate 5-kinase
A0A380LX05	EOOINEPP_01360	Teichoic acid phosphorylcholine esterase%2C choline-binding protein CbpE
B2IP85	EOOINEPP_01361	Ribosomal large subunit pseudouridine synthase D
Q8DQ64	EOOINEPP_01362	Lipoprotein signal peptidase
C1CDS4	EOOINEPP_01363	Cysteine and methionine metabolism regulator CmbR%2C LysR family
A0A0U0CQK5	EOOINEPP_01364	CAAX amino terminal protease family protein
A0A0T8EEJ9	EOOINEPP_01365	Hypothetical protein
C1C6Q5	EOOINEPP_01366	Hydrolase%2C HAD superfamily
C1CDS0	EOOINEPP_01367	N-carbamoylputrescine amidase
Q97RA4	EOOINEPP_01368	Agmatine deiminase
A0A0T8RS82	EOOINEPP_01369	Carboxynorspermidine decarboxylase
A0A0F7YFU7	EOOINEPP_01370	Carboxynorspermidine synthase
P66836	EOOINEPP_01371	Spermidine synthase
A0A0T9IUQ1	EOOINEPP_01372	hypothetical protein
A0A0H2UPK4	EOOINEPP_01373	Arginine decarboxylase
A0AA86MBC9	EOOINEPP_01374	ISSpn8 transposase
A0AA86MGP6	EOOINEPP_01375	Hypothetical protein
A0AA86MCV5	EOOINEPP_01376	ABC transporter permease protein
C1CDQ8	EOOINEPP_01377	ABC transporter ATP-binding protein
A0A0U0BVB4	EOOINEPP_01378	Hypothetical protein
A0A0H2UPK6	EOOINEPP_01379	Hypothetical protein
	EOOINEPP_01380	Spd-sr07
	EOOINEPP_01380	
A0A5C8QW28	EOOINEPP_01381	Putative phage shock protein C
A0A0B7LHD2	EOOINEPP_01382	Putative SprT family zinc-dependent metallopeptidase
A0AA86JJ79	EOOINEPP_01383	Transcription accessory protein
C1CDQ2	EOOINEPP_01384	Hypothetical protein
Q8DQ81	EOOINEPP_01385	Putative permease
B1IB73	EOOINEPP_01386	ABC transporter substrate-binding protein
	EOOINEPP_01387	Srn266
	EOOINEPP_01387	
A0A6I3U6U1	EOOINEPP_01388	IS1167 transposase
A0A0D6J9F7	EOOINEPP_01389	Hypothetical protein
B1IB71	EOOINEPP_01390	Hypothetical protein
C1CDP7	EOOINEPP_01391	IS5 family transposase ISSpn7
A0A0I6Q4G0	EOOINEPP_01392	Membrane-associated protein
C1CDP5	EOOINEPP_01393	Pyruvate kinase
Q97RC6	EOOINEPP_01394	6-phosphofructokinase
A0AA86JAY8	EOOINEPP_01395	DNA polymerase III alpha subunit
Q97RC8	EOOINEPP_01396	Xaa-Pro dipeptidyl-peptidase
C1CDP1	EOOINEPP_01397	Arginine pathway regulatory protein ArgR2
A0AA86JJ36	EOOINEPP_01398	Type I restriction-modification system restriction subunit R
A0A4J2ATL3	EOOINEPP_01399	hypothetical protein
C1C6M1	EOOINEPP_01400	Tyrosine recombinase XerC
C1CDN7	EOOINEPP_01401	hypothetical protein
C1CDN6	EOOINEPP_01402	hypothetical protein
A0A4N2KYX1	EOOINEPP_01403	hypothetical protein
Q8DQ91	EOOINEPP_01404	Type I restriction-modification system DNA-methyltransferase subunit M
C1CDN2	EOOINEPP_01405	ATP-grasp-domain-containing protein
C1CDN1	EOOINEPP_01406	hypothetical protein
C1CJW9	EOOINEPP_01407	tRNA 4-thiouridine synthase ThiI
A0AA86J866	EOOINEPP_01408	Putative cysteine desulfurase
A0AA86JA80	EOOINEPP_01409	Acetyltransferase
A0A4G1Y424	EOOINEPP_01410	DNA translocase FtsK
B2IP07	EOOINEPP_01411	Fructose-specific PTS IIABC components
B2IP06	EOOINEPP_01412	1-phosphofructokinase
Q8DQ97	EOOINEPP_01413	Transcriptional repressor of the fructose operon%2C DeoR family
	EOOINEPP_01414	tRNA-Ser(gga)
	EOOINEPP_01414	
	EOOINEPP_01415	transfer-messenger RNA%2C SsrA
	EOOINEPP_01415	
A0AA86MFR6	EOOINEPP_01416	Coordinator of zonal cell elongation
Q75Y43	EOOINEPP_01417	D-alanyl-D-alanine carboxypeptidase%2C penicillin-binding protein 3
Q8DQA0	EOOINEPP_01418	Iron-sulfur cluster assembly protein SufB
A0AA86MJU5	EOOINEPP_01419	Putative iron-sulfur cluster assembly scaffold protein for SUF system SufE2
A0AA86JD82	EOOINEPP_01420	Cysteine desulfurase SufS
A0AA86JA12	EOOINEPP_01421	Iron-sulfur cluster assembly protein SufD
Q8DQA4	EOOINEPP_01422	Iron-sulfur cluster assembly ATPase protein SufC
Q8CYX9	EOOINEPP_01423	Hypothetical protein
A0AA86JH76	EOOINEPP_01424	DNA polymerase III subunits gamma and tau
Q8DQA6	EOOINEPP_01425	GAF domain-containing protein
	EOOINEPP_01426	Srn266
	EOOINEPP_01426	
A0AA86JA75	EOOINEPP_01427	IS1167 transposase Orf1
A0A380LUY3	EOOINEPP_01428	hypothetical protein
A0AA86JCW2	EOOINEPP_01429	IS1167 transposase Orf2
C1CDK9	EOOINEPP_01430	SSU ribosomal protein S1p
	EOOINEPP_01431	tRNA-Gln(ttg)
	EOOINEPP_01431	
	EOOINEPP_01432	tRNA-Tyr(gta)
	EOOINEPP_01432	
Q8CYY0	EOOINEPP_01433	Hypothetical protein
Q04L55	EOOINEPP_01434	Pyrrolidone-carboxylate peptidase
Q8DQB0	EOOINEPP_01435	Putative membrane protein
C1CDK5	EOOINEPP_01436	Hypothetical protein
A0AA86MJU1	EOOINEPP_01437	Oligopeptide ABC transporter substrate-binding protein
B1IB24	EOOINEPP_01438	Branched-chain amino acid aminotransferase
Q3HYG7	EOOINEPP_01439	Topoisomerase IV subunit A
B2INX2	EOOINEPP_01440	Restriction enzyme BcgI alpha chain-like protein
Q3HZ74	EOOINEPP_01441	Topoisomerase IV subunit B
Q04L63	EOOINEPP_01442	Acyl-phosphate:glycerol-3-phosphate O-acyltransferase PlsY
A0AA86J856	EOOINEPP_01443	IS1167 transposase
	EOOINEPP_01444	Srn266
	EOOINEPP_01444	
Q8DR38	EOOINEPP_01445	IS3 family transposase ISSpn11
A0A4G2AB56	EOOINEPP_01446	IS3 family transposase ISSpn11
A0A0E8AVY5	EOOINEPP_01447	hypothetical protein
A0A4J2FPC2	EOOINEPP_01448	IS3 family transposase ISSpn11
C1C6I2	EOOINEPP_01449	Putative deoxyribose-specific ABC transporter permease protein
B2INW4	EOOINEPP_01450	Putative deoxyribose-specific ABC transporter permease protein
A0AA86JRX1	EOOINEPP_01451	Putative deoxyribose-specific ABC transporter ATP-binding protein
C1C6H9	EOOINEPP_01452	Nucleoside-binding protein
C1C6H8	EOOINEPP_01453	Cytidine deaminase
B2INW0	EOOINEPP_01454	Deoxyribose-phosphate aldolase
A0A0T8LNS1	EOOINEPP_01455	Pyrimidine-nucleoside phosphorylase
A0A0B7M146	EOOINEPP_01456	16S rRNA (guanine(1207)-N(2))-methyltransferase
B1IB09	EOOINEPP_01457	Hypothetical protein
Q04L73	EOOINEPP_01458	Pantothenate kinase
Q8CWS0	EOOINEPP_01459	SSU ribosomal protein S20p
Q8DQC8	EOOINEPP_01460	FlaR-related DNA topology modulation protein
A0A0T8SLS4	EOOINEPP_01461	Purine nucleoside phosphorylase
A0AA86MKJ9	EOOINEPP_01462	Thiol-activated cytolysin
A0A380LV37	EOOINEPP_01463	hypothetical protein
Q8CWS2	EOOINEPP_01464	Bifunctional purine nucleoside phosphorylase/N-ribosylnicotinamide phosphorylase
B2INU8	EOOINEPP_01465	hypothetical protein
B2INU7	EOOINEPP_01466	hypothetical protein
B2INU6	EOOINEPP_01467	Phosphopentomutase
Q04L82	EOOINEPP_01468	Ribose 5-phosphate isomerase A
B1IAZ6	EOOINEPP_01469	ADP-dependent (S)-NAD(P)H-hydrate dehydratase
A0AA86JAM2	EOOINEPP_01470	Bifunctional methylenetetrahydrofolate dehydrogenase (NADP+)/methenyltetrahydrofolate cyclohydrolase
C1CDH2	EOOINEPP_01471	Glutamine ABC transporter ATP-binding protein GlnQ4
A0AA95D6I0	EOOINEPP_01472	Glutamine ABC transporter permease GlnP4
Q8DQD6	EOOINEPP_01473	Hypothetical protein
A0AA86MGG3	EOOINEPP_01474	ATP-dependent Clp protease ATP-binding subunit ClpE
A0AA86MPP1	EOOINEPP_01475	IS630 family transposase IS630-Spn1
A0A4I7EM66	EOOINEPP_01476	MutT/Nudix family protein
Q8CYY5	EOOINEPP_01477	Hypothetical protein
A0A064C0Q4	EOOINEPP_01478	IS66 family transposase Orf2
A0AA95IJ83	EOOINEPP_01479	IS630 family transposase ISSpn2
A0AA86MJ61	EOOINEPP_01480	IS630 family transposase ISSpn2
A0AA86JAZ7	EOOINEPP_01481	Septation ring formation regulator EzrA
Q3HZC3	EOOINEPP_01482	DNA gyrase subunit B
Q8DQE6	EOOINEPP_01483	Hydrolase%2C haloacid dehalogenase-like family
A0A0E7V8F7	EOOINEPP_01484	4-methyl-5(b-hydroxyethyl)-thiazole monophosphate biosynthesis enzyme
A0AA86JS65	EOOINEPP_01485	Cell shape-determining protein RodA
A0A0U0HAD6	EOOINEPP_01486	Bifunctional DinG family ATP-dependent helicase YoaA/DnaQ family exonuclease
A0AA86JBW8	EOOINEPP_01487	Protease
Q8CYY6	EOOINEPP_01488	Hypothetical protein
Q7B3G0	EOOINEPP_01489	Two-component system sensor histidine kinase CiaH
C1CDF5	EOOINEPP_01490	Two-component system response regulator CiaR
	EOOINEPP_01491	Srn266
	EOOINEPP_01491	
A0A6I3U6U1	EOOINEPP_01492	IS1167 transposase
A0A0I9CPU3	EOOINEPP_01493	Lysyl aminopeptidase PepN
A0A380LYQ1	EOOINEPP_01494	Hypothetical protein
A0A380LV17	EOOINEPP_01495	PEP-utilizing enzyme family protein
A0A4J2FX54	EOOINEPP_01496	MutT/Nudix family protein
Q8CWS3	EOOINEPP_01497	3-Ketoacyl-ACP reductase
B2INR6	EOOINEPP_01498	Hypothetical protein
C1C6D4	EOOINEPP_01499	Putative oxidoreductase
A0A4J2CDM8	EOOINEPP_01500	Hypothetical protein
C1CDE4	EOOINEPP_01501	Hypothetical protein
Q8DQF6	EOOINEPP_01502	Transcriptional regulator%2C PadR family
A0AA95DA03	EOOINEPP_01503	Methionyl-tRNA synthetase
C1C6C9	EOOINEPP_01504	ABC transporter permease protein
Q8DQF8	EOOINEPP_01505	ABC transporter ATP-binding protein
A0A0B7MDJ4	EOOINEPP_01506	Periplasmic component of efflux system
A0AA86MK36	EOOINEPP_01507	Glutathione reductase
C1CDD2	EOOINEPP_01508	Substrate-specific component BioY of biotin ECF transporter
Q8DQG2	EOOINEPP_01509	Hypothetical protein
B2INF8	EOOINEPP_01510	Hypothetical protein
Q8CYZ1	EOOINEPP_01511	Anaerobic ribonucleoside-triphosphate reductase
Q8CWS4	EOOINEPP_01512	tRNA (guanine(37)-N(1))-methyltransferase
Q8DQG3	EOOINEPP_01513	16S rRNA processing protein RimM
Q8CYZ2	EOOINEPP_01514	hypothetical protein
A0A0T9ZUZ3	EOOINEPP_01515	hypothetical protein
C1CDC4	EOOINEPP_01516	KH domain RNA-binding protein
Q04LD0	EOOINEPP_01517	SSU ribosomal protein S16p
C1C6B4	EOOINEPP_01518	Hypothetical protein
C1C6B3	EOOINEPP_01519	Peptidyl-prolyl cis-trans isomerase
C1C6B2	EOOINEPP_01520	ABC transporter ATP-binding protein
A0A064BZ89	EOOINEPP_01521	VanZF-related protein
A0AA86MK41	EOOINEPP_01522	Bifunctional 23S rRNA (adenine(2503)-C(2))-methyltransferase/tRNA (adenine(37)-C(2))-methyltransferase
C1C6A9	EOOINEPP_01523	hypothetical protein
C1C6A8	EOOINEPP_01524	Manganese superoxide dismutase
A0A0B7L8W0	EOOINEPP_01525	DNA polymerase III delta subunit
Q9X9S0	EOOINEPP_01526	Dihydroorotate dehydrogenase (fumarate)
Q8DQH0	EOOINEPP_01527	S-adenosylmethionine synthetase
A0AA86JDL9	EOOINEPP_01528	ATP-dependent RNA helicase YqfR
C1CDA8	EOOINEPP_01529	Exodeoxyribonuclease III
A0A0B7LD25	EOOINEPP_01530	Maltose- and glucose-specific PTS IICBA components
B2INE0	EOOINEPP_01531	Cell division protein FtsX
C1C6A0	EOOINEPP_01532	Cell division transporter%2C ATP-binding protein FtsE
A0A0T8VFF4	EOOINEPP_01533	Peptide chain release factor 2
Q8DQH6	EOOINEPP_01534	CBS domain protein
A0AA86JAM5	EOOINEPP_01535	Branched-chain amino acid transport ATP-binding protein LivF
Q8DQH8	EOOINEPP_01536	Branched-chain amino acid transport ATP-binding protein LivG
Q8DQH9	EOOINEPP_01537	Branched-chain amino acid transport system permease protein LivM
C1CD99	EOOINEPP_01538	High-affinity branched-chain amino acid transport system permease protein LivH
C1CD98	EOOINEPP_01539	High-affinity leucine-specific transport system%2C periplasmic binding protein LivJ
A0A0T9AB05	EOOINEPP_01540	Hypothetical protein
Q04LF4	EOOINEPP_01541	ATP-dependent Clp protease proteolytic subunit ClpP
Q8DQI3	EOOINEPP_01542	Uracil phosphoribosyltransferase
C1CD94	EOOINEPP_01543	dCMP deaminase
Q8DQI5	EOOINEPP_01544	Transcriptional regulator%2C AcrR family
Q97RQ6	EOOINEPP_01545	DegV family protein
Q8DQI7	EOOINEPP_01546	NAD(FAD)-utilizing dehydrogenase
B2INC3	EOOINEPP_01547	MutT/Nudix family protein
A0AA86JR73	EOOINEPP_01548	HTH-type transcriptional activator mta
B2INC1	EOOINEPP_01549	Sodium-dependent transporter
A0AA86JAN4	EOOINEPP_01550	Sodium-dependent transporter
Q8DQJ1	EOOINEPP_01551	Mannose-6-phosphate isomerase
A0A380LT38	EOOINEPP_01552	6-phospho-beta-glucosidase
A0AA86MJ61	EOOINEPP_01553	IS630 family transposase ISSpn2
A0AA95IJ83	EOOINEPP_01554	IS630 family transposase ISSpn2
Q8CZ01	EOOINEPP_01555	Hypothetical protein
C1CD82	EOOINEPP_01556	Pyruvate oxidase
A0AA86JEC3	EOOINEPP_01557	Lead%2C cadmium%2C copper%2C zinc and mercury transporting P-type ATPase
C1C677	EOOINEPP_01558	Copper-exporting ATPase
C1CD79	EOOINEPP_01559	Negative transcriptional regulator of copper transport operon
	EOOINEPP_01560	TPP
	EOOINEPP_01560	
B2INA8	EOOINEPP_01561	Hydroxymethylpyrimidine phosphate kinase ThiD
B2INA7	EOOINEPP_01562	Thiamin-phosphate pyrophosphorylase
B8ZN21	EOOINEPP_01563	Hydroxyethylthiazole kinase
B2INA5	EOOINEPP_01564	Substrate-specific component ThiW of putative thiazole ECF transporter
B2INA4	EOOINEPP_01565	Thiaminase II TenA
B2INA3	EOOINEPP_01566	Transmembrane component YkoC of energizing module of thiamin-regulated ECF transporter for hydroxymethylpyrimidine
B2INA2	EOOINEPP_01567	Duplicated ATPase component YkoD of energizing module of thiamin-regulated ECF transporter for hydroxymethylpyrimidine
C1CD71	EOOINEPP_01568	Substrate-specific component YkoE of thiamin-regulated ECF transporter for hydroxymethylpyrimidine
	EOOINEPP_01569	TPP
	EOOINEPP_01569	
A0AA87CCP8	EOOINEPP_01570	Thiamin-phosphate pyrophosphorylase
A0AA86JRI0	EOOINEPP_01571	Hydroxyethylthiazole kinase
Q8DQK6	EOOINEPP_01572	Thiaminase II
	EOOINEPP_01573	TPP
	EOOINEPP_01573	
A0AA86JB23	EOOINEPP_01574	L-Lactate 2-monooxygenase
A0AA86JED3	EOOINEPP_01575	Class II lysyl-tRNA synthetase
B2IN94	EOOINEPP_01576	L-Lactate 2-monooxygenase
A0A0B7MCX0	EOOINEPP_01577	Glutamine ABC transporter permease GlnP3a
A0AA86MPI5	EOOINEPP_01578	Glutamine ABC transporter permease GlnP3b
A0A0I9CA19	EOOINEPP_01579	Glutamine ABC transporter ATP-binding protein GlnQ3
A0AA86MCE2	EOOINEPP_01580	Glutamine ABC transporter ATP-binding protein GlnQ3
Q8DQL2	EOOINEPP_01581	hypothetical protein
Q8DQL3	EOOINEPP_01582	Amino acid ABC transporter amino acid-binding/permease protein
A0A0E8ZVN9	EOOINEPP_01583	ABC transporter ATP-binding protein
A0A0T8NJR8	EOOINEPP_01584	Hypothetical protein
A0AA86J973	EOOINEPP_01585	Hypothetical protein
A0AA86JIB3	EOOINEPP_01586	Hypothetical protein
A0A0E9GWH4	EOOINEPP_01587	Hypothetical protein
B5E302	EOOINEPP_01588	Orotate phosphoribosyltransferase
A0AA86JB32	EOOINEPP_01589	Orotidine 5'-phosphate decarboxylase
	EOOINEPP_01590	PyrR
	EOOINEPP_01590	
A0A9P1Q6T2	EOOINEPP_01591	Cell division protein DivIB
A0AA86MKC2	EOOINEPP_01592	UDP-N-acetylglucosamine--N-acetylmuramyl- (pentapeptide) pyrophosphoryl-undecaprenol N-acetylglucosamine transferase
A0AA86MJC5	EOOINEPP_01593	UDP-N-acetylmuramoylalanine--D-glutamate ligase
A0AA86MPI9	EOOINEPP_01594	ABC transporter ATP-binding protein
A0A0D6J8S4	EOOINEPP_01595	Putative immunity protein
A0AA86MCE8	EOOINEPP_01596	Hypothetical protein
Q8CZ11	EOOINEPP_01597	Putative membrane protein
A0AA86Y837	EOOINEPP_01598	GTP-binding protein TypA
B2IN70	EOOINEPP_01599	Ribosomal small subunit pseudouridine synthase A
Q8CZ12	EOOINEPP_01600	Hypothetical protein
Q8DQM7	EOOINEPP_01601	Rhodanese-like domain protein
Q8DQM8	EOOINEPP_01602	Hypothetical protein
Q8DQM9	EOOINEPP_01603	Methionine biosynthesis and transport regulator MtaR%2C LysR family
	EOOINEPP_01604	Srn266
	EOOINEPP_01604	
A0AA86J856	EOOINEPP_01605	IS1167 transposase
A0A380LWD0	EOOINEPP_01606	Short-chain dehydrogenase
A0AA86J931	EOOINEPP_01607	Ribonuclease Z
A0AA86JI68	EOOINEPP_01608	Cystathionine beta-lyase
A0AA86JRF7	EOOINEPP_01609	GTP-binding protein HflX
A0AA86JVG4	EOOINEPP_01610	tRNA dimethylallyltransferase MiaA
Q8CZ15	EOOINEPP_01611	Hypothetical protein
Q04LL8	EOOINEPP_01612	Thymidylate synthase
A0AA86MKA4	EOOINEPP_01613	Glucokinase
A0AA86MJA8	EOOINEPP_01614	hypothetical protein
A0A0B7L5A0	EOOINEPP_01615	2-succinyl-6-hydroxy-2%2C4-cyclohexadiene-1-carboxylate synthase
A0AA86MG69	EOOINEPP_01616	Bifunctional para-aminobenzoate synthase%2C aminase component/aminodeoxychorismate lyase
A0AA86MCC3	EOOINEPP_01617	hypothetical protein
A0A5R9AXL8	EOOINEPP_01618	YwlG
A0A654UAR9	EOOINEPP_01619	Two-component sensor kinase YesM
Q8DQN8	EOOINEPP_01620	Two-component response regulator YesN
C1C622	EOOINEPP_01621	Peptide methionine sulfoxide reductase MsrAB2
A0AA87CBX6	EOOINEPP_01622	Thiol:disulfide oxidoreductase
C1CD25	EOOINEPP_01623	Cytochrome c-type biogenesis protein CcdA-1
C1CD24	EOOINEPP_01624	Inner membrane protein YihY
C1CD23	EOOINEPP_01625	Na+/H+ antiporter
C1CD22	EOOINEPP_01626	Hypothetical protein
Q8DQP3	EOOINEPP_01627	Putative rRNA methylase YtqB
B2IMW4	EOOINEPP_01628	hypothetical protein
B2IMW3	EOOINEPP_01629	hypothetical protein
C1CD20	EOOINEPP_01630	Hypothetical protein
	EOOINEPP_01631	SpF25_sRNA
	EOOINEPP_01631	
C1CD18	EOOINEPP_01632	hypothetical protein
C1CD17	EOOINEPP_01633	hypothetical protein
A0AA86JK77	EOOINEPP_01634	Beta-galactosidase BgaA
A0A380LVM1	EOOINEPP_01635	Hypothetical protein
Q8DQP5	EOOINEPP_01636	Galactose-specific PTS IIC component
Q8CZ23	EOOINEPP_01637	Galactose-specific PTS IIB component
A0A6G2DW14	EOOINEPP_01638	Galactose-specific PTS IIA component
A0AA86JI90	EOOINEPP_01639	Serine protease PrtA precursor
A0A0H2UP15	EOOINEPP_01640	hypothetical protein
Q8DQP8	EOOINEPP_01641	Multidrug ABC transporter permease protein
Q8DQP9	EOOINEPP_01642	Antibiotic ABC transporter permease protein
Q8DQQ0	EOOINEPP_01643	ABC transporter ATP-binding protein
A0A0U0GZ72	EOOINEPP_01644	Hypothetical protein
A0AA86J8F1	EOOINEPP_01645	Hypothetical protein
	EOOINEPP_01646	Intron_gpII
	EOOINEPP_01646	
Q04LP6	EOOINEPP_01647	LSU ribosomal protein L1p (L10Ae)
Q97RZ6	EOOINEPP_01648	LSU ribosomal protein L11p (L12e)
A0A062WT68	EOOINEPP_01649	L%2CD-carboxypeptidase
A0A380LUC5	EOOINEPP_01650	Histidine triad family protein
A0A380LYA4	EOOINEPP_01651	Deblocking aminopeptidase
C1C5Z4	EOOINEPP_01652	Branched-chain amino acid transport system carrier protein
	EOOINEPP_01653	SpF22_sRNA
	EOOINEPP_01653	
Q8CZ26	EOOINEPP_01654	hypothetical protein
C1CCZ5	EOOINEPP_01655	Uracil-DNA glycosylase
Q8DQQ6	EOOINEPP_01656	Dipeptidase PepV
A0A064BYJ2	EOOINEPP_01657	Bifunctional oxygen-insensitive NAD(P)H nitroreductase/dihydropteridine reductase
Q8CWT0	EOOINEPP_01658	Cysteine ABC transporter substrate-binding protein
A0A4H6ND84	EOOINEPP_01659	Serine/threonine protein phosphatase
A0AA86JQV6	EOOINEPP_01660	Excinuclease ABC subunit C
C1C5Y5	EOOINEPP_01661	Putative Zn-dependent protease
Q4TUI8	EOOINEPP_01662	tRNA-dependent lipid II-Ala--L-alanine ligase MurN
Q4TUJ7	EOOINEPP_01663	tRNA-dependent lipid II--L-alanine/serine ligase MurM
A0A0B7KTW3	EOOINEPP_01664	Tributyrin esterase
A0AA86JD85	EOOINEPP_01665	Ribonuclease J2
A0AA86JJA8	EOOINEPP_01666	Single-stranded-DNA-specific exonuclease RecJ
A0A0U0GWA3	EOOINEPP_01667	Glutamine ABC transporter ATP-binding protein GlnQ4
A0AA86MFV6	EOOINEPP_01668	Glutamine ABC transporter substrate-binding protein GlnH2
A0AA86MNX9	EOOINEPP_01669	Glutamine ABC transporter permease GlnP2a
A0A559ECT2	EOOINEPP_01670	Oxidoreductase
C1CCX9	EOOINEPP_01671	Class II fructose-bisphosphate aldolase
B9W4V3	EOOINEPP_01672	Two-component system sensor histidine kinase VncS
C1CCX7	EOOINEPP_01673	Two-component system response regulator VncR
Q9S4J0	EOOINEPP_01674	Peptide ABC transporter membrane-spanning permease Vex3
C1CCX5	EOOINEPP_01675	ABC transporter ATP-binding protein Vex2
C1C5W8	EOOINEPP_01676	Peptide ABC transporter membrane-spanning permease Vex1
	EOOINEPP_01677	Intron_gpII
	EOOINEPP_01677	
A0A0T8BJF5	EOOINEPP_01678	hypothetical protein
A0A0U0HM90	EOOINEPP_01679	Leucine rich protein
C1CCW8	EOOINEPP_01680	Mini-ribonuclease III
C1CCW7	EOOINEPP_01681	Cysteinyl-tRNA synthetase
C1CCW6	EOOINEPP_01682	Acetyltransferase%2C GNAT family
A0A0B7LFB4	EOOINEPP_01683	Serine acetyltransferase
B8ZMC0	EOOINEPP_01684	Polyribonucleotide nucleotidyltransferase
C1CCW3	EOOINEPP_01685	5%2C10-methylenetetrahydrofolate reductase
C1CCW2	EOOINEPP_01686	5-methyltetrahydropteroyltriglutamate-- homocysteine methyltransferase
A0A4J1W747	EOOINEPP_01687	ISSpn8 transposase
A0A4J2BTD4	EOOINEPP_01688	Putative integral membrane protein
A0A4J1PEM1	EOOINEPP_01689	Phenylalanyl-tRNA synthetase beta chain
Q8DQT7	EOOINEPP_01690	N1-spermidine/spermine acetyltransferase PaiA
A0AA86JHG0	EOOINEPP_01691	Phenylalanyl-tRNA synthetase alpha chain
A0AA86J8C1	EOOINEPP_01692	6-phospho-beta-glucosidase
A0AA86JAD4	EOOINEPP_01693	Beta-glucoside-specific PTS IIBCA components
B2IMP8	EOOINEPP_01694	Beta-glucoside bgl operon antiterminator BglG
	EOOINEPP_01695	SpF19_sRNA
	EOOINEPP_01695	
Q8DNZ4	EOOINEPP_01696	IS3 family transposase ISSpn11
A0A4J2ARN3	EOOINEPP_01697	IS3 family transposase ISSpn11
A0A380LW28	EOOINEPP_01698	Putative transposase InsK for insertion sequence element IS150
A0A0T9GKD1	EOOINEPP_01699	IS3 family transposase ISSpn11
A0AA86JAS5	EOOINEPP_01700	Fic domain protein
Q8DQU6	EOOINEPP_01701	Hypothetical protein
A0AA86JRA8	EOOINEPP_01702	Valyl-tRNA synthetase
C1C5U2	EOOINEPP_01703	hypothetical protein
A0AA86J8W0	EOOINEPP_01704	Acetyltransferase
C1CCU6	EOOINEPP_01705	Hypothetical protein
Q8CZ41	EOOINEPP_01706	Hypothetical protein
A0AA86JDR4	EOOINEPP_01707	Hypothetical protein
Q8CZ42	EOOINEPP_01708	Glycerate kinase
A0AA86MC76	EOOINEPP_01709	Hypothetical protein
A0AA86MG29	EOOINEPP_01710	Hypothetical protein
C1CQ49	EOOINEPP_01711	Ribosome-binding factor A
A0A098ZI69	EOOINEPP_01712	Translation initiation factor 2
C1CCT7	EOOINEPP_01713	L7Ae family ribosomal protein
Q8DQV4	EOOINEPP_01714	Putative nucleic-acid-binding protein implicated in transcription termination
C1CCT5	EOOINEPP_01715	Transcription termination/antitermination protein NusA
Q97S61	EOOINEPP_01716	Bacterial ribosome SSU maturation protein RimP
A0A064C0Y7	EOOINEPP_01717	tRNA (guanine46-N7-)-methyltransferase
C1CCT2	EOOINEPP_01718	Aminoglycoside phosphotransferase family protein
A0A4J2BVZ5	EOOINEPP_01719	Putative protease
I6L8M4	EOOINEPP_01720	hypothetical protein
Q9FBH0	EOOINEPP_01721	Immunity protein BlpZ
A0A4J2BV25	EOOINEPP_01722	Bacteriocin immunity protein BlpY
A0AA86JDQ7	EOOINEPP_01723	hypothetical protein
Q9ETA3	EOOINEPP_01724	hypothetical protein
Q9ETC8	EOOINEPP_01725	Bacteriocin lactacin-F subunit LafA
A0AA86MG24	EOOINEPP_01726	IS1381 transposase OrfB
A0AA86MG24	EOOINEPP_01727	hypothetical protein
A0AA86MPC1	EOOINEPP_01728	IS5 family transposase ISSpn7
C1C5Q7	EOOINEPP_01729	hypothetical protein
Q9EW64	EOOINEPP_01730	hypothetical protein
A7XH96	EOOINEPP_01731	Bacteriocin BlpU
Q9ETM2	EOOINEPP_01732	hypothetical protein
Q9EU53	EOOINEPP_01733	hypothetical protein
A0A380LSF4	EOOINEPP_01734	Competence-stimulating peptide ABC transporter ATP-binding protein ComA
A0A0Y0FP33	EOOINEPP_01735	Competence-stimulating peptide ABC transporter ATP-binding protein ComA
A0AA86J8T8	EOOINEPP_01736	Competence-stimulating peptide ABC transporter permease protein ComB
Q9ETW0	EOOINEPP_01737	Peptide pheromone BlpC
A0AA86J9S7	EOOINEPP_01738	Two-component system sensor histidine kinase BlpH
Q9S1I6	EOOINEPP_01739	Two-component system response regulator BlpR
A0A380LSE1	EOOINEPP_01740	BlpS protein
Q9FBH2	EOOINEPP_01741	BlpT protein
C1C5P4	EOOINEPP_01742	ABC transporter permease protein EcsB
A0AA86MPB8	EOOINEPP_01743	ABC transporter ATP-binding protein EcsA
A0A380LSE3	EOOINEPP_01744	Histidine triad nucleotide-binding protein
Q8CZ48	EOOINEPP_01745	Hypothetical protein
A0A380LV94	EOOINEPP_01746	Chaperone protein DnaJ
	EOOINEPP_01747	SpF14_sRNA
	EOOINEPP_01747	
A0A0T8D8M9	EOOINEPP_01748	Hypothetical protein
A0A0T9I7B3	EOOINEPP_01749	Chaperone protein DnaK
B2IMB4	EOOINEPP_01750	Heat shock protein GrpE
Q04LY2	EOOINEPP_01751	Heat-inducible transcription repressor HrcA
Q8CZ49	EOOINEPP_01752	Hypothetical protein
A0AA86JAR7	EOOINEPP_01753	Type I restriction-modification system restriction subunit R
Q8DQX1	EOOINEPP_01754	Type I restriction-modification system DNA-methyltransferase subunit M
A0AA87CB03	EOOINEPP_01755	Type I restriction-modification system%2C specificity subunit S type F
A0A0B7LDQ8	EOOINEPP_01756	Type I restriction-modification system%2C specificity subunit S component 2.2
C1CCQ0	EOOINEPP_01757	Integrase/recombinase CreX (XerC/CodV family)
A0A2U3RYF6	EOOINEPP_01758	Type I restriction-modification system%2C specificity subunit S components 1.1-2.1
C1C5M8	EOOINEPP_01759	hypothetical protein
	EOOINEPP_01760	Srn266
	EOOINEPP_01760	
A0A6I3U6U1	EOOINEPP_01761	IS1167 transposase
B1IA39	EOOINEPP_01762	Glutamine synthetase type I
Q8DQX7	EOOINEPP_01763	Transcriptional regulator%2C MerR family
Q8CZ51	EOOINEPP_01764	Hypothetical protein
A0A0E9GZP4	EOOINEPP_01765	Phosphoglycerate kinase
A0A6G2DB49	EOOINEPP_01766	Endo-beta-N-acetylglucosaminidase EndoD
A0AA86MBK6	EOOINEPP_01767	Sodium-dependent phosphate transporter NptA
A0AA86JI67	EOOINEPP_01768	CTP synthase
Q04LZ9	EOOINEPP_01769	DNA-directed RNA polymerase delta subunit
A0AA86J855	EOOINEPP_01770	Hypothetical protein
A0A0U0EJN0	EOOINEPP_01771	Hypothetical protein
A0A0B7LW17	EOOINEPP_01772	Membrane-associated phospholipid phosphatase
A0AA86JGE9	EOOINEPP_01773	Substrate-specific component RibU of riboflavin ECF transporter
	EOOINEPP_01774	FMN
	EOOINEPP_01774	
A0A0H2UNS5	EOOINEPP_01775	tRNA (cytidine(34)-2'-O)-methyltransferase
	EOOINEPP_01776	23S-methyl
	EOOINEPP_01776	
A0AA86JU27	EOOINEPP_01777	Transmembrane component MtsC of energizing module of methionine-regulated ECF transporter
A0AA86J976	EOOINEPP_01778	Duplicated ATPase component MtsB of energizing module of methionine-regulated ECF transporter
B2IM89	EOOINEPP_01779	Hypothetical protein
C1CIX7	EOOINEPP_01780	Substrate-specific component MtsA of methionine-regulated ECF transporter
C1CCM9	EOOINEPP_01781	Hypothetical protein
C1CCM8	EOOINEPP_01782	Trk family potassium uptake protein TrkA
A0A0H2UNU3	EOOINEPP_01783	Trk family potassium uptake protein TrkH
A0AA86MBL0	EOOINEPP_01784	Lactose-specific PTS IIBC components
A0A0U0FQB7	EOOINEPP_01785	6-phospho-beta-galactosidase
Q8DQZ2	EOOINEPP_01786	Lactose-specific PTS IIA component
A0AA86J862	EOOINEPP_01787	Hypothetical protein
A0AA86J9J7	EOOINEPP_01788	Cellobiose-specific PTS IIC component
B1I9R3	EOOINEPP_01789	Xylose repressor protein
A0A0T9I2B2	EOOINEPP_01790	Hypothetical protein
Q8DQZ5	EOOINEPP_01791	Hypothetical protein
A0A0T8UQK3	EOOINEPP_01792	hypothetical protein
	EOOINEPP_01793	Srn266
	EOOINEPP_01793	
A0AA86J984	EOOINEPP_01794	IS1167 transposase Orf1
A0A4J1UA67	EOOINEPP_01795	IS1167 transposase Orf2
A7KT36	EOOINEPP_01796	hypothetical protein
A7KT49	EOOINEPP_01797	hypothetical protein
A7KT48	EOOINEPP_01798	hypothetical protein
A7KTB0	EOOINEPP_01799	hypothetical protein
A7KT39	EOOINEPP_01800	hypothetical protein
A7KTA8	EOOINEPP_01801	hypothetical protein
B1I9Q2	EOOINEPP_01802	hypothetical protein
	EOOINEPP_01803	Srn266
	EOOINEPP_01803	
A0A0T8SMN8	EOOINEPP_01804	IS1167 transposase
Q8DQZ6	EOOINEPP_01805	Pyruvate formate-lyase
A0A380LTW9	EOOINEPP_01806	DNA polymerase IV
Q04M23	EOOINEPP_01807	Undecaprenyl-diphosphatase
A0AA86JPY3	EOOINEPP_01808	hypothetical protein
A0AA86JU42	EOOINEPP_01809	Hypothetical protein
C1CCL6	EOOINEPP_01810	Glutamine ABC transporter permease GlnHP1
Q8DR01	EOOINEPP_01811	Glutamine ABC transporter ATP-binding protein GlnQ1
Q8CZ60	EOOINEPP_01812	Hypothetical protein
Q8DR02	EOOINEPP_01813	Threonine dehydratase
Q8CZ61	EOOINEPP_01814	Hypothetical protein
C1C5I1	EOOINEPP_01815	hypothetical protein
A0A098YY27	EOOINEPP_01816	Ketol-acid reductoisomerase
Q8DR04	EOOINEPP_01817	Acetolactate synthase small subunit
C1CCK7	EOOINEPP_01818	Acetolactate synthase large subunit
Q8DR06	EOOINEPP_01819	Dihydroxyacetone kinase-like protein
C1CCK5	EOOINEPP_01820	Putative alkaline-shock protein
A0A064BZB4	EOOINEPP_01821	LSU ribosomal protein L28p
A0A0U0EEM5	EOOINEPP_01822	Peptide chain release factor 3
Q04M40	EOOINEPP_01823	Bifunctional aspartyl-tRNA(Asp) amidotransferase subunit C/glutamyl-tRNA(Glu) amidotransferase subunit C
C1C5H2	EOOINEPP_01824	Bifunctional aspartyl-tRNA(Asp) amidotransferase subunit A/glutamyl-tRNA(Glu) amidotransferase subunit A
A0A0U0GRD0	EOOINEPP_01825	Bifunctional aspartyl-tRNA(Asp) amidotransferase subunit B/glutamyl-tRNA(Glu) amidotransferase subunit B
Q04M43	EOOINEPP_01826	Translation elongation factor P
C1C5G9	EOOINEPP_01827	Alkaline shock protein
C1C5G8	EOOINEPP_01828	Transcription termination protein NusB
C1C5G7	EOOINEPP_01829	hypothetical protein
A0A4J2AQS9	EOOINEPP_01830	Hypothetical protein
A0A064BZA7	EOOINEPP_01831	Acetyl-coenzyme A carboxyl transferase alpha chain
Q7CRB7	EOOINEPP_01832	Acetyl-coenzyme A carboxyl transferase beta chain
Q9FBB9	EOOINEPP_01833	Biotin carboxylase of acetyl-CoA carboxylase
Q04M51	EOOINEPP_01834	3-hydroxyacyl-(acyl-carrier-protein) dehydratase FabZ
C1C5G0	EOOINEPP_01835	Biotin carboxyl carrier protein of acetyl-CoA carboxylase
Q8DR14	EOOINEPP_01836	3-oxoacyl-(acyl-carrier-protein) synthase FabF
C1CCI6	EOOINEPP_01837	3-oxoacyl-[acyl-carrier protein] reductase FabG1
Q9FBC4	EOOINEPP_01838	Malonyl CoA-acyl carrier protein transacylase FabD
C1C5F6	EOOINEPP_01839	Enoyl-(acyl-carrier-protein) reductase FabK
P0A2W1	EOOINEPP_01840	Acyl carrier protein
C1CIR8	EOOINEPP_01841	3-oxoacyl-(acyl-carrier-protein) synthase FabH
Q8DR18	EOOINEPP_01842	Transcriptional regulator of fatty acid biosynthesis FabT
C1CCI0	EOOINEPP_01843	Trans-2%2Ccis-3-Decenoyl-ACP isomerase
Q8DR20	EOOINEPP_01844	Aspartokinase
C1C5E9	EOOINEPP_01845	Putative regulator of the mannose operon ManO
A0A0I5SB66	EOOINEPP_01846	Seryl-tRNA synthetase
A0AA86JIB8	EOOINEPP_01847	Exfoliative toxin A
Q8DR24	EOOINEPP_01848	Macrophage infectivity potentiator protein
C1CCH4	EOOINEPP_01849	Sodium/glycine symporter GlyP
	EOOINEPP_01850	Glycine
	EOOINEPP_01850	
A0AA86J9N4	EOOINEPP_01851	Recombination inhibitory protein MutS2
C1C5E3	EOOINEPP_01852	Z-ring positive regulator ZapB
C1CCH1	EOOINEPP_01853	Z-ring positive regulator ZapA
A0A0U0GR56	EOOINEPP_01854	Ribonuclease HIII
Q3I0J5	EOOINEPP_01855	Signal peptidase I
A0AA86J9C8	EOOINEPP_01856	RecD-like DNA helicase YrrC
C1CIQ2	EOOINEPP_01857	Cell division trigger factor
A0A0T8NJH8	EOOINEPP_01858	hypothetical protein
A0A0U0JZY9	EOOINEPP_01859	hypothetical protein
C1C5C9	EOOINEPP_01860	Hypothetical protein
A0A0B7LFA3	EOOINEPP_01861	hypothetical protein
A0A0B7M2V5	EOOINEPP_01862	Two-component transcriptional regulator VraR
A0AA86JIC5	EOOINEPP_01863	Two-component system sensor histidine kinase VraS
C1CCF1	EOOINEPP_01864	Cell wall-active antibiotics response protein VraT
C1CCF0	EOOINEPP_01865	Isopentenyl-diphosphate delta-isomerase%2C FMN-dependent
A0A0U0GRP0	EOOINEPP_01866	Phosphomevalonate kinase
Q8DR50	EOOINEPP_01867	Diphosphomevalonate decarboxylase
C1C5C0	EOOINEPP_01868	Mevalonate kinase
A0A4J2FK19	EOOINEPP_01869	hypothetical protein
B2ILS1	EOOINEPP_01870	hypothetical protein
B2ILS0	EOOINEPP_01871	Macrolide-efflux protein
B2ILR9	EOOINEPP_01872	Choline-binding protein CbpF
B2ILR8	EOOINEPP_01873	Orphan response regulator RitR
A0A0T9HRS5	EOOINEPP_01874	6-phosphogluconate dehydrogenase%2C decarboxylating
A0AA95IJJ4	EOOINEPP_01875	Mid-cell-anchored protein Z
A0A4J1NHK2	EOOINEPP_01876	23S rRNA (guanine(2445)-N(2))-methyltransferase
	EOOINEPP_01877	RNaseP_bact_b
	EOOINEPP_01877	
B8ZL84	EOOINEPP_01878	Cell division protein GpsB
Q8DR58	EOOINEPP_01879	Hypothetical protein
H8ZYN7	EOOINEPP_01880	RecU Holliday junction resolvase
B2ILR1	EOOINEPP_01881	Multimodular transpeptidase-transglycosylase%2C penicillin-binding protein 1A
H8ZYM2	EOOINEPP_01882	Endo-alpha-N-acetylgalactosaminidase Eng
H8ZYK9	EOOINEPP_01883	Oligopeptide ABC transporter%2C periplasmic oligopeptide-binding protein AliA
	EOOINEPP_01884	Srn266
	EOOINEPP_01884	
C1CGD5	EOOINEPP_01885	IS1167 transposase
C1CGD6	EOOINEPP_01886	IS1167 transposase
Q8KWN9	EOOINEPP_01887	hypothetical protein
Q8KWP0	EOOINEPP_01888	UDP-glucose 6-dehydrogenase Cps2K
A0A4H9EX21	EOOINEPP_01889	hypothetical protein
A0A4H9EX21	EOOINEPP_01890	IS110 family transposase ISGka2
Q8KWP1	EOOINEPP_01891	hypothetical protein
Q8KWP2	EOOINEPP_01892	D-inositol-3-phosphate glycosyltransferase
Q8KWP3	EOOINEPP_01893	Teichuronic acid biosynthesis protein TuaB
Q8KWP4	EOOINEPP_01894	hypothetical protein
Q8KWP5	EOOINEPP_01895	hypothetical protein
Q8KWP6	EOOINEPP_01896	UDP-N-acetylglucosamine 2-epimerase
Q8KWP7	EOOINEPP_01897	Putative glycosyltransferase EpsF
Q8KWP8	EOOINEPP_01898	N-acetylglucosaminyldiphosphoundecaprenol N-acetyl-beta-D-mannosaminyltransferase
Q8KWP9	EOOINEPP_01899	Undecaprenyl-phosphate galactosephosphotransferase Cps2E
Q8KWQ0	EOOINEPP_01900	Tyrosine-protein kinase Cps2D
Q4K2H5	EOOINEPP_01901	Capsular biosynthesis protein Cps2C
Q8KWQ2	EOOINEPP_01902	Tyrosine-protein phosphatase Cps2B
Q8KWQ3	EOOINEPP_01903	Exopolysaccharide biosynthesis transcriptional regulator Cps2A
A0A4J1VSX9	EOOINEPP_01904	IS630 family transposase IS630-Spn1
Q8CZ69	EOOINEPP_01905	S-ribosylhomocysteinase
A0AA86XXS9	EOOINEPP_01906	Glucan 1%2C6-alpha-glucosidase
A0A4J1V132	EOOINEPP_01907	ATP-dependent Zn protease
Q04MC2	EOOINEPP_01908	Bifunctional S-ribosylhomocysteine lyase/autoinducer-2 production protein LuxS
	EOOINEPP_01909	group-II-D1D4-3
	EOOINEPP_01909	
A0A4J1UQE6	EOOINEPP_01910	Putative ATP-dependent Clp proteinase ATP-binding subunit ClpL
A0A916L5K8	EOOINEPP_01911	Putative ATP-dependent Clp proteinase ATP-binding subunit ClpL
A0A4J2BV21	EOOINEPP_01912	Phospho-N-acetylmuramoyl-pentapeptide- transferase
Q9RES8	EOOINEPP_01913	Penicillin-binding protein 2X
Q8DR70	EOOINEPP_01914	Cell division protein FtsL
H8ZYQ0	EOOINEPP_01915	16S rRNA (cytosine(1402)-N(4))-methyltransferase MraW
B2ISQ1	EOOINEPP_01916	Transcriptional regulator%2C PbsX family
Q8CZ72	EOOINEPP_01917	Hypothetical protein
C1CCA5	EOOINEPP_01918	hypothetical protein
C1CCA4	EOOINEPP_01919	Transcriptional regulator RegR
B2ISP8	EOOINEPP_01920	Oligohyaluronate lyase
Q8DR73	EOOINEPP_01921	Preprotein translocase subunit YajC
C1CBA4	EOOINEPP_01922	Hyaluronate-oligosaccharide-specific PTS IID component
Q8DR75	EOOINEPP_01923	Hyaluronate-oligosaccharide-specific PTS IIC component
A0A4M6D2F1	EOOINEPP_01924	Hyaluronate-oligosaccharide-specific PTS IIB component
A0A4J2BZH8	EOOINEPP_01925	Unsaturated chondroitin disaccharide hydrolase
Q8DR78	EOOINEPP_01926	Hyaluronate-oligosaccharide-specific PTS IIA component
Q8DR79	EOOINEPP_01927	2-deoxy-D-gluconate 3-dehydrogenase
C1CB98	EOOINEPP_01928	Putative 4-deoxy-L-threo-5-hexosulose-uronate ketol-isomerase
B2ISN9	EOOINEPP_01929	2-dehydro-3-deoxygluconokinase
C1CC93	EOOINEPP_01930	Bifunctional 4-hydroxy-2-oxoglutarate aldolase/2-dehydro-3-deoxyphosphogluconate aldolase
A0A4J1RX59	EOOINEPP_01931	IS200/IS605 family transposase ISStin10
M4Y9A8	EOOINEPP_01932	Hyaluronate lyase precursor SpnHL
B1I935	EOOINEPP_01933	Glutathione peroxidase family protein
	EOOINEPP_01934	SpF11_sRNA
	EOOINEPP_01934	
A0A4J2BZE1	EOOINEPP_01935	Maltodextrin glucosidase
Q8DNZ4	EOOINEPP_01936	IS3 family transposase ISSpn11
A0A4J1VX80	EOOINEPP_01937	IS3 family transposase ISSpn11
A0A0U0HBS4	EOOINEPP_01938	hypothetical protein
Q8CWU4	EOOINEPP_01939	SSU ribosomal protein S9p (S16e)
Q8CWU5	EOOINEPP_01940	LSU ribosomal protein L13p (L13Ae)
	EOOINEPP_01941	L13_leader
	EOOINEPP_01941	
Q8CZ79	EOOINEPP_01942	Hypothetical protein
	EOOINEPP_01943	Srn266
	EOOINEPP_01943	
A0A6I3U6U1	EOOINEPP_01944	IS1167 transposase
A0AA86J9Z1	EOOINEPP_01945	Bifunctional dihydroneopterin aldolase/2-amino-4-hydroxy-6-hydroxymethyldihydropteridine pyrophosphokinase
C1CIH2	EOOINEPP_01946	GTP cyclohydrolase I type 1
A0A0E9GVA6	EOOINEPP_01947	Bifunctional dihydrofolate synthase/folylpolyglutamate synthase
A0A0B4ZIS6	EOOINEPP_01948	Dihydropteroate synthase
A0AAE4FYI9	EOOINEPP_01949	Membrane-bound protease%2C CAAX family
B1I913	EOOINEPP_01950	Guanine-hypoxanthine permease
B2ISL4	EOOINEPP_01951	Hydrolase%2C HAD superfamily
A0A0B7LJS1	EOOINEPP_01952	Alcohol dehydrogenase
C1CB58	EOOINEPP_01953	Mannose-specific PTS IIAB components
Q8DR98	EOOINEPP_01954	Mannose-specific PTS IIC component
Q8DR99	EOOINEPP_01955	Mannose-specific PTS IID component
Q8DRA0	EOOINEPP_01956	Aminopeptidase C
A0AA86JVZ5	EOOINEPP_01957	Ribosomal small subunit pseudouridine synthase A
Q8DRA2	EOOINEPP_01958	Membrane protein
C1CC67	EOOINEPP_01959	Aminopeptidase PepS
C1CC66	EOOINEPP_01960	Hypothetical protein
Q8DRA4	EOOINEPP_01961	mRNA interferase RelE1
Q8CZ81	EOOINEPP_01962	Antitoxin RelB1
A0AA86JEM2	EOOINEPP_01963	DNA polymerase III
	EOOINEPP_01964	Srn266
	EOOINEPP_01964	
A0A6I3U6U1	EOOINEPP_01965	IS1167 transposase
C1CPE5	EOOINEPP_01966	Translation elongation factor G
Q8CWU6	EOOINEPP_01967	SSU ribosomal protein S7p (S5e)
E2DP60	EOOINEPP_01968	SSU ribosomal protein S12p (S23e)
A0AA86MCW0	EOOINEPP_01969	Pullulanase SpuA
A0AA86J856	EOOINEPP_01970	IS1167 transposase
	EOOINEPP_01971	Srn266
	EOOINEPP_01971	
B2ISJ2	EOOINEPP_01972	Oxidoreductase
A0AA86JUT9	EOOINEPP_01973	Glucosamine--fructose-6-phosphate aminotransferase
A0AA86JQS7	EOOINEPP_01974	6-phospho-beta-glucosidase
A0AA86JHF0	EOOINEPP_01975	Prolyl-tRNA synthetase
Q8DRB1	EOOINEPP_01976	Intramembrane protease Eep
C1CB37	EOOINEPP_01977	Phosphatidate cytidylyltransferase
Q8DRB3	EOOINEPP_01978	Undecaprenyl diphosphate synthase
	EOOINEPP_01979	csRNA
	EOOINEPP_01979	
A0A0T8C549	EOOINEPP_01980	Hypothetical protein
A0A0B7LYW5	EOOINEPP_01981	Hypothetical protein
Q8CWU7	EOOINEPP_01982	Holliday junction DNA helicase RuvB
	EOOINEPP_01983	csRNA
	EOOINEPP_01983	
	EOOINEPP_01984	csRNA
	EOOINEPP_01984	
A0A380LRV0	EOOINEPP_01985	Acetyltransferase%2C GNAT family
A0AA86MNV8	EOOINEPP_01986	Acetyltransferase%2C GNAT family
A0AA86MIY7	EOOINEPP_01987	Leucyl-tRNA synthetase
Q8DRB7	EOOINEPP_01988	Glycerol dehydrogenase
Q97SS2	EOOINEPP_01989	Transaldolase
C1CC44	EOOINEPP_01990	Pyruvate formate-lyase
A0AA86JUT0	EOOINEPP_01991	Cellobiose-specific PTS IIC component
Q8DRC1	EOOINEPP_01992	Cellobiose-specific PTS IIB component
C1CC41	EOOINEPP_01993	Cellobiose-specific PTS IIA component
Q8DRC3	EOOINEPP_01994	Transcriptional regulator
C1CB23	EOOINEPP_01995	Transcriptional regulator%2C DeoR family
C1CAP6	EOOINEPP_01996	Pyruvate formate-lyase activating enzyme
A0A064C2Y1	EOOINEPP_01997	putative protein
A0A0B7M5G4	EOOINEPP_01998	hypothetical protein
A0AA86MBY9	EOOINEPP_01999	Ferric iron ABC transporter ATP-binding protein
B2ISG7	EOOINEPP_02000	Ferric iron ABC transporter ATP-binding protein
A0AA86MNV4	EOOINEPP_02001	Iron(III)-transport system permease protein SfuB
A0AA86MIY3	EOOINEPP_02002	Iron(III)-transport system permease protein SfuB
B1I8M8	EOOINEPP_02003	Phosphoglycerate mutase family protein
	EOOINEPP_02004	csRNA
	EOOINEPP_02004	
Q8DRD2	EOOINEPP_02005	hypothetical protein
C1CC34	EOOINEPP_02006	ACT domain-containing transcriptional regulator
	EOOINEPP_02007	L17DE
	EOOINEPP_02007	
Q8CWU8	EOOINEPP_02008	LSU ribosomal protein L17p
Q04ML1	EOOINEPP_02009	DNA-directed RNA polymerase alpha subunit
Q04ML2	EOOINEPP_02010	SSU ribosomal protein S11p (S14e)
Q04ML3	EOOINEPP_02011	SSU ribosomal protein S13p (S18e)
P0A496	EOOINEPP_02012	LSU ribosomal protein L36p
Q04ML4	EOOINEPP_02013	Translation initiation factor 1
Q97SU1	EOOINEPP_02014	Adenylate kinase
Q8DRD5	EOOINEPP_02015	Protein translocase subunit SecY
Q97SU3	EOOINEPP_02016	LSU ribosomal protein L15p (L27Ae)
Q97SU4	EOOINEPP_02017	LSU ribosomal protein L30p (L7e)
Q04ML9	EOOINEPP_02018	SSU ribosomal protein S5p (S2e)
Q97SU6	EOOINEPP_02019	LSU ribosomal protein L18p (L5e)
B8ZKP5	EOOINEPP_02020	LSU ribosomal protein L6p (L9e)
B5E6G9	EOOINEPP_02021	SSU ribosomal protein S8p (S15Ae)
Q04MM3	EOOINEPP_02022	SSU ribosomal protein S14p (S29e)
Q97SV1	EOOINEPP_02023	LSU ribosomal protein L5p (L11e)
Q04MM5	EOOINEPP_02024	LSU ribosomal protein L24p (L26e)
Q04MM6	EOOINEPP_02025	LSU ribosomal protein L14p (L23e)
Q04MM7	EOOINEPP_02026	SSU ribosomal protein S17p (S11e)
A0A0B7M1U7	EOOINEPP_02027	LSU ribosomal protein L29p (L35e)
Q04MM9	EOOINEPP_02028	LSU ribosomal protein L16p (L10e)
Q04MN0	EOOINEPP_02029	SSU ribosomal protein S3p (S3e)
Q04MN1	EOOINEPP_02030	LSU ribosomal protein L22p (L17e)
Q04MN2	EOOINEPP_02031	SSU ribosomal protein S19p (S15e)
Q97SV2	EOOINEPP_02032	LSU ribosomal protein L2p (L8e)
Q97SV3	EOOINEPP_02033	LSU ribosomal protein L23p (L23Ae)
Q8CWV7	EOOINEPP_02034	LSU ribosomal protein L4p (L1e)
Q97SV5	EOOINEPP_02035	LSU ribosomal protein L3p (L3e)
Q04MN7	EOOINEPP_02036	SSU ribosomal protein S10p (S20e)
A0AA86JA44	EOOINEPP_02037	Hypothetical protein
A0A0B7M7N8	EOOINEPP_02038	Ribonucleotide reductase of class III%2C activating protein
A0A380LT78	EOOINEPP_02039	Acetyltransferase
C1CC00	EOOINEPP_02040	Ribonucleotide reductase of class III%2C large subunit
A0A0H2ZMA6	EOOINEPP_02041	Competence-damage induced protein
A0AA86JA97	EOOINEPP_02042	Hypothetical protein
Q8DRD9	EOOINEPP_02043	Cardiolipin synthetase
A0A0T8LR20	EOOINEPP_02044	Hypothetical protein
A0A9P1LVP1	EOOINEPP_02045	Bifunctional dihydrofolate synthase/folylpolyglutamate synthase
Q97SX0	EOOINEPP_02046	Hypothetical protein
Q8DRE2	EOOINEPP_02047	Putative pre-16S rRNA nuclease YqgF
Q97SX1	EOOINEPP_02048	Hypothetical protein
A0AA86MIW9	EOOINEPP_02049	Hypothetical protein
Q8DRE3	EOOINEPP_02050	Transcriptional regulator SpxA2
A0A0B7KMV3	EOOINEPP_02051	MP-%2CMA-%2CMS-%2CAP-%2CNP-specific aminopeptidase YpdF
A0AA86JA34	EOOINEPP_02052	Excinuclease ABC subunit A UvrA
Q8DRE5	EOOINEPP_02053	Magnesium and cobalt transport protein CorA1
A0A064C1E4	EOOINEPP_02054	Integral membrane protein
A0A9P1PGS6	EOOINEPP_02055	Muramoyltetrapeptide carboxypeptidase
A0A0T8RH17	EOOINEPP_02056	CAAX amino terminal protease family protein
A0AA86JA89	EOOINEPP_02057	DNA-3-methyladenine glycosylase
Q97SY4	EOOINEPP_02058	Holliday junction DNA helicase RuvA
	EOOINEPP_02059	FMN
	EOOINEPP_02059	
A0A380LX39	EOOINEPP_02060	Bifunctional diaminohydroxyphosphoribosylaminopyrimidine deaminase/5-amino-6-(5-phosphoribosylamino)uracil reductase RibD
B2IS13	EOOINEPP_02061	Riboflavin synthase RibE
C1CAI6	EOOINEPP_02062	Bifunctional 3%2C4-dihydroxy-2-butanone 4-phosphate synthase/GTP cyclohydrolase II RibB
Q04MR3	EOOINEPP_02063	6%2C7-dimethyl-8-ribityllumazine synthase RibH
Q04MR4	EOOINEPP_02064	DNA mismatch repair protein HexB
A0A0H2UNA2	EOOINEPP_02065	DNA-binding protein
Q8CZ92	EOOINEPP_02066	Hypothetical protein
A0AA86JTT7	EOOINEPP_02067	NRAMP family Mn2+/Fe2+ transporter
Q97T03	EOOINEPP_02068	Ribonucleotide reduction protein NrdI
C1CBX3	EOOINEPP_02069	Hypothetical protein
A0A380LX30	EOOINEPP_02070	Two-component system response regulator
A0AA86MIC7	EOOINEPP_02071	Two-component system sensor histidine kinase
A0A4M2GWZ0	EOOINEPP_02072	Hypothetical protein
C1CBW9	EOOINEPP_02073	Substrate-specific component of putative ECF transporter
C1CAH3	EOOINEPP_02074	Methionine ABC transporter permease protein
C1CAH2	EOOINEPP_02075	Methionine ABC transporter ATP-binding protein
B1I8D7	EOOINEPP_02076	N-acyl-L-amino acid amidohydrolase
C1CBW5	EOOINEPP_02077	Methionine ABC transporter substrate-binding protein
C1CBW4	EOOINEPP_02078	Cysteine ABC transporter substrate-binding protein
A0AA86J784	EOOINEPP_02079	hypothetical protein
B1I8D3	EOOINEPP_02080	hypothetical protein
C1CBW1	EOOINEPP_02081	Macrolide-efflux protein
C1CBW0	EOOINEPP_02082	Hypothetical protein
C1CBV9	EOOINEPP_02083	hypothetical protein
C1CBV8	EOOINEPP_02084	Positive transcriptional regulator%2C MutR family
C1CBV7	EOOINEPP_02085	UDP-glucose 6-dehydrogenase
A0AA86MN21	EOOINEPP_02086	Hypothetical protein
A0A4N3QCD2	EOOINEPP_02087	Asparagine synthetase
A0AA86MBH0	EOOINEPP_02088	ABC transporter ATP-binding protein
A0AA86JHX5	EOOINEPP_02089	Family 2 glycosyltransferase
A0A098ZKN5	EOOINEPP_02090	Exopolysaccharide biosynthesis glycosyltransferase EpsF
A0AA86J7R1	EOOINEPP_02091	Exopolysaccharide biosynthesis glycosyltransferase EpsF
	EOOINEPP_02092	Srn266
	EOOINEPP_02092	
A0AA36PIF3	EOOINEPP_02093	IS1167 transposase
A0A0E7ZP93	EOOINEPP_02094	IS1167 transposase Orf2
A0A064BZS6	EOOINEPP_02095	N(6)-L-threonylcarbamoyladenine synthase TsaD
A0A4M2GUW6	EOOINEPP_02096	Ribosomal-protein-S18p-alanine acetyltransferase
A0AA86JTV3	EOOINEPP_02097	tRNA threonylcarbamoyladenosine biosynthesis protein TsaB
Q8CZA0	EOOINEPP_02098	Two-peptide bacteriocin peptide CibA
A0A0B7LRV1	EOOINEPP_02099	Two-peptide bacteriocin peptide CibB
A0A0E8GNB1	EOOINEPP_02100	hypothetical protein
C1CBU5	EOOINEPP_02101	Hypothetical protein
A0A0E8HAF7	EOOINEPP_02102	Ribonuclease J1 (endonuclease and 5' exonuclease)
C1CBU2	EOOINEPP_02103	tRNA uridine 5-carboxymethylaminomethyl modification enzyme MnmG
A0AA86MBH5	EOOINEPP_02104	MutT/Nudix family protein
	EOOINEPP_02105	Spd-sr37
	EOOINEPP_02105	
A0A0B7MBM1	EOOINEPP_02106	tRNA-specific 2-thiouridylase MnmA
A0A1W6AZ71	EOOINEPP_02107	hypothetical protein
A0A6B9PEJ2	EOOINEPP_02108	hypothetical protein
	EOOINEPP_02109	Bacilli-1
	EOOINEPP_02109	
	EOOINEPP_02110	SpF03_sRNA
	EOOINEPP_02110	
A0A4J1QTX9	EOOINEPP_02111	Pyridoxamine 5'-phosphate oxidase
A0AA86JG75	EOOINEPP_02112	Hypothetical protein
A0AA86JPQ8	EOOINEPP_02113	Hypothetical protein
A0AA86JTV8	EOOINEPP_02114	Hypothetical protein
C1CAE0	EOOINEPP_02115	Hypothetical protein
A0AA86JC99	EOOINEPP_02116	Hypothetical protein
A0AA86MJC1	EOOINEPP_02117	Hypothetical protein
A0A6B9PW06	EOOINEPP_02118	hypothetical protein
C1CAD6	EOOINEPP_02119	Hypothetical protein
A0A6B9PEM4	EOOINEPP_02120	Hypothetical protein
A0AA86MBH9	EOOINEPP_02121	Hypothetical protein
A0A6I3VBQ6	EOOINEPP_02122	Hypothetical protein
A0A6B9PSK9	EOOINEPP_02123	hypothetical protein
A0A6B9PN26	EOOINEPP_02124	HlyD family secretion protein
C1CBT2	EOOINEPP_02125	Hypothetical protein
A0A6B9PR72	EOOINEPP_02126	Competence-stimulating peptide ABC transporter ATP-binding protein ComA
A0A6B9PEJ4	EOOINEPP_02127	Hypothetical protein
	EOOINEPP_02128	Bacilli-1
	EOOINEPP_02128	
A0A0T8WRQ4	EOOINEPP_02129	Argininosuccinate lyase
A0A111CNU4	EOOINEPP_02130	Argininosuccinate synthase
B2IRI9	EOOINEPP_02131	Amino acid ABC transporter substrate-binding/permease protein
A0A0H2UMZ2	EOOINEPP_02132	ABC transporter ATP-binding protein
C1CAC4	EOOINEPP_02133	Amino acid ABC transporter membrane-spanning permease
C1CAC3	EOOINEPP_02134	Putative bacteriocin
A0A0B7LLH3	EOOINEPP_02135	Aggregation-promoting factor
Q8DRI9	EOOINEPP_02136	L-serine dehydratase%2C beta subunit
B1I804	EOOINEPP_02137	L-serine dehydratase%2C alpha subunit
C1CBS0	EOOINEPP_02138	Phosphoglycolate phosphatase
A0AA86JC06	EOOINEPP_02139	Putative UDP-GlcNAc 4%2C6-dehydratase AatA
A0AA86J7X2	EOOINEPP_02140	Glycosyltransferase%2C group 2 family
C1CBR7	EOOINEPP_02141	Cyanate permease
Q8DRJ5	EOOINEPP_02142	Transcriptional regulator%2C PadR family
A0A0E8P7P5	EOOINEPP_02143	Integral membrane protein (putative)
A0A0E8ASI8	EOOINEPP_02144	Putative membrane-associated protein
A0AA86JTX5	EOOINEPP_02145	Putative membrane protein
A0AA86J915	EOOINEPP_02146	tRNA (5-methylaminomethyl-2-thiouridylate)-methyltransferase
C1CHZ8	EOOINEPP_02147	hypothetical protein
A0AA86MJD1	EOOINEPP_02148	ABC transporter substrate-binding protein
B2IRG9	EOOINEPP_02149	ABC transporter permease protein
Q8DRJ8	EOOINEPP_02150	Multiple sugar ABC transporter%2C membrane-spanning permease protein
A0AA86XNR3	EOOINEPP_02151	Hypothetical protein
A0A0B7LLV1	EOOINEPP_02152	Hypothetical protein
	EOOINEPP_02153	SpF01_sRNA
	EOOINEPP_02153	
Q04MZ3	EOOINEPP_02154	SSU ribosomal protein S4p (S9e)
C1C9Y4	EOOINEPP_02155	Two-component system sensor histidine kinase
B2IRG2	EOOINEPP_02156	Two-component system response regulator
A0AA86J9D5	EOOINEPP_02157	Cell wall surface anchor family protein PavB
A0AA86J7D6	EOOINEPP_02158	hypothetical protein
A0AA86JGA2	EOOINEPP_02159	hypothetical protein
A0AA86JPS9	EOOINEPP_02160	Hypothetical protein
Q8DRK4	EOOINEPP_02161	Trk family potassium uptake protein CabP
Q8DRK5	EOOINEPP_02162	Trk family potassium uptake protein
A0AA86JCD0	EOOINEPP_02163	hypothetical protein
A0A0B7LLH2	EOOINEPP_02164	Uridine phosphorylase
B2IRF1	EOOINEPP_02165	Sulfurtransferase
A0A4H9FXZ8	EOOINEPP_02166	hypothetical protein
A0A0U0FRM0	EOOINEPP_02167	Hypothetical protein
A0A380LQ48	EOOINEPP_02168	Glyoxalase family protein
A0A0B7MES2	EOOINEPP_02169	Aldose 1-epimerase
A0A0I7WL36	EOOINEPP_02170	Galactosamine-6-phosphate isomerase
Q8DRL0	EOOINEPP_02171	Galactosamine-specific PTS IIA component
B2IRE5	EOOINEPP_02172	Galactosamine-specific PTS IID component
C1CBN7	EOOINEPP_02173	Galactosamine-specific PTS IIC component
Q8DRL3	EOOINEPP_02174	Galactosamine-specific PTS IIB component
A0A0E8SV91	EOOINEPP_02175	Beta-galactosidase
A0A0H2UMU7	EOOINEPP_02176	Transcriptional regulator%2C GntR family
A0AA86J937	EOOINEPP_02177	Beta-hexosaminidase StrH
C1C9W0	EOOINEPP_02178	Adenylosuccinate lyase
C1C9V9	EOOINEPP_02179	Hypothetical protein
A0AA86MIG3	EOOINEPP_02180	N5-carboxyaminoimidazole ribonucleotide synthase
A0A2R2HVK4	EOOINEPP_02181	N5-carboxyaminoimidazole ribonucleotide mutase
A0A2R2HVG7	EOOINEPP_02182	Phosphoribosylamine--glycine ligase
A0A0U0DBA4	EOOINEPP_02183	Bifunctional inosine monophosphate cyclohydrolase/phosphoribosylaminoimidazolecarboxamide formyltransferase
Q8DRM2	EOOINEPP_02184	Teicoplanin resistance protein VanZ
Q8DRM3	EOOINEPP_02185	Phosphoribosylglycinamide formyltransferase
A0A062WPB5	EOOINEPP_02186	Phosphoribosylformylglycinamidine cyclo-ligase
A0A0E8P8H6	EOOINEPP_02187	Amidophosphoribosyltransferase
A0AA86J7F0	EOOINEPP_02188	Phosphoribosylformylglycinamidine synthase%2C synthetase and glutamine amidotransferase subunits
A0A558ZGD3	EOOINEPP_02189	Phosphoribosylaminoimidazole-succinocarboxamide synthase
A0AA86JPU3	EOOINEPP_02190	Competence-stimulating peptide ABC transporter permease protein ComB
A0AA86JU05	EOOINEPP_02191	Competence-stimulating peptide ABC transporter ATP-binding protein ComA
C1CHE5	EOOINEPP_02192	hypothetical protein
C1CHE4	EOOINEPP_02193	ABC transporter ATP-binding protein
A0A0B7LY35	EOOINEPP_02194	hypothetical protein
C1CHE2	EOOINEPP_02195	hypothetical protein
C1CHE1	EOOINEPP_02196	hypothetical protein
C1CHE0	EOOINEPP_02197	Transcriptional regulator
C1CHD8	EOOINEPP_02198	Hypothetical protein
Q9FBG9	EOOINEPP_02199	Bacteriocin BlpU
A0AA86JC47	EOOINEPP_02200	IS1381 transposase OrfB
Q9F7T4	EOOINEPP_02201	Acyl carrier protein
A0AA86J9G3	EOOINEPP_02202	Phosphate:acyl-ACP acyltransferase PlsX
A0A0T7YPJ9	EOOINEPP_02203	DNA recombination and repair protein RecO
A0A0B7M3R1	EOOINEPP_02204	N-acetyl-L%2CL-diaminopimelate aminotransferase
A0A0T8MW21	EOOINEPP_02205	Putative membrane protein YeiH
A0A4J1TGD8	EOOINEPP_02206	Hypothetical protein
Q8DRN7	EOOINEPP_02207	CoA-binding protein
A0AA86JCG8	EOOINEPP_02208	DNA polymerase I
A0A0B7M9C2	EOOINEPP_02209	hypothetical protein
A0A380LQ33	EOOINEPP_02210	hypothetical protein
	EOOINEPP_02211	Srn266
	EOOINEPP_02211	
A0A0U0IDH7	EOOINEPP_02212	hypothetical protein
B2IR17	EOOINEPP_02213	Ribose-phosphate pyrophosphokinase
A0A380LS08	EOOINEPP_02214	hypothetical protein
C1CHC1	EOOINEPP_02215	Carbonic anhydrase
A0A380LRC9	EOOINEPP_02216	DNA repair protein RadA
Q8DRP1	EOOINEPP_02217	Hypothetical protein
Q8DRP2	EOOINEPP_02218	Deoxyuridine 5'-triphosphate nucleotidohydrolase
	EOOINEPP_02219	Bacteria_small_SRP
	EOOINEPP_02219	
C1CHA2	EOOINEPP_02220	tRNA-specific adenosine-34 deaminase
A0A0B7M596	EOOINEPP_02221	hypothetical protein
C1CHB7	EOOINEPP_02222	hypothetical protein
A0A4M3JVJ3	EOOINEPP_02223	Autolysin/N-acetylmuramoyl-L-alanine amidase LytA
A0A0Y0H6W4	EOOINEPP_02224	hypothetical protein
B1I7B7	EOOINEPP_02225	hypothetical protein
B1I7B6	EOOINEPP_02226	hypothetical protein
C1C9R2	EOOINEPP_02227	hypothetical protein
A0A6I3UVI7	EOOINEPP_02228	hypothetical protein
C1C9R0	EOOINEPP_02229	hypothetical protein
A0A6I3UWK6	EOOINEPP_02230	hypothetical protein
A0A0I6W3N5	EOOINEPP_02231	hypothetical protein
A0AA86JBP1	EOOINEPP_02232	hypothetical protein
A0A0I7G094	EOOINEPP_02233	hypothetical protein
A0A654XLK3	EOOINEPP_02234	hypothetical protein
A0A0I7AKQ1	EOOINEPP_02235	hypothetical protein
A0A654XIU8	EOOINEPP_02236	hypothetical protein
A0A4V0JIW7	EOOINEPP_02237	hypothetical protein
A0A654XNH9	EOOINEPP_02238	hypothetical protein
A0A0I6VEC4	EOOINEPP_02239	hypothetical protein
A0A6I3UP36	EOOINEPP_02240	hypothetical protein
A0A0I8DG17	EOOINEPP_02241	ATP-dependent Clp protease proteolytic subunit
A0A6I3UTD3	EOOINEPP_02242	hypothetical protein
A0A0I6WCG8	EOOINEPP_02243	hypothetical protein
A0A0I7G3K4	EOOINEPP_02244	hypothetical protein
A0A6I3UQY6	EOOINEPP_02245	hypothetical protein
A0A0I6XPX1	EOOINEPP_02246	hypothetical protein
A0A6I3UVB0	EOOINEPP_02247	Tyrosine recombinase XerC
A0A0I6QC24	EOOINEPP_02248	hypothetical protein
A0A6I3UV99	EOOINEPP_02249	hypothetical protein
A0A0B7LXT3	EOOINEPP_02250	hypothetical protein
A0A6I3UWI0	EOOINEPP_02251	IS1595 family transposase ISCco3
A0A6I3UTC7	EOOINEPP_02252	hypothetical protein
A0A6I3UR51	EOOINEPP_02253	hypothetical protein
A0A6I3UVT3	EOOINEPP_02254	hypothetical protein
A0A6I3UQX6	EOOINEPP_02255	hypothetical protein
A0A098ANN2	EOOINEPP_02256	hypothetical protein
A0A0U0A5Q3	EOOINEPP_02257	hypothetical protein
B1I794	EOOINEPP_02258	hypothetical protein
A0A6I3UW31	EOOINEPP_02259	hypothetical protein
A0A4J4YU91	EOOINEPP_02260	hypothetical protein
A0A098ANK1	EOOINEPP_02261	hypothetical protein
A0A655GM31	EOOINEPP_02262	hypothetical protein
A0A6I3UWG9	EOOINEPP_02263	hypothetical protein
A0A6I3UTC0	EOOINEPP_02264	hypothetical protein
A0A0D6J557	EOOINEPP_02265	hypothetical protein
A0A6I3UVS2	EOOINEPP_02266	hypothetical protein
C1C9M1	EOOINEPP_02267	hypothetical protein
A0A0I6TQM1	EOOINEPP_02268	hypothetical protein
A0A098ANJ8	EOOINEPP_02269	hypothetical protein
A0A0I7D8K4	EOOINEPP_02270	hypothetical protein
A0AA86JB05	EOOINEPP_02271	hypothetical protein
A0A0I7X892	EOOINEPP_02272	hypothetical protein
A0A0I6XKC5	EOOINEPP_02273	hypothetical protein
A0A6I3UV79	EOOINEPP_02274	3'-5' exonuclease DinG
A0A0B7M300	EOOINEPP_02275	Tyrosine recombinase XerC
	EOOINEPP_02276	csRNA
	EOOINEPP_02276	
C1CHA1	EOOINEPP_02277	Adenylosuccinate synthetase
Q8CZD0	EOOINEPP_02278	Competence positive regulator ComW
A0A0U0G4G7	EOOINEPP_02279	IS1167 transposase Orf1
A0A0T8WNF8	EOOINEPP_02280	IS1167 transposase Orf2
	EOOINEPP_02281	tRNA-Asn(gtt)
	EOOINEPP_02281	
	EOOINEPP_02282	5S ribosomal RNA
	EOOINEPP_02282	
	EOOINEPP_02283	23S ribosomal RNA
	EOOINEPP_02283	
	EOOINEPP_02284	tRNA-Ala(tgc)
	EOOINEPP_02284	
	EOOINEPP_02285	16S ribosomal RNA
	EOOINEPP_02285	
	EOOINEPP_02286	tRNA-Glu(ttc)
	EOOINEPP_02286	
B2IMI0	EOOINEPP_02287	Competence-specific sigma factor ComX
A0A380LQ46	EOOINEPP_02288	Cell division protein FtsH
Q97TC4	EOOINEPP_02289	Hypoxanthine-guanine phosphoribosyltransferase
C1CNP4	EOOINEPP_02290	tRNA(Ile)-lysidine synthetase TilS
C1C991	EOOINEPP_02291	Hypothetical protein
C1CH89	EOOINEPP_02292	Hypothetical protein
Q8CZD2	EOOINEPP_02293	Cell division protein DivIC
P64406	EOOINEPP_02294	Ribosome-associated heat shock protein
A0AA86JE99	EOOINEPP_02295	Transcription-repair coupling factor
Q97TD1	EOOINEPP_02296	Peptidyl-tRNA hydrolase
Q8DRQ3	EOOINEPP_02297	GTP-binding and nucleic acid-binding protein YchF
A0A098AN02	EOOINEPP_02298	Tyrosine recombinase XerC
A0A064BWS5	EOOINEPP_02299	hypothetical protein
A0A098Z9Y5	EOOINEPP_02300	hypothetical protein
A0A064C0A0	EOOINEPP_02301	hypothetical protein
