uniprot	locus_tag	product
A0A098Z9Y5	PBPDCFME_00001	hypothetical protein
A0A064C0A0	PBPDCFME_00002	hypothetical protein
A0A0T8QXT5	PBPDCFME_00003	hypothetical protein
A0A098AMZ1	PBPDCFME_00004	hypothetical protein
A0A098AMZ9	PBPDCFME_00005	hypothetical protein
A0A098AN29	PBPDCFME_00006	hypothetical protein
A0A098APF8	PBPDCFME_00007	hypothetical protein
A0A098AMY4	PBPDCFME_00008	hypothetical protein
A0A064BWT4	PBPDCFME_00009	hypothetical protein
A0A380LRG2	PBPDCFME_00010	hypothetical protein
A0A098AMZ7	PBPDCFME_00011	hypothetical protein
A0A098AN24	PBPDCFME_00012	hypothetical protein
A0A098AN19	PBPDCFME_00013	hypothetical protein
A0A098APF1	PBPDCFME_00014	hypothetical protein
A0A098AMY5	PBPDCFME_00015	hypothetical protein
A0A098AMZ2	PBPDCFME_00016	hypothetical protein
A0A098AN20	PBPDCFME_00017	hypothetical protein
A0A0U0FAH0	PBPDCFME_00018	hypothetical protein
A0A098AN70	PBPDCFME_00019	hypothetical protein
A0A380LRH1	PBPDCFME_00020	Hypothetical protein
O06672	PBPDCFME_00021	DNA polymerase III beta subunit
O08397	PBPDCFME_00022	Chromosomal replication initiator protein DnaA
Q8DMW1	PBPDCFME_00023	Chromosome partitioning protein ParB
B2IP00	PBPDCFME_00024	Serine protease%2C DegP/HtrA
Q04HU2	PBPDCFME_00025	23S rRNA (pseudouridine(1915)-N(3))-methyltransferase
	PBPDCFME_00026	tRNA-Arg(tct)
	PBPDCFME_00026	
Q5QIA8	PBPDCFME_00027	Competence-stimulating peptide precursor ComC
Q8DMW4	PBPDCFME_00028	Two-component system sensor histidine kinase ComD
Q8DMW5	PBPDCFME_00029	Two-component system response regulator ComE
	PBPDCFME_00030	tRNA-Glu(ttc)
	PBPDCFME_00030	
	PBPDCFME_00031	tRNA-Asn(gtt)
	PBPDCFME_00031	
Q8DMW6	PBPDCFME_00032	Transcriptional regulator%2C AcrR family
B2INQ0	PBPDCFME_00033	hypothetical protein
A0AA86MJL5	PBPDCFME_00034	hypothetical protein
A0A4J1N6I8	PBPDCFME_00035	ABC transporter%2C permease protein
C1CHM9	PBPDCFME_00036	ABC transporter%2C ATP-binding protein
A0AA86JBL7	PBPDCFME_00037	Tryptophanyl-tRNA synthetase
Q8DMX2	PBPDCFME_00038	Inosine-5'-monophosphate dehydrogenase
A0AA86JRZ5	PBPDCFME_00039	DNA recombination and repair protein RecF
A0A0I5S5P0	PBPDCFME_00040	Hypothetical protein
A0AA86J9T4	PBPDCFME_00041	Zinc protease
B2INP1	PBPDCFME_00042	Peptidase%2C M16 family
C1CBK0	PBPDCFME_00043	Transcriptional regulator
Q8DMX8	PBPDCFME_00044	CDP-diacylglycerol--glycerol-3-phosphate 3-phosphatidyltransferase
A0AA86JKT2	PBPDCFME_00045	ATPase component of general energizing module of ECF transporter
Q97N51	PBPDCFME_00046	ATPase component of general energizing module of ECF transporter
Q8DMY1	PBPDCFME_00047	Transmembrane component of general energizing module of ECF transporter
C1CHL7	PBPDCFME_00048	Cell shape-determining protein MreC
C1CHL6	PBPDCFME_00049	Cell shape-determining protein MreD
C1CHL5	PBPDCFME_00050	Secreted antigen GbpB/SagA/PcsB%2C putative peptidoglycan hydrolase
C1CUD2	PBPDCFME_00051	SSU ribosomal protein S2p (SAe)
C1CBJ1	PBPDCFME_00052	Translation elongation factor Ts
	PBPDCFME_00053	SpF51_sRNA
	PBPDCFME_00053	
A0AA86JVX4	PBPDCFME_00054	IS630 family transposase ISSpn2
A0A0T7JR70	PBPDCFME_00055	hypothetical protein
C1CBI7	PBPDCFME_00056	Cysteine synthase
B1IAC5	PBPDCFME_00057	Protein co-occurring with transport systems
A0AA86JIM6	PBPDCFME_00058	DNA transporter ATPase%2C ComF operon protein A
C1CBI4	PBPDCFME_00059	Phosphoribosyltransferase domain protein%2C ComF operon protein C
C1CHK5	PBPDCFME_00060	Ribosome hibernation promotion factor%2C long form
A0AA86J9X4	PBPDCFME_00061	DHH family phosphoesterase Pde1
Q04HX2	PBPDCFME_00062	LSU ribosomal protein L9p
Q8DMZ2	PBPDCFME_00063	Replicative DNA helicase DnaC
Q8DMZ3	PBPDCFME_00064	Hypothetical protein
A0AA86JUE5	PBPDCFME_00065	Choline-binding protein D
	PBPDCFME_00066	TPP
	PBPDCFME_00066	
B1IA12	PBPDCFME_00067	Cytoplasmic thiamin-binding component of thiamin ABC transporter
B1IA11	PBPDCFME_00068	Thiamin ABC transporter ThiX%2C transmembrane component
Q8DMZ7	PBPDCFME_00069	Thiamin ABC transporter ThiY%2C substrate-binding component
Q8DMZ8	PBPDCFME_00070	Thiamin ABC transporter ThiZ%2C ATPase component
C1CHJ5	PBPDCFME_00071	Transcriptional regulator CtsR
A0A4J2F7U4	PBPDCFME_00072	ATP-dependent Clp protease ATP-binding subunit ClpC
A0A0B7M3U6	PBPDCFME_00073	Two-component system response regulator
A2T3V7	PBPDCFME_00074	Two-component system sensor histidine kinase
A0A0U0F393	PBPDCFME_00075	Rhomboid family integral membrane protein
F2WWM3	PBPDCFME_00076	Choline-binding protein A
C1CHI9	PBPDCFME_00077	tRNA dihydrouridine synthase B
Q04HY8	PBPDCFME_00078	Chaperonin%2C heat shock protein 33
A0A9P1LP27	PBPDCFME_00079	Trans-acting positive regulator
B1I9Z6	PBPDCFME_00080	hypothetical protein
A0A0T8NLZ3	PBPDCFME_00081	Trans-acting positive regulator
B8ZQ22	PBPDCFME_00082	Glycerol kinase
A0A0U0JAN3	PBPDCFME_00083	Alpha-glycerophosphate oxidase
A0AAD2Q881	PBPDCFME_00084	Glycerol uptake facilitator protein
B1I9Z2	PBPDCFME_00085	Hypothetical protein
A0A4J1NJ06	PBPDCFME_00086	hypothetical protein
	PBPDCFME_00087	group-II-D1D4-3
	PBPDCFME_00087	
	PBPDCFME_00088	group-II-D1D4-1
	PBPDCFME_00088	
Q8DN09	PBPDCFME_00089	hypothetical protein
A0A822QAK2	PBPDCFME_00090	hypothetical protein
A0A0B7L8Y7	PBPDCFME_00091	Macrolide-efflux protein
A0A0B7LDU8	PBPDCFME_00092	Macrolide-efflux protein
A0AA86JCL4	PBPDCFME_00093	D-alanine--poly(phosphoribitol) ligase subunit 1
A0A0B7L8I4	PBPDCFME_00094	D-alanyl transfer protein DltB
Q04HZ9	PBPDCFME_00095	D-alanine--poly(phosphoribitol) ligase subunit 2
B1I9Y5	PBPDCFME_00096	Poly(glycerophosphate chain) D-alanine transfer protein DltD
Q8DN14	PBPDCFME_00097	Transcriptional repressor AdcR for Zn(2+)-responsive expression
B2INJ0	PBPDCFME_00098	Zinc ABC transporter%2C ATP-binding protein AdcC
A0A0U0GQW9	PBPDCFME_00099	Zinc ABC transporter%2C permease protein AdcB
A0AA86J9Q5	PBPDCFME_00100	Zinc ABC transporter%2C substrate-binding lipoprotein AdcA
	PBPDCFME_00101	SpF66_sRNA
	PBPDCFME_00101	
	PBPDCFME_00102	SpF66_sRNA
	PBPDCFME_00102	
A0A0B7LC33	PBPDCFME_00103	L-fucose operon activator
A0A4J2BSX0	PBPDCFME_00104	L-fuculokinase
A0A558TAT7	PBPDCFME_00105	L-fuculose phosphate aldolase
A0A4J2G0L9	PBPDCFME_00106	L-fucose mutarotase
A0A0H2US10	PBPDCFME_00107	L-fucose mutarotase
B1I9X4	PBPDCFME_00108	PTS IIA component
C1CHG2	PBPDCFME_00109	PTS IIB component
Q8DN21	PBPDCFME_00110	Mannose-specific PTS IIC component
Q8DN22	PBPDCFME_00111	Mannose-specific PTS IID component
C1CHF9	PBPDCFME_00112	Putative large secreted protein
C1CHF8	PBPDCFME_00113	Fucolectin-related protein
A0AA86J7Z5	PBPDCFME_00114	Bifunctional L-fucose isomerase/D-arabinose ketol-isomerase
A0A0E7XIU7	PBPDCFME_00115	Lactaldehyde dehydrogenase involved in fucose or rhamnose utilization
Q8DN26	PBPDCFME_00116	Putative stomatin/prohibitin-family membrane protease subunit YbbK
A0AA86JUH0	PBPDCFME_00117	hypothetical protein
A0AA86J9R5	PBPDCFME_00118	Putative Xaa-His dipeptidase
Q8CLX6	PBPDCFME_00119	Arginine/ornithine antiporter ArcD
Q8DN28	PBPDCFME_00120	Carbamate kinase
A0A0B7LE02	PBPDCFME_00121	Ornithine carbamoyltransferase
A0A0U0ATW4	PBPDCFME_00122	Arginine deiminase
A0AA86MFM4	PBPDCFME_00123	Glycosyl hydrolase family 29 alpha-L-fucosidase
A0AA86MBT3	PBPDCFME_00124	Alpha-1%2C2-mannosidase
A0AA86JIQ6	PBPDCFME_00125	Hypothetical protein
A0A4J2BSQ6	PBPDCFME_00126	Alpha-mannosidase
A0AA86J8P4	PBPDCFME_00127	N-acetylmannosamine kinase
A0A0E8ZGT0	PBPDCFME_00128	Glycosyl hydrolase-related protein
A0A0H2US30	PBPDCFME_00129	hypothetical protein
Q8CY66	PBPDCFME_00130	hypothetical protein
A0AA86JQC8	PBPDCFME_00131	IS1381 transposase OrfB
A0A4H9G1D8	PBPDCFME_00132	IS1381 transposase OrfA
A0AA86MJ43	PBPDCFME_00133	hypothetical protein
A0AA86MK33	PBPDCFME_00134	Choline-binding protein CbpN
Q04I36	PBPDCFME_00135	LSU ribosomal protein L33p
A0A0E8Z1I8	PBPDCFME_00136	LSU ribosomal protein L32p
Q8CY67	PBPDCFME_00137	Hypothetical protein
A0AA86JR35	PBPDCFME_00138	Membrane protease family protein
A0AA86JHR3	PBPDCFME_00139	Transcription antiterminator%2C BglG family
Q8CY69	PBPDCFME_00140	Putative PTS IIB component
Q8DN40	PBPDCFME_00141	Putative transport protein SgaT
B2IN54	PBPDCFME_00142	hypothetical protein
C1CAX2	PBPDCFME_00143	hypothetical protein
C1CNA5	PBPDCFME_00144	Dihydroxy-acid dehydratase
A0A4J1NYI3	PBPDCFME_00145	Hypothetical protein
C1CH57	PBPDCFME_00146	Putative aromatic ring hydroxylating enzyme
A0A0I6MXJ4	PBPDCFME_00147	Positive transcriptional regulator%2C MutR family
A0A0I6MX68	PBPDCFME_00148	Macrolide-efflux protein
A0A0I6DYZ4	PBPDCFME_00149	Histidyl-tRNA synthetase
A0A237K072	PBPDCFME_00150	Hypothetical protein
Q8DN47	PBPDCFME_00151	Transcriptional regulator%2C Cro/CI family
B2IN37	PBPDCFME_00152	Hypothetical protein
A0AA86JR27	PBPDCFME_00153	Hypothetical protein
A0A0T7NJF4	PBPDCFME_00154	Membrane-bound protease%2C CAAX family
Q8CY74	PBPDCFME_00155	Hypothetical protein
A0AA86JAL1	PBPDCFME_00156	Hypothetical protein
A0AA86J9I2	PBPDCFME_00157	Aspartyl-tRNA synthetase
A0A0U0DZ93	PBPDCFME_00158	Integral membrane protein
A0AA86JJK3	PBPDCFME_00159	hypothetical protein
C1CH41	PBPDCFME_00160	Maltose operon transcriptional repressor MalR%2C LacI family
A0A0B7LGJ4	PBPDCFME_00161	Maltodextrose utilization protein MalA
C1CH39	PBPDCFME_00162	Maltose/maltodextrin ABC transporter%2C permease protein MalD
P0A4N2	PBPDCFME_00163	Maltose/maltodextrin ABC transporter%2C permease protein MalC
A0A4I7EEA0	PBPDCFME_00164	Maltose/maltodextrin ABC transporter%2C substrate binding periplasmic protein MalX
P0A3Q1	PBPDCFME_00165	4-alpha-glucanotransferase (amylomaltase)
A0A0E8ZIY9	PBPDCFME_00166	Maltodextrin phosphorylase
C1CH34	PBPDCFME_00167	Hypothetical protein
A0A0T9GRM9	PBPDCFME_00168	Hypothetical protein
A0AA86JHP0	PBPDCFME_00169	23S rRNA (guanine(745)-N(1))-methyltransferase
Q8CY77	PBPDCFME_00170	Hypothetical protein
B2IN19	PBPDCFME_00171	Lead%2C cadmium%2C zinc and mercury transporting ATPase
A0A0U0FQH3	PBPDCFME_00172	Tyrosyl-tRNA synthetase
A0A0U0FR10	PBPDCFME_00173	Multimodular transpeptidase-transglycosylase%2C penicillin-binding protein 1B
Q8DN53	PBPDCFME_00174	Drug/metabolite transporter superfamily permease
Q8DN54	PBPDCFME_00175	2%2C3%2C4%2C5-tetrahydropyridine-2%2C6-dicarboxylate N-acetyltransferase
B2IN14	PBPDCFME_00176	N-acetyl-L%2CL-diaminopimelate deacetylase
A0AA86MP44	PBPDCFME_00177	5-formyltetrahydrofolate cyclo-ligase
Q8DN57	PBPDCFME_00178	Rhomboid family serine protease
A0AA86MK16	PBPDCFME_00179	UTP--glucose-1-phosphate uridylyltransferase
Q8DN59	PBPDCFME_00180	Glycerol-3-phosphate dehydrogenase [NAD(P)+]
A0AA86JAG6	PBPDCFME_00181	Transcriptional regulator
B2IN08	PBPDCFME_00182	IS1380 family transposase ISSpn5
C1CAR6	PBPDCFME_00183	Phosphate transport system regulatory protein PhoU1
B2IN06	PBPDCFME_00184	Phosphate transport ATP-binding protein PstB1
Q9X4T2	PBPDCFME_00185	Phosphate transport system permease protein PstA1
B1I9F3	PBPDCFME_00186	Phosphate transport system permease protein PstC1
A0AA86J9G4	PBPDCFME_00187	Phosphate ABC transporter periplasmic phosphate-binding protein PstS1
Q9S1J5	PBPDCFME_00188	Two-component system sensor histidine kinase PnpS
Q9S1J6	PBPDCFME_00189	Two-component system response regulator PnpR
A0A0T8C5H8	PBPDCFME_00190	Putative cupin superfamily protein
B2IPT3	PBPDCFME_00191	IS1381 transposase OrfB
Q8DN69	PBPDCFME_00192	Arginyl-tRNA synthetase
P0A2Y3	PBPDCFME_00193	Arginine pathway regulatory protein ArgR1
	PBPDCFME_00194	SpR10_sRNA
	PBPDCFME_00194	
C8XPW7	PBPDCFME_00195	DNA mismatch repair protein HexA
	PBPDCFME_00196	patAB
	PBPDCFME_00196	
A0A0B7LCV4	PBPDCFME_00197	Multidrug resistance ABC transporter ATP-binding and permease protein
A0AA86MPT8	PBPDCFME_00198	hypothetical protein
A0A0B7M9F3	PBPDCFME_00199	Multidrug resistance ABC transporter ATP-binding and permease protein
C1CH02	PBPDCFME_00200	Glutamine amidotransferase%2C class I
C1CH00	PBPDCFME_00201	Glucose-6-phosphate isomerase
C1CGZ9	PBPDCFME_00202	Glutamyl-tRNA synthetase
C1CGZ8	PBPDCFME_00203	Cytidine/deoxycytidylate deaminase family protein
	PBPDCFME_00204	tRNA-Glu(ttc)
	PBPDCFME_00204	
	PBPDCFME_00205	16S ribosomal RNA
	PBPDCFME_00205	
	PBPDCFME_00206	tRNA-Ala(tgc)
	PBPDCFME_00206	
	PBPDCFME_00207	23S ribosomal RNA
	PBPDCFME_00207	
	PBPDCFME_00208	5S ribosomal RNA
	PBPDCFME_00208	
	PBPDCFME_00209	tRNA-Val(tac)
	PBPDCFME_00209	
	PBPDCFME_00210	tRNA-Gly(tcc)
	PBPDCFME_00210	
	PBPDCFME_00211	tRNA-Ile(gat)
	PBPDCFME_00211	
	PBPDCFME_00212	tRNA-Ser(tga)
	PBPDCFME_00212	
	PBPDCFME_00213	tRNA-Met(cat)
	PBPDCFME_00213	
	PBPDCFME_00214	tRNA-Phe(gaa)
	PBPDCFME_00214	
	PBPDCFME_00215	tRNA-Tyr(gta)
	PBPDCFME_00215	
	PBPDCFME_00216	tRNA-Trp(cca)
	PBPDCFME_00216	
	PBPDCFME_00217	tRNA-His(gtg)
	PBPDCFME_00217	
	PBPDCFME_00218	tRNA-Gln(ttg)
	PBPDCFME_00218	
	PBPDCFME_00219	tRNA-Leu(caa)
	PBPDCFME_00219	
A0A0T8B533	PBPDCFME_00220	Hypothetical protein
A0A380LNX4	PBPDCFME_00221	Threonine synthase
C1CGZ5	PBPDCFME_00222	Multi antimicrobial extrusion family transporter
Q8CY81	PBPDCFME_00223	Hydrolase%2C haloacid dehalogenase-like family
A0A380LQN4	PBPDCFME_00224	Surface immunogenic protein
A0A0T8B5A8	PBPDCFME_00225	hypothetical protein
A0A0E8SXT7	PBPDCFME_00226	hypothetical protein
A0A0U0H3G0	PBPDCFME_00227	Hypothetical protein
A0AA86JEQ0	PBPDCFME_00228	Pyrrolidone-carboxylate peptidase
A0A6G2DAS0	PBPDCFME_00229	Pyrrolidone-carboxylate peptidase
C1CGY9	PBPDCFME_00230	Membrane protein
A0AA86JA16	PBPDCFME_00231	tRNA-guanine transglycosylase
A0AA86JJ25	PBPDCFME_00232	Acyltransferase family protein
B2IMN1	PBPDCFME_00233	N-acetylglucosamine-6-phosphate deacetylase
Q8DN84	PBPDCFME_00234	Putative Zn-dependent alcohol dehydrogenase
Q8DN85	PBPDCFME_00235	DNA-binding protein
A0A0U0EVJ1	PBPDCFME_00236	Late competence protein ComGA
A0A4J1SC29	PBPDCFME_00237	Late competence protein ComGB
C1CA98	PBPDCFME_00238	Late competence protein ComGC
A0A654UAX8	PBPDCFME_00239	Late competence protein ComGD
A0A0B7KTY0	PBPDCFME_00240	Late competence protein ComGE
A0A0B7L3P1	PBPDCFME_00241	Late competence protein ComGF
A0A4J2BTN4	PBPDCFME_00242	Late competence protein ComGG
Q8CY86	PBPDCFME_00243	hypothetical protein
B1I9A1	PBPDCFME_00244	Adenine-specific methyltransferase
A0A0B7LXB8	PBPDCFME_00245	Acetate kinase
Q8DN92	PBPDCFME_00246	Ribonuclease P protein component
B2IML5	PBPDCFME_00247	Inner membrane protein translocase component YidC2
B2IML4	PBPDCFME_00248	KH domain RNA-binding protein
A0A0T8SDC0	PBPDCFME_00249	Sakacin A production response regulator
C1CGW8	PBPDCFME_00250	Ascorbate-specific PTS IIC component
Q8DN95	PBPDCFME_00251	Ascorbate-specific PTS IIB component
B1I992	PBPDCFME_00252	Ascorbate-specific PTS IIA component
A0A0T8SD73	PBPDCFME_00253	3-keto-L-gulonate 6-phosphate decarboxylase
Q8DN98	PBPDCFME_00254	L-xylulose 5-phosphate 3-epimerase
A0A0E8ZPA5	PBPDCFME_00255	L-ribulose-5-phosphate 4-epimerase
A0A6I3VD74	PBPDCFME_00256	Transcriptional antiterminator
Q8DNA1	PBPDCFME_00257	Putative L-ascorbate-6-phosphate lactonase UlaG
C1CGW0	PBPDCFME_00258	Transketolase
Q8DNA3	PBPDCFME_00259	Preprotein translocase subunit YajC
Q8DNA4	PBPDCFME_00260	Low molecular weight protein tyrosine phosphatase
A0A0E8ZM70	PBPDCFME_00261	Hypothetical protein
C1CGV5	PBPDCFME_00262	Bifunctional acetaldehyde dehydrogenase/alcohol dehydrogenase
B2IMJ8	PBPDCFME_00263	Cellobiose-specific PTS IIA component
A0A2L1H0A2	PBPDCFME_00264	Cellobiose-specific PTS IIB component
Q8DNA8	PBPDCFME_00265	Cellobiose-specific PTS IIC component
A0AA86J9C7	PBPDCFME_00266	6-phospho-beta-glucosidase
Q8DNB0	PBPDCFME_00267	Transcriptional regulator%2C GntR family
A0A0H2XDB2	PBPDCFME_00268	hypothetical protein
C1CGU8	PBPDCFME_00269	Malonate permease
B2IMJ1	PBPDCFME_00270	Quinolinate phosphoribosyltransferase
A0A4J1VSX9	PBPDCFME_00271	IS630 family transposase IS630-Spn1
A0AA86MPK3	PBPDCFME_00272	ABC transporter%2C permease protein
Q8CWN6	PBPDCFME_00273	NAD-dependent glyceraldehyde-3-phosphate dehydrogenase
A0A0H2URZ7	PBPDCFME_00274	RluD-like protein
A0AA86JEQ7	PBPDCFME_00275	Multimodular transpeptidase-transglycosylase%2C penicillin-binding protein 2A
Q8DNB7	PBPDCFME_00276	Protein translocase subunit SecE
C1CGT9	PBPDCFME_00277	Transcription antitermination protein NusG
A0A0H2UMS0	PBPDCFME_00278	Competence-specific sigma factor ComX
	PBPDCFME_00279	tRNA-Glu(ttc)
	PBPDCFME_00279	
	PBPDCFME_00280	16S ribosomal RNA
	PBPDCFME_00280	
	PBPDCFME_00281	tRNA-Ala(tgc)
	PBPDCFME_00281	
	PBPDCFME_00282	23S ribosomal RNA
	PBPDCFME_00282	
	PBPDCFME_00283	5S ribosomal RNA
	PBPDCFME_00283	
	PBPDCFME_00284	tRNA-Val(tac)
	PBPDCFME_00284	
	PBPDCFME_00285	tRNA-Asp(gtc)
	PBPDCFME_00285	
	PBPDCFME_00286	tRNA-Lys(ttt)
	PBPDCFME_00286	
	PBPDCFME_00287	tRNA-Leu(tag)
	PBPDCFME_00287	
	PBPDCFME_00288	tRNA-Thr(tgt)
	PBPDCFME_00288	
	PBPDCFME_00289	tRNA-Gly(gcc)
	PBPDCFME_00289	
	PBPDCFME_00290	tRNA-Leu(taa)
	PBPDCFME_00290	
	PBPDCFME_00291	tRNA-Arg(acg)
	PBPDCFME_00291	
	PBPDCFME_00292	tRNA-Pro(tgg)
	PBPDCFME_00292	
C1CA51	PBPDCFME_00293	Hypothetical protein
A0A380LP39	PBPDCFME_00294	Hypothetical protein
A0AA86MFW3	PBPDCFME_00295	ABC transporter%2C ATP-binding protein
A0A0B7LZR8	PBPDCFME_00296	ABC transporter%2C permease protein
Q9S1I8	PBPDCFME_00297	Two-component system sensor histidine kinase
Q9S1I7	PBPDCFME_00298	Two-component system response regulator
C1CA45	PBPDCFME_00299	Catabolite control protein A
A0AA86JAG3	PBPDCFME_00300	Hypothetical protein
A0AA86J8G2	PBPDCFME_00301	L-asparaginase
C1CA42	PBPDCFME_00302	Hydrolase%2C HAD superfamily
C1CGS7	PBPDCFME_00303	Universal stress protein family protein
A0A0U0EM10	PBPDCFME_00304	hypothetical protein
C1CGS5	PBPDCFME_00305	Alanine transaminase
Q04IH6	PBPDCFME_00306	LSU ribosomal protein L34p
A0AA86XN69	PBPDCFME_00307	hypothetical protein
A0AA86MJ12	PBPDCFME_00308	Cell wall surface anchor family protein
A0AA86MP00	PBPDCFME_00309	Putative deoxyribonuclease TatD
C1CGS1	PBPDCFME_00310	Ribonuclease M5
A0AA86MC15	PBPDCFME_00311	Transcriptional regulator
B2IM57	PBPDCFME_00312	Hypothetical protein
A0AA86JDC5	PBPDCFME_00313	Putative immunity protein
Q8DND2	PBPDCFME_00314	ABC transporter%2C ATP-binding protein
Q8CY94	PBPDCFME_00315	Hypothetical protein
Q97NN5	PBPDCFME_00316	SSU rRNA (adenine(1518)-N(6)/adenine(1519)-N(6))- dimethyltransferase
A0A380LP92	PBPDCFME_00317	Ribosome small subunit-stimulated GTPase RsgA
B2IM65	PBPDCFME_00318	Ribulose-phosphate 3-epimerase
A0AA86JUY5	PBPDCFME_00319	Thiamin pyrophosphokinase
A0AA86JAD5	PBPDCFME_00320	DNA recombination protein RmuC
C1CA24	PBPDCFME_00321	3'->5' exoribonuclease YhaM
C1CGQ9	PBPDCFME_00322	PurR: transcription regulator associated with purine metabolism
A0A380LP67	PBPDCFME_00323	Diaminopimelate decarboxylase
Q8DNE0	PBPDCFME_00324	Pyruvate formate-lyase activating enzyme
Q97NP5	PBPDCFME_00325	Inner membrane protein translocase component YidC1
A0AA86MC20	PBPDCFME_00326	Putative nucleoside phosphatase
A0A0T8MDD2	PBPDCFME_00327	rRNA methylase
C1CGQ4	PBPDCFME_00328	Membrane protein
Q97NQ0	PBPDCFME_00329	Aspartate--ammonia ligase
C1CGQ2	PBPDCFME_00330	16S rRNA (guanine(966)-N(2))-methyltransferase
B5E2G0	PBPDCFME_00331	Phosphopantetheine adenylyltransferase
A0A380LR41	PBPDCFME_00332	Lon-like protease
A0A380LP76	PBPDCFME_00333	Hypothetical protein
A0A380LR80	PBPDCFME_00334	UDP-N-acetylglucosamine 1-carboxyvinyltransferase
Q03159	PBPDCFME_00335	Competence-associated EpuA protein
A0A0B7L7Z9	PBPDCFME_00336	DNA-entry nuclease
B1I8R6	PBPDCFME_00337	Putative hemolysin
	PBPDCFME_00338	tRNA-Cys(gca)
	PBPDCFME_00338	
	PBPDCFME_00339	Lacto-rpoB
	PBPDCFME_00339	
A0A0B7LZ45	PBPDCFME_00340	DNA-directed RNA polymerase beta subunit
A0AA86MP25	PBPDCFME_00341	DNA-directed RNA polymerase beta' subunit
A0A0T7L482	PBPDCFME_00342	Nucleoside diphosphate kinase
A0A0B7LDE7	PBPDCFME_00343	hypothetical protein
Q8CY96	PBPDCFME_00344	hypothetical protein
C1CA02	PBPDCFME_00345	ABC transporter%2C ATP-binding protein
A0AA86J9F7	PBPDCFME_00346	hypothetical protein
A0AA86JAI9	PBPDCFME_00347	Hypothetical protein
A0AA86J8J6	PBPDCFME_00348	Putative transcriptional regulator PlcR
Q8CYA2	PBPDCFME_00349	Immunity factor ComM
Q8DNF8	PBPDCFME_00350	TsaE protein%2C required for threonylcarbamoyladenosine t(6)A37 formation in tRNA
A0AA86JV03	PBPDCFME_00351	Acetyltransferase
B2IM30	PBPDCFME_00352	Transcriptional regulator LytR
C1C9K9	PBPDCFME_00353	Bifunctional ADP-ribose pyrophosphatase/nicotinamide-nucleotide amidase
C1CMP5	PBPDCFME_00354	DNA recombination/repair protein RecA
A0AA86MJ25	PBPDCFME_00355	MATE efflux family protein DinF
C1CGM2	PBPDCFME_00356	Autolysin/N-acetylmuramoyl-L-alanine amidase LytA
A0AA86MFY0	PBPDCFME_00357	hypothetical protein
A0AA95DDF8	PBPDCFME_00358	IS5 family transposase ISSpn7
B1I8P1	PBPDCFME_00359	hypothetical protein
B1I8P0	PBPDCFME_00360	Alpha-D-glucose 1-phosphate phosphatase YihX
B1I8N9	PBPDCFME_00361	Mg(2+)-transport-ATPase-associated protein MgtC
A0A0B7LJG6	PBPDCFME_00362	Iron(III)-transport system permease protein SfuB
A0A0B7LBX8	PBPDCFME_00363	ABC transporter%2C ATP-binding protein
A0A0B7LIV1	PBPDCFME_00364	ABC transporter%2C substrate-binding protein
A0A0E7TWI5	PBPDCFME_00365	hypothetical protein
A0A0B7LRS0	PBPDCFME_00366	hypothetical protein
B2IM15	PBPDCFME_00367	Hypothetical protein
Q8CYB4	PBPDCFME_00368	Hypothetical protein
Q8CYB5	PBPDCFME_00369	Hypothetical protein
A4GRE7	PBPDCFME_00370	Pneumolysin
Q04IN9	PBPDCFME_00371	Transcriptional regulatory protein YeeN
A0AA86JBJ5	PBPDCFME_00372	hypothetical protein
A0AA86JVW9	PBPDCFME_00373	Multidrug resistance ABC transporter ATP-binding and permease protein
C1C9I8	PBPDCFME_00374	putative ABC transporter ATP-binding protein
Q8CYB6	PBPDCFME_00375	Hypothetical protein
A0A0B7L3A2	PBPDCFME_00376	Phosphatidylglycerophosphatase B
A0A0H2URK9	PBPDCFME_00377	Response regulator of the LytR/AlgR family protein
A0A0B7L9U4	PBPDCFME_00378	Membrane protein
Q8CYB9	PBPDCFME_00379	Hypothetical protein
A0A0B7MDH0	PBPDCFME_00380	Thioredoxin
A0AA86MCN5	PBPDCFME_00381	Phenylalanyl-tRNA synthetase domain protein
C1CGK0	PBPDCFME_00382	Short-chain dehydrogenase
A0A0E8PDH7	PBPDCFME_00383	Single-stranded DNA-binding protein SsbB
Q8VTM9	PBPDCFME_00384	Heat shock protein 60 family co-chaperone GroES
Q04IQ3	PBPDCFME_00385	Heat shock protein 60 family chaperone GroEL
C1CGD6	PBPDCFME_00386	IS1167 transposase
C1CGD5	PBPDCFME_00387	IS1167 transposase
	PBPDCFME_00388	Srn266
	PBPDCFME_00388	
Q8CYC0	PBPDCFME_00389	Hypothetical protein
	PBPDCFME_00390	Spy392987
	PBPDCFME_00390	
Q8DNH5	PBPDCFME_00391	Cysteinyl-tRNA synthetase related protein
A0A0E9GYL2	PBPDCFME_00392	Regulatory protein RecX
C1CGD1	PBPDCFME_00393	RNA methyltransferase%2C TrmA family
	PBPDCFME_00394	tRNA-Glu(ttc)
	PBPDCFME_00394	
	PBPDCFME_00395	16S ribosomal RNA
	PBPDCFME_00395	
	PBPDCFME_00396	tRNA-Ala(tgc)
	PBPDCFME_00396	
	PBPDCFME_00397	23S ribosomal RNA
	PBPDCFME_00397	
	PBPDCFME_00398	5S ribosomal RNA
	PBPDCFME_00398	
	PBPDCFME_00399	tRNA-Val(tac)
	PBPDCFME_00399	
	PBPDCFME_00400	tRNA-Asp(gtc)
	PBPDCFME_00400	
	PBPDCFME_00401	tRNA-Lys(ttt)
	PBPDCFME_00401	
	PBPDCFME_00402	tRNA-Leu(tag)
	PBPDCFME_00402	
	PBPDCFME_00403	tRNA-Thr(tgt)
	PBPDCFME_00403	
	PBPDCFME_00404	tRNA-Gly(gcc)
	PBPDCFME_00404	
	PBPDCFME_00405	tRNA-Leu(taa)
	PBPDCFME_00405	
	PBPDCFME_00406	tRNA-Arg(acg)
	PBPDCFME_00406	
	PBPDCFME_00407	tRNA-Pro(tgg)
	PBPDCFME_00407	
	PBPDCFME_00408	tRNA-Met(cat)
	PBPDCFME_00408	
	PBPDCFME_00409	tRNA-Met(cat)
	PBPDCFME_00409	
	PBPDCFME_00410	tRNA-Ser(tga)
	PBPDCFME_00410	
	PBPDCFME_00411	tRNA-Met(cat)
	PBPDCFME_00411	
	PBPDCFME_00412	tRNA-Phe(gaa)
	PBPDCFME_00412	
	PBPDCFME_00413	tRNA-Gly(tcc)
	PBPDCFME_00413	
	PBPDCFME_00414	tRNA-Ile(gat)
	PBPDCFME_00414	
	PBPDCFME_00415	tRNA-Ser(gct)
	PBPDCFME_00415	
C1C9G9	PBPDCFME_00416	Bifunctional biotin operon repressor/Biotin--protein ligase
A0A0B7MFI0	PBPDCFME_00417	Multiple sugar metabolism operon regulatory protein MsmR
A0AA86JB16	PBPDCFME_00418	Alpha-galactosidase
B2ISZ6	PBPDCFME_00419	Multiple sugar ABC transporter%2C substrate-binding protein MsmE
C1C9G5	PBPDCFME_00420	Multiple sugar ABC transporter%2C membrane-spanning permease protein MsmF
A0AA86J6D1	PBPDCFME_00421	Multiple sugar ABC transporter%2C membrane-spanning permease protein MsmG
A0AA86JFB0	PBPDCFME_00422	Sucrose phosphorylase
Q8CYC1	PBPDCFME_00423	Wall teichoic acid biosynthesis protein RafX
A0A0U0KSF7	PBPDCFME_00424	Peptide ABC transporter substrate-binding protein AmiA
C1C9F9	PBPDCFME_00425	Peptide ABC transporter permease AmiC
C1CGB7	PBPDCFME_00426	Peptide ABC transporter permease AmiD
B2ISY7	PBPDCFME_00427	Peptide ABC transporter ATP-binding protein AmiE
B1I896	PBPDCFME_00428	Peptide ABC transporter ATP-binding protein AmiF
A0AA86MML6	PBPDCFME_00429	ABC transporter substrate-binding protein
A0AA86MEU9	PBPDCFME_00430	ABC transporter substrate-binding protein
A0AA86MB69	PBPDCFME_00431	hypothetical protein
A0AA86JGZ0	PBPDCFME_00432	Putative tryptophan-specific ABC transporter permease protein TrpY
A0AA86JB29	PBPDCFME_00433	ABC transporter ATP-binding protein
Q8DNI5	PBPDCFME_00434	Trehalose operon transcriptional repressor
A0AA86J8D9	PBPDCFME_00435	Trehalose-specific PTS IIBCA components
A0AA86J6G1	PBPDCFME_00436	Trehalose-6-phosphate hydrolase
B2ISY0	PBPDCFME_00437	Hypothetical protein
Q04IS7	PBPDCFME_00438	Glutamate racemase
B2ISX8	PBPDCFME_00439	Nucleoside 5-triphosphatase RdgB (dHAPTP%2C dITP%2C XTP-specific)
C1CGA3	PBPDCFME_00440	Phosphoesterase
Q9EUQ9	PBPDCFME_00441	CBS domain protein
C1C9E3	PBPDCFME_00442	Tyrosine recombinase XerD
A0A0T8RTE1	PBPDCFME_00443	Segregation and condensation protein A
Q8DNI9	PBPDCFME_00444	Segregation and condensation protein B
Q8DNJ0	PBPDCFME_00445	Ribosomal large subunit pseudouridine synthase B
C1CG97	PBPDCFME_00446	Putative membrane protein insertion efficiency factor YidD
C1CG96	PBPDCFME_00447	Iron compound ABC uptake transporter substrate-binding protein PiuA
C1CG95	PBPDCFME_00448	Iron compound ABC uptake transporter ATP-binding protein PiuD
C1CG94	PBPDCFME_00449	Iron compound ABC uptake transporter permease protein PiuC
A0AA86J8E7	PBPDCFME_00450	Iron compound ABC uptake transporter permease protein PiuB
A0A0E7ZNQ0	PBPDCFME_00451	UDP-glucose 4-epimerase
Q8DNJ7	PBPDCFME_00452	Glutamyl aminopeptidase
A0A0E8P644	PBPDCFME_00453	Hypothetical protein
A0A0E8SYC0	PBPDCFME_00454	Transcriptional regulator%2C MarR family
A0AA86J851	PBPDCFME_00455	Hypothetical protein
C1CG87	PBPDCFME_00456	Glycine betaine/L-proline transport ATP-binding protein ProV
A0A0T7KAV4	PBPDCFME_00457	Glycine betaine/L-proline transport substrate-binding/permease protein ProWX
Q8DNK1	PBPDCFME_00458	Ribosyl nicotinamide transporter PnuC
C1CG83	PBPDCFME_00459	Transcriptional regulator SczA%2C TetR family
Q8DNK3	PBPDCFME_00460	Cobalt-zinc-cadmium resistance protein CzcD
Q8DNK4	PBPDCFME_00461	Transcriptional regulator%2C MerR family
C1CG80	PBPDCFME_00462	Alcohol dehydrogenase
Q8DNK6	PBPDCFME_00463	Galactose operon repressor%2C GalR-LacI family
B2ISV2	PBPDCFME_00464	Galactokinase
A0AA86J8F8	PBPDCFME_00465	Galactose-1-phosphate uridylyltransferase
A0A0M3KL39	PBPDCFME_00466	Thioesterase
C1CG75	PBPDCFME_00467	Type II restriction-modification system endonuclease DpnC
P0A3T5	PBPDCFME_00468	Type II restriction-modification system component DpnD
A0AA86JT53	PBPDCFME_00469	Xanthine permease
Q3I0B1	PBPDCFME_00470	Xanthine phosphoribosyltransferase
	PBPDCFME_00471	Purine
	PBPDCFME_00471	
Q8CYC6	PBPDCFME_00472	hypothetical protein
C1CG71	PBPDCFME_00473	Exodeoxyribonuclease III
A0AA86MHZ7	PBPDCFME_00474	hypothetical protein
C1CG69	PBPDCFME_00475	hypothetical protein
A0A0H2URE6	PBPDCFME_00476	hypothetical protein
A0AA86MB78	PBPDCFME_00477	ABC transporter%2C ATP-binding/permease protein
A0AA86JH18	PBPDCFME_00478	ABC transporter%2C ATP-binding/permease protein
A0AA86JB57	PBPDCFME_00479	Sugar transferases involved in lipopolysaccharide synthesis
C1CG64	PBPDCFME_00480	Putative UDP-4-keto-6-deoxy-D-glucose 4-transaminase AatB
A0AA86J8G8	PBPDCFME_00481	Plasmin- and fibronectin-binding protein PfbA
B2IST5	PBPDCFME_00482	hypothetical protein
Q8CYD2	PBPDCFME_00483	Hypothetical protein
C1C979	PBPDCFME_00484	ABC transporter%2C substrate-binding protein
A0AA86JT56	PBPDCFME_00485	ABC transporter%2C ATP-binding protein
C1CG52	PBPDCFME_00486	Iron(III)-transport system permease protein SfuB
Q8DNM3	PBPDCFME_00487	Mg(2+)-transport-ATPase-associated protein MgtC
A0AA86MIY9	PBPDCFME_00488	Hypothetical protein
Q8DNM4	PBPDCFME_00489	Galactose operon repressor%2C GalR-LacI family
	PBPDCFME_00490	T-box
	PBPDCFME_00490	
A0A4J2BRX9	PBPDCFME_00491	Hypothetical protein
A0AA86MEX1	PBPDCFME_00492	Anthranilate synthase%2C aminase component
A0A0B7LWH4	PBPDCFME_00493	Bifunctional anthranilate synthase%2C amidotransferase component/para-aminobenzoate synthase%2Camidotransferase component
Q04IY6	PBPDCFME_00494	Anthranilate phosphoribosyltransferase
A0A0B7LLQ6	PBPDCFME_00495	Indole-3-glycerol phosphate synthase
A0AA86J715	PBPDCFME_00496	Phosphoribosylanthranilate isomerase
A0AA86J8H6	PBPDCFME_00497	Tryptophan synthase beta chain
A0A0B7M517	PBPDCFME_00498	Tryptophan synthase alpha chain
A0A0U0MHV9	PBPDCFME_00499	Hypothetical protein
A0A0H2URC4	PBPDCFME_00500	Transcriptional regulator%2C Xre family
A0AA86JT66	PBPDCFME_00501	Type IV prepilin peptidase
A0A0B7L697	PBPDCFME_00502	Acetyltransferase
A0A0B7LBM5	PBPDCFME_00503	Xylose repressor protein
A0A4F2BEU0	PBPDCFME_00504	Cellobiose-specific PTS IIC component
A0A0B7L735	PBPDCFME_00505	hypothetical protein
C1CG33	PBPDCFME_00506	Cellobiose-specific PTS IIB component
A0A4L3I3R0	PBPDCFME_00507	Lactose-specific PTS IIA component
B2ISF4	PBPDCFME_00508	Cellobiose-specific PTS IIC component
A0A0U0AG22	PBPDCFME_00509	Arylsulfatase
A0AA86JB75	PBPDCFME_00510	Formylglycine-generating enzyme
C1C952	PBPDCFME_00511	hypothetical protein
Q97P39	PBPDCFME_00512	Hypothetical protein
Q8DNN3	PBPDCFME_00513	General stress protein%2C Gls24 family
Q8DNN4	PBPDCFME_00514	Small integral membrane protein
B2ISG1	PBPDCFME_00515	Hypothetical protein
C1C945	PBPDCFME_00516	Membrane protein
Q97P44	PBPDCFME_00517	M protein trans-acting positive regulator Mga2
A0A0E8JL96	PBPDCFME_00518	Multiple sugar metabolism operon regulatory protein
C1CG18	PBPDCFME_00519	Multiple sugar ABC transporter%2C membrane-spanning permease protein
B2ISF6	PBPDCFME_00520	ABC transporter permease protein
B2ISF0	PBPDCFME_00521	hypothetical protein
A0A0T8VMK4	PBPDCFME_00522	Sucrose-6-phosphate hydrolase
	PBPDCFME_00523	tRNA-Lys(ctt)
	PBPDCFME_00523	
A0A4V0ITY0	PBPDCFME_00524	Chromosome segregation helicase
Q8CYD9	PBPDCFME_00525	Hypothetical protein
Q8DNP2	PBPDCFME_00526	Addiction module antitoxin HicB
B2ISE3	PBPDCFME_00527	Hypothetical protein
A0AA86J6K7	PBPDCFME_00528	Hypothetical protein
A0AA86JFH6	PBPDCFME_00529	7%2C8-dihydro-8-oxoguanine-triphosphatase
Q8DNP4	PBPDCFME_00530	Ribosomal protein L11 methyltransferase
A0AA86JT80	PBPDCFME_00531	16S rRNA (uracil(1498)-N(3))-methyltransferase
A0A916P872	PBPDCFME_00532	Oligoendopeptidase F
A0A062WT08	PBPDCFME_00533	hypothetical protein
A0AA86MJ00	PBPDCFME_00534	ABC transporter ATP-binding protein
A0A0E8TAE1	PBPDCFME_00535	hypothetical protein
A0AA86MMP4	PBPDCFME_00536	hypothetical protein
A0AA86MEY5	PBPDCFME_00537	Aquaporin Z
A0A380LRR5	PBPDCFME_00538	NADPH-dependent 7-cyano-7-deazaguanine reductase
C1CFZ6	PBPDCFME_00539	Thioredoxin
Q8CYE5	PBPDCFME_00540	Hypothetical protein
C1CFZ4	PBPDCFME_00541	Transcriptional regulator%2C MarR family
C1CFX5	PBPDCFME_00542	Membrane protein
A0A0T7TKT8	PBPDCFME_00543	Serine/threonine transporter SstT
A0AA86JFJ2	PBPDCFME_00544	Serine/threonine transporter SstT
B2ISA3	PBPDCFME_00545	Potassium efflux system KefA protein
A0A064C0E8	PBPDCFME_00546	Magnesium and cobalt transport protein CorA2
B2ISA1	PBPDCFME_00547	Hydrolase%2C HAD subfamily IIIA
A0A0H2UR97	PBPDCFME_00548	GTP-binding protein YqeH%2C required for biogenesis of 30S ribosome subunit
Q8DNQ6	PBPDCFME_00549	RNA-binding protein
P65505	PBPDCFME_00550	Nicotinate-nucleotide adenylyltransferase
A0A0E8T0X8	PBPDCFME_00551	HAD superfamily hydrolase YqeK
Q8DNQ8	PBPDCFME_00552	Isochorismatase
Q8DNQ9	PBPDCFME_00553	Ribosomal silencing factor RsfA
A0AA86JH70	PBPDCFME_00554	Methyltransferase
A0A0T8N9M2	PBPDCFME_00555	hypothetical protein
A0AA86J758	PBPDCFME_00556	hypothetical protein
A0A0H2ZR31	PBPDCFME_00557	Antitoxin YefM
Q8DNR3	PBPDCFME_00558	YoeB toxin protein
A0A0U0B6S6	PBPDCFME_00559	Ribonuclease Y
Q97PA3	PBPDCFME_00560	Guanylate kinase
Q04J38	PBPDCFME_00561	DNA-directed RNA polymerase omega subunit
A0AA86J8B5	PBPDCFME_00562	Helicase PriA essential for oriC/DnaA-independent DNA replication
B5E782	PBPDCFME_00563	Methionyl-tRNA formyltransferase
A0AA86MJ09	PBPDCFME_00564	16S rRNA (cytosine(967)-C(5))-methyltransferase
A0A0H2UR71	PBPDCFME_00565	Protein serine/threonine phosphatase PhpP
A0A380LRS2	PBPDCFME_00566	Serine/threonine protein kinase StkP
Q8DNS1	PBPDCFME_00567	Membrane protein
C1CFV2	PBPDCFME_00568	Putative membrane-spanning protein
A0AA86JH77	PBPDCFME_00569	IS1381 transposase OrfA
C1C7G4	PBPDCFME_00570	IS1381 transposase OrfB
Q8CYE8	PBPDCFME_00571	Hypothetical protein
C1CFU8	PBPDCFME_00572	Hydroxymethylglutaryl-CoA synthase
A0A380LTJ0	PBPDCFME_00573	Hydroxymethylglutaryl-CoA reductase
Q8DNS6	PBPDCFME_00574	Sucrose operon repressor ScrR%2C LacI family
A0AA86JP91	PBPDCFME_00575	Sucrose-6-phosphate hydrolase
Q8DNS8	PBPDCFME_00576	Sucrose-specific PTS IIBCA components
Q8DNS8	PBPDCFME_00577	Sucrose-specific PTS IIBCA components
B1I778	PBPDCFME_00578	Fructokinase
C1CFU1	PBPDCFME_00579	Immunoreactive protein Se23.5-like protein
A0A0E8SZC7	PBPDCFME_00580	Hypothetical protein
C1C8V4	PBPDCFME_00581	ABC transporter ATP-binding protein - Na+ export
C1CFT8	PBPDCFME_00582	ABC transporter membrane-spanning permease - Na+ export
A0A229G0F0	PBPDCFME_00583	ABC transporter ATP-binding protein
C1C8V1	PBPDCFME_00584	Multidrug ABC transporter%2C ATP-binding protein
Q8DNT4	PBPDCFME_00585	Transcriptional regulator%2C GntR family
B2IRW8	PBPDCFME_00586	Ribonucleotide reductase transcriptional regulator NrdR
A0A0U0H4S0	PBPDCFME_00587	Helicase loader DnaB
A0A0U0BPB3	PBPDCFME_00588	Helicase loader DnaI
A0A0U0M2R2	PBPDCFME_00589	NADPH-flavin oxidoreductase
A0A0T7Z4A0	PBPDCFME_00590	GTP-binding protein EngA
B1I765	PBPDCFME_00591	Hypothetical protein
A0A559BP94	PBPDCFME_00592	Hypothetical protein
A0A0U0H5W0	PBPDCFME_00593	Hypothetical protein
A0A559G8C4	PBPDCFME_00594	Hypothetical protein
A0AA86MJ17	PBPDCFME_00595	ABC transporter%2C ATP-binding protein
B2IRV8	PBPDCFME_00596	hypothetical protein
A0AA86MMQ9	PBPDCFME_00597	Protein translocase subunit SecA
C1CFS0	PBPDCFME_00598	2-keto-3-deoxy-D-arabino-heptulosonate-7- phosphate synthase I alpha
Q8DNU0	PBPDCFME_00599	2-keto-3-deoxy-D-arabino-heptulosonate-7- phosphate synthase I alpha
B2IRV4	PBPDCFME_00600	Holo-[acyl-carrier protein] synthase
A0A0B7M206	PBPDCFME_00601	Alanine racemase
A0AA86J783	PBPDCFME_00602	ATP-dependent DNA helicase RecG
C1CFR5	PBPDCFME_00603	Bifunctional acetyl xylan esterase 1/cephalosporin-C deacetylase
A0A4J1WA53	PBPDCFME_00604	Hypothetical protein
Q8CYF7	PBPDCFME_00605	Hypothetical protein
B8XTV7	PBPDCFME_00606	Sialidase NanA
A0A0B7LFI0	PBPDCFME_00607	Hypothetical protein
A0A0B7MDG4	PBPDCFME_00608	Putative beta-D-galactosidase
Q8DNU2	PBPDCFME_00609	ABC transporter substrate-binding protein - sugar transport
Q8DNU3	PBPDCFME_00610	ABC transporter membrane-spanning permease%2C sugar transport YcjO
C1CFQ8	PBPDCFME_00611	ABC transporter%2C permease protein
A0AA86MBA6	PBPDCFME_00612	Sialidase
C1CFQ6	PBPDCFME_00613	Oxidoreductase
P65521	PBPDCFME_00614	N-acetylmannosamine-6-phosphate 2-epimerase
C1C8S2	PBPDCFME_00615	N-acetylglucosamine-specific PTS IIABC components
Q8DNU8	PBPDCFME_00616	ABC transporter%2C putative N-acetylneuraminate-binding protein
C1CFQ2	PBPDCFME_00617	ABC transporter%2C putative N-acetylneuraminate transport system permease protein 1
Q8DNV0	PBPDCFME_00618	ABC transporter%2C putative N-acetylneuraminate transport system permease protein 2
C1CFQ0	PBPDCFME_00619	Protein YjgK%2C linked to biofilm formation
A0A0U0E7C1	PBPDCFME_00620	Hypothetical protein
C1CFP8	PBPDCFME_00621	hypothetical protein
A0AA86Y540	PBPDCFME_00622	4-hydroxy-tetrahydrodipicolinate synthase
A0A4J2BSC2	PBPDCFME_00623	N-acetylmannosamine kinase
B2IRS9	PBPDCFME_00624	Sialic acid utilization regulator%2C RpiR family
B0B6H3	PBPDCFME_00625	Penicillin-binding protein 2B
Q9R2M1	PBPDCFME_00626	Recombination protein RecR
Q9R372	PBPDCFME_00627	D-alanine--D-alanine ligase
C1CFP1	PBPDCFME_00628	UDP-N-acetylmuramoyl-tripeptide--D-alanyl-D- alanine ligase
A0A4L3I074	PBPDCFME_00629	MutT/nudix family protein phosphohydrolase
Q8CYG1	PBPDCFME_00630	Putative membrane protein
Q9ZHC0	PBPDCFME_00631	Cell division protein FtsA
Q8DNV9	PBPDCFME_00632	Cell division protein FtsZ
C1CFN6	PBPDCFME_00633	YlmE
Q8DNW1	PBPDCFME_00634	FtsZ-interacting protein related to cell division YlmF
Q9ZHB6	PBPDCFME_00635	Cell division integral membrane protein YlmG%2C YGGT family
Q9ZHB5	PBPDCFME_00636	YlmH
C1CFN2	PBPDCFME_00637	Cell division initiation protein DivIVA
A0A4J2BWQ7	PBPDCFME_00638	Isoleucyl-tRNA synthetase
C1CFM9	PBPDCFME_00639	hypothetical protein
C1CFM7	PBPDCFME_00640	Phosphoglycerate mutase
A0AA86MF17	PBPDCFME_00641	Putative large secreted protein
C1C8P3	PBPDCFME_00642	ABC transporter%2C ATP-binding protein
A0AA86JHD8	PBPDCFME_00643	ABC transporter%2C permease protein
A0A062WLL4	PBPDCFME_00644	Thiol peroxidase%2C Tpx-type
D2CTJ2	PBPDCFME_00645	Manganese ABC transporter%2C periplasmic-binding protein PsaA
C1CFM0	PBPDCFME_00646	Manganese ABC transporter%2C inner membrane permease protein PsaC
B2IRQ4	PBPDCFME_00647	Manganese ABC transporter%2C ATP-binding protein PsaB
A0AA86JFQ8	PBPDCFME_00648	Neutral endopeptidase O
A0A0T8BDS4	PBPDCFME_00649	Hydroxyacylglutathione hydrolase
A0A0H2ZP47	PBPDCFME_00650	Bifunctional guanosine-3'%2C5'-bis(diphosphate) 3'-pyrophosphohydrolase/(p)ppGpp synthetase II
Q8DNX2	PBPDCFME_00651	D-tyrosyl-tRNA(Tyr) deacylase
A0A0H2ZLZ3	PBPDCFME_00652	hypothetical protein
B2IRP3	PBPDCFME_00653	Mn-dependent transcriptional regulator MntR
A0A6A8VMJ1	PBPDCFME_00654	Putative diadenosine tetraphosphatase
A0AA86MMS5	PBPDCFME_00655	Rrf2 family transcriptional regulator%2C group III
A0AA86MF23	PBPDCFME_00656	Hypothetical protein
A0AA86MBB7	PBPDCFME_00657	Esterase/lipase
A0A064C629	PBPDCFME_00658	Two-component system response regulator
A0A380LVT5	PBPDCFME_00659	Two-component system sensor histidine kinase
C1CSP6	PBPDCFME_00660	Threonyl-tRNA synthetase
Q8CYH8	PBPDCFME_00661	hypothetical protein
Q8CYH9	PBPDCFME_00662	Hypothetical protein
A0AA86JFR8	PBPDCFME_00663	Rrf2-linked NADH-flavin reductase
Q97PI9	PBPDCFME_00664	SSU ribosomal protein S15p (S13e)
Q8DNY0	PBPDCFME_00665	Cadmium resistance protein CadD
B2IRD2	PBPDCFME_00666	Acyl-ACP:1-acyl-sn-glycerol-3-phosphate acyltransferase
A0AA86JBW6	PBPDCFME_00667	Cadmium-transporting ATPase
A0AA86MJ41	PBPDCFME_00668	tRNA (adenine(22)-N(1))-methyltransferase
C1CFJ2	PBPDCFME_00669	Putative GTP cyclohydrolase 1 type 2 protein YbgI
A0A0E9GWZ8	PBPDCFME_00670	Glycine/D-amino acid oxidases family protein
A0A0B7M1L4	PBPDCFME_00671	UDP-glucose 4-epimerase
Q8DNY7	PBPDCFME_00672	Bactoprenol glucosyl transferase
C1CFI7	PBPDCFME_00673	Ferredoxin
Q8CYI0	PBPDCFME_00674	Hypothetical protein
A0A064C099	PBPDCFME_00675	Cytidylate kinase
A0AA86J8U5	PBPDCFME_00676	Protein PhnA
Q8CYI1	PBPDCFME_00677	Hypothetical protein
A0AA86JFS8	PBPDCFME_00678	Major facilitator superfamily transporter-permease
A0AA86JPE4	PBPDCFME_00679	tRNA pseudouridine synthase A
A0A0H2UR72	PBPDCFME_00680	Pyridoxal kinase%2C thiD family
A0AA86J8I9	PBPDCFME_00681	Substrate-specific component PdxU2 of putative pyridoxin-related ECF transporter
Q8DNZ4	PBPDCFME_00682	IS3 family transposase ISSpn11
A0AA86JJ87	PBPDCFME_00683	hypothetical protein
C1CFH2	PBPDCFME_00684	Xaa-Pro dipeptidase
A0A0H2ZML1	PBPDCFME_00685	Putative amidotransferase similar to cobyric acid synthase
C1C8I0	PBPDCFME_00686	Mur ligase family protein
A0AA86MIZ1	PBPDCFME_00687	Pyridine nucleotide-disulfide oxidoreductase
A0AA86MJX7	PBPDCFME_00688	Major facilitator oxalate:formate antiporter
P0A4D7	PBPDCFME_00689	DEAD-box ATP-dependent RNA helicase CshA
C1CSK2	PBPDCFME_00690	GTP-sensing transcriptional pleiotropic repressor CodY
Q8DP02	PBPDCFME_00691	Nicotinamidase
	PBPDCFME_00692	tRNA-Leu(aag)
	PBPDCFME_00692	
A0A0H2UQW6	PBPDCFME_00693	Multiple sugar ABC transporter%2C ATP-binding protein
Q8DP04	PBPDCFME_00694	SAM-dependent methyltransferase
C1CFG1	PBPDCFME_00695	Adenine phosphoribosyltransferase
Q8DP05	PBPDCFME_00696	Homoserine O-succinyltransferase
C1CFF8	PBPDCFME_00697	Chromosome replication initiation protein DnaD
Q04JH4	PBPDCFME_00698	Triosephosphate isomerase
A0AA86JAJ5	PBPDCFME_00699	1%2C4-beta-N-acetylmuramidase%2C lyzozyme LytC
O85254	PBPDCFME_00700	Bifunctional non-specific DNA-binding protein/ferroxidase Dpr
O85255	PBPDCFME_00701	Dihydrofolate reductase
B1ICZ0	PBPDCFME_00702	Hypothetical protein
A0A4M9XSE5	PBPDCFME_00703	ATP-dependent Clp protease ATP-binding subunit ClpX
Q04JI0	PBPDCFME_00704	GTP-binding protein EngB
Q8DP09	PBPDCFME_00705	RidA/YER057c/UK114 superfamily protein
A0A0B7LZK7	PBPDCFME_00706	Putative P-loop-containing kinase
C1CFE8	PBPDCFME_00707	LPPG:FO 2-phospho-L-lactate transferase-like protein
Q8DP12	PBPDCFME_00708	Putative cytoplasmic protein
A0A0E7NRX6	PBPDCFME_00709	Tyrosine recombinase XerC
A0AA86MGF1	PBPDCFME_00710	hypothetical protein
A0AA86MCL4	PBPDCFME_00711	hypothetical protein
A0AA86JKM8	PBPDCFME_00712	hypothetical protein
A0A380LQI5	PBPDCFME_00713	hypothetical protein
A0A0T7JG49	PBPDCFME_00714	hypothetical protein
A0A0B7MB27	PBPDCFME_00715	hypothetical protein
C1CHB1	PBPDCFME_00716	hypothetical protein
A0A380LS70	PBPDCFME_00717	hypothetical protein
A0A380LQB1	PBPDCFME_00718	hypothetical protein
A0A098ANA5	PBPDCFME_00719	hypothetical protein
A0A064C342	PBPDCFME_00720	hypothetical protein
A0A064C1N6	PBPDCFME_00721	hypothetical protein
A0A064C056	PBPDCFME_00722	hypothetical protein
M9QZ03	PBPDCFME_00723	hypothetical protein
A0AA86MPN8	PBPDCFME_00724	hypothetical protein
A0A0E8SXA9	PBPDCFME_00725	hypothetical protein
A0A380LTA8	PBPDCFME_00726	hypothetical protein
A0A380LS80	PBPDCFME_00727	hypothetical protein
A0A098AN63	PBPDCFME_00728	hypothetical protein
A0A064C5V3	PBPDCFME_00729	hypothetical protein
A0A0T8WW84	PBPDCFME_00730	hypothetical protein
A0AA86J9N0	PBPDCFME_00731	hypothetical protein
A0AA86JIP8	PBPDCFME_00732	hypothetical protein
A0A0U0FML2	PBPDCFME_00733	hypothetical protein
A0A380LU01	PBPDCFME_00734	hypothetical protein
A0A0B7M3F4	PBPDCFME_00735	hypothetical protein
A0A380LTB6	PBPDCFME_00736	hypothetical protein
A0A4L7JWA9	PBPDCFME_00737	hypothetical protein
A0AA86JLC6	PBPDCFME_00738	hypothetical protein
A0A0B7LRJ1	PBPDCFME_00739	hypothetical protein
	PBPDCFME_00740	GOLLD
	PBPDCFME_00740	
A0AA86MGS2	PBPDCFME_00741	hypothetical protein
A0A4J1UIP0	PBPDCFME_00742	hypothetical protein
A0A4J2BWE8	PBPDCFME_00743	hypothetical protein
A0A4J2B3Z3	PBPDCFME_00744	hypothetical protein
A0A0U0GT88	PBPDCFME_00745	hypothetical protein
A0A380LS23	PBPDCFME_00746	hypothetical protein
A0A380LTC2	PBPDCFME_00747	hypothetical protein
A0A380LSA0	PBPDCFME_00748	hypothetical protein
A0A4J1MW86	PBPDCFME_00749	hypothetical protein
A0A4J1V8M8	PBPDCFME_00750	hypothetical protein
C1CGF7	PBPDCFME_00751	hypothetical protein
A0A0T8U0V4	PBPDCFME_00752	hypothetical protein
A0A098ANC3	PBPDCFME_00753	hypothetical protein
A0AA86MCZ4	PBPDCFME_00754	hypothetical protein
M9QX92	PBPDCFME_00755	hypothetical protein
A0A0T8ZZN8	PBPDCFME_00756	hypothetical protein
M9QQS0	PBPDCFME_00757	hypothetical protein
A0A0U0HEJ3	PBPDCFME_00758	hypothetical protein
A0A4J2BVC4	PBPDCFME_00759	hypothetical protein
A0A0U0LNZ8	PBPDCFME_00760	hypothetical protein
A0AAE4FWU6	PBPDCFME_00761	hypothetical protein
M9QQR7	PBPDCFME_00762	hypothetical protein
B1I7B6	PBPDCFME_00763	hypothetical protein
C1CGE3	PBPDCFME_00764	hypothetical protein
A0AA86JC10	PBPDCFME_00765	hypothetical protein
A0AA86JFI0	PBPDCFME_00766	Autolysin/N-acetylmuramoyl-L-alanine amidase LytA
A0A0D6J7C7	PBPDCFME_00767	Thioredoxin reductase
Q8DP14	PBPDCFME_00768	Bacterial checkpoint controller DisA
Q8DP15	PBPDCFME_00769	Hypothetical protein
A0AA86JJX3	PBPDCFME_00770	Phosphoglucosamine mutase
B2IR77	PBPDCFME_00771	Hypothetical protein
Q97PP6	PBPDCFME_00772	DegV family protein
B2IR75	PBPDCFME_00773	4-hydroxy-tetrahydrodipicolinate reductase
A0AA86J8X0	PBPDCFME_00774	CCA tRNA nucleotidyltransferase
A0A0T8V6V7	PBPDCFME_00775	ATPase component of ABC transporter with duplicated ATPase domains
C1CFD7	PBPDCFME_00776	Cobalt-zinc-cadmium resistance protein
	PBPDCFME_00777	SSRC10
	PBPDCFME_00777	
A0A0T8FY45	PBPDCFME_00778	Calcium-transporting ATPase
A0A0T8A0Q4	PBPDCFME_00779	Glutathione S-transferase
A0A0T8SNA2	PBPDCFME_00780	Peptide deformylase
A0AA86MK75	PBPDCFME_00781	Cell shape-determining protein
Q8CYI7	PBPDCFME_00782	Hypothetical protein
	PBPDCFME_00783	SpR20_sRNA
	PBPDCFME_00783	
B2IR66	PBPDCFME_00784	hypothetical protein
B1ICW7	PBPDCFME_00785	Hypothetical protein
A0A098ZCY9	PBPDCFME_00786	Hypothetical protein
A0A0T8L9J6	PBPDCFME_00787	Aspartate aminotransferase
C1C8D2	PBPDCFME_00788	Putative lactoylglutathione lyase
C1CFC3	PBPDCFME_00789	Asparaginyl-tRNA synthetase
Q04JK8	PBPDCFME_00790	SSU ribosomal protein S6p
A0AA86J8Y1	PBPDCFME_00791	Single-stranded DNA-binding protein
Q04JL0	PBPDCFME_00792	SSU ribosomal protein S18p
A0A0T8L9N8	PBPDCFME_00793	Bifunctional lipoprotein rotamase A/peptidyl-prolyl cis-trans isomerase
Q8DP29	PBPDCFME_00794	General stress protein 13
Q8DP30	PBPDCFME_00795	tRNA(1)(Val) (adenine(37)-N(6))-methyltransferase
Q97PR7	PBPDCFME_00796	Putative endonuclease
Q04JL5	PBPDCFME_00797	Manganese-dependent inorganic pyrophosphatase
A0A098Z6G6	PBPDCFME_00798	Glutamate synthase [NADPH] large chain
A0A0T8UTG8	PBPDCFME_00799	hypothetical protein
C1CFB2	PBPDCFME_00800	Hypothetical protein
A0A0T8JHS8	PBPDCFME_00801	UDP-N-acetylmuramoylalanyl-D-glutamate--L-lysine ligase
Q8DP32	PBPDCFME_00802	Putative cell division protein YtgP
A0A0F7YA13	PBPDCFME_00803	Oligopeptide ABC transporter oligopeptide-binding protein AliB
A0A4M2GLZ6	PBPDCFME_00804	ABC transporter%2C ATP-binding/permease protein
A0A0T8UTH6	PBPDCFME_00805	ABC transporter%2C ATP-binding/permease protein
A0AA86J8Z1	PBPDCFME_00806	Cystathionine gamma-synthase
A0A0U0ES11	PBPDCFME_00807	Bifunctional PLP-dependent beta-cystathionase/maltose regulon repressor
A0AA86JRD0	PBPDCFME_00808	SWF/SNF family helicase
Q8CYJ6	PBPDCFME_00809	Hypothetical protein
A0A380LSF6	PBPDCFME_00810	UDP-N-acetylmuramate--alanine ligase
C1CFA4	PBPDCFME_00811	hypothetical protein
Q8DP41	PBPDCFME_00812	Acetyltransferase%2C GNAT family
A0AA86MJ90	PBPDCFME_00813	Endolytic murein transglycosylase MltG
Q8DP42	PBPDCFME_00814	Transcription elongation factor GreA
A0AA86MG47	PBPDCFME_00815	Hypothetical protein
Q8CYJ9	PBPDCFME_00816	Acetyltransferase
Q79RW7	PBPDCFME_00817	ATP synthase F0 sector subunit c
Q6Y861	PBPDCFME_00818	ATP synthase F0 sector subunit a
Q04HT5	PBPDCFME_00819	ATP synthase F0 sector subunit b
Q04HT6	PBPDCFME_00820	ATP synthase F1 sector delta chain
C1CF95	PBPDCFME_00821	ATP synthase F1 sector alpha chain
C1CSC9	PBPDCFME_00822	ATP synthase F1 sector gamma chain
C1CLK6	PBPDCFME_00823	ATP synthase F1 sector beta chain
Q04N64	PBPDCFME_00824	ATP synthase F1 sector epsilon chain
Q8DP45	PBPDCFME_00825	6-phosphogluconolactonase
Q8DP46	PBPDCFME_00826	Hypothetical protein
A0AA86MJ60	PBPDCFME_00827	TPR-repeat-containing protein
C1CF86	PBPDCFME_00828	Glutamine ABC transporter permease GlnP6
Q8DP49	PBPDCFME_00829	Glutamine ABC transporter ATP-binding protein GlnQ6
Q8DP50	PBPDCFME_00830	Glutamine ABC transporter substrate-binding protein GlnH6
Q8DP51	PBPDCFME_00831	Bacterocin transport accessory protein
A0AA86JHJ3	PBPDCFME_00832	Phosphoglucomutase
C1C888	PBPDCFME_00833	IS630 family transposase IS630-Spn1
C1C887	PBPDCFME_00834	Hypothetical protein
A0A6G2CVB6	PBPDCFME_00835	Hypothetical protein
C1C885	PBPDCFME_00836	Cell wall surface anchor family protein MucB
C1C884	PBPDCFME_00837	Major intrinsic protein family aquaporin
B2IQV2	PBPDCFME_00838	Translation elongation factor Tu
A0A4J1TXJ2	PBPDCFME_00839	Mobile element protein
C1C879	PBPDCFME_00840	IS630 family transposase ISSpn2
A0A380LQP7	PBPDCFME_00841	hypothetical protein
A0AA86JC09	PBPDCFME_00842	IS630 family transposase ISSpn2
A0AA86MJ65	PBPDCFME_00843	ATP-dependent RNA helicase YfmL
A0AA86MI80	PBPDCFME_00844	Oxidoreductase%2C Gfo/Idh/MocA family
B2IQU6	PBPDCFME_00845	hypothetical protein
A0AA86MF50	PBPDCFME_00846	Peptidoglycan N-acetylglucosamine deacetylase
B2IQU4	PBPDCFME_00847	Ooxidoreductase of aldo/keto reductase family%2C subgroup 1
	PBPDCFME_00848	SpR19_sRNA
	PBPDCFME_00848	
C1C872	PBPDCFME_00849	hypothetical protein
A0A0B7LTT5	PBPDCFME_00850	Glycyl-tRNA synthetase alpha chain
A0AA86J7G2	PBPDCFME_00851	Glycyl-tRNA synthetase beta chain
Q8DP67	PBPDCFME_00852	Hypothetical protein
A0A064C0N4	PBPDCFME_00853	Fumarate reductase%2C flavoprotein subunit precursor
Q8DP68	PBPDCFME_00854	Fumarate reductase%2C flavoprotein subunit precursor
Q8DP69	PBPDCFME_00855	Putative thiamin biosynthesis lipoprotein
C1C864	PBPDCFME_00856	NADH peroxidase
Q97PX2	PBPDCFME_00857	Pyridoxal 5'-phosphate synthase%2C synthase subunit PdxS
Q97PX3	PBPDCFME_00858	Pyridoxal 5'-phosphate synthase%2C glutaminase subunit PdxT
A0AA86MJ71	PBPDCFME_00859	Hemolysin III
A0A4J1UZX8	PBPDCFME_00860	hypothetical protein
C1CF46	PBPDCFME_00861	Acetyltransferase
C1CF45	PBPDCFME_00862	Methylated-DNA--protein-cysteine methyltransferase
Q8DP75	PBPDCFME_00863	Arsenate reductase
Q8DP76	PBPDCFME_00864	Cysteine ABC transporter permease protein
Q8DP77	PBPDCFME_00865	Cysteine ABC transporter ATP-binding protein
Q8CYL0	PBPDCFME_00866	Hypothetical protein
A0A380LQW9	PBPDCFME_00867	Thioredoxin reductase
B1ICN8	PBPDCFME_00868	23S rRNA (guanosine(2251)-2'-O)-methyltransferase
Q04JP7	PBPDCFME_00869	Peptide deformylase
A0AA86JPI6	PBPDCFME_00870	Capsule biosynthesis protein CapA
Q8CYL3	PBPDCFME_00871	hypothetical protein
Q8DP80	PBPDCFME_00872	HAD superfamily hydrolase
Q8CYL4	PBPDCFME_00873	Bifunctional N-acetylneuraminate cytidylyltransferase/platelet activating factor
Q8DP81	PBPDCFME_00874	C3-degrading proteinase
C1CF32	PBPDCFME_00875	Beta-lactamase%2C class C
Q8DP82	PBPDCFME_00876	Drug/metabolite transporter superfamily protein
Q8DP83	PBPDCFME_00877	Transcriptional regulator in cluster with beta-lactamase%2C GntR family
Q04JQ8	PBPDCFME_00878	GMP synthase%2C amidotransferase and ATP pyrophosphatase subunits
	PBPDCFME_00879	SpR18_sRNA
	PBPDCFME_00879	
B2IQR0	PBPDCFME_00880	IS66 family transposase Orf1
A0AA86JBN9	PBPDCFME_00881	IS66 family transposase Orf2
A0A0E7Z8M3	PBPDCFME_00882	hypothetical protein
A0A380LQT6	PBPDCFME_00883	hypothetical protein
A0AA86J712	PBPDCFME_00884	hypothetical protein
A0AA86JFZ8	PBPDCFME_00885	Duplicated ATPase component of energizing module of putative ECF transporter
A0AA86JPJ5	PBPDCFME_00886	Transmembrane component of energizing module of putative ECF transporter
Q8CYL9	PBPDCFME_00887	Substrate-specific component of putative ECF transporter
A0AA86J8Q7	PBPDCFME_00888	ABC transporter ATP-binding/permease protein
A0AA86JC30	PBPDCFME_00889	ABC transporter ATP-binding/permease protein
A0AA86MJ78	PBPDCFME_00890	Transcriptional regulator%2C AraC family
A0A110RR68	PBPDCFME_00891	Type II restriction-modification system methyltransferase
Q8DP92	PBPDCFME_00892	hypothetical protein
B2IQP5	PBPDCFME_00893	hypothetical protein
A0A4K6U217	PBPDCFME_00894	Peptidase%2C U32 family large subunit (C1)
C1CF13	PBPDCFME_00895	hypothetical protein
A0A0T8K483	PBPDCFME_00896	Peptidase%2C U32 family large subunit (C1)
A0AA86JHP6	PBPDCFME_00897	Multidrug efflux ABC transporter ATP-binding protein
A0A380LQV3	PBPDCFME_00898	Hypothetical protein
C1CF10	PBPDCFME_00899	Transcriptional repressor
A0AA86J929	PBPDCFME_00900	Hypothetical protein
Q8DP97	PBPDCFME_00901	Nicotinate phosphoribosyltransferase
A0A4V0J7Q8	PBPDCFME_00902	NAD synthetase
C1C817	PBPDCFME_00903	Acetyltransferase%2C GNAT family
A0A0B7L6F0	PBPDCFME_00904	Hypothetical protein
A0A4N5NE36	PBPDCFME_00905	Choline-binding protein CbpM
A0AA95IJ94	PBPDCFME_00906	S-adenosylmethionine:tRNA ribosyltransferase-isomerase
C1CQU2	PBPDCFME_00907	Glucosamine-6-phosphate deaminase
B2IQN3	PBPDCFME_00908	SSU ribosomal protein S21p
A0AA86MMX8	PBPDCFME_00909	HPr kinase/phosphorylase
B2IQN1	PBPDCFME_00910	Prolipoprotein diacylglyceryl transferase
Q8DPA4	PBPDCFME_00911	General stress protein
B1ICL0	PBPDCFME_00912	Hypothetical protein
Q8DPA6	PBPDCFME_00913	Putative radical SAM family enzyme
A0AA86J7J6	PBPDCFME_00914	Acyl-ACP thioesterase
Q8DPA7	PBPDCFME_00915	Putative NagD-like phosphatase
A0A0B7M5J0	PBPDCFME_00916	Integral membrane protein
Q97Q26	PBPDCFME_00917	Transcriptional regulator SpxA1
Q04JU6	PBPDCFME_00918	Hypothetical protein
A0AA86JTQ5	PBPDCFME_00919	Inositol-1-monophosphatase
A0AA86J8S7	PBPDCFME_00920	tRNA and rRNA cytosine-C5-methylase
Q97Q31	PBPDCFME_00921	Phosphate ABC transporter periplasmic phosphate-binding protein PstS2
Q8DPB2	PBPDCFME_00922	Phosphate transport system permease protein PstC2
Q8DPB3	PBPDCFME_00923	Phosphate transport system permease protein PstA2
C1CEY5	PBPDCFME_00924	Phosphate transport ATP-binding protein PstB2_1
C1CEY4	PBPDCFME_00925	Phosphate transport ATP-binding protein PstB2_2
Q8DPB6	PBPDCFME_00926	Phosphate transport system regulatory protein PhoU2
A0AA86JHR5	PBPDCFME_00927	Amino acid ABC transporter amino acid-binding/permease protein
A0AA86JBS5	PBPDCFME_00928	Putative transcriptional regulator of pyridoxine metabolism
A0AA86J7K5	PBPDCFME_00929	Alpha-acetolactate decarboxylase
A0A0H2UQJ2	PBPDCFME_00930	Hypothetical protein
B1ICI9	PBPDCFME_00931	UDP-N-acetylenolpyruvoylglucosamine reductase
C1CEX7	PBPDCFME_00932	Spermidine/putrescine import ABC transporter ATP-binding protein PotA
A0AA86JPL8	PBPDCFME_00933	Spermidine/putrescine import ABC transporter permease protein PotB
C1C7Y7	PBPDCFME_00934	Spermidine/putrescine import ABC transporter permease protein PotC
A0AA86J8T5	PBPDCFME_00935	Spermidine/putrescine import ABC transporter substrate-binding protein PotD
B1ICI4	PBPDCFME_00936	Hypothetical protein
A0AA86MJ93	PBPDCFME_00937	Alanyl-tRNA synthetase
A0AA86MIA9	PBPDCFME_00938	Cytoplasmic alpha-amylase
A0AA86MMZ4	PBPDCFME_00939	ABC transporter ATP-binding protein
A0AA86MF79	PBPDCFME_00940	ABC transporter permease
A0AA86MBF4	PBPDCFME_00941	Putative ribosomal RNA large subunit methyltransferase YwbD
Q04JX0	PBPDCFME_00942	3-dehydroquinate dehydratase I
C1CL85	PBPDCFME_00943	Shikimate/quinate 5-dehydrogenase I beta
Q3I071	PBPDCFME_00944	3-dehydroquinate synthase
C1CL83	PBPDCFME_00945	Chorismate synthase
C1CEW2	PBPDCFME_00946	Prephenate dehydrogenase
Q8DPD3	PBPDCFME_00947	Transcriptional regulator
A0AA86JPM7	PBPDCFME_00948	5-Enolpyruvylshikimate-3-phosphate synthase
C1CEV9	PBPDCFME_00949	Shikimate kinase I
A0A0D6J7D6	PBPDCFME_00950	Prephenate dehydratase
Q8DPD6	PBPDCFME_00951	LytR-CpsA-Psr subfamily F1 cell envelope-associated transcriptional attenuator
I6L8M4	PBPDCFME_00952	IS1380 family transposase ISSpn5
A0A0U0HA50	PBPDCFME_00953	Lipopolysaccharide cholinephosphotransferase LicD3
A0AA86MIB5	PBPDCFME_00954	Glycosyltransferase%2C group 1 family
Q8DPD9	PBPDCFME_00955	Glycosyltransferase%2C group 2 family
A0A0T8BP31	PBPDCFME_00956	Teichoic acid ribitol polymerase
Q8CYN1	PBPDCFME_00957	TarQ
C1C7W3	PBPDCFME_00958	Adaptor protein MecA
Q8DPE1	PBPDCFME_00959	Homoserine dehydrogenase
Q04JY7	PBPDCFME_00960	Homoserine kinase
P0A3Q9	PBPDCFME_00961	Peptide methionine sulfoxide reductase MsrAB1
A0AA86J763	PBPDCFME_00962	ABC transporter ATP-binding/permease protein
A0AA86JG40	PBPDCFME_00963	ABC transporter ATP-binding/permease protein
A0A6I3VCP0	PBPDCFME_00964	Methylthioadenosine deaminase
	PBPDCFME_00965	L10_leader
	PBPDCFME_00965	
Q04JZ3	PBPDCFME_00966	LSU ribosomal protein L10p (P0)
Q04JZ4	PBPDCFME_00967	LSU ribosomal protein L7/L12 (P1/P2)
	PBPDCFME_00968	rli38
	PBPDCFME_00968	
A0A098ANF2	PBPDCFME_00969	hypothetical protein
A0A0B7LSP9	PBPDCFME_00970	hypothetical protein
A0A380LSW2	PBPDCFME_00971	hypothetical protein
A0A2Z4HWH3	PBPDCFME_00972	Tn5253 hypothetical protein
E4Z7F0	PBPDCFME_00973	hypothetical protein
A0A0I6SP51	PBPDCFME_00974	Tn5253 putative CAAX amino terminal protease
A0A0I8W061	PBPDCFME_00975	Lanthionine biosynthesis protein LanL
A0A0B7LGD3	PBPDCFME_00976	ABC transporter ATP-binding/membrane spanning protein
C1C7U3	PBPDCFME_00977	ABC transporter ATP-binding protein
A0A2Z4HWJ5	PBPDCFME_00978	Hypothetical protein
A0AAE4K123	PBPDCFME_00979	hypothetical protein
A0A2Z4HWH1	PBPDCFME_00980	hypothetical protein
A0A0T7I9X4	PBPDCFME_00981	hypothetical protein
B1IAQ4	PBPDCFME_00982	IS630 family transposase ISSpn2
A0A2Z4HWG2	PBPDCFME_00983	IS1381 transposase OrfB
A0A2Z4HWI7	PBPDCFME_00984	ABC transporter ATP-binding protein
Q8CYP4	PBPDCFME_00985	Hypothetical protein
A0A2Z4HWG8	PBPDCFME_00986	NADP-specific glutamate dehydrogenase
A0A4J1YFH8	PBPDCFME_00987	Ferrous iron transport permease EfeU
A0AA87CAZ5	PBPDCFME_00988	LSU ribosomal protein L31p
C1C7S7	PBPDCFME_00989	DHH family phosphoesterase Pde2
C1CEQ2	PBPDCFME_00990	Flavodoxin
B2IQ95	PBPDCFME_00991	Chorismate mutase I
A0A0B7LCK6	PBPDCFME_00992	ClC-type fluoride channel
A0A0B7L7B2	PBPDCFME_00993	ClC-type fluoride channel
Q97QC6	PBPDCFME_00994	LSU ribosomal protein L19p
	PBPDCFME_00995	tRNA-Arg(cct)
	PBPDCFME_00995	
B1ICA6	PBPDCFME_00996	hypothetical protein
A0A0T8EFL7	PBPDCFME_00997	Sugar phosphatase YidA
A0AA86J9T0	PBPDCFME_00998	dNTP triphosphohydrolase
A0AA86JD20	PBPDCFME_00999	Hypothetical protein
C1C7R8	PBPDCFME_01000	Signal recognition particle associated protein
A0AA86MIT1	PBPDCFME_01001	Signal recognition particle protein Ffh
A0AA86MNM7	PBPDCFME_01002	Uracil permease
	PBPDCFME_01003	SpF44_sRNA
	PBPDCFME_01003	
C1CEP0	PBPDCFME_01004	16S rRNA (guanine(527)-N(7))-methyltransferase RsmG
Q8DPH4	PBPDCFME_01005	LemA
Q97QD6	PBPDCFME_01006	Heat shock protein HtpX
A0A4J1U6Q8	PBPDCFME_01007	ABC transporter ATP-binding protein
	PBPDCFME_01008	SpF43_sRNA
	PBPDCFME_01008	
Q8CYP8	PBPDCFME_01009	BlpT protein
C1C7Q8	PBPDCFME_01010	Protein%2C clustered with ribosomal protein L32p
Q8DPH8	PBPDCFME_01011	Endonuclease III
	PBPDCFME_01012	PyrR
	PBPDCFME_01012	
Q04K45	PBPDCFME_01013	Bifunctional uracil phosphoribosyltransferase/pyrimidine operon regulatory protein PyrR
C1CR29	PBPDCFME_01014	Aspartate carbamoyltransferase
A0A064BWJ2	PBPDCFME_01015	Carbamoyl-phosphate synthase small chain CarA
A0A0B7L456	PBPDCFME_01016	Carbamoyl-phosphate synthase large chain CarB
C1CEM8	PBPDCFME_01017	Lipopolysaccharide cholinephosphotransferase LicD2
C1CEM7	PBPDCFME_01018	Lipopolysaccharide cholinephosphotransferase LicD1
C1C7Q0	PBPDCFME_01019	Membrane protein TacF involved in the export of O-antigen and teichoic acid
A0A4K4TS12	PBPDCFME_01020	Ribitol-5-phosphate cytidylyltransferase
A0A822QCX9	PBPDCFME_01021	Ribulose-5-phosphate reductase
A0A0U0A2B6	PBPDCFME_01022	Choline kinase LicA
A0A229FXM7	PBPDCFME_01023	Choline permease LicB
A0A0T7TTU0	PBPDCFME_01024	Cholinephosphate cytidylyltransferase LicC
A0A0H2UQA6	PBPDCFME_01025	DNA protecting protein DprA
C1CEL8	PBPDCFME_01026	Integral membrane protein
A0A380LXW8	PBPDCFME_01027	DNA topoisomerase I
Q8DPJ0	PBPDCFME_01028	Hypothetical protein related to heme utilization
A0A0E8T1X1	PBPDCFME_01029	Cytoplasmic copper homeostasis protein CutC
C1CEL4	PBPDCFME_01030	Hypothetical protein
A0AA86J9U9	PBPDCFME_01031	2-isopropylmalate synthase
A0AA86JD36	PBPDCFME_01032	hypothetical protein
A0AA86MJR9	PBPDCFME_01033	3-isopropylmalate dehydrogenase
B1IC48	PBPDCFME_01034	Putative membrane protein
A0A0E8SRX2	PBPDCFME_01035	3-isopropylmalate dehydratase small subunit
A0A098ZBM5	PBPDCFME_01036	Hypothetical protein
A0AA86MBU9	PBPDCFME_01037	Endonuclease
A0AA86JIT2	PBPDCFME_01038	Hypothetical protein
A0AA86JCR4	PBPDCFME_01039	GMP reductase
	PBPDCFME_01040	tRNA-Arg(ccg)
	PBPDCFME_01040	
A0A0B7M364	PBPDCFME_01041	Ribonuclease III
A0AA86JA36	PBPDCFME_01042	Chromosome partition protein SMC
A0AA86J829	PBPDCFME_01043	Hydrolase%2C HAD superfamily
A0A0U0GYB8	PBPDCFME_01044	Hydrolase%2C HAD superfamily
A0AA86JQG6	PBPDCFME_01045	Signal recognition particle receptor FtsY
A0A0U0MGK9	PBPDCFME_01046	Glucose-6-phosphate 1-dehydrogenase
A0A0B7LWY7	PBPDCFME_01047	Glutamine transport ATP-binding protein GlnQ
A0AA86JD41	PBPDCFME_01048	Glutamine ABC transporter GlnHP5%2C containing substrate-binding and permease domains
A0A0B7M3X4	PBPDCFME_01049	CAAX amino terminal protease family protein
A0AA86MIU3	PBPDCFME_01050	Excinuclease ABC subunit B
C1CEJ4	PBPDCFME_01051	Acetyltransferase
A0AA86MFP4	PBPDCFME_01052	Acetyltransferase
A0AA86MBV3	PBPDCFME_01053	MutT/Nudix family protein
Q8DPL1	PBPDCFME_01054	Transcriptional repressor of NAD biosynthesis
C1CEJ0	PBPDCFME_01055	Substrate-specific component NiaX of putative niacin ECF transporter
Q8DPL2	PBPDCFME_01056	Substrate-specific component PanT of putative pantothenate ECF transporter
Q8DPL3	PBPDCFME_01057	Phosphopantothenoylcysteine decarboxylase
C1CEI7	PBPDCFME_01058	Phosphopantothenoylcysteine synthetase
B5E4W4	PBPDCFME_01059	Formate--tetrahydrofolate ligase
C8XPY5	PBPDCFME_01060	A/G-specific adenine glycosylase
Q9S1K0	PBPDCFME_01061	Two-component system response regulator VicR
A0A0I6LZG5	PBPDCFME_01062	Two-component system sensor histidine kinase VicK
Q9RCS5	PBPDCFME_01063	Zn-dependent hydrolase VicX
A0A6I3U6U1	PBPDCFME_01064	IS1167 transposase
	PBPDCFME_01065	Srn266
	PBPDCFME_01065	
A0A558SUE3	PBPDCFME_01066	Replicon stabilization protein RelB2
Q8CYQ7	PBPDCFME_01067	mRNA interferase RelE2
A0A380LVR6	PBPDCFME_01068	hypothetical protein
A0AA87CBD3	PBPDCFME_01069	L-lactate dehydrogenase
Q3HZH7	PBPDCFME_01070	DNA gyrase subunit A
A0A0T9ISP7	PBPDCFME_01071	Sortase SrtA%2C LPXTG specific
A0A0U0EGM1	PBPDCFME_01072	Formate-nitrate transporter
C1C7I2	PBPDCFME_01073	hypothetical protein
A0AA86JKC1	PBPDCFME_01074	Cystathionine gamma-synthase
A0A0B7LSK6	PBPDCFME_01075	Hypothetical protein
B2IPR9	PBPDCFME_01076	tRNA pseudouridine synthase B
B2IPS0	PBPDCFME_01077	Hypothetical protein
Q8CYQ8	PBPDCFME_01078	Hypothetical protein
Q04KA9	PBPDCFME_01079	Uridine kinase
A0AA86JRK2	PBPDCFME_01080	Exodeoxyribonuclease VII large subunit
Q04KB1	PBPDCFME_01081	Exodeoxyribonuclease VII small subunit
A0AA86JB49	PBPDCFME_01082	(2E%2C6E)-farnesyl diphosphate synthase
A0A0B7LYQ9	PBPDCFME_01083	RNA-binding methyltransferase
A0A0T8BDD5	PBPDCFME_01084	Arginine pathway regulatory protein AhrC
A0A380LU63	PBPDCFME_01085	DNA repair protein RecN
C1C7H0	PBPDCFME_01086	Serine/threonine protein phosphatase
B2IPT0	PBPDCFME_01087	Translation elongation factor LepA
A0AA86MCF8	PBPDCFME_01088	Hypothetical protein
A0AA86JKD2	PBPDCFME_01089	Galactose-specific PTS IIA component
A0A0H2UQA9	PBPDCFME_01090	Galactose-specific PTS IIB component
A0A0U0PEN1	PBPDCFME_01091	IS5 family transposase ISSpn7
C1CEF7	PBPDCFME_01092	hypothetical protein
A0AA86J9A5	PBPDCFME_01093	IS1381 transposase OrfB
C1CEF5	PBPDCFME_01094	Aldose epimerase
Q8DPN9	PBPDCFME_01095	Galactose-6-phosphate isomerase%2C LacA subunit
Q97QL1	PBPDCFME_01096	Galactose-6-phosphate isomerase%2C LacB subunit
A0A0U0FU16	PBPDCFME_01097	Tagatose-6-phosphate kinase LacC
C1C7F9	PBPDCFME_01098	Tagatose 1%2C6-diphosphate aldolase
C1C7F8	PBPDCFME_01099	Beta-glucoside bgl operon antiterminator LacT%2C BglG family
Q8DPP4	PBPDCFME_01100	Lactose-specific PTS IIA component
A0AA86MPJ9	PBPDCFME_01101	Lactose-specific PTS IIBC components
A0AA86MGA6	PBPDCFME_01102	6-phospho-beta-galactosidase
B2IPU3	PBPDCFME_01103	hypothetical protein
A0A0B7LYU0	PBPDCFME_01104	Lactose phosphotransferase system repressor
A0AA86JE37	PBPDCFME_01105	Ribonucleotide reductase of class Ib%2C beta subunit
Q8CWR3	PBPDCFME_01106	Ribonucleotide reductase of class Ib%2C alpha subunit
Q8DPP9	PBPDCFME_01107	Glutaredoxin-like protein NrdH
Q8DPQ0	PBPDCFME_01108	Phosphotransferase system%2C phosphocarrier protein HPr
A0A0B7LFZ1	PBPDCFME_01109	Phosphoenolpyruvate-protein phosphotransferase of PTS
A0AA86JJ02	PBPDCFME_01110	Pneumococcal histidine triad protein B
A0A0E8IDI5	PBPDCFME_01111	PTS-dependent dihydroxyacetone kinase%2C phosphotransferase subunit DhaM
A0A0H2ZPD2	PBPDCFME_01112	2-haloalkanoic acid dehalogenase
A0A2L1GXP5	PBPDCFME_01113	Hypothetical protein
B2IPV6	PBPDCFME_01114	Uracil-DNA glycosylase%2C family 1
C8XPX7	PBPDCFME_01115	8-oxo-dGTP diphosphatase MutX
A0AA86MJP0	PBPDCFME_01116	Dihydroorotase
A0A0B7L0U2	PBPDCFME_01117	Hypothetical protein
A0A0B7LQG5	PBPDCFME_01118	Dihydrolipoamide acetyltransferase
C1CED0	PBPDCFME_01119	Acetoin dehydrogenase E1 component alpha-subunit
A0AA86JKZ3	PBPDCFME_01120	Acetoin dehydrogenase E1 component beta-subunit
C1C7D3	PBPDCFME_01121	Dihydrolipoamide acetyltransferase (E2) component of acetoin dehydrogenase complex
A0A0E9GX80	PBPDCFME_01122	Dihydrolipoamide dehydrogenase of acetoin dehydrogenase
C1C7D1	PBPDCFME_01123	Lipoate-protein ligase A
A0AA86JA04	PBPDCFME_01124	Tyrosine recombinase XerS
A0AA95DDK6	PBPDCFME_01125	Voltage-gated chloride channel family protein
A0AA95IL15	PBPDCFME_01126	Ribonuclease HII
C1CEC2	PBPDCFME_01127	50S ribosomal subunit maturation GTPase RbgA
I6L8M4	PBPDCFME_01128	IS1380 family transposase ISSpn5
A0A380LXL7	PBPDCFME_01129	Zinc metalloprotease ZmpB precursor
A0A4J2BUS1	PBPDCFME_01130	IgA1 protease ZmpA
A0A0B7LQ89	PBPDCFME_01131	Hypothetical protein
A0AA86JIH5	PBPDCFME_01132	ATP-dependent nuclease subunit RexA
A0AA86JRQ2	PBPDCFME_01133	ATP-dependent nuclease subunit RexB
A0AA86JVP9	PBPDCFME_01134	IS630 family transposase IS630-Spn1
C1CRM6	PBPDCFME_01135	Enolase
Q8CYR5	PBPDCFME_01136	Hypothetical protein
A0AA86MJF7	PBPDCFME_01137	Glycerate kinase
A0A0B7M8L9	PBPDCFME_01138	Phosphoserine phosphatase
A0A0E9GYG9	PBPDCFME_01139	Glycogen biosynthesis ADP-glucose--glucan transglucosylase GlgA
Q8DPS4	PBPDCFME_01140	Glycogen biosynthesis glucose-1-phosphate adenylyltransferase subunit GlgD
Q97QS7	PBPDCFME_01141	Glycogen biosynthesis glucose-1-phosphate adenylyltransferase subunit GlgC
A0AA86JE71	PBPDCFME_01142	1%2C4-alpha-glucan-branching enzyme GlgB
C1CEA6	PBPDCFME_01143	Glyceraldehyde-3-phosphate dehydrogenase (NADP(+))
C1CEA5	PBPDCFME_01144	Putative glycogen debranching enzyme
A0A6G2DA64	PBPDCFME_01145	DNA ligase (NAD(+))
A0AA86JII7	PBPDCFME_01146	Macrolide efflux ABC transporter membrane-spanning permease
A0AA86JRQ9	PBPDCFME_01147	Positive transcriptional regulator%2C MutR family
A0AA86JVQ6	PBPDCFME_01148	ABC transporter ATP-binding protein
C1CEA0	PBPDCFME_01149	DNA-binding protein HlpA
C1CE99	PBPDCFME_01150	DegV family protein
C1C7A5	PBPDCFME_01151	Transporter
A0A0I8WJY3	PBPDCFME_01152	Bifunctional FMN adenylyltransferase/riboflavin kinase RibF
A0AAD2Q8N3	PBPDCFME_01153	IS1380 family transposase ISSpn5
Q04KI2	PBPDCFME_01154	LSU ribosomal protein L27p
Q8DPT7	PBPDCFME_01155	Putative ribosomal protein
Q97QU4	PBPDCFME_01156	LSU ribosomal protein L21p
	PBPDCFME_01157	L21_leader
	PBPDCFME_01157	
A0AA86JB64	PBPDCFME_01158	Hypothetical protein
Q04KI6	PBPDCFME_01159	Hypothetical protein co-occurring with RecR
	PBPDCFME_01160	Srn266
	PBPDCFME_01160	
A0AA86JAB2	PBPDCFME_01161	IS1167 transposase Orf1
A0A559A0J2	PBPDCFME_01162	hypothetical protein
C1CGD6	PBPDCFME_01163	IS1167 transposase
	PBPDCFME_01164	SpR14_sRNA
	PBPDCFME_01164	
Q8DPU0	PBPDCFME_01165	Phosphate acetyltransferase
A0AA86MIQ4	PBPDCFME_01166	RluD-like protein
B2IQ09	PBPDCFME_01167	NAD kinase
Q8DPU2	PBPDCFME_01168	GTP pyrophosphokinase
Q8DPU3	PBPDCFME_01169	Adenylate cyclase
P65242	PBPDCFME_01170	Ribose-phosphate pyrophosphokinase
C1CE80	PBPDCFME_01171	Cysteine desulfurase
Q8CYS0	PBPDCFME_01172	Hypothetical protein
A0A237JSH2	PBPDCFME_01173	Hypothetical protein
C1CRJ3	PBPDCFME_01174	Redox-sensitive transcriptional regulator Rex
C1C786	PBPDCFME_01175	Glutamine amidotransferase%2C class I
A0A062WLA7	PBPDCFME_01176	DNA repair protein RadC
A0AA86JIL8	PBPDCFME_01177	ATP-dependent DNA helicase PcrA
A0AA86MBR7	PBPDCFME_01178	IS1381 transposase OrfB
A0A0B7LX61	PBPDCFME_01179	IS5 family transposase ISSpn7
A0A0T8VRH1	PBPDCFME_01180	hypothetical protein
Q8DPV1	PBPDCFME_01181	Methionine aminopeptidase
A0A0B7M8Z1	PBPDCFME_01182	Cytosolic protein containing multiple CBS domains
C1CE69	PBPDCFME_01183	Ribosomal-protein-S5p-alanine acetyltransferase
Q97QW6	PBPDCFME_01184	UDP-N-acetylglucosamine 1-carboxyvinyltransferase
	PBPDCFME_01185	group-II-D1D4-3
	PBPDCFME_01185	
C1CE67	PBPDCFME_01186	Hypothetical protein
A0AA86JQ84	PBPDCFME_01187	GTP-binding protein ObgE
C1CE65	PBPDCFME_01188	Hypothetical protein
A0AA86J7V7	PBPDCFME_01189	Hypothetical protein
A0A062WRH4	PBPDCFME_01190	1%2C2-diacylglycerol 3-glucosyltransferase LafA
A0A380LWR5	PBPDCFME_01191	Diglucosyl diacylglycerol synthase LafB
Q8DPW0	PBPDCFME_01192	Putative aromatic ring hydroxylating enzyme
P0A4J0	PBPDCFME_01193	RNA polymerase sigma factor RpoD
B1IBL2	PBPDCFME_01194	DNA primase
A0AA86MFK1	PBPDCFME_01195	ABC transporter ATP-binding protein
A0A0H2UPW3	PBPDCFME_01196	Putative tryptophan-specific ABC transporter permease protein TrpY
A0A558TB35	PBPDCFME_01197	ABC transporter substrate-binding protein
	PBPDCFME_01198	T-box
	PBPDCFME_01198	
B2IQ40	PBPDCFME_01199	Phosphoenolpyruvate carboxylase
A0A0E7RLL4	PBPDCFME_01200	Cell division protein FtsW
B2IQ42	PBPDCFME_01201	hypothetical protein
A0AA86JUC1	PBPDCFME_01202	Peptidase E
B2IQ45	PBPDCFME_01203	hypothetical protein
A0A0U0I1A6	PBPDCFME_01204	hypothetical protein
	PBPDCFME_01205	pemK
	PBPDCFME_01205	
C1C734	PBPDCFME_01206	Putative repressor protein%2C phage associated
B2IQ47	PBPDCFME_01207	hypothetical protein
B2IQ49	PBPDCFME_01208	hypothetical protein
A0AA86JCH4	PBPDCFME_01209	Multidrug ABC transporter permease protein
A0AA86JIK2	PBPDCFME_01210	Multidrug ABC transporter permease protein
A0A4N2HCH5	PBPDCFME_01211	Antibiotic ABC transporter permease protein
A0A237K3R9	PBPDCFME_01212	ABC transporter ATP-binding protein
A0A0T7ZX26	PBPDCFME_01213	Tyrosine-protein phosphatase
C1C727	PBPDCFME_01214	Methionyl-tRNA synthetase
A0A0T8NQG6	PBPDCFME_01215	Chloramphenicol acetyltransferase
A0A0T7JD98	PBPDCFME_01216	hypothetical protein
A0A0T8W5C7	PBPDCFME_01217	Histidinol-phosphate aminotransferase
A0A0T7JD88	PBPDCFME_01218	Long-chain-fatty-acid--CoA ligase
A0A0T8EX30	PBPDCFME_01219	hypothetical protein
A0A0T8AV73	PBPDCFME_01220	hypothetical protein
A0A0T8EX55	PBPDCFME_01221	Acyl carrier protein
A0A380LVQ9	PBPDCFME_01222	hypothetical protein
A0A0T8EX65	PBPDCFME_01223	hypothetical protein
A0AA44MQQ7	PBPDCFME_01224	IS1381 transposase OrfB
A0AA86JIJ2	PBPDCFME_01225	ISSpn8 transposase
A0A0T9GLB7	PBPDCFME_01226	hypothetical protein
A0A0T8SRJ5	PBPDCFME_01227	IS1182 family transposase ISAco1
A0A4L7JVF0	PBPDCFME_01228	hypothetical protein
A0A0U0EP22	PBPDCFME_01229	hypothetical protein
A0AA86MJL7	PBPDCFME_01230	Tn5252 Orf9 protein
A0A098ANV0	PBPDCFME_01231	Tn5252 Orf10 protein
A0A0T8SSW1	PBPDCFME_01232	hypothetical protein
A0A9P1S8G1	PBPDCFME_01233	hypothetical protein
A0AA86JQ57	PBPDCFME_01234	hypothetical protein
A0AA86JGR6	PBPDCFME_01235	hypothetical protein
A0AA86J7T3	PBPDCFME_01236	hypothetical protein
A0A380LTS5	PBPDCFME_01237	DNA replication and repair protein RecF
A0A0T8SRV3	PBPDCFME_01238	hypothetical protein
A0A0U0GUB2	PBPDCFME_01239	Choline-binding protein CbpF
A0A0T8SRN0	PBPDCFME_01240	hypothetical protein
A0A0U0FX18	PBPDCFME_01241	hypothetical protein
A0A380LVP0	PBPDCFME_01242	hypothetical protein
A0A2Z4HWM5	PBPDCFME_01243	Tyrosine recombinase XerS
A0A0T8STN7	PBPDCFME_01244	Bifunctional UDP-N-acetylglucosamine kinase/zeta toxin PezT
A0A0T7YHJ0	PBPDCFME_01245	Antitoxin PezA
A0A0B7LGP2	PBPDCFME_01246	hypothetical protein
A0A0U0GUD4	PBPDCFME_01247	Neopullulanase
A0A0B7M5J3	PBPDCFME_01248	Neopullulanase
A0A2Z4HWN2	PBPDCFME_01249	Neopullulanase
C1C751	PBPDCFME_01250	Transcriptional regulator
A0A0U0FZC1	PBPDCFME_01251	Putative hydrolase
C1C749	PBPDCFME_01252	Hypothetical protein
B2IPK0	PBPDCFME_01253	Hypothetical protein
B2IPJ6	PBPDCFME_01254	Hypothetical protein
A0A2Z4HWN8	PBPDCFME_01255	Phage integrase
Q8CYT9	PBPDCFME_01256	Hypothetical protein
	PBPDCFME_01257	pemK
	PBPDCFME_01257	
Q8CYU1	PBPDCFME_01258	Putative type II restriction endonuclease
A0A2Z4HWP0	PBPDCFME_01259	Iron compound ABC uptake transporter ATP-binding protein PiaD
Q8DPY4	PBPDCFME_01260	Iron compound ABC uptake transporter permease protein PiaC
B2IPI9	PBPDCFME_01261	Iron compound ABC uptake transporter permease protein PiaB
Q8DPY6	PBPDCFME_01262	Iron compound ABC uptake transporter substrate-binding protein PiaA
C1CE21	PBPDCFME_01263	Hypothetical protein
	PBPDCFME_01264	SpF39_sRNA
	PBPDCFME_01264	
	PBPDCFME_01265	SpF61_sRNA
	PBPDCFME_01265	
A0A0B7LQI0	PBPDCFME_01266	23S rRNA (uracil(1939)-C(5))-methyltransferase
C1CE19	PBPDCFME_01267	Extracellular protein
A0A0I9F9I5	PBPDCFME_01268	Pneumococcal vaccine antigen A
A0A5R9AW41	PBPDCFME_01269	Pseudouridylate synthase%2C 23S RNA-specific
A0A380LTP6	PBPDCFME_01270	Serine hydroxymethyltransferase
B1IBI2	PBPDCFME_01271	N-acetyltransferase%2C GCN5-family
C1CE14	PBPDCFME_01272	Threonylcarbamoyl-AMP synthase TsaC
C1CE13	PBPDCFME_01273	Peptide chain release factor N(5)-glutamine methyltransferase
Q8DPZ4	PBPDCFME_01274	Peptide chain release factor 1
A0A0E9GQZ0	PBPDCFME_01275	Thymidine kinase
B2IPH4	PBPDCFME_01276	Bifunctional 4-oxalocrotonate tautomerase/xylose transport system permease protein XylH
A0AA86MIL8	PBPDCFME_01277	GTPase and tRNA-U34 5-formylation enzyme MnmE
C1CK93	PBPDCFME_01278	4-hydroxy-tetrahydrodipicolinate synthase
A0AA86JCQ6	PBPDCFME_01279	Aspartate-semialdehyde dehydrogenase
	PBPDCFME_01280	asd
	PBPDCFME_01280	
	PBPDCFME_01281	tRNA-Thr(ggt)
	PBPDCFME_01281	
Q8DQ01	PBPDCFME_01282	Substrate-specific component QueT of putative queuosine-regulated ECF transporter
	PBPDCFME_01283	preQ1-II
	PBPDCFME_01283	
A0A0B7L7C1	PBPDCFME_01284	GtrA family protein
A0A064C208	PBPDCFME_01285	Large-conductance mechanosensitive channel MscL
A0AA86JQ28	PBPDCFME_01286	Ferrochelatase%2C protoheme ferro-lyase
A0AA86JGM0	PBPDCFME_01287	Tripeptide aminopeptidase PepT
A0A0T8EVT7	PBPDCFME_01288	hypothetical protein
A0AA86J9Q4	PBPDCFME_01289	hypothetical protein
A0A0B7LLD3	PBPDCFME_01290	Pneumococcal histidine triad protein E
A0AA86JCD4	PBPDCFME_01291	hypothetical protein
A0A0E3GJB8	PBPDCFME_01292	Pneumococcal histidine triad protein D
Q8DQ09	PBPDCFME_01293	Laminin-binding surface protein
A0A0U0CNB1	PBPDCFME_01294	Cationic amino acid transporter%2C APC Superfamily
	PBPDCFME_01295	SpF36_sRNA
	PBPDCFME_01295	
A0AA86JB35	PBPDCFME_01296	Thiol:disulfide oxidoreductase
Q8DQ11	PBPDCFME_01297	Cytochrome c-type biogenesis protein CcdA-2
A0AA86JA82	PBPDCFME_01298	Hypothetical protein
C1CGU6	PBPDCFME_01299	IS630 family transposase IS630-Spn1
C1CDY9	PBPDCFME_01300	Glycerophosphoryl diester phosphodiesterase
A0AA86MIU7	PBPDCFME_01301	DNA polymerase III epsilon subunit
A0A0H2UPQ5	PBPDCFME_01302	Transcriptional regulator OrfX
C1CDY6	PBPDCFME_01303	Bifunctional 5'-methylthioadenosine nucleosidase/S-adenosylhomocysteine nucleosidase
Q8CYV2	PBPDCFME_01304	Hypothetical protein
A0AA86JIV9	PBPDCFME_01305	ADP-ribose pyrophosphatase
B1IBE8	PBPDCFME_01306	Bifunctional N-acetylglucosamine-1-phosphate uridyltransferase/glucosamine-1-phosphate N-acetyltransferase
A0AA86J8V6	PBPDCFME_01307	1%2C4-beta-N-acetylmuramidase%2C lyzozyme M1
A0A0B7M194	PBPDCFME_01308	Membrane protein
A0A0H2UPP4	PBPDCFME_01309	Transcriptional regulator
Q8DQ21	PBPDCFME_01310	Phosphoglycerate mutase family 5 protein
A0AA86JQI9	PBPDCFME_01311	hypothetical protein
A0A0B7L788	PBPDCFME_01312	IS3 family transposase ISSpn1
Q8DQ24	PBPDCFME_01313	Putative parvulin type peptidyl-prolyl isomerase PrsA
A0A0U0FFI2	PBPDCFME_01314	O-methyltransferase family protein
A0AA86MJT3	PBPDCFME_01315	Oligoendopeptidase F
A0A0F7YG00	PBPDCFME_01316	Competence protein CoiA
Q8DQ28	PBPDCFME_01317	Tellurite methyltransferase TehB
Q8DQ29	PBPDCFME_01318	tmRNA-binding protein SmpB
A0AA86MBW2	PBPDCFME_01319	3'-to-5' exoribonuclease RNase R
Q8DQ31	PBPDCFME_01320	Protein-export membrane protein SecG
C1C6U9	PBPDCFME_01321	Multidrug resistance efflux pump PmrA
A0A0T8G196	PBPDCFME_01322	Dephospho-CoA kinase
A0A0U0FFB9	PBPDCFME_01323	Formamidopyrimidine-DNA glycosylase MutM
A0A0B7LRL2	PBPDCFME_01324	GTP-binding protein Era
A0A0T8T8G5	PBPDCFME_01325	Diacylglycerol kinase
A0A0B7M6E0	PBPDCFME_01326	Metal-dependent hydrolase YbeY
A0A0B7LE52	PBPDCFME_01327	Fibronectin/fibrinogen-binding protein
A0AA86J9Z2	PBPDCFME_01328	Endo-beta-N-acetylglucosaminidase LytB
C1C6U1	PBPDCFME_01329	Dihydroorotate dehydrogenase (NAD(+))%2C catalytic subunit
A0A0B7M800	PBPDCFME_01330	Dihydroorotate dehydrogenase (NAD(+))%2C electron transfer subunit
C1CDV7	PBPDCFME_01331	Lactoylglutathione lyase
Q04KW7	PBPDCFME_01332	LSU ribosomal protein L20p
Q04KW8	PBPDCFME_01333	LSU ribosomal protein L35p
Q04KW9	PBPDCFME_01334	Translation initiation factor 3
	PBPDCFME_01335	L20_leader
	PBPDCFME_01335	
A0AA86MBW6	PBPDCFME_01336	Hypothetical protein
A0AA86JJ09	PBPDCFME_01337	ABC transporter%2C ATP-binding protein
A0AA86JCV2	PBPDCFME_01338	Late competence DNA transporter ComEC
A0AA86J8X6	PBPDCFME_01339	Late competence DNA receptor ComEA
A0AA86JA67	PBPDCFME_01340	Acetyltransferase%2C GNAT family
	PBPDCFME_01341	Srn266
	PBPDCFME_01341	
A0A6I3U6U1	PBPDCFME_01342	IS1167 transposase
A0AA86JBX2	PBPDCFME_01343	Alanine dehydrogenase
Q8DQ44	PBPDCFME_01344	Alanine dehydrogenase 2
Q8DQ45	PBPDCFME_01345	Alanine dehydrogenase
Q8CYV8	PBPDCFME_01346	hypothetical protein
Q8CYV9	PBPDCFME_01347	Acetyltransferase
Q8DQ46	PBPDCFME_01348	Phosphate starvation-inducible protein PhoH
C1CRV1	PBPDCFME_01349	Hypothetical protein
Q8DQ48	PBPDCFME_01350	S1 RNA-binding domain protein
A0A0U0G1H3	PBPDCFME_01351	Ribosome-recycling factor
B2IP99	PBPDCFME_01352	Uridine monophosphate kinase
A0A380LWC0	PBPDCFME_01353	Methylenetetrahydrofolate--tRNA-(uracil-5-)- methyltransferase TrmFO
A0A380LV30	PBPDCFME_01354	IS5 family transposase ISSpn7
A0A380LX17	PBPDCFME_01355	IS1381 transposase OrfB
C1C6S1	PBPDCFME_01356	Replication protein
C1CDT5	PBPDCFME_01357	hypothetical protein
A0AA86JBY1	PBPDCFME_01358	16S rRNA (cytidine(1402)-2'-O)-methyltransferase
Q97R89	PBPDCFME_01359	DNA replication initiation control protein YabA
A0A0U0H4N6	PBPDCFME_01360	DNA polymerase III delta prime subunit
A0A0B7M1W3	PBPDCFME_01361	Thymidylate kinase
A0A0D6J8H3	PBPDCFME_01362	Pyrroline-5-carboxylate reductase
A0A380LWA9	PBPDCFME_01363	Gamma-glutamyl phosphate reductase
A0A5R9ATZ3	PBPDCFME_01364	Glutamate 5-kinase
A0A380LX05	PBPDCFME_01365	Teichoic acid phosphorylcholine esterase%2C choline-binding protein CbpE
B2IP85	PBPDCFME_01366	Ribosomal large subunit pseudouridine synthase D
Q8DQ64	PBPDCFME_01367	Lipoprotein signal peptidase
C1CDS4	PBPDCFME_01368	Cysteine and methionine metabolism regulator CmbR%2C LysR family
A0A0U0CQK5	PBPDCFME_01369	CAAX amino terminal protease family protein
A0A0T8EEJ9	PBPDCFME_01370	Hypothetical protein
C1C6Q5	PBPDCFME_01371	Hydrolase%2C HAD superfamily
C1CDS0	PBPDCFME_01372	N-carbamoylputrescine amidase
Q97RA4	PBPDCFME_01373	Agmatine deiminase
A0A0T8RS82	PBPDCFME_01374	Carboxynorspermidine decarboxylase
A0A0F7YFU7	PBPDCFME_01375	Carboxynorspermidine synthase
P66836	PBPDCFME_01376	Spermidine synthase
A0A0T9IUQ1	PBPDCFME_01377	hypothetical protein
A0A0H2UPK4	PBPDCFME_01378	Arginine decarboxylase
A0AA86MBC9	PBPDCFME_01379	ISSpn8 transposase
A0AA86MGP6	PBPDCFME_01380	Hypothetical protein
A0AA86MCV5	PBPDCFME_01381	ABC transporter permease protein
C1CDQ8	PBPDCFME_01382	ABC transporter ATP-binding protein
A0A0U0BVB4	PBPDCFME_01383	Hypothetical protein
A0A0H2UPK6	PBPDCFME_01384	Hypothetical protein
	PBPDCFME_01385	Spd-sr07
	PBPDCFME_01385	
A0A5C8QW28	PBPDCFME_01386	Putative phage shock protein C
A0A0B7LHD2	PBPDCFME_01387	Putative SprT family zinc-dependent metallopeptidase
A0AA86JJ79	PBPDCFME_01388	Transcription accessory protein
C1CDQ2	PBPDCFME_01389	Hypothetical protein
Q8DQ81	PBPDCFME_01390	Putative permease
B1IB73	PBPDCFME_01391	ABC transporter substrate-binding protein
	PBPDCFME_01392	Srn266
	PBPDCFME_01392	
A0A6I3U6U1	PBPDCFME_01393	IS1167 transposase
A0A0D6J9F7	PBPDCFME_01394	Hypothetical protein
B1IB71	PBPDCFME_01395	Hypothetical protein
C1CDP7	PBPDCFME_01396	IS5 family transposase ISSpn7
A0A0I6Q4G0	PBPDCFME_01397	Membrane-associated protein
C1CDP5	PBPDCFME_01398	Pyruvate kinase
Q97RC6	PBPDCFME_01399	6-phosphofructokinase
A0AA86JAY8	PBPDCFME_01400	DNA polymerase III alpha subunit
Q97RC8	PBPDCFME_01401	Xaa-Pro dipeptidyl-peptidase
C1CDP1	PBPDCFME_01402	Arginine pathway regulatory protein ArgR2
A0AA86JJ36	PBPDCFME_01403	Type I restriction-modification system restriction subunit R
A0A4J2ATL3	PBPDCFME_01404	hypothetical protein
C1C6M1	PBPDCFME_01405	Tyrosine recombinase XerC
C1CDN7	PBPDCFME_01406	hypothetical protein
C1CDN6	PBPDCFME_01407	hypothetical protein
A0A4N2KYX1	PBPDCFME_01408	hypothetical protein
Q8DQ91	PBPDCFME_01409	Type I restriction-modification system DNA-methyltransferase subunit M
C1CDN2	PBPDCFME_01410	ATP-grasp-domain-containing protein
C1CDN1	PBPDCFME_01411	hypothetical protein
C1CJW9	PBPDCFME_01412	tRNA 4-thiouridine synthase ThiI
A0AA86J866	PBPDCFME_01413	Putative cysteine desulfurase
A0AA86JA80	PBPDCFME_01414	Acetyltransferase
A0A4G1Y424	PBPDCFME_01415	DNA translocase FtsK
B2IP07	PBPDCFME_01416	Fructose-specific PTS IIABC components
B2IP06	PBPDCFME_01417	1-phosphofructokinase
Q8DQ97	PBPDCFME_01418	Transcriptional repressor of the fructose operon%2C DeoR family
	PBPDCFME_01419	tRNA-Ser(gga)
	PBPDCFME_01419	
	PBPDCFME_01420	transfer-messenger RNA%2C SsrA
	PBPDCFME_01420	
A0AA86MFR6	PBPDCFME_01421	Coordinator of zonal cell elongation
Q75Y43	PBPDCFME_01422	D-alanyl-D-alanine carboxypeptidase%2C penicillin-binding protein 3
Q8DQA0	PBPDCFME_01423	Iron-sulfur cluster assembly protein SufB
A0AA86MJU5	PBPDCFME_01424	Putative iron-sulfur cluster assembly scaffold protein for SUF system SufE2
A0AA86JD82	PBPDCFME_01425	Cysteine desulfurase SufS
A0AA86JA12	PBPDCFME_01426	Iron-sulfur cluster assembly protein SufD
Q8DQA4	PBPDCFME_01427	Iron-sulfur cluster assembly ATPase protein SufC
Q8CYX9	PBPDCFME_01428	Hypothetical protein
A0AA86JH76	PBPDCFME_01429	DNA polymerase III subunits gamma and tau
Q8DQA6	PBPDCFME_01430	GAF domain-containing protein
	PBPDCFME_01431	Srn266
	PBPDCFME_01431	
A0AA86JA75	PBPDCFME_01432	IS1167 transposase Orf1
A0A380LUY3	PBPDCFME_01433	hypothetical protein
A0AA86JCW2	PBPDCFME_01434	IS1167 transposase Orf2
C1CDK9	PBPDCFME_01435	SSU ribosomal protein S1p
	PBPDCFME_01436	tRNA-Gln(ttg)
	PBPDCFME_01436	
	PBPDCFME_01437	tRNA-Tyr(gta)
	PBPDCFME_01437	
Q8CYY0	PBPDCFME_01438	Hypothetical protein
Q04L55	PBPDCFME_01439	Pyrrolidone-carboxylate peptidase
Q8DQB0	PBPDCFME_01440	Putative membrane protein
C1CDK5	PBPDCFME_01441	Hypothetical protein
A0AA86MJU1	PBPDCFME_01442	Oligopeptide ABC transporter substrate-binding protein
B1IB24	PBPDCFME_01443	Branched-chain amino acid aminotransferase
Q3HYG7	PBPDCFME_01444	Topoisomerase IV subunit A
B2INX2	PBPDCFME_01445	Restriction enzyme BcgI alpha chain-like protein
Q3HZ74	PBPDCFME_01446	Topoisomerase IV subunit B
Q04L63	PBPDCFME_01447	Acyl-phosphate:glycerol-3-phosphate O-acyltransferase PlsY
A0AA86J856	PBPDCFME_01448	IS1167 transposase
	PBPDCFME_01449	Srn266
	PBPDCFME_01449	
Q8DR38	PBPDCFME_01450	IS3 family transposase ISSpn11
A0A4G2AB56	PBPDCFME_01451	IS3 family transposase ISSpn11
A0A0E8AVY5	PBPDCFME_01452	hypothetical protein
A0A4J2FPC2	PBPDCFME_01453	IS3 family transposase ISSpn11
C1C6I2	PBPDCFME_01454	Putative deoxyribose-specific ABC transporter permease protein
B2INW4	PBPDCFME_01455	Putative deoxyribose-specific ABC transporter permease protein
A0AA86JRX1	PBPDCFME_01456	Putative deoxyribose-specific ABC transporter ATP-binding protein
C1C6H9	PBPDCFME_01457	Nucleoside-binding protein
C1C6H8	PBPDCFME_01458	Cytidine deaminase
B2INW0	PBPDCFME_01459	Deoxyribose-phosphate aldolase
A0A0T8LNS1	PBPDCFME_01460	Pyrimidine-nucleoside phosphorylase
A0A0B7M146	PBPDCFME_01461	16S rRNA (guanine(1207)-N(2))-methyltransferase
B1IB09	PBPDCFME_01462	Hypothetical protein
Q04L73	PBPDCFME_01463	Pantothenate kinase
Q8CWS0	PBPDCFME_01464	SSU ribosomal protein S20p
Q8DQC8	PBPDCFME_01465	FlaR-related DNA topology modulation protein
A0A0T8SLS4	PBPDCFME_01466	Purine nucleoside phosphorylase
A0AA86MKJ9	PBPDCFME_01467	Thiol-activated cytolysin
A0A380LV37	PBPDCFME_01468	hypothetical protein
Q8CWS2	PBPDCFME_01469	Bifunctional purine nucleoside phosphorylase/N-ribosylnicotinamide phosphorylase
B2INU8	PBPDCFME_01470	hypothetical protein
B2INU7	PBPDCFME_01471	hypothetical protein
B2INU6	PBPDCFME_01472	Phosphopentomutase
Q04L82	PBPDCFME_01473	Ribose 5-phosphate isomerase A
B1IAZ6	PBPDCFME_01474	ADP-dependent (S)-NAD(P)H-hydrate dehydratase
A0AA86JAM2	PBPDCFME_01475	Bifunctional methylenetetrahydrofolate dehydrogenase (NADP+)/methenyltetrahydrofolate cyclohydrolase
C1CDH2	PBPDCFME_01476	Glutamine ABC transporter ATP-binding protein GlnQ4
A0AA95D6I0	PBPDCFME_01477	Glutamine ABC transporter permease GlnP4
Q8DQD6	PBPDCFME_01478	Hypothetical protein
A0AA86MGG3	PBPDCFME_01479	ATP-dependent Clp protease ATP-binding subunit ClpE
A0AA86MPP1	PBPDCFME_01480	IS630 family transposase IS630-Spn1
A0A4I7EM66	PBPDCFME_01481	MutT/Nudix family protein
Q8CYY5	PBPDCFME_01482	Hypothetical protein
A0A064C0Q4	PBPDCFME_01483	IS66 family transposase Orf2
A0AA95IJ83	PBPDCFME_01484	IS630 family transposase ISSpn2
A0AA86MJ61	PBPDCFME_01485	IS630 family transposase ISSpn2
A0AA86JAZ7	PBPDCFME_01486	Septation ring formation regulator EzrA
Q3HZC3	PBPDCFME_01487	DNA gyrase subunit B
Q8DQE6	PBPDCFME_01488	Hydrolase%2C haloacid dehalogenase-like family
A0A0E7V8F7	PBPDCFME_01489	4-methyl-5(b-hydroxyethyl)-thiazole monophosphate biosynthesis enzyme
A0AA86JS65	PBPDCFME_01490	Cell shape-determining protein RodA
A0A0U0HAD6	PBPDCFME_01491	Bifunctional DinG family ATP-dependent helicase YoaA/DnaQ family exonuclease
A0AA86JBW8	PBPDCFME_01492	Protease
Q8CYY6	PBPDCFME_01493	Hypothetical protein
Q7B3G0	PBPDCFME_01494	Two-component system sensor histidine kinase CiaH
C1CDF5	PBPDCFME_01495	Two-component system response regulator CiaR
	PBPDCFME_01496	Srn266
	PBPDCFME_01496	
A0A6I3U6U1	PBPDCFME_01497	IS1167 transposase
A0A4J1ST52	PBPDCFME_01498	Lysyl aminopeptidase PepN
A0A6G2DAP7	PBPDCFME_01499	Lysyl aminopeptidase PepN
A0A380LYQ1	PBPDCFME_01500	Hypothetical protein
A0A380LV17	PBPDCFME_01501	PEP-utilizing enzyme family protein
A0A4J2FX54	PBPDCFME_01502	MutT/Nudix family protein
Q8CWS3	PBPDCFME_01503	3-Ketoacyl-ACP reductase
B2INR6	PBPDCFME_01504	Hypothetical protein
C1C6D4	PBPDCFME_01505	Putative oxidoreductase
A0A4J2CDM8	PBPDCFME_01506	Hypothetical protein
C1CDE4	PBPDCFME_01507	Hypothetical protein
Q8DQF6	PBPDCFME_01508	Transcriptional regulator%2C PadR family
A0AA95DA03	PBPDCFME_01509	Methionyl-tRNA synthetase
C1C6C9	PBPDCFME_01510	ABC transporter permease protein
Q8DQF8	PBPDCFME_01511	ABC transporter ATP-binding protein
A0A0B7MDJ4	PBPDCFME_01512	Periplasmic component of efflux system
A0AA86MK36	PBPDCFME_01513	Glutathione reductase
C1CDD2	PBPDCFME_01514	Substrate-specific component BioY of biotin ECF transporter
Q8DQG2	PBPDCFME_01515	Hypothetical protein
B2INF8	PBPDCFME_01516	Hypothetical protein
Q8CYZ1	PBPDCFME_01517	Anaerobic ribonucleoside-triphosphate reductase
Q8CWS4	PBPDCFME_01518	tRNA (guanine(37)-N(1))-methyltransferase
Q8DQG3	PBPDCFME_01519	16S rRNA processing protein RimM
Q8CYZ2	PBPDCFME_01520	hypothetical protein
A0A0T9ZUZ3	PBPDCFME_01521	hypothetical protein
C1CDC4	PBPDCFME_01522	KH domain RNA-binding protein
Q04LD0	PBPDCFME_01523	SSU ribosomal protein S16p
C1C6B4	PBPDCFME_01524	Hypothetical protein
C1C6B3	PBPDCFME_01525	Peptidyl-prolyl cis-trans isomerase
C1C6B2	PBPDCFME_01526	ABC transporter ATP-binding protein
A0A064BZ89	PBPDCFME_01527	VanZF-related protein
A0AA86MK41	PBPDCFME_01528	Bifunctional 23S rRNA (adenine(2503)-C(2))-methyltransferase/tRNA (adenine(37)-C(2))-methyltransferase
C1C6A9	PBPDCFME_01529	hypothetical protein
C1C6A8	PBPDCFME_01530	Manganese superoxide dismutase
A0A0B7L8W0	PBPDCFME_01531	DNA polymerase III delta subunit
Q9X9S0	PBPDCFME_01532	Dihydroorotate dehydrogenase (fumarate)
Q8DQH0	PBPDCFME_01533	S-adenosylmethionine synthetase
A0AA86JDL9	PBPDCFME_01534	ATP-dependent RNA helicase YqfR
C1CDA8	PBPDCFME_01535	Exodeoxyribonuclease III
A0A0B7LD25	PBPDCFME_01536	Maltose- and glucose-specific PTS IICBA components
B2INE0	PBPDCFME_01537	Cell division protein FtsX
C1C6A0	PBPDCFME_01538	Cell division transporter%2C ATP-binding protein FtsE
A0A0T8VFF4	PBPDCFME_01539	Peptide chain release factor 2
Q8DQH6	PBPDCFME_01540	CBS domain protein
A0AA86JAM5	PBPDCFME_01541	Branched-chain amino acid transport ATP-binding protein LivF
Q8DQH8	PBPDCFME_01542	Branched-chain amino acid transport ATP-binding protein LivG
Q8DQH9	PBPDCFME_01543	Branched-chain amino acid transport system permease protein LivM
C1CD99	PBPDCFME_01544	High-affinity branched-chain amino acid transport system permease protein LivH
C1CD98	PBPDCFME_01545	High-affinity leucine-specific transport system%2C periplasmic binding protein LivJ
A0A0T9AB05	PBPDCFME_01546	Hypothetical protein
Q04LF4	PBPDCFME_01547	ATP-dependent Clp protease proteolytic subunit ClpP
Q8DQI3	PBPDCFME_01548	Uracil phosphoribosyltransferase
C1CD94	PBPDCFME_01549	dCMP deaminase
Q8DQI5	PBPDCFME_01550	Transcriptional regulator%2C AcrR family
Q97RQ6	PBPDCFME_01551	DegV family protein
Q8DQI7	PBPDCFME_01552	NAD(FAD)-utilizing dehydrogenase
B2INC3	PBPDCFME_01553	MutT/Nudix family protein
A0AA86JR73	PBPDCFME_01554	HTH-type transcriptional activator mta
B2INC1	PBPDCFME_01555	Sodium-dependent transporter
A0AA86JAN4	PBPDCFME_01556	Sodium-dependent transporter
Q8DQJ1	PBPDCFME_01557	Mannose-6-phosphate isomerase
A0A380LT38	PBPDCFME_01558	6-phospho-beta-glucosidase
A0AA86MJ61	PBPDCFME_01559	IS630 family transposase ISSpn2
A0AA95IJ83	PBPDCFME_01560	IS630 family transposase ISSpn2
Q8CZ01	PBPDCFME_01561	Hypothetical protein
C1CD82	PBPDCFME_01562	Pyruvate oxidase
A0AA86JEC3	PBPDCFME_01563	Lead%2C cadmium%2C copper%2C zinc and mercury transporting P-type ATPase
C1C677	PBPDCFME_01564	Copper-exporting ATPase
C1CD79	PBPDCFME_01565	Negative transcriptional regulator of copper transport operon
	PBPDCFME_01566	TPP
	PBPDCFME_01566	
B2INA8	PBPDCFME_01567	Hydroxymethylpyrimidine phosphate kinase ThiD
B2INA7	PBPDCFME_01568	Thiamin-phosphate pyrophosphorylase
B8ZN21	PBPDCFME_01569	Hydroxyethylthiazole kinase
B2INA5	PBPDCFME_01570	Substrate-specific component ThiW of putative thiazole ECF transporter
B2INA4	PBPDCFME_01571	Thiaminase II TenA
B2INA3	PBPDCFME_01572	Transmembrane component YkoC of energizing module of thiamin-regulated ECF transporter for hydroxymethylpyrimidine
B2INA2	PBPDCFME_01573	Duplicated ATPase component YkoD of energizing module of thiamin-regulated ECF transporter for hydroxymethylpyrimidine
C1CD71	PBPDCFME_01574	Substrate-specific component YkoE of thiamin-regulated ECF transporter for hydroxymethylpyrimidine
	PBPDCFME_01575	TPP
	PBPDCFME_01575	
A0AA87CCP8	PBPDCFME_01576	Thiamin-phosphate pyrophosphorylase
A0AA86JRI0	PBPDCFME_01577	Hydroxyethylthiazole kinase
Q8DQK6	PBPDCFME_01578	Thiaminase II
	PBPDCFME_01579	TPP
	PBPDCFME_01579	
A0AA86JB23	PBPDCFME_01580	L-Lactate 2-monooxygenase
A0AA86JED3	PBPDCFME_01581	Class II lysyl-tRNA synthetase
B2IN94	PBPDCFME_01582	L-Lactate 2-monooxygenase
A0A0B7MCX0	PBPDCFME_01583	Glutamine ABC transporter permease GlnP3a
A0AA86MPI5	PBPDCFME_01584	Glutamine ABC transporter permease GlnP3b
A0A0I9CA19	PBPDCFME_01585	Glutamine ABC transporter ATP-binding protein GlnQ3
A0AA86MCE2	PBPDCFME_01586	Glutamine ABC transporter ATP-binding protein GlnQ3
Q8DQL2	PBPDCFME_01587	hypothetical protein
Q8DQL3	PBPDCFME_01588	Amino acid ABC transporter amino acid-binding/permease protein
A0A0E8ZVN9	PBPDCFME_01589	ABC transporter ATP-binding protein
A0A0T8NJR8	PBPDCFME_01590	Hypothetical protein
A0AA86J973	PBPDCFME_01591	Hypothetical protein
A0AA86JIB3	PBPDCFME_01592	Hypothetical protein
A0A0E9GWH4	PBPDCFME_01593	Hypothetical protein
B5E302	PBPDCFME_01594	Orotate phosphoribosyltransferase
A0AA86JB32	PBPDCFME_01595	Orotidine 5'-phosphate decarboxylase
	PBPDCFME_01596	PyrR
	PBPDCFME_01596	
A0A9P1Q6T2	PBPDCFME_01597	Cell division protein DivIB
A0AA86MKC2	PBPDCFME_01598	UDP-N-acetylglucosamine--N-acetylmuramyl- (pentapeptide) pyrophosphoryl-undecaprenol N-acetylglucosamine transferase
A0AA86MJC5	PBPDCFME_01599	UDP-N-acetylmuramoylalanine--D-glutamate ligase
A0AA86MPI9	PBPDCFME_01600	ABC transporter ATP-binding protein
A0A0D6J8S4	PBPDCFME_01601	Putative immunity protein
A0AA86MCE8	PBPDCFME_01602	Hypothetical protein
Q8CZ11	PBPDCFME_01603	Putative membrane protein
A0AA86Y837	PBPDCFME_01604	GTP-binding protein TypA
B2IN70	PBPDCFME_01605	Ribosomal small subunit pseudouridine synthase A
Q8CZ12	PBPDCFME_01606	Hypothetical protein
Q8DQM7	PBPDCFME_01607	Rhodanese-like domain protein
Q8DQM8	PBPDCFME_01608	Hypothetical protein
Q8DQM9	PBPDCFME_01609	Methionine biosynthesis and transport regulator MtaR%2C LysR family
	PBPDCFME_01610	Srn266
	PBPDCFME_01610	
A0AA86J856	PBPDCFME_01611	IS1167 transposase
A0A380LWD0	PBPDCFME_01612	Short-chain dehydrogenase
A0AA86J931	PBPDCFME_01613	Ribonuclease Z
A0AA86JI68	PBPDCFME_01614	Cystathionine beta-lyase
A0AA86JRF7	PBPDCFME_01615	GTP-binding protein HflX
A0AA86JVG4	PBPDCFME_01616	tRNA dimethylallyltransferase MiaA
Q8CZ15	PBPDCFME_01617	Hypothetical protein
Q04LL8	PBPDCFME_01618	Thymidylate synthase
A0AA86MKA4	PBPDCFME_01619	Glucokinase
A0AA86MJA8	PBPDCFME_01620	hypothetical protein
A0A0B7L5A0	PBPDCFME_01621	2-succinyl-6-hydroxy-2%2C4-cyclohexadiene-1-carboxylate synthase
A0AA86MG69	PBPDCFME_01622	Bifunctional para-aminobenzoate synthase%2C aminase component/aminodeoxychorismate lyase
A0AA86MCC3	PBPDCFME_01623	hypothetical protein
A0A5R9AXL8	PBPDCFME_01624	YwlG
A0A654UAR9	PBPDCFME_01625	Two-component sensor kinase YesM
Q8DQN8	PBPDCFME_01626	Two-component response regulator YesN
C1C622	PBPDCFME_01627	Peptide methionine sulfoxide reductase MsrAB2
A0AA87CBX6	PBPDCFME_01628	Thiol:disulfide oxidoreductase
C1CD25	PBPDCFME_01629	Cytochrome c-type biogenesis protein CcdA-1
C1CD24	PBPDCFME_01630	Inner membrane protein YihY
C1CD23	PBPDCFME_01631	Na+/H+ antiporter
C1CD22	PBPDCFME_01632	Hypothetical protein
Q8DQP3	PBPDCFME_01633	Putative rRNA methylase YtqB
B2IMW4	PBPDCFME_01634	hypothetical protein
A0AA86MJB2	PBPDCFME_01635	hypothetical protein
C1CD20	PBPDCFME_01636	Hypothetical protein
	PBPDCFME_01637	SpF25_sRNA
	PBPDCFME_01637	
C1CD18	PBPDCFME_01638	hypothetical protein
C1CD17	PBPDCFME_01639	hypothetical protein
A0AA86JK77	PBPDCFME_01640	Beta-galactosidase BgaA
A0A380LVM1	PBPDCFME_01641	Hypothetical protein
Q8DQP5	PBPDCFME_01642	Galactose-specific PTS IIC component
Q8CZ23	PBPDCFME_01643	Galactose-specific PTS IIB component
A0A6G2DW14	PBPDCFME_01644	Galactose-specific PTS IIA component
A0AA86JI90	PBPDCFME_01645	Serine protease PrtA precursor
A0A0H2UP15	PBPDCFME_01646	hypothetical protein
Q8DQP8	PBPDCFME_01647	Multidrug ABC transporter permease protein
Q8DQP9	PBPDCFME_01648	Antibiotic ABC transporter permease protein
Q8DQQ0	PBPDCFME_01649	ABC transporter ATP-binding protein
A0A0U0GZ72	PBPDCFME_01650	Hypothetical protein
A0AA86J8F1	PBPDCFME_01651	Hypothetical protein
	PBPDCFME_01652	Intron_gpII
	PBPDCFME_01652	
Q04LP6	PBPDCFME_01653	LSU ribosomal protein L1p (L10Ae)
Q97RZ6	PBPDCFME_01654	LSU ribosomal protein L11p (L12e)
A0A062WT68	PBPDCFME_01655	L%2CD-carboxypeptidase
A0A380LUC5	PBPDCFME_01656	Histidine triad family protein
A0A380LYA4	PBPDCFME_01657	Deblocking aminopeptidase
C1C5Z4	PBPDCFME_01658	Branched-chain amino acid transport system carrier protein
	PBPDCFME_01659	SpF22_sRNA
	PBPDCFME_01659	
Q8CZ26	PBPDCFME_01660	hypothetical protein
C1CCZ5	PBPDCFME_01661	Uracil-DNA glycosylase
Q8DQQ6	PBPDCFME_01662	Dipeptidase PepV
A0A064BYJ2	PBPDCFME_01663	Bifunctional oxygen-insensitive NAD(P)H nitroreductase/dihydropteridine reductase
Q8CWT0	PBPDCFME_01664	Cysteine ABC transporter substrate-binding protein
A0A4H6ND84	PBPDCFME_01665	Serine/threonine protein phosphatase
A0AA86JQV6	PBPDCFME_01666	Excinuclease ABC subunit C
C1C5Y5	PBPDCFME_01667	Putative Zn-dependent protease
Q4TUI8	PBPDCFME_01668	tRNA-dependent lipid II-Ala--L-alanine ligase MurN
Q4TUJ7	PBPDCFME_01669	tRNA-dependent lipid II--L-alanine/serine ligase MurM
A0A0B7KTW3	PBPDCFME_01670	Tributyrin esterase
A0AA86JD85	PBPDCFME_01671	Ribonuclease J2
A0AA86JJA8	PBPDCFME_01672	Single-stranded-DNA-specific exonuclease RecJ
A0A0U0GWA3	PBPDCFME_01673	Glutamine ABC transporter ATP-binding protein GlnQ4
A0AA86MFV6	PBPDCFME_01674	Glutamine ABC transporter substrate-binding protein GlnH2
A0AA86MNX9	PBPDCFME_01675	Glutamine ABC transporter permease GlnP2a
A0A559ECT2	PBPDCFME_01676	Oxidoreductase
C1CCX9	PBPDCFME_01677	Class II fructose-bisphosphate aldolase
B9W4V3	PBPDCFME_01678	Two-component system sensor histidine kinase VncS
C1CCX7	PBPDCFME_01679	Two-component system response regulator VncR
Q9S4J0	PBPDCFME_01680	Peptide ABC transporter membrane-spanning permease Vex3
C1CCX5	PBPDCFME_01681	ABC transporter ATP-binding protein Vex2
C1C5W8	PBPDCFME_01682	Peptide ABC transporter membrane-spanning permease Vex1
	PBPDCFME_01683	Intron_gpII
	PBPDCFME_01683	
A0A0T8BJF5	PBPDCFME_01684	hypothetical protein
A0A0U0HM90	PBPDCFME_01685	Leucine rich protein
C1CCW8	PBPDCFME_01686	Mini-ribonuclease III
C1CCW7	PBPDCFME_01687	Cysteinyl-tRNA synthetase
C1CCW6	PBPDCFME_01688	Acetyltransferase%2C GNAT family
A0A0B7LFB4	PBPDCFME_01689	Serine acetyltransferase
B8ZMC0	PBPDCFME_01690	Polyribonucleotide nucleotidyltransferase
C1CCW3	PBPDCFME_01691	5%2C10-methylenetetrahydrofolate reductase
C1CCW2	PBPDCFME_01692	5-methyltetrahydropteroyltriglutamate-- homocysteine methyltransferase
A0A4J1W747	PBPDCFME_01693	ISSpn8 transposase
A0A4J2BTD4	PBPDCFME_01694	Putative integral membrane protein
A0A4J1PEM1	PBPDCFME_01695	Phenylalanyl-tRNA synthetase beta chain
Q8DQT7	PBPDCFME_01696	N1-spermidine/spermine acetyltransferase PaiA
A0AA86JHG0	PBPDCFME_01697	Phenylalanyl-tRNA synthetase alpha chain
A0AA86J8C1	PBPDCFME_01698	6-phospho-beta-glucosidase
A0AA86JAD4	PBPDCFME_01699	Beta-glucoside-specific PTS IIBCA components
B2IMP8	PBPDCFME_01700	Beta-glucoside bgl operon antiterminator BglG
	PBPDCFME_01701	SpF19_sRNA
	PBPDCFME_01701	
Q8DNZ4	PBPDCFME_01702	IS3 family transposase ISSpn11
A0A4J2ARN3	PBPDCFME_01703	IS3 family transposase ISSpn11
A0A380LW28	PBPDCFME_01704	Putative transposase InsK for insertion sequence element IS150
A0A0T9GKD1	PBPDCFME_01705	IS3 family transposase ISSpn11
A0AA86JAS5	PBPDCFME_01706	Fic domain protein
Q8DQU6	PBPDCFME_01707	Hypothetical protein
A0AA86JRA8	PBPDCFME_01708	Valyl-tRNA synthetase
C1C5U2	PBPDCFME_01709	hypothetical protein
A0AA86J8W0	PBPDCFME_01710	Acetyltransferase
C1CCU6	PBPDCFME_01711	Hypothetical protein
Q8CZ41	PBPDCFME_01712	Hypothetical protein
A0AA86JDR4	PBPDCFME_01713	Hypothetical protein
Q8CZ42	PBPDCFME_01714	Glycerate kinase
A0AA86MC76	PBPDCFME_01715	Hypothetical protein
A0AA86MG29	PBPDCFME_01716	Hypothetical protein
C1CQ49	PBPDCFME_01717	Ribosome-binding factor A
A0A098ZI69	PBPDCFME_01718	Translation initiation factor 2
C1CCT7	PBPDCFME_01719	L7Ae family ribosomal protein
Q8DQV4	PBPDCFME_01720	Putative nucleic-acid-binding protein implicated in transcription termination
C1CCT5	PBPDCFME_01721	Transcription termination/antitermination protein NusA
Q97S61	PBPDCFME_01722	Bacterial ribosome SSU maturation protein RimP
A0A064C0Y7	PBPDCFME_01723	tRNA (guanine46-N7-)-methyltransferase
C1CCT2	PBPDCFME_01724	Aminoglycoside phosphotransferase family protein
A0A4J2BVZ5	PBPDCFME_01725	Putative protease
I6L8M4	PBPDCFME_01726	hypothetical protein
Q9FBH0	PBPDCFME_01727	Immunity protein BlpZ
A0A4J2BV25	PBPDCFME_01728	Bacteriocin immunity protein BlpY
A0AA86JDQ7	PBPDCFME_01729	hypothetical protein
Q9ETA3	PBPDCFME_01730	hypothetical protein
Q9ETC8	PBPDCFME_01731	Bacteriocin lactacin-F subunit LafA
A0AA86MG24	PBPDCFME_01732	IS1381 transposase OrfB
A0AA86MG24	PBPDCFME_01733	hypothetical protein
A0AA86MPC1	PBPDCFME_01734	IS5 family transposase ISSpn7
C1C5Q7	PBPDCFME_01735	hypothetical protein
Q9EW64	PBPDCFME_01736	hypothetical protein
A7XH96	PBPDCFME_01737	Bacteriocin BlpU
Q9ETM2	PBPDCFME_01738	hypothetical protein
Q9EU53	PBPDCFME_01739	hypothetical protein
A0A380LSF4	PBPDCFME_01740	Competence-stimulating peptide ABC transporter ATP-binding protein ComA
A0A0Y0FP33	PBPDCFME_01741	Competence-stimulating peptide ABC transporter ATP-binding protein ComA
A0AA86J8T8	PBPDCFME_01742	Competence-stimulating peptide ABC transporter permease protein ComB
Q9ETW0	PBPDCFME_01743	Peptide pheromone BlpC
A0AA86J9S7	PBPDCFME_01744	Two-component system sensor histidine kinase BlpH
Q9S1I6	PBPDCFME_01745	Two-component system response regulator BlpR
A0A380LSE1	PBPDCFME_01746	BlpS protein
Q9FBH2	PBPDCFME_01747	BlpT protein
C1C5P4	PBPDCFME_01748	ABC transporter permease protein EcsB
A0AA86MPB8	PBPDCFME_01749	ABC transporter ATP-binding protein EcsA
A0A380LSE3	PBPDCFME_01750	Histidine triad nucleotide-binding protein
Q8CZ48	PBPDCFME_01751	Hypothetical protein
A0A380LV94	PBPDCFME_01752	Chaperone protein DnaJ
	PBPDCFME_01753	SpF14_sRNA
	PBPDCFME_01753	
A0A0T8D8M9	PBPDCFME_01754	Hypothetical protein
A0A0T9I7B3	PBPDCFME_01755	Chaperone protein DnaK
B2IMB4	PBPDCFME_01756	Heat shock protein GrpE
Q04LY2	PBPDCFME_01757	Heat-inducible transcription repressor HrcA
Q8CZ49	PBPDCFME_01758	Hypothetical protein
A0AA86JAR7	PBPDCFME_01759	Type I restriction-modification system restriction subunit R
Q8DQX1	PBPDCFME_01760	Type I restriction-modification system DNA-methyltransferase subunit M
A0A822Q6H0	PBPDCFME_01761	Type I restriction-modification system%2C specificity subunit S type F
C1CCQ0	PBPDCFME_01762	Integrase/recombinase CreX (XerC/CodV family)
A0A0B7LN89	PBPDCFME_01763	Type I restriction-modification system%2C specificity subunit S type F
A0A172W5Q9	PBPDCFME_01764	Type I restriction-modification system%2C specificity subunit S components 1.1-2.1
C1C5M8	PBPDCFME_01765	hypothetical protein
	PBPDCFME_01766	Srn266
	PBPDCFME_01766	
A0A6I3U6U1	PBPDCFME_01767	IS1167 transposase
B1IA39	PBPDCFME_01768	Glutamine synthetase type I
Q8DQX7	PBPDCFME_01769	Transcriptional regulator%2C MerR family
Q8CZ51	PBPDCFME_01770	Hypothetical protein
A0A0E9GZP4	PBPDCFME_01771	Phosphoglycerate kinase
A0A6G2DB49	PBPDCFME_01772	Endo-beta-N-acetylglucosaminidase EndoD
A0AA86MBK6	PBPDCFME_01773	Sodium-dependent phosphate transporter NptA
A0AA86JI67	PBPDCFME_01774	CTP synthase
Q04LZ9	PBPDCFME_01775	DNA-directed RNA polymerase delta subunit
A0AA86J855	PBPDCFME_01776	Hypothetical protein
A0A0U0EJN0	PBPDCFME_01777	Hypothetical protein
A0A0B7LW17	PBPDCFME_01778	Membrane-associated phospholipid phosphatase
A0AA86JGE9	PBPDCFME_01779	Substrate-specific component RibU of riboflavin ECF transporter
	PBPDCFME_01780	FMN
	PBPDCFME_01780	
A0A0H2UNS5	PBPDCFME_01781	tRNA (cytidine(34)-2'-O)-methyltransferase
	PBPDCFME_01782	23S-methyl
	PBPDCFME_01782	
A0AA86JU27	PBPDCFME_01783	Transmembrane component MtsC of energizing module of methionine-regulated ECF transporter
A0AA86J976	PBPDCFME_01784	Duplicated ATPase component MtsB of energizing module of methionine-regulated ECF transporter
B2IM89	PBPDCFME_01785	Hypothetical protein
C1CIX7	PBPDCFME_01786	Substrate-specific component MtsA of methionine-regulated ECF transporter
C1CCM9	PBPDCFME_01787	Hypothetical protein
C1CCM8	PBPDCFME_01788	Trk family potassium uptake protein TrkA
A0A0H2UNU3	PBPDCFME_01789	Trk family potassium uptake protein TrkH
A0AA86MBL0	PBPDCFME_01790	Lactose-specific PTS IIBC components
A0A0U0FQB7	PBPDCFME_01791	6-phospho-beta-galactosidase
Q8DQZ2	PBPDCFME_01792	Lactose-specific PTS IIA component
A0AA86J862	PBPDCFME_01793	Hypothetical protein
A0AA86J9J7	PBPDCFME_01794	Cellobiose-specific PTS IIC component
B1I9R3	PBPDCFME_01795	Xylose repressor protein
A0A0T9I2B2	PBPDCFME_01796	Hypothetical protein
Q8DQZ5	PBPDCFME_01797	Hypothetical protein
A0A0T8UQK3	PBPDCFME_01798	hypothetical protein
	PBPDCFME_01799	Srn266
	PBPDCFME_01799	
A0AA86J984	PBPDCFME_01800	IS1167 transposase Orf1
A0A4J1UA67	PBPDCFME_01801	IS1167 transposase Orf2
A7KT36	PBPDCFME_01802	hypothetical protein
A7KT49	PBPDCFME_01803	hypothetical protein
A7KT48	PBPDCFME_01804	hypothetical protein
A7KTB0	PBPDCFME_01805	hypothetical protein
A7KT39	PBPDCFME_01806	hypothetical protein
A7KTA8	PBPDCFME_01807	hypothetical protein
B1I9Q2	PBPDCFME_01808	hypothetical protein
	PBPDCFME_01809	Srn266
	PBPDCFME_01809	
A0A0T8SMN8	PBPDCFME_01810	IS1167 transposase
Q8DQZ6	PBPDCFME_01811	Pyruvate formate-lyase
A0A380LTW9	PBPDCFME_01812	DNA polymerase IV
Q04M23	PBPDCFME_01813	Undecaprenyl-diphosphatase
A0AA86JPY3	PBPDCFME_01814	hypothetical protein
A0AA86JU42	PBPDCFME_01815	Hypothetical protein
C1CCL6	PBPDCFME_01816	Glutamine ABC transporter permease GlnHP1
Q8DR01	PBPDCFME_01817	Glutamine ABC transporter ATP-binding protein GlnQ1
Q8CZ60	PBPDCFME_01818	Hypothetical protein
Q8DR02	PBPDCFME_01819	Threonine dehydratase
Q8CZ61	PBPDCFME_01820	Hypothetical protein
C1C5I1	PBPDCFME_01821	hypothetical protein
A0A098YY27	PBPDCFME_01822	Ketol-acid reductoisomerase
Q8DR04	PBPDCFME_01823	Acetolactate synthase small subunit
C1CCK7	PBPDCFME_01824	Acetolactate synthase large subunit
Q8DR06	PBPDCFME_01825	Dihydroxyacetone kinase-like protein
C1CCK5	PBPDCFME_01826	Putative alkaline-shock protein
A0A064BZB4	PBPDCFME_01827	LSU ribosomal protein L28p
A0A0U0EEM5	PBPDCFME_01828	Peptide chain release factor 3
Q04M40	PBPDCFME_01829	Bifunctional aspartyl-tRNA(Asp) amidotransferase subunit C/glutamyl-tRNA(Glu) amidotransferase subunit C
C1C5H2	PBPDCFME_01830	Bifunctional aspartyl-tRNA(Asp) amidotransferase subunit A/glutamyl-tRNA(Glu) amidotransferase subunit A
A0A0U0GRD0	PBPDCFME_01831	Bifunctional aspartyl-tRNA(Asp) amidotransferase subunit B/glutamyl-tRNA(Glu) amidotransferase subunit B
Q04M43	PBPDCFME_01832	Translation elongation factor P
C1C5G9	PBPDCFME_01833	Alkaline shock protein
C1C5G8	PBPDCFME_01834	Transcription termination protein NusB
C1C5G7	PBPDCFME_01835	hypothetical protein
A0A4J2AQS9	PBPDCFME_01836	Hypothetical protein
A0A064BZA7	PBPDCFME_01837	Acetyl-coenzyme A carboxyl transferase alpha chain
Q7CRB7	PBPDCFME_01838	Acetyl-coenzyme A carboxyl transferase beta chain
Q9FBB9	PBPDCFME_01839	Biotin carboxylase of acetyl-CoA carboxylase
Q04M51	PBPDCFME_01840	3-hydroxyacyl-(acyl-carrier-protein) dehydratase FabZ
C1C5G0	PBPDCFME_01841	Biotin carboxyl carrier protein of acetyl-CoA carboxylase
Q8DR14	PBPDCFME_01842	3-oxoacyl-(acyl-carrier-protein) synthase FabF
C1CCI6	PBPDCFME_01843	3-oxoacyl-[acyl-carrier protein] reductase FabG1
Q9FBC4	PBPDCFME_01844	Malonyl CoA-acyl carrier protein transacylase FabD
C1C5F6	PBPDCFME_01845	Enoyl-(acyl-carrier-protein) reductase FabK
P0A2W1	PBPDCFME_01846	Acyl carrier protein
C1CIR8	PBPDCFME_01847	3-oxoacyl-(acyl-carrier-protein) synthase FabH
Q8DR18	PBPDCFME_01848	Transcriptional regulator of fatty acid biosynthesis FabT
C1CCI0	PBPDCFME_01849	Trans-2%2Ccis-3-Decenoyl-ACP isomerase
Q8DR20	PBPDCFME_01850	Aspartokinase
C1C5E9	PBPDCFME_01851	Putative regulator of the mannose operon ManO
A0A0I5SB66	PBPDCFME_01852	Seryl-tRNA synthetase
A0AA86JIB8	PBPDCFME_01853	Exfoliative toxin A
Q8DR24	PBPDCFME_01854	Macrophage infectivity potentiator protein
C1CCH4	PBPDCFME_01855	Sodium/glycine symporter GlyP
	PBPDCFME_01856	Glycine
	PBPDCFME_01856	
A0AA86J9N4	PBPDCFME_01857	Recombination inhibitory protein MutS2
C1C5E3	PBPDCFME_01858	Z-ring positive regulator ZapB
C1CCH1	PBPDCFME_01859	Z-ring positive regulator ZapA
A0A0U0GR56	PBPDCFME_01860	Ribonuclease HIII
Q3I0J5	PBPDCFME_01861	Signal peptidase I
A0AA86J9C8	PBPDCFME_01862	RecD-like DNA helicase YrrC
C1CIQ2	PBPDCFME_01863	Cell division trigger factor
A0A0T8NJH8	PBPDCFME_01864	hypothetical protein
A0A0U0JZY9	PBPDCFME_01865	hypothetical protein
C1C5C9	PBPDCFME_01866	Hypothetical protein
A0A0B7LFA3	PBPDCFME_01867	hypothetical protein
A0A0B7M2V5	PBPDCFME_01868	Two-component transcriptional regulator VraR
A0AA86JIC5	PBPDCFME_01869	Two-component system sensor histidine kinase VraS
C1CCF1	PBPDCFME_01870	Cell wall-active antibiotics response protein VraT
C1CCF0	PBPDCFME_01871	Isopentenyl-diphosphate delta-isomerase%2C FMN-dependent
A0A0U0GRP0	PBPDCFME_01872	Phosphomevalonate kinase
Q8DR50	PBPDCFME_01873	Diphosphomevalonate decarboxylase
C1C5C0	PBPDCFME_01874	Mevalonate kinase
A0A4J2FK19	PBPDCFME_01875	hypothetical protein
B2ILS1	PBPDCFME_01876	hypothetical protein
B2ILS0	PBPDCFME_01877	Macrolide-efflux protein
B2ILR9	PBPDCFME_01878	Choline-binding protein CbpF
B2ILR8	PBPDCFME_01879	Orphan response regulator RitR
A0A0T9HRS5	PBPDCFME_01880	6-phosphogluconate dehydrogenase%2C decarboxylating
A0AA95IJJ4	PBPDCFME_01881	Mid-cell-anchored protein Z
A0A4J1NHK2	PBPDCFME_01882	23S rRNA (guanine(2445)-N(2))-methyltransferase
	PBPDCFME_01883	RNaseP_bact_b
	PBPDCFME_01883	
B8ZL84	PBPDCFME_01884	Cell division protein GpsB
Q8DR58	PBPDCFME_01885	Hypothetical protein
H8ZYN7	PBPDCFME_01886	RecU Holliday junction resolvase
B2ILR1	PBPDCFME_01887	Multimodular transpeptidase-transglycosylase%2C penicillin-binding protein 1A
H8ZYM2	PBPDCFME_01888	Endo-alpha-N-acetylgalactosaminidase Eng
H8ZYK9	PBPDCFME_01889	Oligopeptide ABC transporter%2C periplasmic oligopeptide-binding protein AliA
	PBPDCFME_01890	Srn266
	PBPDCFME_01890	
C1CGD5	PBPDCFME_01891	IS1167 transposase
C1CGD6	PBPDCFME_01892	IS1167 transposase
Q8KWN9	PBPDCFME_01893	hypothetical protein
Q8KWP0	PBPDCFME_01894	UDP-glucose 6-dehydrogenase Cps2K
A0A4H9EX21	PBPDCFME_01895	hypothetical protein
A0A4H9EX21	PBPDCFME_01896	IS110 family transposase ISGka2
Q8KWP1	PBPDCFME_01897	hypothetical protein
Q8KWP2	PBPDCFME_01898	D-inositol-3-phosphate glycosyltransferase
Q8KWP3	PBPDCFME_01899	Teichuronic acid biosynthesis protein TuaB
Q8KWP4	PBPDCFME_01900	hypothetical protein
Q8KWP5	PBPDCFME_01901	hypothetical protein
Q8KWP6	PBPDCFME_01902	UDP-N-acetylglucosamine 2-epimerase
Q8KWP7	PBPDCFME_01903	Putative glycosyltransferase EpsF
Q8KWP8	PBPDCFME_01904	N-acetylglucosaminyldiphosphoundecaprenol N-acetyl-beta-D-mannosaminyltransferase
Q8KWP9	PBPDCFME_01905	Undecaprenyl-phosphate galactosephosphotransferase Cps2E
Q8KWQ0	PBPDCFME_01906	Tyrosine-protein kinase Cps2D
Q4K2H5	PBPDCFME_01907	Capsular biosynthesis protein Cps2C
Q8KWQ2	PBPDCFME_01908	Tyrosine-protein phosphatase Cps2B
Q8KWQ3	PBPDCFME_01909	Exopolysaccharide biosynthesis transcriptional regulator Cps2A
A0A4J1VSX9	PBPDCFME_01910	IS630 family transposase IS630-Spn1
Q8CZ69	PBPDCFME_01911	S-ribosylhomocysteinase
A0AA86XXS9	PBPDCFME_01912	Glucan 1%2C6-alpha-glucosidase
A0A4J1V132	PBPDCFME_01913	ATP-dependent Zn protease
Q04MC2	PBPDCFME_01914	Bifunctional S-ribosylhomocysteine lyase/autoinducer-2 production protein LuxS
A0A4G4F412	PBPDCFME_01915	hypothetical protein
	PBPDCFME_01916	group-II-D1D4-3
	PBPDCFME_01916	
A0A4J1UQE6	PBPDCFME_01917	Putative ATP-dependent Clp proteinase ATP-binding subunit ClpL
A0A916L5K8	PBPDCFME_01918	Putative ATP-dependent Clp proteinase ATP-binding subunit ClpL
A0A4J2BV21	PBPDCFME_01919	Phospho-N-acetylmuramoyl-pentapeptide- transferase
Q9RES8	PBPDCFME_01920	Penicillin-binding protein 2X
Q8DR70	PBPDCFME_01921	Cell division protein FtsL
H8ZYQ0	PBPDCFME_01922	16S rRNA (cytosine(1402)-N(4))-methyltransferase MraW
B2ISQ1	PBPDCFME_01923	Transcriptional regulator%2C PbsX family
Q8CZ72	PBPDCFME_01924	Hypothetical protein
C1CCA5	PBPDCFME_01925	hypothetical protein
C1CCA4	PBPDCFME_01926	Transcriptional regulator RegR
B2ISP8	PBPDCFME_01927	Oligohyaluronate lyase
Q8DR73	PBPDCFME_01928	Preprotein translocase subunit YajC
C1CBA4	PBPDCFME_01929	Hyaluronate-oligosaccharide-specific PTS IID component
Q8DR75	PBPDCFME_01930	Hyaluronate-oligosaccharide-specific PTS IIC component
A0A4M6D2F1	PBPDCFME_01931	Hyaluronate-oligosaccharide-specific PTS IIB component
A0A4J2BZH8	PBPDCFME_01932	Unsaturated chondroitin disaccharide hydrolase
Q8DR78	PBPDCFME_01933	Hyaluronate-oligosaccharide-specific PTS IIA component
Q8DR79	PBPDCFME_01934	2-deoxy-D-gluconate 3-dehydrogenase
C1CB98	PBPDCFME_01935	Putative 4-deoxy-L-threo-5-hexosulose-uronate ketol-isomerase
B2ISN9	PBPDCFME_01936	2-dehydro-3-deoxygluconokinase
C1CC93	PBPDCFME_01937	Bifunctional 4-hydroxy-2-oxoglutarate aldolase/2-dehydro-3-deoxyphosphogluconate aldolase
A0A4J1RX59	PBPDCFME_01938	IS200/IS605 family transposase ISStin10
M4Y9A8	PBPDCFME_01939	Hyaluronate lyase precursor SpnHL
B1I935	PBPDCFME_01940	Glutathione peroxidase family protein
	PBPDCFME_01941	SpF11_sRNA
	PBPDCFME_01941	
A0A4J2BZE1	PBPDCFME_01942	Maltodextrin glucosidase
Q8DNZ4	PBPDCFME_01943	IS3 family transposase ISSpn11
A0A4J1VX80	PBPDCFME_01944	IS3 family transposase ISSpn11
A0A0U0HBS4	PBPDCFME_01945	hypothetical protein
Q8CWU4	PBPDCFME_01946	SSU ribosomal protein S9p (S16e)
Q8CWU5	PBPDCFME_01947	LSU ribosomal protein L13p (L13Ae)
	PBPDCFME_01948	L13_leader
	PBPDCFME_01948	
Q8CZ79	PBPDCFME_01949	Hypothetical protein
	PBPDCFME_01950	Srn266
	PBPDCFME_01950	
A0A6I3U6U1	PBPDCFME_01951	IS1167 transposase
A0AA86J9Z1	PBPDCFME_01952	Bifunctional dihydroneopterin aldolase/2-amino-4-hydroxy-6-hydroxymethyldihydropteridine pyrophosphokinase
C1CIH2	PBPDCFME_01953	GTP cyclohydrolase I type 1
A0A0E9GVA6	PBPDCFME_01954	Bifunctional dihydrofolate synthase/folylpolyglutamate synthase
A0A0B4ZIS6	PBPDCFME_01955	Dihydropteroate synthase
A0AAE4FYI9	PBPDCFME_01956	Membrane-bound protease%2C CAAX family
B1I913	PBPDCFME_01957	Guanine-hypoxanthine permease
B2ISL4	PBPDCFME_01958	Hydrolase%2C HAD superfamily
A0A0B7LJS1	PBPDCFME_01959	Alcohol dehydrogenase
C1CB58	PBPDCFME_01960	Mannose-specific PTS IIAB components
Q8DR98	PBPDCFME_01961	Mannose-specific PTS IIC component
Q8DR99	PBPDCFME_01962	Mannose-specific PTS IID component
Q8DRA0	PBPDCFME_01963	Aminopeptidase C
A0AA86JVZ5	PBPDCFME_01964	Ribosomal small subunit pseudouridine synthase A
Q8DRA2	PBPDCFME_01965	Membrane protein
C1CC67	PBPDCFME_01966	Aminopeptidase PepS
C1CC66	PBPDCFME_01967	Hypothetical protein
Q8DRA4	PBPDCFME_01968	mRNA interferase RelE1
Q8CZ81	PBPDCFME_01969	Antitoxin RelB1
A0AA86JEM2	PBPDCFME_01970	DNA polymerase III
	PBPDCFME_01971	Srn266
	PBPDCFME_01971	
A0A6I3U6U1	PBPDCFME_01972	IS1167 transposase
C1CPE5	PBPDCFME_01973	Translation elongation factor G
Q8CWU6	PBPDCFME_01974	SSU ribosomal protein S7p (S5e)
E2DP60	PBPDCFME_01975	SSU ribosomal protein S12p (S23e)
A0AA86MCW0	PBPDCFME_01976	Pullulanase SpuA
A0AA86J856	PBPDCFME_01977	IS1167 transposase
	PBPDCFME_01978	Srn266
	PBPDCFME_01978	
B2ISJ2	PBPDCFME_01979	Oxidoreductase
A0AA86JUT9	PBPDCFME_01980	Glucosamine--fructose-6-phosphate aminotransferase
A0AA86JQS7	PBPDCFME_01981	6-phospho-beta-glucosidase
A0AA86JHF0	PBPDCFME_01982	Prolyl-tRNA synthetase
Q8DRB1	PBPDCFME_01983	Intramembrane protease Eep
C1CB37	PBPDCFME_01984	Phosphatidate cytidylyltransferase
Q8DRB3	PBPDCFME_01985	Undecaprenyl diphosphate synthase
	PBPDCFME_01986	csRNA
	PBPDCFME_01986	
A0A0T8C549	PBPDCFME_01987	Hypothetical protein
A0A0B7LYW5	PBPDCFME_01988	Hypothetical protein
Q8CWU7	PBPDCFME_01989	Holliday junction DNA helicase RuvB
	PBPDCFME_01990	csRNA
	PBPDCFME_01990	
	PBPDCFME_01991	csRNA
	PBPDCFME_01991	
A0A380LRV0	PBPDCFME_01992	Acetyltransferase%2C GNAT family
A0AA86MNV8	PBPDCFME_01993	Acetyltransferase%2C GNAT family
A0AA86MIY7	PBPDCFME_01994	Leucyl-tRNA synthetase
Q8DRB7	PBPDCFME_01995	Glycerol dehydrogenase
Q97SS2	PBPDCFME_01996	Transaldolase
C1CC44	PBPDCFME_01997	Pyruvate formate-lyase
A0AA86JUT0	PBPDCFME_01998	Cellobiose-specific PTS IIC component
Q8DRC1	PBPDCFME_01999	Cellobiose-specific PTS IIB component
C1CC41	PBPDCFME_02000	Cellobiose-specific PTS IIA component
Q8DRC3	PBPDCFME_02001	Transcriptional regulator
C1CB23	PBPDCFME_02002	Transcriptional regulator%2C DeoR family
C1CAP6	PBPDCFME_02003	Pyruvate formate-lyase activating enzyme
A0A064C2Y1	PBPDCFME_02004	putative protein
A0A0B7M5G4	PBPDCFME_02005	hypothetical protein
A0AA86MBY9	PBPDCFME_02006	Ferric iron ABC transporter ATP-binding protein
B2ISG7	PBPDCFME_02007	Ferric iron ABC transporter ATP-binding protein
A0AA86MNV4	PBPDCFME_02008	Iron(III)-transport system permease protein SfuB
A0AA86MIY3	PBPDCFME_02009	Iron(III)-transport system permease protein SfuB
B1I8M8	PBPDCFME_02010	Phosphoglycerate mutase family protein
	PBPDCFME_02011	csRNA
	PBPDCFME_02011	
Q8DRD2	PBPDCFME_02012	hypothetical protein
C1CC34	PBPDCFME_02013	ACT domain-containing transcriptional regulator
	PBPDCFME_02014	L17DE
	PBPDCFME_02014	
Q8CWU8	PBPDCFME_02015	LSU ribosomal protein L17p
Q04ML1	PBPDCFME_02016	DNA-directed RNA polymerase alpha subunit
Q04ML2	PBPDCFME_02017	SSU ribosomal protein S11p (S14e)
Q04ML3	PBPDCFME_02018	SSU ribosomal protein S13p (S18e)
P0A496	PBPDCFME_02019	LSU ribosomal protein L36p
Q04ML4	PBPDCFME_02020	Translation initiation factor 1
Q97SU1	PBPDCFME_02021	Adenylate kinase
Q8DRD5	PBPDCFME_02022	Protein translocase subunit SecY
Q97SU3	PBPDCFME_02023	LSU ribosomal protein L15p (L27Ae)
Q97SU4	PBPDCFME_02024	LSU ribosomal protein L30p (L7e)
Q04ML9	PBPDCFME_02025	SSU ribosomal protein S5p (S2e)
Q97SU6	PBPDCFME_02026	LSU ribosomal protein L18p (L5e)
B8ZKP5	PBPDCFME_02027	LSU ribosomal protein L6p (L9e)
B5E6G9	PBPDCFME_02028	SSU ribosomal protein S8p (S15Ae)
Q04MM3	PBPDCFME_02029	SSU ribosomal protein S14p (S29e)
Q97SV1	PBPDCFME_02030	LSU ribosomal protein L5p (L11e)
Q04MM5	PBPDCFME_02031	LSU ribosomal protein L24p (L26e)
Q04MM6	PBPDCFME_02032	LSU ribosomal protein L14p (L23e)
Q04MM7	PBPDCFME_02033	SSU ribosomal protein S17p (S11e)
A0A0B7M1U7	PBPDCFME_02034	LSU ribosomal protein L29p (L35e)
Q04MM9	PBPDCFME_02035	LSU ribosomal protein L16p (L10e)
Q04MN0	PBPDCFME_02036	SSU ribosomal protein S3p (S3e)
Q04MN1	PBPDCFME_02037	LSU ribosomal protein L22p (L17e)
Q04MN2	PBPDCFME_02038	SSU ribosomal protein S19p (S15e)
Q97SV2	PBPDCFME_02039	LSU ribosomal protein L2p (L8e)
Q97SV3	PBPDCFME_02040	LSU ribosomal protein L23p (L23Ae)
Q8CWV7	PBPDCFME_02041	LSU ribosomal protein L4p (L1e)
Q97SV5	PBPDCFME_02042	LSU ribosomal protein L3p (L3e)
Q04MN7	PBPDCFME_02043	SSU ribosomal protein S10p (S20e)
A0AA86JA44	PBPDCFME_02044	Hypothetical protein
A0A0B7M7N8	PBPDCFME_02045	Ribonucleotide reductase of class III%2C activating protein
A0A380LT78	PBPDCFME_02046	Acetyltransferase
C1CC00	PBPDCFME_02047	Ribonucleotide reductase of class III%2C large subunit
A0A0H2ZMA6	PBPDCFME_02048	Competence-damage induced protein
A0AA86JA97	PBPDCFME_02049	Hypothetical protein
Q8DRD9	PBPDCFME_02050	Cardiolipin synthetase
A0A0T8LR20	PBPDCFME_02051	Hypothetical protein
A0A9P1LVP1	PBPDCFME_02052	Bifunctional dihydrofolate synthase/folylpolyglutamate synthase
Q97SX0	PBPDCFME_02053	Hypothetical protein
Q8DRE2	PBPDCFME_02054	Putative pre-16S rRNA nuclease YqgF
Q97SX1	PBPDCFME_02055	Hypothetical protein
A0AA86MIW9	PBPDCFME_02056	Hypothetical protein
Q8DRE3	PBPDCFME_02057	Transcriptional regulator SpxA2
A0A0B7KMV3	PBPDCFME_02058	MP-%2CMA-%2CMS-%2CAP-%2CNP-specific aminopeptidase YpdF
A0AA86JA34	PBPDCFME_02059	Excinuclease ABC subunit A UvrA
Q8DRE5	PBPDCFME_02060	Magnesium and cobalt transport protein CorA1
A0A064C1E4	PBPDCFME_02061	Integral membrane protein
A0A9P1PGS6	PBPDCFME_02062	Muramoyltetrapeptide carboxypeptidase
A0A0T8RH17	PBPDCFME_02063	CAAX amino terminal protease family protein
A0AA86JA89	PBPDCFME_02064	DNA-3-methyladenine glycosylase
Q97SY4	PBPDCFME_02065	Holliday junction DNA helicase RuvA
	PBPDCFME_02066	FMN
	PBPDCFME_02066	
A0A380LX39	PBPDCFME_02067	Bifunctional diaminohydroxyphosphoribosylaminopyrimidine deaminase/5-amino-6-(5-phosphoribosylamino)uracil reductase RibD
B2IS13	PBPDCFME_02068	Riboflavin synthase RibE
C1CAI6	PBPDCFME_02069	Bifunctional 3%2C4-dihydroxy-2-butanone 4-phosphate synthase/GTP cyclohydrolase II RibB
Q04MR3	PBPDCFME_02070	6%2C7-dimethyl-8-ribityllumazine synthase RibH
Q04MR4	PBPDCFME_02071	DNA mismatch repair protein HexB
A0A0H2UNA2	PBPDCFME_02072	DNA-binding protein
Q8CZ92	PBPDCFME_02073	Hypothetical protein
A0AA86JTT7	PBPDCFME_02074	NRAMP family Mn2+/Fe2+ transporter
Q97T03	PBPDCFME_02075	Ribonucleotide reduction protein NrdI
C1CBX3	PBPDCFME_02076	Hypothetical protein
A0A380LX30	PBPDCFME_02077	Two-component system response regulator
A0AA86MIC7	PBPDCFME_02078	Two-component system sensor histidine kinase
A0A4M2GWZ0	PBPDCFME_02079	Hypothetical protein
C1CBW9	PBPDCFME_02080	Substrate-specific component of putative ECF transporter
C1CAH3	PBPDCFME_02081	Methionine ABC transporter permease protein
C1CAH2	PBPDCFME_02082	Methionine ABC transporter ATP-binding protein
B1I8D7	PBPDCFME_02083	N-acyl-L-amino acid amidohydrolase
C1CBW5	PBPDCFME_02084	Methionine ABC transporter substrate-binding protein
C1CBW4	PBPDCFME_02085	Cysteine ABC transporter substrate-binding protein
A0AA86J784	PBPDCFME_02086	hypothetical protein
B1I8D3	PBPDCFME_02087	hypothetical protein
C1CBW1	PBPDCFME_02088	Macrolide-efflux protein
C1CBW0	PBPDCFME_02089	Hypothetical protein
C1CBV9	PBPDCFME_02090	hypothetical protein
C1CBV8	PBPDCFME_02091	Positive transcriptional regulator%2C MutR family
C1CBV7	PBPDCFME_02092	UDP-glucose 6-dehydrogenase
A0AA86MN21	PBPDCFME_02093	Hypothetical protein
A0A4N3QCD2	PBPDCFME_02094	Asparagine synthetase
A0AA86MBH0	PBPDCFME_02095	ABC transporter ATP-binding protein
A0AA86JHX5	PBPDCFME_02096	Family 2 glycosyltransferase
A0A098ZKN5	PBPDCFME_02097	Exopolysaccharide biosynthesis glycosyltransferase EpsF
A0AA86J7R1	PBPDCFME_02098	Exopolysaccharide biosynthesis glycosyltransferase EpsF
	PBPDCFME_02099	Srn266
	PBPDCFME_02099	
A0AA36PIF3	PBPDCFME_02100	IS1167 transposase
A0A0E7ZP93	PBPDCFME_02101	IS1167 transposase Orf2
A0A064BZS6	PBPDCFME_02102	N(6)-L-threonylcarbamoyladenine synthase TsaD
A0A4M2GUW6	PBPDCFME_02103	Ribosomal-protein-S18p-alanine acetyltransferase
A0AA86JTV3	PBPDCFME_02104	tRNA threonylcarbamoyladenosine biosynthesis protein TsaB
Q8CZA0	PBPDCFME_02105	Two-peptide bacteriocin peptide CibA
A0A0B7LRV1	PBPDCFME_02106	Two-peptide bacteriocin peptide CibB
A0A0E8GNB1	PBPDCFME_02107	hypothetical protein
C1CBU5	PBPDCFME_02108	Hypothetical protein
A0A0E8HAF7	PBPDCFME_02109	Ribonuclease J1 (endonuclease and 5' exonuclease)
C1CBU2	PBPDCFME_02110	tRNA uridine 5-carboxymethylaminomethyl modification enzyme MnmG
A0AA86MBH5	PBPDCFME_02111	MutT/Nudix family protein
	PBPDCFME_02112	Spd-sr37
	PBPDCFME_02112	
A0A0B7MBM1	PBPDCFME_02113	tRNA-specific 2-thiouridylase MnmA
A0A1W6AZ71	PBPDCFME_02114	hypothetical protein
A0A6B9PEJ2	PBPDCFME_02115	hypothetical protein
	PBPDCFME_02116	Bacilli-1
	PBPDCFME_02116	
	PBPDCFME_02117	SpF03_sRNA
	PBPDCFME_02117	
A0A4J1QTX9	PBPDCFME_02118	Pyridoxamine 5'-phosphate oxidase
A0AA86JG75	PBPDCFME_02119	Hypothetical protein
A0AA86JPQ8	PBPDCFME_02120	Hypothetical protein
A0AA86JTV8	PBPDCFME_02121	Hypothetical protein
C1CAE0	PBPDCFME_02122	Hypothetical protein
A0AA86JC99	PBPDCFME_02123	Hypothetical protein
A0AA86MJC1	PBPDCFME_02124	Hypothetical protein
A0A6B9PW06	PBPDCFME_02125	hypothetical protein
C1CAD6	PBPDCFME_02126	Hypothetical protein
A0A6B9PEM4	PBPDCFME_02127	Hypothetical protein
A0AA86MBH9	PBPDCFME_02128	Hypothetical protein
A0A6I3VBQ6	PBPDCFME_02129	Hypothetical protein
A0A6B9PSK9	PBPDCFME_02130	hypothetical protein
A0A6B9PN26	PBPDCFME_02131	HlyD family secretion protein
C1CBT2	PBPDCFME_02132	Hypothetical protein
A0A6B9PR72	PBPDCFME_02133	Competence-stimulating peptide ABC transporter ATP-binding protein ComA
A0A6B9PEJ4	PBPDCFME_02134	Hypothetical protein
	PBPDCFME_02135	Bacilli-1
	PBPDCFME_02135	
A0A0T8WRQ4	PBPDCFME_02136	Argininosuccinate lyase
A0A111CNU4	PBPDCFME_02137	Argininosuccinate synthase
B2IRI9	PBPDCFME_02138	Amino acid ABC transporter substrate-binding/permease protein
A0A0H2UMZ2	PBPDCFME_02139	ABC transporter ATP-binding protein
C1CAC4	PBPDCFME_02140	Amino acid ABC transporter membrane-spanning permease
C1CAC3	PBPDCFME_02141	Putative bacteriocin
A0A0B7LLH3	PBPDCFME_02142	Aggregation-promoting factor
Q8DRI9	PBPDCFME_02143	L-serine dehydratase%2C beta subunit
B1I804	PBPDCFME_02144	L-serine dehydratase%2C alpha subunit
C1CBS0	PBPDCFME_02145	Phosphoglycolate phosphatase
A0AA86JC06	PBPDCFME_02146	Putative UDP-GlcNAc 4%2C6-dehydratase AatA
A0AA86J7X2	PBPDCFME_02147	Glycosyltransferase%2C group 2 family
C1CBR7	PBPDCFME_02148	Cyanate permease
Q8DRJ5	PBPDCFME_02149	Transcriptional regulator%2C PadR family
A0A0E8P7P5	PBPDCFME_02150	Integral membrane protein (putative)
A0A0E8ASI8	PBPDCFME_02151	Putative membrane-associated protein
A0AA86JTX5	PBPDCFME_02152	Putative membrane protein
A0AA86J915	PBPDCFME_02153	tRNA (5-methylaminomethyl-2-thiouridylate)-methyltransferase
C1CHZ8	PBPDCFME_02154	hypothetical protein
A0AA86MJD1	PBPDCFME_02155	ABC transporter substrate-binding protein
B2IRG9	PBPDCFME_02156	ABC transporter permease protein
Q8DRJ8	PBPDCFME_02157	Multiple sugar ABC transporter%2C membrane-spanning permease protein
A0AA86XNR3	PBPDCFME_02158	Hypothetical protein
A0A0B7LLV1	PBPDCFME_02159	Hypothetical protein
	PBPDCFME_02160	SpF01_sRNA
	PBPDCFME_02160	
Q04MZ3	PBPDCFME_02161	SSU ribosomal protein S4p (S9e)
C1C9Y4	PBPDCFME_02162	Two-component system sensor histidine kinase
B2IRG2	PBPDCFME_02163	Two-component system response regulator
A0AA86J9D5	PBPDCFME_02164	Cell wall surface anchor family protein PavB
A0AA86J7D6	PBPDCFME_02165	hypothetical protein
A0AA86JGA2	PBPDCFME_02166	hypothetical protein
A0AA86JPS9	PBPDCFME_02167	Hypothetical protein
Q8DRK4	PBPDCFME_02168	Trk family potassium uptake protein CabP
Q8DRK5	PBPDCFME_02169	Trk family potassium uptake protein
A0AA86JCD0	PBPDCFME_02170	hypothetical protein
A0A0B7LLH2	PBPDCFME_02171	Uridine phosphorylase
B2IRF1	PBPDCFME_02172	Sulfurtransferase
A0A4H9FXZ8	PBPDCFME_02173	hypothetical protein
A0A0U0FRM0	PBPDCFME_02174	Hypothetical protein
A0A380LQ48	PBPDCFME_02175	Glyoxalase family protein
A0A0B7MES2	PBPDCFME_02176	Aldose 1-epimerase
A0A0I7WL36	PBPDCFME_02177	Galactosamine-6-phosphate isomerase
Q8DRL0	PBPDCFME_02178	Galactosamine-specific PTS IIA component
B2IRE5	PBPDCFME_02179	Galactosamine-specific PTS IID component
C1CBN7	PBPDCFME_02180	Galactosamine-specific PTS IIC component
Q8DRL3	PBPDCFME_02181	Galactosamine-specific PTS IIB component
A0A0E8SV91	PBPDCFME_02182	Beta-galactosidase
A0A0H2UMU7	PBPDCFME_02183	Transcriptional regulator%2C GntR family
A0AA86J937	PBPDCFME_02184	Beta-hexosaminidase StrH
C1C9W0	PBPDCFME_02185	Adenylosuccinate lyase
C1C9V9	PBPDCFME_02186	Hypothetical protein
A0AA86MIG3	PBPDCFME_02187	N5-carboxyaminoimidazole ribonucleotide synthase
A0A2R2HVK4	PBPDCFME_02188	N5-carboxyaminoimidazole ribonucleotide mutase
A0A2R2HVG7	PBPDCFME_02189	Phosphoribosylamine--glycine ligase
A0A0U0DBA4	PBPDCFME_02190	Bifunctional inosine monophosphate cyclohydrolase/phosphoribosylaminoimidazolecarboxamide formyltransferase
Q8DRM2	PBPDCFME_02191	Teicoplanin resistance protein VanZ
Q8DRM3	PBPDCFME_02192	Phosphoribosylglycinamide formyltransferase
A0A062WPB5	PBPDCFME_02193	Phosphoribosylformylglycinamidine cyclo-ligase
A0A0E8P8H6	PBPDCFME_02194	Amidophosphoribosyltransferase
A0AA86J7F0	PBPDCFME_02195	Phosphoribosylformylglycinamidine synthase%2C synthetase and glutamine amidotransferase subunits
A0A558ZGD3	PBPDCFME_02196	Phosphoribosylaminoimidazole-succinocarboxamide synthase
A0AA86JPU3	PBPDCFME_02197	Competence-stimulating peptide ABC transporter permease protein ComB
A0AA86JU05	PBPDCFME_02198	Competence-stimulating peptide ABC transporter ATP-binding protein ComA
C1CHE5	PBPDCFME_02199	hypothetical protein
C1CHE4	PBPDCFME_02200	ABC transporter ATP-binding protein
A0A0B7LY35	PBPDCFME_02201	hypothetical protein
C1CHE2	PBPDCFME_02202	hypothetical protein
C1CHE1	PBPDCFME_02203	hypothetical protein
C1CHE0	PBPDCFME_02204	Transcriptional regulator
C1CHD8	PBPDCFME_02205	Hypothetical protein
Q9FBG9	PBPDCFME_02206	Bacteriocin BlpU
A0AA86JC47	PBPDCFME_02207	IS1381 transposase OrfB
Q9F7T4	PBPDCFME_02208	Acyl carrier protein
A0AA86J9G3	PBPDCFME_02209	Phosphate:acyl-ACP acyltransferase PlsX
A0A0T7YPJ9	PBPDCFME_02210	DNA recombination and repair protein RecO
A0A0B7M3R1	PBPDCFME_02211	N-acetyl-L%2CL-diaminopimelate aminotransferase
A0A0T8MW21	PBPDCFME_02212	Putative membrane protein YeiH
A0A4J1TGD8	PBPDCFME_02213	Hypothetical protein
Q8DRN7	PBPDCFME_02214	CoA-binding protein
A0AA86JCG8	PBPDCFME_02215	DNA polymerase I
A0A0B7M9C2	PBPDCFME_02216	hypothetical protein
A0A380LQ33	PBPDCFME_02217	hypothetical protein
	PBPDCFME_02218	Srn266
	PBPDCFME_02218	
A0A0U0IDH7	PBPDCFME_02219	hypothetical protein
B2IR17	PBPDCFME_02220	Ribose-phosphate pyrophosphokinase
A0A380LS08	PBPDCFME_02221	hypothetical protein
C1CHC1	PBPDCFME_02222	Carbonic anhydrase
A0A380LRC9	PBPDCFME_02223	DNA repair protein RadA
Q8DRP1	PBPDCFME_02224	Hypothetical protein
Q8DRP2	PBPDCFME_02225	Deoxyuridine 5'-triphosphate nucleotidohydrolase
	PBPDCFME_02226	Bacteria_small_SRP
	PBPDCFME_02226	
C1CHA2	PBPDCFME_02227	tRNA-specific adenosine-34 deaminase
A0A0B7M596	PBPDCFME_02228	hypothetical protein
C1CHB7	PBPDCFME_02229	hypothetical protein
A0A4M3JVJ3	PBPDCFME_02230	Autolysin/N-acetylmuramoyl-L-alanine amidase LytA
A0A0Y0H6W4	PBPDCFME_02231	hypothetical protein
B1I7B7	PBPDCFME_02232	hypothetical protein
B1I7B6	PBPDCFME_02233	hypothetical protein
C1C9R2	PBPDCFME_02234	hypothetical protein
A0A6I3UVI7	PBPDCFME_02235	hypothetical protein
C1C9R0	PBPDCFME_02236	hypothetical protein
A0A6I3UWK6	PBPDCFME_02237	hypothetical protein
A0A0I6W3N5	PBPDCFME_02238	hypothetical protein
A0AA86JBP1	PBPDCFME_02239	hypothetical protein
A0A0I7G094	PBPDCFME_02240	hypothetical protein
A0A654XLK3	PBPDCFME_02241	hypothetical protein
A0A0I7AKQ1	PBPDCFME_02242	hypothetical protein
A0A654XIU8	PBPDCFME_02243	hypothetical protein
A0A4V0JIW7	PBPDCFME_02244	hypothetical protein
A0A654XNH9	PBPDCFME_02245	hypothetical protein
A0A0I6VEC4	PBPDCFME_02246	hypothetical protein
A0A6I3UP36	PBPDCFME_02247	hypothetical protein
A0A0I8DG17	PBPDCFME_02248	ATP-dependent Clp protease proteolytic subunit
A0A6I3UTD3	PBPDCFME_02249	hypothetical protein
A0A0I6WCG8	PBPDCFME_02250	hypothetical protein
A0A0I7G3K4	PBPDCFME_02251	hypothetical protein
A0A0I6XPX1	PBPDCFME_02252	hypothetical protein
A0A6I3UVB0	PBPDCFME_02253	Tyrosine recombinase XerC
A0A0I6QC24	PBPDCFME_02254	hypothetical protein
A0A6I3UV99	PBPDCFME_02255	hypothetical protein
A0A0B7LXT3	PBPDCFME_02256	hypothetical protein
A0A6I3UWI0	PBPDCFME_02257	IS1595 family transposase ISCco3
A0A6I3UTC7	PBPDCFME_02258	hypothetical protein
A0A6I3UR51	PBPDCFME_02259	hypothetical protein
A0A6I3UVT3	PBPDCFME_02260	hypothetical protein
A0A6I3UQX6	PBPDCFME_02261	hypothetical protein
A0A098ANN2	PBPDCFME_02262	hypothetical protein
A0A0U0A5Q3	PBPDCFME_02263	hypothetical protein
B1I794	PBPDCFME_02264	hypothetical protein
A0A6I3UW31	PBPDCFME_02265	hypothetical protein
A0A4J4YU91	PBPDCFME_02266	hypothetical protein
A0A098ANK1	PBPDCFME_02267	hypothetical protein
A0A655GM31	PBPDCFME_02268	hypothetical protein
A0A6I3UWG9	PBPDCFME_02269	hypothetical protein
A0A6I3UTC0	PBPDCFME_02270	hypothetical protein
A0A0D6J557	PBPDCFME_02271	hypothetical protein
A0A6I3UVS2	PBPDCFME_02272	hypothetical protein
C1C9M1	PBPDCFME_02273	hypothetical protein
A0A0I6TQM1	PBPDCFME_02274	hypothetical protein
A0A098ANJ8	PBPDCFME_02275	hypothetical protein
A0A0I7D8K4	PBPDCFME_02276	hypothetical protein
A0AA86JB05	PBPDCFME_02277	hypothetical protein
A0A0I7X892	PBPDCFME_02278	hypothetical protein
A0A0I6XKC5	PBPDCFME_02279	hypothetical protein
A0A6I3UV79	PBPDCFME_02280	3'-5' exonuclease DinG
A0A0B7M300	PBPDCFME_02281	Tyrosine recombinase XerC
	PBPDCFME_02282	csRNA
	PBPDCFME_02282	
C1CHA1	PBPDCFME_02283	Adenylosuccinate synthetase
Q8CZD0	PBPDCFME_02284	Competence positive regulator ComW
A0A0U0G4G7	PBPDCFME_02285	IS1167 transposase Orf1
A0A0T8WNF8	PBPDCFME_02286	IS1167 transposase Orf2
	PBPDCFME_02287	tRNA-Asn(gtt)
	PBPDCFME_02287	
	PBPDCFME_02288	5S ribosomal RNA
	PBPDCFME_02288	
	PBPDCFME_02289	23S ribosomal RNA
	PBPDCFME_02289	
	PBPDCFME_02290	tRNA-Ala(tgc)
	PBPDCFME_02290	
	PBPDCFME_02291	16S ribosomal RNA
	PBPDCFME_02291	
	PBPDCFME_02292	tRNA-Glu(ttc)
	PBPDCFME_02292	
B2IMI0	PBPDCFME_02293	Competence-specific sigma factor ComX
A0A380LQ46	PBPDCFME_02294	Cell division protein FtsH
Q97TC4	PBPDCFME_02295	Hypoxanthine-guanine phosphoribosyltransferase
C1CNP4	PBPDCFME_02296	tRNA(Ile)-lysidine synthetase TilS
C1C991	PBPDCFME_02297	Hypothetical protein
C1CH89	PBPDCFME_02298	Hypothetical protein
Q8CZD2	PBPDCFME_02299	Cell division protein DivIC
P64406	PBPDCFME_02300	Ribosome-associated heat shock protein
A0AA86JE99	PBPDCFME_02301	Transcription-repair coupling factor
Q97TD1	PBPDCFME_02302	Peptidyl-tRNA hydrolase
Q8DRQ3	PBPDCFME_02303	GTP-binding and nucleic acid-binding protein YchF
A0A098AN02	PBPDCFME_02304	Tyrosine recombinase XerC
A0A064BWS5	PBPDCFME_02305	hypothetical protein
A0A098Z9Y5	PBPDCFME_02306	hypothetical protein
