uniprot	locus_tag	product
B2IQZ0	KANOAJAN_00001	DNA polymerase III beta subunit
Q8DRQ4	KANOAJAN_00002	Chromosomal replication initiator protein DnaA
A0A0Y4CTS2	KANOAJAN_00003	Chromosome partitioning protein ParB
B2IP00	KANOAJAN_00004	Serine protease%2C DegP/HtrA
Q04HU2	KANOAJAN_00005	23S rRNA (pseudouridine(1915)-N(3))-methyltransferase
	KANOAJAN_00006	tRNA-Arg(tct)
Q5QIA8	KANOAJAN_00007	Competence-stimulating peptide precursor ComC
Q8DMW4	KANOAJAN_00008	Two-component system sensor histidine kinase ComD
Q8DMW5	KANOAJAN_00009	Two-component system response regulator ComE
	KANOAJAN_00010	tRNA-Glu(ttc)
	KANOAJAN_00011	tRNA-Asn(gtt)
Q8DMW6	KANOAJAN_00012	Transcriptional regulator%2C AcrR family
B2INQ0	KANOAJAN_00013	hypothetical protein
B2INP9	KANOAJAN_00014	hypothetical protein
B2INP8	KANOAJAN_00015	ABC transporter%2C permease protein
Q8DMX1	KANOAJAN_00016	ABC transporter%2C ATP-binding protein
C1CHM8	KANOAJAN_00017	Tryptophanyl-tRNA synthetase
Q8DMX2	KANOAJAN_00018	Inosine-5'-monophosphate dehydrogenase
Q97N44	KANOAJAN_00019	DNA recombination and repair protein RecF
Q8DMX4	KANOAJAN_00020	Hypothetical protein
B2INP2	KANOAJAN_00021	Zinc protease
B2INP1	KANOAJAN_00022	Peptidase%2C M16 family
C1CBK0	KANOAJAN_00023	Transcriptional regulator
B2INN9	KANOAJAN_00024	CDP-diacylglycerol--glycerol-3-phosphate 3-phosphatidyltransferase
C1CHM0	KANOAJAN_00025	ATPase component of general energizing module of ECF transporter
Q97N51	KANOAJAN_00026	ATPase component of general energizing module of ECF transporter
Q8DMY1	KANOAJAN_00027	Transmembrane component of general energizing module of ECF transporter
C1CHL7	KANOAJAN_00028	Cell shape-determining protein MreC
C1CHL6	KANOAJAN_00029	Cell shape-determining protein MreD
C1CHL5	KANOAJAN_00030	Secreted antigen GbpB/SagA/PcsB%2C putative peptidoglycan hydrolase
A0AA95IKA0	KANOAJAN_00031	SSU ribosomal protein S2p (SAe)
Q04HW4	KANOAJAN_00032	Translation elongation factor Ts
	KANOAJAN_00033	SpF51_sRNA
B2INN0	KANOAJAN_00034	IS66 family transposase Orf2
A0AA87C5P0	KANOAJAN_00035	IS630 family transposase ISSpn2
B2INM9	KANOAJAN_00036	hypothetical protein
Q8DMY8	KANOAJAN_00037	Cysteine synthase
B2INM7	KANOAJAN_00038	Protein co-occurring with transport systems
C1CBI5	KANOAJAN_00039	DNA transporter ATPase%2C ComF operon protein A
B2INM5	KANOAJAN_00040	Phosphoribosyltransferase domain protein%2C ComF operon protein C
C1CHK5	KANOAJAN_00041	Ribosome hibernation promotion factor%2C long form
B2INM3	KANOAJAN_00042	DHH family phosphoesterase Pde1
Q04HX2	KANOAJAN_00043	LSU ribosomal protein L9p
Q8DMZ2	KANOAJAN_00044	Replicative DNA helicase DnaC
Q8DMZ3	KANOAJAN_00045	Hypothetical protein
B2INL9	KANOAJAN_00046	Choline-binding protein D
	KANOAJAN_00047	TPP
Q8DMZ5	KANOAJAN_00048	Cytoplasmic thiamin-binding component of thiamin ABC transporter
A0A237KAV3	KANOAJAN_00049	Thiamin ABC transporter ThiX%2C transmembrane component
Q8DMZ7	KANOAJAN_00050	Thiamin ABC transporter ThiY%2C substrate-binding component
A0A0E8KYV0	KANOAJAN_00051	Thiamin ABC transporter ThiZ%2C ATPase component
C1CHJ5	KANOAJAN_00052	Transcriptional regulator CtsR
A0A0H2USJ7	KANOAJAN_00053	ATP-dependent Clp protease ATP-binding subunit ClpC
C1CHJ3	KANOAJAN_00054	Two-component system response regulator
C1CBG8	KANOAJAN_00055	Two-component system sensor histidine kinase
Q8DN04	KANOAJAN_00056	Rhomboid family integral membrane protein
Q9RQT6	KANOAJAN_00057	Choline-binding protein A
A0A4J2GV79	KANOAJAN_00058	IS1167 transposase
	KANOAJAN_00059	Srn266
A0A4J2H157	KANOAJAN_00060	hypothetical protein
B1I9Z9	KANOAJAN_00061	tRNA dihydrouridine synthase B
A0A0T8BBP7	KANOAJAN_00062	Chaperonin%2C heat shock protein 33
A0A6G2DB62	KANOAJAN_00063	Trans-acting positive regulator
Q04HZ0	KANOAJAN_00064	Glycerol kinase
A0A0U0JAN3	KANOAJAN_00065	Alpha-glycerophosphate oxidase
A0A4J1RCZ0	KANOAJAN_00066	Glycerol uptake facilitator protein
B2INK0	KANOAJAN_00067	Hypothetical protein
A0A4J1NJ06	KANOAJAN_00068	hypothetical protein
	KANOAJAN_00069	group-II-D1D4-3
	KANOAJAN_00070	group-II-D1D4-1
C1CBF7	KANOAJAN_00071	hypothetical protein
	KANOAJAN_00072	Intron_gpII
B2INJ7	KANOAJAN_00073	Macrolide-efflux protein
A0AAE9QTY8	KANOAJAN_00074	D-alanine--poly(phosphoribitol) ligase subunit 1
A0A6G2D8X0	KANOAJAN_00075	D-alanyl transfer protein DltB
A0A4J1UG00	KANOAJAN_00076	D-alanyl transfer protein DltB
Q04HZ9	KANOAJAN_00077	D-alanine--poly(phosphoribitol) ligase subunit 2
C1CB18	KANOAJAN_00078	Poly(glycerophosphate chain) D-alanine transfer protein DltD
Q8DN14	KANOAJAN_00079	Transcriptional repressor AdcR for Zn(2+)-responsive expression
B2INJ0	KANOAJAN_00080	Zinc ABC transporter%2C ATP-binding protein AdcC
O33704	KANOAJAN_00081	Zinc ABC transporter%2C permease protein AdcB
A0A4J1S0Y1	KANOAJAN_00082	Zinc ABC transporter%2C substrate-binding lipoprotein AdcA
	KANOAJAN_00083	SpF66_sRNA
	KANOAJAN_00084	SpF66_sRNA
C1CHG7	KANOAJAN_00085	L-fucose operon activator
A0A4J2ERH6	KANOAJAN_00086	L-fuculokinase
A0A4K7HJ73	KANOAJAN_00087	Multiple sugar ABC transporter%2C substrate-binding protein MsmE
A0A0T8DX58	KANOAJAN_00088	Multiple sugar ABC transporter%2C membrane-spanning permease protein
B2INI3	KANOAJAN_00089	Multiple sugar ABC transporter%2C membrane-spanning permease protein
C1CB07	KANOAJAN_00090	hypothetical protein
B2INI1	KANOAJAN_00091	hypothetical protein
A0AAD2Q8D9	KANOAJAN_00092	Alpha-galactosidase
C1CB04	KANOAJAN_00093	hypothetical protein
A0A0T7L7K5	KANOAJAN_00094	L-fuculose phosphate aldolase
A0AAD2KB12	KANOAJAN_00095	Bifunctional L-fucose isomerase/D-arabinose ketol-isomerase
Q8DN25	KANOAJAN_00096	Lactaldehyde dehydrogenase involved in fucose or rhamnose utilization
Q8DN26	KANOAJAN_00097	Putative stomatin/prohibitin-family membrane protease subunit YbbK
A0A4G9UIG6	KANOAJAN_00098	hypothetical protein
Q8CY63	KANOAJAN_00099	IgA1 protease
A0A4J2C6W5	KANOAJAN_00100	Putative Xaa-His dipeptidase
C1CHE9	KANOAJAN_00101	Arginine/ornithine antiporter ArcD
Q8DN28	KANOAJAN_00102	Carbamate kinase
A0A0B7LE02	KANOAJAN_00103	Ornithine carbamoyltransferase
Q97NA4	KANOAJAN_00104	Arginine deiminase
A0A4J2E9M3	KANOAJAN_00105	Glycosyl hydrolase family 29 alpha-L-fucosidase
A0A916L516	KANOAJAN_00106	Alpha-1%2C2-mannosidase
A0A4J2AIP1	KANOAJAN_00107	Hypothetical protein
A0A0H5LL71	KANOAJAN_00108	Alpha-mannosidase
A0A264S8H1	KANOAJAN_00109	N-acetylmannosamine kinase
A0A2I5LUZ7	KANOAJAN_00110	Glycosyl hydrolase-related protein
A0A0H2US30	KANOAJAN_00111	hypothetical protein
A0A559CYV6	KANOAJAN_00112	hypothetical protein
A0A4J1ZBA7	KANOAJAN_00113	IS1381 transposase OrfB
A0A4J1RNF0	KANOAJAN_00114	hypothetical protein
A0A162KJ55	KANOAJAN_00115	hypothetical protein
A0AAE4FXB9	KANOAJAN_00116	Choline-binding protein CbpN
Q04I36	KANOAJAN_00117	LSU ribosomal protein L33p
Q8CWN3	KANOAJAN_00118	LSU ribosomal protein L32p
Q8CY67	KANOAJAN_00119	Hypothetical protein
A0A5E8DYW1	KANOAJAN_00120	Membrane protease family protein
A0AAE9QK28	KANOAJAN_00121	Transcription antiterminator%2C BglG family
Q8CY69	KANOAJAN_00122	Putative PTS IIB component
A0A064BX22	KANOAJAN_00123	Putative transport protein SgaT
A0A0E8AAM0	KANOAJAN_00124	hypothetical protein
A0A0T8VNV5	KANOAJAN_00125	hypothetical protein
Q04I44	KANOAJAN_00126	Dihydroxy-acid dehydratase
A0A4J1QFE1	KANOAJAN_00127	Hypothetical protein
C1CH57	KANOAJAN_00128	Putative aromatic ring hydroxylating enzyme
A0A0I6MXJ4	KANOAJAN_00129	Positive transcriptional regulator%2C MutR family
C1CH53	KANOAJAN_00130	Macrolide-efflux protein
A0A4J2G4G0	KANOAJAN_00131	Histidyl-tRNA synthetase
A0A0B7MAB9	KANOAJAN_00132	Hypothetical protein
Q8DN47	KANOAJAN_00133	Transcriptional regulator%2C Cro/CI family
Q8CY71	KANOAJAN_00134	Hypothetical protein
A0A0U0DE06	KANOAJAN_00135	Hypothetical protein
A0A4J1UI42	KANOAJAN_00136	Membrane-bound protease%2C CAAX family
Q8CY74	KANOAJAN_00137	Hypothetical protein
A0A0T8NQG5	KANOAJAN_00138	Aspartyl-tRNA synthetase
A0A0Y2DVS7	KANOAJAN_00139	Integral membrane protein
C1CH41	KANOAJAN_00140	Maltose operon transcriptional repressor MalR%2C LacI family
A0A4L8JJ50	KANOAJAN_00141	Maltodextrose utilization protein MalA
C1CH39	KANOAJAN_00142	Maltose/maltodextrin ABC transporter%2C permease protein MalD
P0A4N2	KANOAJAN_00143	Maltose/maltodextrin ABC transporter%2C permease protein MalC
B2IN25	KANOAJAN_00144	Maltose/maltodextrin ABC transporter%2C substrate binding periplasmic protein MalX
A0A098Z331	KANOAJAN_00145	4-alpha-glucanotransferase (amylomaltase)
Q8DN49	KANOAJAN_00146	Maltodextrin phosphorylase
C1CH34	KANOAJAN_00147	Hypothetical protein
A0A0T8KVZ0	KANOAJAN_00148	Hypothetical protein
C1CH31	KANOAJAN_00149	23S rRNA (guanine(745)-N(1))-methyltransferase
Q8CY77	KANOAJAN_00150	Hypothetical protein
A0A4J1X8F9	KANOAJAN_00151	Lead%2C cadmium%2C zinc and mercury transporting ATPase
B5E3A7	KANOAJAN_00152	Tyrosyl-tRNA synthetase
Q75YH2	KANOAJAN_00153	Multimodular transpeptidase-transglycosylase%2C penicillin-binding protein 1B
A0A062WPC2	KANOAJAN_00154	Drug/metabolite transporter superfamily permease
Q8DN54	KANOAJAN_00155	2%2C3%2C4%2C5-tetrahydropyridine-2%2C6-dicarboxylate N-acetyltransferase
B2IN14	KANOAJAN_00156	N-acetyl-L%2CL-diaminopimelate deacetylase
A0A6G2DJW9	KANOAJAN_00157	5-formyltetrahydrofolate cyclo-ligase
Q8DN57	KANOAJAN_00158	Rhomboid family serine protease
C1CH21	KANOAJAN_00159	UTP--glucose-1-phosphate uridylyltransferase
C1CTZ5	KANOAJAN_00160	Glycerol-3-phosphate dehydrogenase [NAD(P)+]
A0AAD2IIG9	KANOAJAN_00161	hypothetical protein
B2IN08	KANOAJAN_00162	IS1380 family transposase ISSpn5
C1CAR6	KANOAJAN_00163	Phosphate transport system regulatory protein PhoU1
B2IN06	KANOAJAN_00164	Phosphate transport ATP-binding protein PstB1
Q9X4T2	KANOAJAN_00165	Phosphate transport system permease protein PstA1
C1CAR3	KANOAJAN_00166	Phosphate transport system permease protein PstC1
Q8DN64	KANOAJAN_00167	Phosphate ABC transporter periplasmic phosphate-binding protein PstS1
B2IN02	KANOAJAN_00168	Two-component system sensor histidine kinase PnpS
Q9S1J6	KANOAJAN_00169	Two-component system response regulator PnpR
B2IN00	KANOAJAN_00170	Putative cupin superfamily protein
B2IMZ9	KANOAJAN_00171	IS1381 transposase OrfB
C1CN25	KANOAJAN_00172	Arginyl-tRNA synthetase
P0A2Y3	KANOAJAN_00173	Arginine pathway regulatory protein ArgR1
	KANOAJAN_00174	SpR10_sRNA
	KANOAJAN_00174	
A0A0B7LU78	KANOAJAN_00175	DNA mismatch repair protein HexA
	KANOAJAN_00176	patAB
	KANOAJAN_00176	
A0A0B7LCV4	KANOAJAN_00177	Multidrug resistance ABC transporter ATP-binding and permease protein
A0A0B7LCX1	KANOAJAN_00178	hypothetical protein
C1CH03	KANOAJAN_00179	Multidrug resistance ABC transporter ATP-binding and permease protein
C1CH02	KANOAJAN_00180	Glutamine amidotransferase%2C class I
B2IMZ0	KANOAJAN_00181	Glucose-6-phosphate isomerase
A0A0B7LJP7	KANOAJAN_00182	Glutamyl-tRNA synthetase
B2IMY8	KANOAJAN_00183	Cytidine/deoxycytidylate deaminase family protein
	KANOAJAN_00184	tRNA-Glu(ttc)
	KANOAJAN_00185	16S ribosomal RNA
	KANOAJAN_00186	tRNA-Ala(tgc)
	KANOAJAN_00187	23S ribosomal RNA
	KANOAJAN_00188	5S ribosomal RNA
	KANOAJAN_00189	tRNA-Val(tac)
	KANOAJAN_00190	tRNA-Gly(tcc)
	KANOAJAN_00191	tRNA-Ile(gat)
	KANOAJAN_00192	tRNA-Ser(tga)
	KANOAJAN_00193	tRNA-Met(cat)
	KANOAJAN_00194	tRNA-Phe(gaa)
	KANOAJAN_00195	tRNA-Tyr(gta)
	KANOAJAN_00196	tRNA-Trp(cca)
	KANOAJAN_00197	tRNA-His(gtg)
	KANOAJAN_00198	tRNA-Gln(ttg)
	KANOAJAN_00199	tRNA-Leu(caa)
B2IMN9	KANOAJAN_00200	Hypothetical protein
Q8DN76	KANOAJAN_00201	Threonine synthase
V9H0I2	KANOAJAN_00202	Multi antimicrobial extrusion family transporter
Q8CY81	KANOAJAN_00203	Hydrolase%2C haloacid dehalogenase-like family
A0A2R2HXB2	KANOAJAN_00204	Surface immunogenic protein
A0A0T8N617	KANOAJAN_00205	hypothetical protein
A0A0B7LZK5	KANOAJAN_00206	hypothetical protein
A0AA86XA44	KANOAJAN_00207	Hypothetical protein
A0A0T7YJZ5	KANOAJAN_00208	Pyrrolidone-carboxylate peptidase
C1CGY9	KANOAJAN_00209	Membrane protein
Q04IB3	KANOAJAN_00210	tRNA-guanine transglycosylase
A0A2R2HX93	KANOAJAN_00211	Acyltransferase family protein
B2IMN1	KANOAJAN_00212	N-acetylglucosamine-6-phosphate deacetylase
Q8DN84	KANOAJAN_00213	Putative Zn-dependent alcohol dehydrogenase
Q8DN85	KANOAJAN_00214	DNA-binding protein
A0A0T7KHY1	KANOAJAN_00215	Late competence protein ComGA
A0A0B7LZL4	KANOAJAN_00216	Late competence protein ComGB
A0A0E7YIZ3	KANOAJAN_00217	Late competence protein ComGC
A0AAE9R278	KANOAJAN_00218	Late competence protein ComGD
A0A0B7KTY0	KANOAJAN_00219	Late competence protein ComGE
A0A064BYI3	KANOAJAN_00220	Late competence protein ComGF
A0A064C498	KANOAJAN_00221	Late competence protein ComGG
A0A064C488	KANOAJAN_00222	tRNA 5-carboxymethoxyuridine methyltransferase
A0A064C1I1	KANOAJAN_00223	hypothetical protein
A0A064C057	KANOAJAN_00224	Adenine-specific methyltransferase
Q04IC8	KANOAJAN_00225	Acetate kinase
Q8DN92	KANOAJAN_00226	Ribonuclease P protein component
B2IML5	KANOAJAN_00227	Inner membrane protein translocase component YidC2
A0A064C1H7	KANOAJAN_00228	KH domain RNA-binding protein
A0A064C053	KANOAJAN_00229	Sakacin A production response regulator
C1CGW8	KANOAJAN_00230	Ascorbate-specific PTS IIC component
Q8DN95	KANOAJAN_00231	Ascorbate-specific PTS IIB component
Q8DN96	KANOAJAN_00232	Ascorbate-specific PTS IIA component
B1I991	KANOAJAN_00233	3-keto-L-gulonate 6-phosphate decarboxylase
A0A0U0EE50	KANOAJAN_00234	L-xylulose 5-phosphate 3-epimerase
A0A4H9FP53	KANOAJAN_00235	L-ribulose-5-phosphate 4-epimerase
A0A0I7Z6E2	KANOAJAN_00236	Transcriptional antiterminator
Q8DNA1	KANOAJAN_00237	Putative L-ascorbate-6-phosphate lactonase UlaG
A0A0D6J533	KANOAJAN_00238	Transketolase
Q8DNA3	KANOAJAN_00239	Preprotein translocase subunit YajC
B2IMK1	KANOAJAN_00240	Low molecular weight protein tyrosine phosphatase
Q8CY89	KANOAJAN_00241	Hypothetical protein
A0A4J2F2M9	KANOAJAN_00242	Bifunctional acetaldehyde dehydrogenase/alcohol dehydrogenase
B2IMJ8	KANOAJAN_00243	Cellobiose-specific PTS IIA component
C1CA68	KANOAJAN_00244	Cellobiose-specific PTS IIB component
Q8DNA8	KANOAJAN_00245	Cellobiose-specific PTS IIC component
A0A6I3UR75	KANOAJAN_00246	6-phospho-beta-glucosidase
Q8DNB0	KANOAJAN_00247	Transcriptional regulator%2C GntR family
A0AAE9R2A4	KANOAJAN_00248	hypothetical protein
B2IMJ2	KANOAJAN_00249	Malonate permease
B2IMJ1	KANOAJAN_00250	Quinolinate phosphoribosyltransferase
C1CEB6	KANOAJAN_00251	IS630 family transposase IS630-Spn1
B2IMI9	KANOAJAN_00252	IS630 family transposase IS630-Spn1
B2IMI8	KANOAJAN_00253	ABC transporter%2C permease protein
B2IMI7	KANOAJAN_00254	NAD-dependent glyceraldehyde-3-phosphate dehydrogenase
B2IMI6	KANOAJAN_00255	IS1167 transposase
	KANOAJAN_00256	Srn266
B2IMI5	KANOAJAN_00257	RluD-like protein
Q75YF6	KANOAJAN_00258	Multimodular transpeptidase-transglycosylase%2C penicillin-binding protein 2A
A0A4J1RIX1	KANOAJAN_00259	ISNCY family transposase IS1202
Q8DNB7	KANOAJAN_00260	Protein translocase subunit SecE
C1CGT9	KANOAJAN_00261	Transcription antitermination protein NusG
B2IMI0	KANOAJAN_00262	Competence-specific sigma factor ComX
	KANOAJAN_00263	tRNA-Glu(ttc)
	KANOAJAN_00264	16S ribosomal RNA
	KANOAJAN_00265	tRNA-Ala(tgc)
	KANOAJAN_00266	23S ribosomal RNA
	KANOAJAN_00267	5S ribosomal RNA
	KANOAJAN_00268	tRNA-Val(tac)
	KANOAJAN_00269	tRNA-Asp(gtc)
	KANOAJAN_00270	tRNA-Lys(ttt)
	KANOAJAN_00270	
	KANOAJAN_00271	tRNA-Leu(tag)
	KANOAJAN_00272	tRNA-Thr(tgt)
	KANOAJAN_00273	tRNA-Gly(gcc)
	KANOAJAN_00274	tRNA-Leu(taa)
	KANOAJAN_00275	tRNA-Arg(acg)
	KANOAJAN_00276	tRNA-Pro(tgg)
A0A0B7MA59	KANOAJAN_00277	Hypothetical protein
A0A0H2ZP90	KANOAJAN_00278	Hypothetical protein
A0A0U0C754	KANOAJAN_00279	ABC transporter%2C ATP-binding protein
A0A0B7MAP3	KANOAJAN_00280	ABC transporter%2C permease protein
A0AAD2I777	KANOAJAN_00281	Two-component system sensor histidine kinase
A0A6I3ULF9	KANOAJAN_00282	Two-component system response regulator
C1CA45	KANOAJAN_00283	Catabolite control protein A
A0A4L4F8D0	KANOAJAN_00284	Hypothetical protein
C1CGS9	KANOAJAN_00285	L-asparaginase
C1CGS8	KANOAJAN_00286	Hydrolase%2C HAD superfamily
C1CGS7	KANOAJAN_00287	Universal stress protein family protein
A0A0U0EM10	KANOAJAN_00288	hypothetical protein
C1CGS5	KANOAJAN_00289	Alanine transaminase
Q04IH6	KANOAJAN_00290	LSU ribosomal protein L34p
A0AA86XN69	KANOAJAN_00291	hypothetical protein
A0A0B7LXH2	KANOAJAN_00292	Putative deoxyribonuclease TatD
A0A4H0N390	KANOAJAN_00293	Ribonuclease M5
C1CA34	KANOAJAN_00294	Transcriptional regulator
C1CGS0	KANOAJAN_00295	Transcriptional regulator
	KANOAJAN_00296	SpR08_sRNA
	KANOAJAN_00296	
B2IM56	KANOAJAN_00297	Putative immunity protein
Q8DND2	KANOAJAN_00298	ABC transporter%2C ATP-binding protein
Q8CY94	KANOAJAN_00299	Hypothetical protein
Q97NN5	KANOAJAN_00300	SSU rRNA (adenine(1518)-N(6)/adenine(1519)-N(6))- dimethyltransferase
C1CGR4	KANOAJAN_00301	Ribosome small subunit-stimulated GTPase RsgA
C1CGR3	KANOAJAN_00302	Ribulose-phosphate 3-epimerase
A0A4J1TMQ0	KANOAJAN_00303	Thiamin pyrophosphokinase
A0AA86JAD5	KANOAJAN_00304	DNA recombination protein RmuC
C1CA24	KANOAJAN_00305	3'->5' exoribonuclease YhaM
C1CGQ9	KANOAJAN_00306	PurR: transcription regulator associated with purine metabolism
B1I8T0	KANOAJAN_00307	Diaminopimelate decarboxylase
Q8DNE0	KANOAJAN_00308	Pyruvate formate-lyase activating enzyme
C1CGQ6	KANOAJAN_00309	Inner membrane protein translocase component YidC1
Q8DNE2	KANOAJAN_00310	Putative nucleoside phosphatase
B2IM52	KANOAJAN_00311	rRNA methylase
C1CA17	KANOAJAN_00312	Membrane protein
Q97NQ0	KANOAJAN_00313	Aspartate--ammonia ligase
C1CGQ2	KANOAJAN_00314	16S rRNA (guanine(966)-N(2))-methyltransferase
A0A0B7LDF6	KANOAJAN_00315	Phosphopantetheine adenylyltransferase
A0A4J2BD57	KANOAJAN_00316	Lon-like protease
A0A0E8TAE0	KANOAJAN_00317	Hypothetical protein
Q97NQ4	KANOAJAN_00318	UDP-N-acetylglucosamine 1-carboxyvinyltransferase
A0A0B7L886	KANOAJAN_00319	Competence-associated EpuA protein
B2IM44	KANOAJAN_00320	DNA-entry nuclease
B2IM43	KANOAJAN_00321	Putative hemolysin
	KANOAJAN_00322	tRNA-Cys(gca)
	KANOAJAN_00323	Lacto-rpoB
A0A0B7L1K2	KANOAJAN_00324	DNA-directed RNA polymerase beta subunit
Q97NQ8	KANOAJAN_00325	DNA-directed RNA polymerase beta' subunit
Q04IK8	KANOAJAN_00326	Nucleoside diphosphate kinase
Q8CY96	KANOAJAN_00327	hypothetical protein
Q8DNF2	KANOAJAN_00328	ABC transporter%2C ATP-binding protein
B2IM36	KANOAJAN_00329	hypothetical protein
C1CA00	KANOAJAN_00330	Hypothetical protein
B2IM34	KANOAJAN_00331	Putative transcriptional regulator PlcR
A0A0B7LL05	KANOAJAN_00332	Immunity factor ComM
Q8DNF8	KANOAJAN_00333	TsaE protein%2C required for threonylcarbamoyladenosine t(6)A37 formation in tRNA
Q8DNF9	KANOAJAN_00334	Acetyltransferase
B2IM30	KANOAJAN_00335	Transcriptional regulator LytR
B2IM29	KANOAJAN_00336	Bifunctional ADP-ribose pyrophosphatase/nicotinamide-nucleotide amidase
C1CMP5	KANOAJAN_00337	DNA recombination/repair protein RecA
B2IM27	KANOAJAN_00338	MATE efflux family protein DinF
C1CGM2	KANOAJAN_00339	Autolysin/N-acetylmuramoyl-L-alanine amidase LytA
A0A0B7M7G9	KANOAJAN_00340	Putative antitoxin Xre
A0A0B7MDF1	KANOAJAN_00341	Putative toxin
B2IM24	KANOAJAN_00342	Putative toxin
B2IM23	KANOAJAN_00343	hypothetical protein
B2IM22	KANOAJAN_00344	hypothetical protein
Q8CYA9	KANOAJAN_00345	hypothetical protein
Q8CYB0	KANOAJAN_00346	Hypothetical protein
Q8CYB1	KANOAJAN_00347	Hypothetical protein
A0A4J1ZFL9	KANOAJAN_00348	hypothetical protein
B2IM15	KANOAJAN_00349	Hypothetical protein
Q8CYB4	KANOAJAN_00350	Hypothetical protein
C1C9J3	KANOAJAN_00351	Hypothetical protein
Q2XU26	KANOAJAN_00352	Pneumolysin
Q04IN9	KANOAJAN_00353	Transcriptional regulatory protein YeeN
Q8DNG5	KANOAJAN_00354	hypothetical protein
B2IM08	KANOAJAN_00355	Multidrug resistance ABC transporter ATP-binding and permease protein
B2IM07	KANOAJAN_00356	putative ABC transporter ATP-binding protein
Q8CYB6	KANOAJAN_00357	Hypothetical protein
C1CGK7	KANOAJAN_00358	Phosphatidylglycerophosphatase B
Q8CYB7	KANOAJAN_00359	Response regulator of the LytR/AlgR family protein
Q8CYB8	KANOAJAN_00360	Membrane protein
Q8CYB9	KANOAJAN_00361	Hypothetical protein
Q8DNH1	KANOAJAN_00362	Thioredoxin
Q8DNH2	KANOAJAN_00363	Phenylalanyl-tRNA synthetase domain protein
Q8DNH3	KANOAJAN_00364	Short-chain dehydrogenase
Q8DNH4	KANOAJAN_00365	Single-stranded DNA-binding protein SsbB
C1CML8	KANOAJAN_00366	Heat shock protein 60 family co-chaperone GroES
B2ILZ5	KANOAJAN_00367	Heat shock protein 60 family chaperone GroEL
B2ILZ4	KANOAJAN_00368	IS1167 transposase
	KANOAJAN_00369	Srn266
Q8CYC0	KANOAJAN_00370	Hypothetical protein
	KANOAJAN_00371	Spy392987
	KANOAJAN_00371	
Q8DNH5	KANOAJAN_00372	Cysteinyl-tRNA synthetase related protein
A0A0B7LIC7	KANOAJAN_00373	Regulatory protein RecX
B2ILZ0	KANOAJAN_00374	hypothetical protein
B2ILY9	KANOAJAN_00375	RNA methyltransferase%2C TrmA family
	KANOAJAN_00376	tRNA-Glu(ttc)
	KANOAJAN_00377	16S ribosomal RNA
	KANOAJAN_00378	tRNA-Ala(tgc)
	KANOAJAN_00379	23S ribosomal RNA
	KANOAJAN_00380	5S ribosomal RNA
	KANOAJAN_00381	tRNA-Val(tac)
	KANOAJAN_00382	tRNA-Asp(gtc)
	KANOAJAN_00383	tRNA-Lys(ttt)
	KANOAJAN_00383	
	KANOAJAN_00384	tRNA-Leu(tag)
	KANOAJAN_00385	tRNA-Thr(tgt)
	KANOAJAN_00386	tRNA-Gly(gcc)
	KANOAJAN_00387	tRNA-Leu(taa)
	KANOAJAN_00388	tRNA-Arg(acg)
	KANOAJAN_00389	tRNA-Pro(tgg)
	KANOAJAN_00390	tRNA-Met(cat)
	KANOAJAN_00391	tRNA-Met(cat)
	KANOAJAN_00392	tRNA-Ser(tga)
	KANOAJAN_00393	tRNA-Met(cat)
	KANOAJAN_00394	tRNA-Phe(gaa)
	KANOAJAN_00395	tRNA-Gly(tcc)
	KANOAJAN_00396	tRNA-Ile(gat)
	KANOAJAN_00397	tRNA-Ser(gct)
	KANOAJAN_00397	
C1C9G9	KANOAJAN_00398	Bifunctional biotin operon repressor/Biotin--protein ligase
A0A0H2URT9	KANOAJAN_00399	Multiple sugar metabolism operon regulatory protein MsmR
Q8CWP3	KANOAJAN_00400	Alpha-galactosidase
Q8DNH8	KANOAJAN_00401	Multiple sugar ABC transporter%2C substrate-binding protein MsmE
A0A0H2URH8	KANOAJAN_00402	Multiple sugar ABC transporter%2C membrane-spanning permease protein MsmF
B2ISZ4	KANOAJAN_00403	Multiple sugar ABC transporter%2C membrane-spanning permease protein MsmG
A0A0B7L3G0	KANOAJAN_00404	Sucrose phosphorylase
A0A0I7MLX2	KANOAJAN_00405	Wall teichoic acid biosynthesis protein RafX
C1C9G0	KANOAJAN_00406	Peptide ABC transporter substrate-binding protein AmiA
C1CGB8	KANOAJAN_00407	Peptide ABC transporter permease AmiC
C1CGB7	KANOAJAN_00408	Peptide ABC transporter permease AmiD
A0A0T8CF10	KANOAJAN_00409	Peptide ABC transporter ATP-binding protein AmiE
B2ISY6	KANOAJAN_00410	Peptide ABC transporter ATP-binding protein AmiF
B2ISY5	KANOAJAN_00411	IS1167 transposase
A0A0X9VYW9	KANOAJAN_00412	hypothetical protein
B2ISY4	KANOAJAN_00413	IS1167 transposase Orf1
	KANOAJAN_00414	Srn266
Q8DNI5	KANOAJAN_00415	Trehalose operon transcriptional repressor
B2ISY2	KANOAJAN_00416	Trehalose-specific PTS IIBCA components
B2ISY1	KANOAJAN_00417	Trehalose-6-phosphate hydrolase
B2ISY0	KANOAJAN_00418	Hypothetical protein
Q04IS7	KANOAJAN_00419	Glutamate racemase
B2ISX8	KANOAJAN_00420	Nucleoside 5-triphosphatase RdgB (dHAPTP%2C dITP%2C XTP-specific)
Q8DNI8	KANOAJAN_00421	Phosphoesterase
C1C9E4	KANOAJAN_00422	CBS domain protein
B2ISX5	KANOAJAN_00423	Tyrosine recombinase XerD
Q97NX5	KANOAJAN_00424	Segregation and condensation protein A
Q8DNI9	KANOAJAN_00425	Segregation and condensation protein B
Q8DNJ0	KANOAJAN_00426	Ribosomal large subunit pseudouridine synthase B
B2ISX1	KANOAJAN_00427	Putative membrane protein insertion efficiency factor YidD
Q8DNJ2	KANOAJAN_00428	Iron compound ABC uptake transporter substrate-binding protein PiuA
B2ISW9	KANOAJAN_00429	Iron compound ABC uptake transporter ATP-binding protein PiuD
C1C9D6	KANOAJAN_00430	Iron compound ABC uptake transporter permease protein PiuC
A0A0H2ZMI3	KANOAJAN_00431	Iron compound ABC uptake transporter permease protein PiuB
A0A0B7L8A9	KANOAJAN_00432	UDP-glucose 4-epimerase
Q8DNJ7	KANOAJAN_00433	Glutamyl aminopeptidase
Q8CYC3	KANOAJAN_00434	Hypothetical protein
C1C9D0	KANOAJAN_00435	Transcriptional regulator%2C MarR family
B2ISW1	KANOAJAN_00436	Hypothetical protein
B2ISW0	KANOAJAN_00437	Glycine betaine/L-proline transport ATP-binding protein ProV
B2ISV9	KANOAJAN_00438	Glycine betaine/L-proline transport substrate-binding/permease protein ProWX
Q8DNK1	KANOAJAN_00439	Ribosyl nicotinamide transporter PnuC
B2ISV7	KANOAJAN_00440	Transcriptional regulator SczA%2C TetR family
B2ISV6	KANOAJAN_00441	Cobalt-zinc-cadmium resistance protein CzcD
Q8DNK4	KANOAJAN_00442	Transcriptional regulator%2C MerR family
C1CG80	KANOAJAN_00443	Alcohol dehydrogenase
Q8DNK6	KANOAJAN_00444	Galactose operon repressor%2C GalR-LacI family
B2ISV2	KANOAJAN_00445	Galactokinase
B2ISV1	KANOAJAN_00446	Galactose-1-phosphate uridylyltransferase
A0A0M3KL39	KANOAJAN_00447	Thioesterase
C1CG75	KANOAJAN_00448	Type II restriction-modification system endonuclease DpnC
P0A3T5	KANOAJAN_00449	Type II restriction-modification system component DpnD
B2ISU7	KANOAJAN_00450	Xanthine permease
Q3I0D0	KANOAJAN_00451	Xanthine phosphoribosyltransferase
	KANOAJAN_00452	Purine
B2ISU4	KANOAJAN_00453	hypothetical protein
A0A098Z9P2	KANOAJAN_00454	hypothetical protein
C1CG71	KANOAJAN_00455	Exodeoxyribonuclease III
A0A0T8BC11	KANOAJAN_00456	hypothetical protein
A0A264S821	KANOAJAN_00457	hypothetical protein
Q8DNL2	KANOAJAN_00458	hypothetical protein
A0A4J2CZK1	KANOAJAN_00459	ABC transporter%2C ATP-binding/permease protein
C1CG66	KANOAJAN_00460	ABC transporter%2C ATP-binding/permease protein
Q8DNL5	KANOAJAN_00461	Sugar transferases involved in lipopolysaccharide synthesis
C1CG64	KANOAJAN_00462	Putative UDP-4-keto-6-deoxy-D-glucose 4-transaminase AatB
B2IST6	KANOAJAN_00463	Plasmin- and fibronectin-binding protein PfbA
B2IST5	KANOAJAN_00464	hypothetical protein
Q8CYD2	KANOAJAN_00465	Hypothetical protein
C1C979	KANOAJAN_00466	ABC transporter%2C substrate-binding protein
C1CG53	KANOAJAN_00467	ABC transporter%2C ATP-binding protein
C1CG52	KANOAJAN_00468	Iron(III)-transport system permease protein SfuB
Q8DNM3	KANOAJAN_00469	Mg(2+)-transport-ATPase-associated protein MgtC
A0A064C1K8	KANOAJAN_00470	Hypothetical protein
Q8DNM4	KANOAJAN_00471	Galactose operon repressor%2C GalR-LacI family
B2ISS8	KANOAJAN_00472	Hypothetical protein
A0A0X9IRI0	KANOAJAN_00473	Anthranilate synthase%2C aminase component
B2ISS5	KANOAJAN_00474	Bifunctional anthranilate synthase%2C amidotransferase component/para-aminobenzoate synthase%2Camidotransferase component
Q04IY6	KANOAJAN_00475	Anthranilate phosphoribosyltransferase
Q97P30	KANOAJAN_00476	Indole-3-glycerol phosphate synthase
C1CMD4	KANOAJAN_00477	Phosphoribosylanthranilate isomerase
B8ZN59	KANOAJAN_00478	Tryptophan synthase beta chain
B8ZN58	KANOAJAN_00479	Tryptophan synthase alpha chain
A0A4J1WVJ5	KANOAJAN_00480	Hypothetical protein
A0AA47H789	KANOAJAN_00481	Hypothetical protein
A0A0H2URC4	KANOAJAN_00482	Transcriptional regulator%2C Xre family
Q8DNN1	KANOAJAN_00483	Type IV prepilin peptidase
A0A0T8NHV5	KANOAJAN_00484	Acetyltransferase
A0A0B7M2Q2	KANOAJAN_00485	Xylose repressor protein
A0A4F2BEU0	KANOAJAN_00486	Cellobiose-specific PTS IIC component
C1CG34	KANOAJAN_00487	hypothetical protein
C1CG33	KANOAJAN_00488	Cellobiose-specific PTS IIB component
B1I7R9	KANOAJAN_00489	Lactose-specific PTS IIA component
A0A0B7LIJ3	KANOAJAN_00490	Cellobiose-specific PTS IIC component
A0A0B7KTA8	KANOAJAN_00491	Arylsulfatase
C1C953	KANOAJAN_00492	Formylglycine-generating enzyme
C1CG28	KANOAJAN_00493	hypothetical protein
Q97P39	KANOAJAN_00494	Hypothetical protein
Q8DNN3	KANOAJAN_00495	General stress protein%2C Gls24 family
Q8DNN4	KANOAJAN_00496	Small integral membrane protein
B2ISG1	KANOAJAN_00497	Hypothetical protein
C1C945	KANOAJAN_00498	Membrane protein
Q97P44	KANOAJAN_00499	M protein trans-acting positive regulator Mga2
B2ISF8	KANOAJAN_00500	Multiple sugar metabolism operon regulatory protein
B2ISF7	KANOAJAN_00501	Multiple sugar ABC transporter%2C membrane-spanning permease protein
B2ISF6	KANOAJAN_00502	ABC transporter permease protein
B2ISF0	KANOAJAN_00503	hypothetical protein
A0A4J2AB17	KANOAJAN_00504	Sucrose-6-phosphate hydrolase
B2IMI6	KANOAJAN_00505	IS1167 transposase
	KANOAJAN_00506	Srn266
	KANOAJAN_00507	tRNA-Lys(ctt)
A0A4F0QPW2	KANOAJAN_00508	Chromosome segregation helicase
A0A0B7LCT1	KANOAJAN_00509	Hypothetical protein
Q8CYE1	KANOAJAN_00510	Addiction module toxin HicA
Q8DNP2	KANOAJAN_00511	Addiction module antitoxin HicB
A0A0E8P8F3	KANOAJAN_00512	Hypothetical protein
A0A4J2ACR8	KANOAJAN_00513	Hypothetical protein
A0A0T8NI09	KANOAJAN_00514	7%2C8-dihydro-8-oxoguanine-triphosphatase
B2ISE0	KANOAJAN_00515	hypothetical protein
A0A0B7L667	KANOAJAN_00516	hypothetical protein
Q5I8Q8	KANOAJAN_00517	hypothetical protein
A0A4J1XS85	KANOAJAN_00518	Ribosomal protein L11 methyltransferase
A0A0B7KV49	KANOAJAN_00519	16S rRNA (uracil(1498)-N(3))-methyltransferase
A0A4J1SRW7	KANOAJAN_00520	Oligoendopeptidase F
A0A7X3BXV8	KANOAJAN_00521	hypothetical protein
A0A4J2A1N6	KANOAJAN_00522	ABC transporter ATP-binding protein
A0A6I3U5B6	KANOAJAN_00523	hypothetical protein
A0A558SAQ0	KANOAJAN_00524	hypothetical protein
A0A4F0QR67	KANOAJAN_00525	hypothetical protein
B2ISD3	KANOAJAN_00526	Aquaporin Z
A0A4J2FKU3	KANOAJAN_00527	Hypothetical protein
A0A0E8GJV8	KANOAJAN_00528	NADPH-dependent 7-cyano-7-deazaguanine reductase
C1CFZ6	KANOAJAN_00529	Thioredoxin
Q8CYE5	KANOAJAN_00530	Hypothetical protein
C1CFZ4	KANOAJAN_00531	Transcriptional regulator%2C MarR family
A0A4J1X5S3	KANOAJAN_00532	hypothetical protein
A0A4J2BJV5	KANOAJAN_00533	hypothetical protein
A0A4F0R141	KANOAJAN_00534	UDP-N-acetylglucosamine--peptide N-acetylglucosaminyltransferase stabilizing protein GtfB
A0A4F0QY44	KANOAJAN_00535	UDP-N-acetylglucosamine--peptide N-acetylglucosaminyltransferase stabilizing protein GtfB
A0AAD2QAF9	KANOAJAN_00536	Glycosyltransferase%2C group 2 family
A0A4J1WNG3	KANOAJAN_00537	Glycosyltransferase GlyG
C1CFY9	KANOAJAN_00538	Glucosyltransferase 3
A0A4J1PYM3	KANOAJAN_00539	Glycosyltransferase GlyD
A0AA87CCN3	KANOAJAN_00540	Glycosyltransferase%2C group 2 family
A0AA95IK97	KANOAJAN_00541	hypothetical protein
B1I7M9	KANOAJAN_00542	Glycosyltransferase GlyE
C1CFY6	KANOAJAN_00543	Glycosyltransferase GlyE
A0A9Q9TWI4	KANOAJAN_00544	Glycosyltransferase%2C group 2 family
A0A0I5SXJ4	KANOAJAN_00545	Glycosyltransferase%2C group 2 family
C1CFY4	KANOAJAN_00546	Protein translocase subunit SecY
C1CFY3	KANOAJAN_00547	Accessory Sec system protein Asp1
A0A4J1YPC4	KANOAJAN_00548	Accessory Sec system protein Asp2
B2ISB3	KANOAJAN_00549	Accessory Sec system protein Asp3
A0A4J2EHC8	KANOAJAN_00550	Protein translocase subunit SecA
A0A213XMP8	KANOAJAN_00551	UDP-N-acetylglucosamine--peptide N-acetylglucosaminyltransferase GtfA subunit
B1I7M0	KANOAJAN_00552	UDP-N-acetylglucosamine--peptide N-acetylglucosaminyltransferase stabilizing protein GtfB
C1CFX7	KANOAJAN_00553	hypothetical protein
C1CFX6	KANOAJAN_00554	hypothetical protein
A0A4J2D8C6	KANOAJAN_00555	Hypothetical protein
B1I7L6	KANOAJAN_00556	Membrane protein
A0A237KAY3	KANOAJAN_00557	Serine/threonine transporter SstT
C1C8Y8	KANOAJAN_00558	Potassium efflux system KefA protein
C1CFX3	KANOAJAN_00559	Magnesium and cobalt transport protein CorA2
Q8DNQ4	KANOAJAN_00560	Hydrolase%2C HAD subfamily IIIA
Q8DNQ5	KANOAJAN_00561	GTP-binding protein YqeH%2C required for biogenesis of 30S ribosome subunit
Q8DNQ6	KANOAJAN_00562	RNA-binding protein
C1C8Y3	KANOAJAN_00563	Nicotinate-nucleotide adenylyltransferase
A0A4J0R6I4	KANOAJAN_00564	HAD superfamily hydrolase YqeK
C1CFW7	KANOAJAN_00565	Isochorismatase
Q8DNQ9	KANOAJAN_00566	Ribosomal silencing factor RsfA
A0A0T8UQ75	KANOAJAN_00567	Methyltransferase
A0A0T8N9M2	KANOAJAN_00568	hypothetical protein
B2IS93	KANOAJAN_00569	hypothetical protein
A0A0H2ZR31	KANOAJAN_00570	Antitoxin YefM
Q8DNR3	KANOAJAN_00571	YoeB toxin protein
Q04J36	KANOAJAN_00572	Ribonuclease Y
Q97PA3	KANOAJAN_00573	Guanylate kinase
Q04J38	KANOAJAN_00574	DNA-directed RNA polymerase omega subunit
A0A4U8XE68	KANOAJAN_00575	Helicase PriA essential for oriC/DnaA-independent DNA replication
A0A4M3JVJ9	KANOAJAN_00576	Methionyl-tRNA formyltransferase
A0A4M3K189	KANOAJAN_00577	16S rRNA (cytosine(967)-C(5))-methyltransferase
A0A0H2UR71	KANOAJAN_00578	Protein serine/threonine phosphatase PhpP
A0A0B7L145	KANOAJAN_00579	Serine/threonine protein kinase StkP
Q8DNS1	KANOAJAN_00580	Membrane protein
C1CFV2	KANOAJAN_00581	Putative membrane-spanning protein
A0A4M3K1M1	KANOAJAN_00582	IS1381 transposase OrfA
A0A4H9EKW4	KANOAJAN_00583	IS1381 transposase OrfB
A0A4H9AXQ1	KANOAJAN_00584	Hypothetical protein
C1CFU8	KANOAJAN_00585	Hydroxymethylglutaryl-CoA synthase
Q8DNS5	KANOAJAN_00586	Hydroxymethylglutaryl-CoA reductase
Q8DNS6	KANOAJAN_00587	Sucrose operon repressor ScrR%2C LacI family
B2IS73	KANOAJAN_00588	Sucrose-6-phosphate hydrolase
B2IRQ1	KANOAJAN_00589	Sucrose-specific PTS IIBCA components
B2IRQ0	KANOAJAN_00590	Fructokinase
C1CFU1	KANOAJAN_00591	Immunoreactive protein Se23.5-like protein
C1C8V4	KANOAJAN_00592	ABC transporter ATP-binding protein - Na+ export
A0A0T8MVS5	KANOAJAN_00593	ABC transporter membrane-spanning permease - Na+ export
A0A229G0F0	KANOAJAN_00594	ABC transporter ATP-binding protein
A0A0T8HFC0	KANOAJAN_00595	Multidrug ABC transporter%2C ATP-binding protein
Q8DNT4	KANOAJAN_00596	Transcriptional regulator%2C GntR family
B2IRW8	KANOAJAN_00597	Ribonucleotide reductase transcriptional regulator NrdR
C1C8U8	KANOAJAN_00598	Helicase loader DnaB
C1C8U7	KANOAJAN_00599	Helicase loader DnaI
A0A4J2FP11	KANOAJAN_00600	NADPH-flavin oxidoreductase
Q04J64	KANOAJAN_00601	GTP-binding protein EngA
B2IRW3	KANOAJAN_00602	Hypothetical protein
B2IRW2	KANOAJAN_00603	Hypothetical protein
B2IRW1	KANOAJAN_00604	Hypothetical protein
A0A0T7ZD40	KANOAJAN_00605	Hypothetical protein
B2IRV9	KANOAJAN_00606	ABC transporter%2C ATP-binding protein
B2IRV8	KANOAJAN_00607	hypothetical protein
B2IRV7	KANOAJAN_00608	Protein translocase subunit SecA
B2IRV6	KANOAJAN_00609	2-keto-3-deoxy-D-arabino-heptulosonate-7- phosphate synthase I alpha
C1C8T8	KANOAJAN_00610	2-keto-3-deoxy-D-arabino-heptulosonate-7- phosphate synthase I alpha
B2IRV4	KANOAJAN_00611	Holo-[acyl-carrier protein] synthase
C1C8T6	KANOAJAN_00612	Alanine racemase
C1C8T5	KANOAJAN_00613	ATP-dependent DNA helicase RecG
A0A380LTN1	KANOAJAN_00614	Hypothetical protein
C1C8T3	KANOAJAN_00615	Bifunctional acetyl xylan esterase 1/cephalosporin-C deacetylase
A0AAE4K304	KANOAJAN_00616	Hypothetical protein
Q8CYF7	KANOAJAN_00617	Hypothetical protein
B8XTV3	KANOAJAN_00618	Sialidase NanA
A0A0B7LFI0	KANOAJAN_00619	Hypothetical protein
Q8CYF8	KANOAJAN_00620	Putative beta-D-galactosidase
Q8DNU2	KANOAJAN_00621	ABC transporter substrate-binding protein - sugar transport
Q8DNU3	KANOAJAN_00622	ABC transporter membrane-spanning permease%2C sugar transport YcjO
Q8DNU4	KANOAJAN_00623	ABC transporter%2C permease protein
A0A655GHK3	KANOAJAN_00624	Sialidase
C1CFQ6	KANOAJAN_00625	Oxidoreductase
P65521	KANOAJAN_00626	N-acetylmannosamine-6-phosphate 2-epimerase
Q8DNU7	KANOAJAN_00627	N-acetylglucosamine-specific PTS IIABC components
Q8DNU8	KANOAJAN_00628	ABC transporter%2C putative N-acetylneuraminate-binding protein
C1C8S0	KANOAJAN_00629	ABC transporter%2C putative N-acetylneuraminate transport system permease protein 1
Q8DNV0	KANOAJAN_00630	ABC transporter%2C putative N-acetylneuraminate transport system permease protein 2
B2IRT5	KANOAJAN_00631	Protein YjgK%2C linked to biofilm formation
B2IRT4	KANOAJAN_00632	Hypothetical protein
B1I739	KANOAJAN_00633	hypothetical protein
A0AAD2K932	KANOAJAN_00634	4-hydroxy-tetrahydrodipicolinate synthase
Q8DNV3	KANOAJAN_00635	N-acetylmannosamine kinase
C1C8R3	KANOAJAN_00636	Sialic acid utilization regulator%2C RpiR family
Q75YA7	KANOAJAN_00637	Penicillin-binding protein 2B
A0A0T8CRH5	KANOAJAN_00638	Recombination protein RecR
A0A4J1RHD0	KANOAJAN_00639	D-alanine--D-alanine ligase
B2IRS5	KANOAJAN_00640	UDP-N-acetylmuramoyl-tripeptide--D-alanyl-D- alanine ligase
B2IRS4	KANOAJAN_00641	MutT/nudix family protein phosphohydrolase
C1CFN9	KANOAJAN_00642	Putative membrane protein
Q9ZHC0	KANOAJAN_00643	Cell division protein FtsA
Q8DNV9	KANOAJAN_00644	Cell division protein FtsZ
B2IRS0	KANOAJAN_00645	YlmE
Q8DNW1	KANOAJAN_00646	FtsZ-interacting protein related to cell division YlmF
Q9ZHB6	KANOAJAN_00647	Cell division integral membrane protein YlmG%2C YGGT family
Q9ZHB5	KANOAJAN_00648	YlmH
C1CFN2	KANOAJAN_00649	Cell division initiation protein DivIVA
B2IRR4	KANOAJAN_00650	Isoleucyl-tRNA synthetase
B2IRR3	KANOAJAN_00651	hypothetical protein
C1CSS1	KANOAJAN_00652	Phosphoglycerate mutase
A0A4J2CYJ8	KANOAJAN_00653	Putative large secreted protein
A0AA87C9T6	KANOAJAN_00654	Putative large secreted protein
C1C8P3	KANOAJAN_00655	ABC transporter%2C ATP-binding protein
A0A4J2E743	KANOAJAN_00656	ABC transporter%2C permease protein
B2IRQ7	KANOAJAN_00657	Thiol peroxidase%2C Tpx-type
D2CTJ2	KANOAJAN_00658	Manganese ABC transporter%2C periplasmic-binding protein PsaA
C1CFM0	KANOAJAN_00659	Manganese ABC transporter%2C inner membrane permease protein PsaC
B2IRQ4	KANOAJAN_00660	Manganese ABC transporter%2C ATP-binding protein PsaB
A0A654U8Y8	KANOAJAN_00661	Neutral endopeptidase O
A0AA44S635	KANOAJAN_00662	Hydroxyacylglutathione hydrolase
B2IRP9	KANOAJAN_00663	Bifunctional guanosine-3'%2C5'-bis(diphosphate) 3'-pyrophosphohydrolase/(p)ppGpp synthetase II
Q97PH3	KANOAJAN_00664	D-tyrosyl-tRNA(Tyr) deacylase
B2IRP7	KANOAJAN_00665	hypothetical protein
B2IRP6	KANOAJAN_00666	Hypothetical protein
B2IRP5	KANOAJAN_00667	hypothetical protein
	KANOAJAN_00668	Srn266
A0A4J1UQ08	KANOAJAN_00669	IS1167 transposase
B2IRP3	KANOAJAN_00670	Mn-dependent transcriptional regulator MntR
B2IRP2	KANOAJAN_00671	Putative diadenosine tetraphosphatase
Q8DNX5	KANOAJAN_00672	Rrf2 family transcriptional regulator%2C group III
A0A0T8JZ79	KANOAJAN_00673	hypothetical protein
B2IRP0	KANOAJAN_00674	Esterase/lipase
C1CFK2	KANOAJAN_00675	Two-component system response regulator
Q9S1K1	KANOAJAN_00676	Two-component system sensor histidine kinase
Q97PI4	KANOAJAN_00677	Threonyl-tRNA synthetase
A0A098ZHC4	KANOAJAN_00678	hypothetical protein
Q8CYH9	KANOAJAN_00679	Hypothetical protein
A0A0H2UR89	KANOAJAN_00680	Rrf2-linked NADH-flavin reductase
Q97PI9	KANOAJAN_00681	SSU ribosomal protein S15p (S13e)
Q8DNY0	KANOAJAN_00682	Cadmium resistance protein CadD
B2IRD2	KANOAJAN_00683	Acyl-ACP:1-acyl-sn-glycerol-3-phosphate acyltransferase
B2IRD1	KANOAJAN_00684	Cadmium-transporting ATPase
A0A0B7LF81	KANOAJAN_00685	SWF/SNF family helicase
B2IRC9	KANOAJAN_00686	Macrolide-efflux protein
B2IRC8	KANOAJAN_00687	hypothetical protein
A0A0H2UQZ0	KANOAJAN_00688	Lanthionine biosynthesis protein LanL
B2IRC6	KANOAJAN_00689	hypothetical protein
B2IRC5	KANOAJAN_00690	tRNA (adenine(22)-N(1))-methyltransferase
A0A0B7LE08	KANOAJAN_00691	Putative GTP cyclohydrolase 1 type 2 protein YbgI
B2IRC3	KANOAJAN_00692	Glycine/D-amino acid oxidases family protein
C1CFI9	KANOAJAN_00693	UDP-glucose 4-epimerase
B2IRC0	KANOAJAN_00694	Bactoprenol glucosyl transferase
B2IRB9	KANOAJAN_00695	hypothetical protein
A0A0B7L934	KANOAJAN_00696	Ferredoxin
A0A0H2UR49	KANOAJAN_00697	Hypothetical protein
A0A0B7LFT9	KANOAJAN_00698	Cytidylate kinase
C1C8J1	KANOAJAN_00699	Protein PhnA
A0A0H2UQX7	KANOAJAN_00700	Hypothetical protein
Q8DNZ1	KANOAJAN_00701	Major facilitator superfamily transporter-permease
Q97PL0	KANOAJAN_00702	tRNA pseudouridine synthase A
A0A0H2UR72	KANOAJAN_00703	Pyridoxal kinase%2C thiD family
A0A149VLG4	KANOAJAN_00704	Substrate-specific component PdxU2 of putative pyridoxin-related ECF transporter
A0A4J1XKP8	KANOAJAN_00705	hypothetical protein
B2INW7	KANOAJAN_00706	hypothetical protein
A0A4J2D862	KANOAJAN_00707	IS3 family transposase ISSpn11
A0A0H2UR67	KANOAJAN_00708	Xaa-Pro dipeptidase
A0A0H2ZML1	KANOAJAN_00709	Putative amidotransferase similar to cobyric acid synthase
A0A0H2UQV8	KANOAJAN_00710	Mur ligase family protein
A0A0E8T5I3	KANOAJAN_00711	Pyridine nucleotide-disulfide oxidoreductase
A0A098Z5G6	KANOAJAN_00712	Major facilitator oxalate:formate antiporter
C1C8H4	KANOAJAN_00713	DEAD-box ATP-dependent RNA helicase CshA
C1CSK2	KANOAJAN_00714	GTP-sensing transcriptional pleiotropic repressor CodY
Q8DP02	KANOAJAN_00715	Nicotinamidase
	KANOAJAN_00716	tRNA-Leu(aag)
Q8DP03	KANOAJAN_00717	Multiple sugar ABC transporter%2C ATP-binding protein
A0A098Z665	KANOAJAN_00718	SAM-dependent methyltransferase
C1CFG1	KANOAJAN_00719	Adenine phosphoribosyltransferase
Q8DP05	KANOAJAN_00720	Homoserine O-succinyltransferase
A0A0E9GY54	KANOAJAN_00721	Chromosome replication initiation protein DnaD
Q04JH4	KANOAJAN_00722	Triosephosphate isomerase
A0A0H2XFA2	KANOAJAN_00723	1%2C4-beta-N-acetylmuramidase%2C lyzozyme LytC
A0A264SLW6	KANOAJAN_00724	Bifunctional non-specific DNA-binding protein/ferroxidase Dpr
A0A0B7L9Q4	KANOAJAN_00725	Dihydrofolate reductase
Q8CYI3	KANOAJAN_00726	Hypothetical protein
Q04JH9	KANOAJAN_00727	ATP-dependent Clp protease ATP-binding subunit ClpX
Q04JI0	KANOAJAN_00728	GTP-binding protein EngB
Q8DP09	KANOAJAN_00729	RidA/YER057c/UK114 superfamily protein
A0A098ZHY2	KANOAJAN_00730	Putative P-loop-containing kinase
Q97PN8	KANOAJAN_00731	LPPG:FO 2-phospho-L-lactate transferase-like protein
Q97PN9	KANOAJAN_00732	Putative cytoplasmic protein
Q97PP0	KANOAJAN_00733	Thioredoxin reductase
Q8DP14	KANOAJAN_00734	Bacterial checkpoint controller DisA
Q8DP15	KANOAJAN_00735	Hypothetical protein
Q97PP4	KANOAJAN_00736	Phosphoglucosamine mutase
B2IR77	KANOAJAN_00737	Hypothetical protein
Q97PP6	KANOAJAN_00738	DegV family protein
B2IR75	KANOAJAN_00739	4-hydroxy-tetrahydrodipicolinate reductase
B2IR74	KANOAJAN_00740	CCA tRNA nucleotidyltransferase
B2IR73	KANOAJAN_00741	ATPase component of ABC transporter with duplicated ATPase domains
C1CFD7	KANOAJAN_00742	Cobalt-zinc-cadmium resistance protein
	KANOAJAN_00743	SSRC10
C1CFD6	KANOAJAN_00744	Calcium-transporting ATPase
A0A0H2UQV0	KANOAJAN_00745	Glutathione S-transferase
C1C8E2	KANOAJAN_00746	Peptide deformylase
A0A0B7M1N9	KANOAJAN_00747	Cell shape-determining protein
A0A229FM92	KANOAJAN_00748	Hypothetical protein
	KANOAJAN_00749	SpR20_sRNA
A0A0E8ZIF4	KANOAJAN_00750	hypothetical protein
B1ICW7	KANOAJAN_00751	Hypothetical protein
A0A0U0AX51	KANOAJAN_00752	Hypothetical protein
A0A6G2D9G7	KANOAJAN_00753	Aspartate aminotransferase
B2IR62	KANOAJAN_00754	Putative lactoylglutathione lyase
C1CFC3	KANOAJAN_00755	Asparaginyl-tRNA synthetase
Q04JK8	KANOAJAN_00756	SSU ribosomal protein S6p
P66855	KANOAJAN_00757	Single-stranded DNA-binding protein
Q04JL0	KANOAJAN_00758	SSU ribosomal protein S18p
B2IR57	KANOAJAN_00759	Bifunctional lipoprotein rotamase A/peptidyl-prolyl cis-trans isomerase
Q8DP29	KANOAJAN_00760	General stress protein 13
C1C8C5	KANOAJAN_00761	tRNA(1)(Val) (adenine(37)-N(6))-methyltransferase
C1C8C4	KANOAJAN_00762	Putative endonuclease
Q04JL5	KANOAJAN_00763	Manganese-dependent inorganic pyrophosphatase
C1CFB4	KANOAJAN_00764	Glutamate synthase [NADPH] large chain
B2IR51	KANOAJAN_00765	hypothetical protein
A0A4J2D019	KANOAJAN_00766	hypothetical protein
B2IR50	KANOAJAN_00767	UDP-N-acetylmuramoylalanyl-D-glutamate--L-lysine ligase
B2IR49	KANOAJAN_00768	Putative cell division protein YtgP
C1CFA9	KANOAJAN_00769	Oligopeptide ABC transporter oligopeptide-binding protein AliB
B2IR46	KANOAJAN_00770	Multidrug resistance ABC transporter ATP-binding/permease protein BmrA
B2IR45	KANOAJAN_00771	ABC transporter%2C ATP-binding/permease protein
A0A0B7L8U4	KANOAJAN_00772	ABC transporter ATP-binding/permease protein
B2IQY5	KANOAJAN_00773	Cystathionine gamma-synthase
A0A0B7M805	KANOAJAN_00774	Bifunctional PLP-dependent beta-cystathionase/maltose regulon repressor
B2IQY3	KANOAJAN_00775	SWF/SNF family helicase
B2IQY2	KANOAJAN_00776	Hypothetical protein
Q8DP40	KANOAJAN_00777	UDP-N-acetylmuramate--alanine ligase
B2IQY7	KANOAJAN_00778	hypothetical protein
Q8DP41	KANOAJAN_00779	Acetyltransferase%2C GNAT family
A0A0B7LH84	KANOAJAN_00780	Endolytic murein transglycosylase MltG
Q8DP42	KANOAJAN_00781	Transcription elongation factor GreA
A0A4J2F697	KANOAJAN_00782	Hypothetical protein
Q8CYJ9	KANOAJAN_00783	Acetyltransferase
B2IQX7	KANOAJAN_00784	ISSpn8 transposase
Q79RW7	KANOAJAN_00785	ATP synthase F0 sector subunit c
Q79MQ8	KANOAJAN_00786	ATP synthase F0 sector subunit a
Q04HT5	KANOAJAN_00787	ATP synthase F0 sector subunit b
Q04HT6	KANOAJAN_00788	ATP synthase F1 sector delta chain
C1CF95	KANOAJAN_00789	ATP synthase F1 sector alpha chain
C1CSC9	KANOAJAN_00790	ATP synthase F1 sector gamma chain
C1CLK6	KANOAJAN_00791	ATP synthase F1 sector beta chain
Q04N64	KANOAJAN_00792	ATP synthase F1 sector epsilon chain
Q8DP45	KANOAJAN_00793	6-phosphogluconolactonase
B2IQW7	KANOAJAN_00794	Hypothetical protein
B1ICS5	KANOAJAN_00795	TPR-repeat-containing protein
C1CF86	KANOAJAN_00796	Glutamine ABC transporter permease GlnP6
Q8DP49	KANOAJAN_00797	Glutamine ABC transporter ATP-binding protein GlnQ6
B2IQW3	KANOAJAN_00798	Glutamine ABC transporter substrate-binding protein GlnH6
B2IQW2	KANOAJAN_00799	Bacterocin transport accessory protein
	KANOAJAN_00800	Srn266
A0A4J1U7S1	KANOAJAN_00801	IS1167 transposase Orf1
A0A0T8X5W3	KANOAJAN_00802	hypothetical protein
A0A4F2S025	KANOAJAN_00803	IS1167 transposase
B2IQV9	KANOAJAN_00804	Phosphoglucomutase
A0A5E8DY65	KANOAJAN_00805	hypothetical protein
C1CF78	KANOAJAN_00806	Hypothetical protein
A0A559FCV4	KANOAJAN_00807	Hypothetical protein
C1C885	KANOAJAN_00808	Cell wall surface anchor family protein MucB
C1C884	KANOAJAN_00809	Major intrinsic protein family aquaporin
B2IQV2	KANOAJAN_00810	Translation elongation factor Tu
A0A4J2FL21	KANOAJAN_00811	IS630 family transposase ISSpn2
A0A4J1UEN9	KANOAJAN_00812	ATP-dependent RNA helicase YfmL
A0A0U0GQD0	KANOAJAN_00813	Oxidoreductase%2C Gfo/Idh/MocA family
A0A654UCS1	KANOAJAN_00814	hypothetical protein
B2IQU5	KANOAJAN_00815	Peptidoglycan N-acetylglucosamine deacetylase
C1C873	KANOAJAN_00816	Ooxidoreductase of aldo/keto reductase family%2C subgroup 1
	KANOAJAN_00817	SpR19_sRNA
A0A4G4FJM8	KANOAJAN_00818	hypothetical protein
A0A9P1LV21	KANOAJAN_00819	hypothetical protein
C1CQP3	KANOAJAN_00820	Glycyl-tRNA synthetase alpha chain
A0A9P1QCB1	KANOAJAN_00821	Glycyl-tRNA synthetase beta chain
C1CLH3	KANOAJAN_00822	Hypothetical protein
B2IQT9	KANOAJAN_00823	Fumarate reductase%2C flavoprotein subunit precursor
B2IQT8	KANOAJAN_00824	Fumarate reductase%2C flavoprotein subunit precursor
Q8DP69	KANOAJAN_00825	Putative thiamin biosynthesis lipoprotein
C1C864	KANOAJAN_00826	NADH peroxidase
Q97PX2	KANOAJAN_00827	Pyridoxal 5'-phosphate synthase%2C synthase subunit PdxS
B2IQT4	KANOAJAN_00828	Pyridoxal 5'-phosphate synthase%2C glutaminase subunit PdxT
A0A4N6A8N2	KANOAJAN_00829	ABC transporter ATP-binding protein
B2IQT2	KANOAJAN_00830	Hypothetical protein
B2IQT1	KANOAJAN_00831	Hemolysin III
B2IQT0	KANOAJAN_00832	Hypothetical protein
B2IQS9	KANOAJAN_00833	Acetyltransferase
A0A4H9C0S5	KANOAJAN_00834	Methylated-DNA--protein-cysteine methyltransferase
Q8DP75	KANOAJAN_00835	Arsenate reductase
Q8DP76	KANOAJAN_00836	Cysteine ABC transporter permease protein
Q8DP77	KANOAJAN_00837	Cysteine ABC transporter ATP-binding protein
Q8CYL0	KANOAJAN_00838	Hypothetical protein
B2IQS3	KANOAJAN_00839	Thioredoxin reductase
C1C852	KANOAJAN_00840	23S rRNA (guanosine(2251)-2'-O)-methyltransferase
Q04JP7	KANOAJAN_00841	Peptide deformylase
B2IQR9	KANOAJAN_00842	Capsule biosynthesis protein CapA
Q8CYL3	KANOAJAN_00843	hypothetical protein
B2IQR7	KANOAJAN_00844	HAD superfamily hydrolase
C1C847	KANOAJAN_00845	Bifunctional N-acetylneuraminate cytidylyltransferase/platelet activating factor
B2IQR5	KANOAJAN_00846	C3-degrading proteinase
B2IQR4	KANOAJAN_00847	Beta-lactamase%2C class C
Q8DP82	KANOAJAN_00848	Drug/metabolite transporter superfamily protein
Q8DP83	KANOAJAN_00849	Transcriptional regulator in cluster with beta-lactamase%2C GntR family
B2IQR1	KANOAJAN_00850	GMP synthase%2C amidotransferase and ATP pyrophosphatase subunits
	KANOAJAN_00851	SpR18_sRNA
B2IQR0	KANOAJAN_00852	IS66 family transposase Orf1
Q7WVV7	KANOAJAN_00853	IS66 family transposase Orf2
A0A0T8C7E0	KANOAJAN_00854	hypothetical protein
A0A0U0KMF4	KANOAJAN_00855	hypothetical protein
B2IQQ4	KANOAJAN_00856	Duplicated ATPase component of energizing module of putative ECF transporter
A0A0B7LM34	KANOAJAN_00857	Transmembrane component of energizing module of putative ECF transporter
Q8CYL9	KANOAJAN_00858	Substrate-specific component of putative ECF transporter
B2IQQ1	KANOAJAN_00859	ABC transporter ATP-binding/permease protein
A0A822QDB5	KANOAJAN_00860	ABC transporter ATP-binding/permease protein
Q8CYM0	KANOAJAN_00861	Transcriptional regulator%2C AraC family
Q8RT72	KANOAJAN_00862	Type II restriction-modification system methyltransferase
B2IQP6	KANOAJAN_00863	hypothetical protein
B2IQP5	KANOAJAN_00864	hypothetical protein
B2IQP4	KANOAJAN_00865	Peptidase%2C U32 family large subunit (C1)
A0A4J1VQ12	KANOAJAN_00866	Peptidase%2C U32 family large subunit (C1)
B2IQM9	KANOAJAN_00867	Multidrug efflux ABC transporter ATP-binding protein
C1C823	KANOAJAN_00868	Multidrug efflux ABC transporter ATP-binding protein
A0A4N6PCS7	KANOAJAN_00869	Hypothetical protein
C1CF10	KANOAJAN_00870	Transcriptional repressor
Q8CYM4	KANOAJAN_00871	Hypothetical protein
Q8DP97	KANOAJAN_00872	Nicotinate phosphoribosyltransferase
Q04JT1	KANOAJAN_00873	NAD synthetase
C1C817	KANOAJAN_00874	Acetyltransferase%2C GNAT family
A0A0B7KSA0	KANOAJAN_00875	Hypothetical protein
A0A6G2CT29	KANOAJAN_00876	Choline-binding protein CbpM
B2IQN5	KANOAJAN_00877	S-adenosylmethionine:tRNA ribosyltransferase-isomerase
B2IQN4	KANOAJAN_00878	Glucosamine-6-phosphate deaminase
B2IQN3	KANOAJAN_00879	SSU ribosomal protein S21p
B2IMI6	KANOAJAN_00880	IS1167 transposase
	KANOAJAN_00881	Srn266
A0A229FYZ7	KANOAJAN_00882	HPr kinase/phosphorylase
B2IQN1	KANOAJAN_00883	Prolipoprotein diacylglyceryl transferase
Q8DPA4	KANOAJAN_00884	General stress protein
B2IQM6	KANOAJAN_00885	Hypothetical protein
Q8DPA6	KANOAJAN_00886	Putative radical SAM family enzyme
B2IQM4	KANOAJAN_00887	Acyl-ACP thioesterase
Q8DPA7	KANOAJAN_00888	Putative NagD-like phosphatase
C1C805	KANOAJAN_00889	Integral membrane protein
Q97Q26	KANOAJAN_00890	Transcriptional regulator SpxA1
Q04JU6	KANOAJAN_00891	Hypothetical protein
C1CEZ1	KANOAJAN_00892	Inositol-1-monophosphatase
B2IQL8	KANOAJAN_00893	tRNA and rRNA cytosine-C5-methylase
A0A0B7MDL7	KANOAJAN_00894	Hypothetical protein
Q97Q31	KANOAJAN_00895	Phosphate ABC transporter periplasmic phosphate-binding protein PstS2
Q8DPB2	KANOAJAN_00896	Phosphate transport system permease protein PstC2
Q8DPB3	KANOAJAN_00897	Phosphate transport system permease protein PstA2
C1CEY5	KANOAJAN_00898	Phosphate transport ATP-binding protein PstB2_1
C1CEY4	KANOAJAN_00899	Phosphate transport ATP-binding protein PstB2_2
Q8DPB6	KANOAJAN_00900	Phosphate transport system regulatory protein PhoU2
B2IQL1	KANOAJAN_00901	Amino acid ABC transporter amino acid-binding/permease protein
A0A0T8LVI1	KANOAJAN_00902	Putative transcriptional regulator of pyridoxine metabolism
A0A4L7JM47	KANOAJAN_00903	Alpha-acetolactate decarboxylase
A0A0T8ERW0	KANOAJAN_00904	Hypothetical protein
C1CL98	KANOAJAN_00905	UDP-N-acetylenolpyruvoylglucosamine reductase
C1CEX7	KANOAJAN_00906	Spermidine/putrescine import ABC transporter ATP-binding protein PotA
B1ICI7	KANOAJAN_00907	Spermidine/putrescine import ABC transporter permease protein PotB
C1C7Y7	KANOAJAN_00908	Spermidine/putrescine import ABC transporter permease protein PotC
C1C7Y6	KANOAJAN_00909	Spermidine/putrescine import ABC transporter substrate-binding protein PotD
Q8DPC6	KANOAJAN_00910	Hypothetical protein
A0A4J2B698	KANOAJAN_00911	Alanyl-tRNA synthetase
C1C7Y2	KANOAJAN_00912	Cytoplasmic alpha-amylase
A0A0U0KUL7	KANOAJAN_00913	ABC transporter ATP-binding protein
A0A6I3VER5	KANOAJAN_00914	ABC transporter permease
A0A4F8JSE4	KANOAJAN_00915	Putative ribosomal RNA large subunit methyltransferase YwbD
Q04JX0	KANOAJAN_00916	3-dehydroquinate dehydratase I
Q3HZZ5	KANOAJAN_00917	Shikimate/quinate 5-dehydrogenase I beta
Q3I068	KANOAJAN_00918	3-dehydroquinate synthase
C1CL83	KANOAJAN_00919	Chorismate synthase
C1CEW2	KANOAJAN_00920	Prephenate dehydrogenase
Q8DPD3	KANOAJAN_00921	Transcriptional regulator
B2IQI9	KANOAJAN_00922	5-Enolpyruvylshikimate-3-phosphate synthase
B2IQI8	KANOAJAN_00923	Shikimate kinase I
B2IQI7	KANOAJAN_00924	Prephenate dehydratase
Q8DPD6	KANOAJAN_00925	LytR-CpsA-Psr subfamily F1 cell envelope-associated transcriptional attenuator
B2IQI4	KANOAJAN_00926	Lipopolysaccharide cholinephosphotransferase LicD3
B2IQI3	KANOAJAN_00927	Glycosyltransferase%2C group 1 family
B2IQI2	KANOAJAN_00928	Glycosyltransferase%2C group 2 family
B2IQI1	KANOAJAN_00929	Teichoic acid ribitol polymerase
C1CEV2	KANOAJAN_00930	TarQ
B2IQH9	KANOAJAN_00931	Adaptor protein MecA
Q8DPE1	KANOAJAN_00932	Homoserine dehydrogenase
Q04JY7	KANOAJAN_00933	Homoserine kinase
P0A3Q9	KANOAJAN_00934	Peptide methionine sulfoxide reductase MsrAB1
B2IQH5	KANOAJAN_00935	ABC transporter ATP-binding/permease protein
B2IQH4	KANOAJAN_00936	ABC transporter ATP-binding/permease protein
A0A7U0F9H6	KANOAJAN_00937	Methylthioadenosine deaminase
	KANOAJAN_00938	L10_leader
Q04JZ3	KANOAJAN_00939	LSU ribosomal protein L10p (P0)
A0A098ZBL3	KANOAJAN_00940	LSU ribosomal protein L7/L12 (P1/P2)
B2IQA5	KANOAJAN_00941	hypothetical protein
B2IQA4	KANOAJAN_00942	NADP-specific glutamate dehydrogenase
Q8DPG2	KANOAJAN_00943	Ferrous iron transport peroxidase EfeB
Q8CYP5	KANOAJAN_00944	Ferrous iron transport permease EfeU
A0AA87CAZ5	KANOAJAN_00945	LSU ribosomal protein L31p
C1C7S7	KANOAJAN_00946	DHH family phosphoesterase Pde2
A0A0E8HLI6	KANOAJAN_00947	Flavodoxin
B2IQ95	KANOAJAN_00948	Chorismate mutase I
Q97QC4	KANOAJAN_00949	ClC-type fluoride channel
Q97QC5	KANOAJAN_00950	ClC-type fluoride channel
Q97QC6	KANOAJAN_00951	LSU ribosomal protein L19p
	KANOAJAN_00952	tRNA-Arg(cct)
A0A0B4ZN83	KANOAJAN_00953	hypothetical protein
A0A0T7TTP9	KANOAJAN_00954	Positive transcriptional regulator%2C MutR family
B2IQ85	KANOAJAN_00955	hypothetical protein
B2IQ84	KANOAJAN_00956	hypothetical protein
B2IQ83	KANOAJAN_00957	hypothetical protein
B2IQ82	KANOAJAN_00958	Sugar phosphatase YidA
Q8DPG9	KANOAJAN_00959	dNTP triphosphohydrolase
B2IQ80	KANOAJAN_00960	Hypothetical protein
Q8DPH0	KANOAJAN_00961	Signal recognition particle associated protein
C1CEP2	KANOAJAN_00962	Signal recognition particle protein Ffh
A0A0H2ZMV8	KANOAJAN_00963	Uracil permease
	KANOAJAN_00964	SpF44_sRNA
B2IQ76	KANOAJAN_00965	16S rRNA (guanine(527)-N(7))-methyltransferase RsmG
Q8DPH4	KANOAJAN_00966	LemA
Q8DPH5	KANOAJAN_00967	Heat shock protein HtpX
B2IQ73	KANOAJAN_00968	ABC transporter ATP-binding protein
	KANOAJAN_00969	SpF43_sRNA
B1IC71	KANOAJAN_00970	BlpT protein
B2IQ72	KANOAJAN_00971	Protein%2C clustered with ribosomal protein L32p
Q8DPH8	KANOAJAN_00972	Endonuclease III
	KANOAJAN_00973	PyrR
Q04K45	KANOAJAN_00974	Bifunctional uracil phosphoribosyltransferase/pyrimidine operon regulatory protein PyrR
C1CR29	KANOAJAN_00975	Aspartate carbamoyltransferase
A0A064BWJ2	KANOAJAN_00976	Carbamoyl-phosphate synthase small chain CarA
B8ZJT9	KANOAJAN_00977	Carbamoyl-phosphate synthase large chain CarB
A0A2R2HVC5	KANOAJAN_00978	Lipopolysaccharide cholinephosphotransferase LicD2
Q9X4D4	KANOAJAN_00979	Lipopolysaccharide cholinephosphotransferase LicD1
B2IQ64	KANOAJAN_00980	Membrane protein TacF involved in the export of O-antigen and teichoic acid
A0A064BWJ5	KANOAJAN_00981	Ribitol-5-phosphate cytidylyltransferase
B2IQ62	KANOAJAN_00982	Ribulose-5-phosphate reductase
B2IQ61	KANOAJAN_00983	Choline kinase LicA
C1CEM2	KANOAJAN_00984	Choline permease LicB
Q93MI4	KANOAJAN_00985	Cholinephosphate cytidylyltransferase LicC
B2IQ58	KANOAJAN_00986	DNA protecting protein DprA
I0J991	KANOAJAN_00987	ISSpn8 transposase
A0A0T7ZS55	KANOAJAN_00988	Hypothetical protein
B2IQ56	KANOAJAN_00989	Chloramphenicol acetyltransferase
C1C727	KANOAJAN_00990	Methionyl-tRNA synthetase
A0A0T7ZX26	KANOAJAN_00991	Tyrosine-protein phosphatase
A0A7X3BXV2	KANOAJAN_00992	ABC transporter ATP-binding protein
B2IQ52	KANOAJAN_00993	ABC transporter ATP-binding protein
A0A0B7LMW6	KANOAJAN_00994	Antibiotic ABC transporter permease protein
C1C733	KANOAJAN_00995	Multidrug ABC transporter permease protein
B2IQ49	KANOAJAN_00996	hypothetical protein
B2IQ47	KANOAJAN_00997	hypothetical protein
C1C734	KANOAJAN_00998	Putative repressor protein%2C phage associated
	KANOAJAN_00999	pemK
A0A0U0I1A6	KANOAJAN_01000	hypothetical protein
B2IQ45	KANOAJAN_01001	hypothetical protein
A0A0T8TE08	KANOAJAN_01002	Peptidase E
B2IQ43	KANOAJAN_01003	hypothetical protein
B2IQ42	KANOAJAN_01004	hypothetical protein
A0A0H2ZRW0	KANOAJAN_01005	Cell division protein FtsW
B2IQ40	KANOAJAN_01006	Phosphoenolpyruvate carboxylase
	KANOAJAN_01007	T-box
A0A0T8VJT9	KANOAJAN_01008	ABC transporter substrate-binding protein
Q8DPW3	KANOAJAN_01009	Putative tryptophan-specific ABC transporter permease protein TrpY
Q8DPW2	KANOAJAN_01010	ABC transporter ATP-binding protein
C1CE59	KANOAJAN_01011	DNA primase
P0A4J0	KANOAJAN_01012	RNA polymerase sigma factor RpoD
Q8DPW0	KANOAJAN_01013	Putative aromatic ring hydroxylating enzyme
A0A0H2ZPH7	KANOAJAN_01014	Diglucosyl diacylglycerol synthase LafB
C1CE63	KANOAJAN_01015	1%2C2-diacylglycerol 3-glucosyltransferase LafA
C1CE64	KANOAJAN_01016	Hypothetical protein
C1CE65	KANOAJAN_01017	Hypothetical protein
A0A0B7LKD4	KANOAJAN_01018	GTP-binding protein ObgE
C1CE67	KANOAJAN_01019	Hypothetical protein
C1CD04	KANOAJAN_01020	IS1167 transposase
C1CF69	KANOAJAN_01021	hypothetical protein
B2IQ26	KANOAJAN_01022	IS1167 transposase Orf1
	KANOAJAN_01023	Srn266
	KANOAJAN_01024	group-II-D1D4-3
Q97QW6	KANOAJAN_01025	UDP-N-acetylglucosamine 1-carboxyvinyltransferase
B1IBM4	KANOAJAN_01026	Ribosomal-protein-S5p-alanine acetyltransferase
Q8DPV2	KANOAJAN_01027	Cytosolic protein containing multiple CBS domains
B2IQ22	KANOAJAN_01028	Methionine aminopeptidase
A0A4J2FE91	KANOAJAN_01029	hypothetical protein
B2IQ21	KANOAJAN_01030	IS1381 transposase OrfA
C1CFV0	KANOAJAN_01031	IS1381 transposase OrfB
A0A0E9A2L0	KANOAJAN_01032	ATP-dependent DNA helicase PcrA
A0A062WLA7	KANOAJAN_01033	DNA repair protein RadC
B2IQ17	KANOAJAN_01034	Glutamine amidotransferase%2C class I
C1CRJ3	KANOAJAN_01035	Redox-sensitive transcriptional regulator Rex
Q8CYS1	KANOAJAN_01036	Hypothetical protein
Q8CYS0	KANOAJAN_01037	Hypothetical protein
C1CE80	KANOAJAN_01038	Cysteine desulfurase
P65242	KANOAJAN_01039	Ribose-phosphate pyrophosphokinase
Q8DPU3	KANOAJAN_01040	Adenylate cyclase
Q8DPU2	KANOAJAN_01041	GTP pyrophosphokinase
B2IQ09	KANOAJAN_01042	NAD kinase
Q8DPU1	KANOAJAN_01043	RluD-like protein
Q8DPU0	KANOAJAN_01044	Phosphate acetyltransferase
	KANOAJAN_01045	SpR14_sRNA
	KANOAJAN_01045	
Q04KI6	KANOAJAN_01046	Hypothetical protein co-occurring with RecR
A0A0B7M7N6	KANOAJAN_01047	Hypothetical protein
	KANOAJAN_01048	L21_leader
Q97QU4	KANOAJAN_01049	LSU ribosomal protein L21p
Q8DPT7	KANOAJAN_01050	Putative ribosomal protein
Q04KI2	KANOAJAN_01051	LSU ribosomal protein L27p
Q8DPT6	KANOAJAN_01052	Bifunctional FMN adenylyltransferase/riboflavin kinase RibF
Q8DPT5	KANOAJAN_01053	Transporter
C1CE99	KANOAJAN_01054	DegV family protein
C1CEA0	KANOAJAN_01055	DNA-binding protein HlpA
B2IPZ5	KANOAJAN_01056	ABC transporter ATP-binding protein
Q8DPT1	KANOAJAN_01057	Positive transcriptional regulator%2C MutR family
B2IPZ2	KANOAJAN_01058	Macrolide efflux ABC transporter membrane-spanning permease
A0AAD2Q8W6	KANOAJAN_01059	DNA ligase (NAD(+))
B2IPZ0	KANOAJAN_01060	Putative glycogen debranching enzyme
B2IPY8	KANOAJAN_01061	Glyceraldehyde-3-phosphate dehydrogenase (NADP(+))
B2IPY7	KANOAJAN_01062	1%2C4-alpha-glucan-branching enzyme GlgB
B2IPY6	KANOAJAN_01063	Glycogen biosynthesis glucose-1-phosphate adenylyltransferase subunit GlgC
Q8DPS4	KANOAJAN_01064	Glycogen biosynthesis glucose-1-phosphate adenylyltransferase subunit GlgD
B2IPY4	KANOAJAN_01065	Glycogen biosynthesis ADP-glucose--glucan transglucosylase GlgA
B2IPY3	KANOAJAN_01066	Phosphoserine phosphatase
B2IPY1	KANOAJAN_01067	Glycerate kinase
B2IPY0	KANOAJAN_01068	Glycerate kinase
Q8CYR5	KANOAJAN_01069	Hypothetical protein
Q8DPS0	KANOAJAN_01070	Enolase
A0A132UFZ9	KANOAJAN_01071	IS1167 transposase
A0A0T8X5W3	KANOAJAN_01072	hypothetical protein
A0A4J1WFF8	KANOAJAN_01073	IS1167 transposase Orf1
	KANOAJAN_01074	Srn266
A0A4K6U0R7	KANOAJAN_01075	IS630 family transposase IS630-Spn1
A0AAE9QWE4	KANOAJAN_01076	IS630 family transposase IS630-Spn1
A0A822Q8B3	KANOAJAN_01077	ATP-dependent nuclease subunit RexB
A0A4J1ZM36	KANOAJAN_01078	ATP-dependent nuclease subunit RexA
C1CEB9	KANOAJAN_01079	Hypothetical protein
B2IPX1	KANOAJAN_01080	IgA1 protease ZmpA
A0A4J2BLN9	KANOAJAN_01081	Zinc metalloprotease ZmpB precursor
B2IPW9	KANOAJAN_01082	50S ribosomal subunit maturation GTPase RbgA
B5E4Q2	KANOAJAN_01083	Ribonuclease HII
B2IPW7	KANOAJAN_01084	Voltage-gated chloride channel family protein
C1CKQ9	KANOAJAN_01085	Tyrosine recombinase XerS
B2IPW5	KANOAJAN_01086	Lipoate-protein ligase A
Q8VPK8	KANOAJAN_01087	Dihydrolipoamide dehydrogenase of acetoin dehydrogenase
A0A0B7M968	KANOAJAN_01088	Dihydrolipoamide acetyltransferase (E2) component of acetoin dehydrogenase complex
C1C7D4	KANOAJAN_01089	Acetoin dehydrogenase E1 component beta-subunit
B2IPW1	KANOAJAN_01090	Acetoin dehydrogenase E1 component alpha-subunit
B2IPV9	KANOAJAN_01091	Dihydrolipoamide acetyltransferase
A0A0B7L0U2	KANOAJAN_01092	Hypothetical protein
A0A0B7M963	KANOAJAN_01093	Dihydroorotase
A0A0T8RY05	KANOAJAN_01094	8-oxo-dGTP diphosphatase MutX
B2IPV6	KANOAJAN_01095	Uracil-DNA glycosylase%2C family 1
A0A0D6J8I6	KANOAJAN_01096	Hypothetical protein
A0A0T8F0F7	KANOAJAN_01097	2-haloalkanoic acid dehalogenase
A0A0T9ZX06	KANOAJAN_01098	hypothetical protein
C1C7E3	KANOAJAN_01099	IS1381 transposase OrfB
B2IPV1	KANOAJAN_01100	hypothetical protein
A0A7X2XKH2	KANOAJAN_01101	Pneumococcal histidine triad protein B
A0A0B7LFZ1	KANOAJAN_01102	Phosphoenolpyruvate-protein phosphotransferase of PTS
Q8DPQ0	KANOAJAN_01103	Phosphotransferase system%2C phosphocarrier protein HPr
Q8DPP9	KANOAJAN_01104	Glutaredoxin-like protein NrdH
Q8CWR3	KANOAJAN_01105	Ribonucleotide reductase of class Ib%2C alpha subunit
Q8DPP8	KANOAJAN_01106	Ribonucleotide reductase of class Ib%2C beta subunit
B2IPU6	KANOAJAN_01107	IS1167 transposase Orf2
A0A4J1STI3	KANOAJAN_01108	hypothetical protein
B2IPU5	KANOAJAN_01109	IS1167 transposase Orf1
	KANOAJAN_01110	Srn266
B2IPU4	KANOAJAN_01111	Lactose phosphotransferase system repressor
B2IPU3	KANOAJAN_01112	hypothetical protein
A0A4J1TX37	KANOAJAN_01113	6-phospho-beta-galactosidase
A0A0T7I5Q4	KANOAJAN_01114	IS200/IS605 family transposase ISSpn6
A0AAD2I416	KANOAJAN_01115	Lactose-specific PTS IIBC components
C1C7F7	KANOAJAN_01116	Lactose-specific PTS IIA component
A0A0E8T086	KANOAJAN_01117	Beta-glucoside bgl operon antiterminator LacT%2C BglG family
C1C7F9	KANOAJAN_01118	Tagatose 1%2C6-diphosphate aldolase
C1CEF2	KANOAJAN_01119	Tagatose-6-phosphate kinase LacC
A0A0B7L883	KANOAJAN_01120	Galactose-6-phosphate isomerase%2C LacB subunit
Q8DPN9	KANOAJAN_01121	Galactose-6-phosphate isomerase%2C LacA subunit
Q8DPN8	KANOAJAN_01122	Aldose epimerase
A0A0Y1WZQ0	KANOAJAN_01123	IS1381 transposase OrfB
A0AAE9QRU0	KANOAJAN_01124	IS5 family transposase ISSpn7
C1C7G6	KANOAJAN_01125	Galactose-specific PTS IIB component
Q8CYQ9	KANOAJAN_01126	Galactose-specific PTS IIA component
A0A4J2GJL6	KANOAJAN_01127	Hypothetical protein
Q8DPN5	KANOAJAN_01128	Translation elongation factor LepA
A0A0E8AWB1	KANOAJAN_01129	Serine/threonine protein phosphatase
A0AA86Y2A3	KANOAJAN_01130	DNA repair protein RecN
C1CEG6	KANOAJAN_01131	Arginine pathway regulatory protein AhrC
B1IC06	KANOAJAN_01132	RNA-binding methyltransferase
B2IPS5	KANOAJAN_01133	(2E%2C6E)-farnesyl diphosphate synthase
Q04KB1	KANOAJAN_01134	Exodeoxyribonuclease VII small subunit
Q04KB0	KANOAJAN_01135	Exodeoxyribonuclease VII large subunit
Q04KA9	KANOAJAN_01136	Uridine kinase
Q8CYQ8	KANOAJAN_01137	Hypothetical protein
B2IPS0	KANOAJAN_01138	Hypothetical protein
A0A4J1YHA4	KANOAJAN_01139	tRNA pseudouridine synthase B
A0A0I8HTW1	KANOAJAN_01140	Hypothetical protein
A0A0H2UQB9	KANOAJAN_01141	Hypothetical protein
B2IPR6	KANOAJAN_01142	Cystathionine gamma-synthase
B2IPR5	KANOAJAN_01143	O-acetyl-L-homoserine sulfhydrylase
B2IPR4	KANOAJAN_01144	Formate-nitrate transporter
Q8DPM3	KANOAJAN_01145	Sortase SrtA%2C LPXTG specific
Q9R867	KANOAJAN_01146	DNA gyrase subunit A
A0AA87CBD3	KANOAJAN_01147	L-lactate dehydrogenase
B2IPR0	KANOAJAN_01148	hypothetical protein
B2IPQ9	KANOAJAN_01149	mRNA interferase RelE2
A0A558SUE3	KANOAJAN_01150	Replicon stabilization protein RelB2
Q9RCS5	KANOAJAN_01151	Zn-dependent hydrolase VicX
C1CEI3	KANOAJAN_01152	Two-component system sensor histidine kinase VicK
Q9S1K0	KANOAJAN_01153	Two-component system response regulator VicR
B2IPQ4	KANOAJAN_01154	A/G-specific adenine glycosylase
B1IC26	KANOAJAN_01155	Formate--tetrahydrofolate ligase
A0A098Z7G4	KANOAJAN_01156	Phosphopantothenoylcysteine synthetase
Q8DPL3	KANOAJAN_01157	Phosphopantothenoylcysteine decarboxylase
Q8DPL2	KANOAJAN_01158	Substrate-specific component PanT of putative pantothenate ECF transporter
C1CEJ0	KANOAJAN_01159	Substrate-specific component NiaX of putative niacin ECF transporter
A0A0T7TLM8	KANOAJAN_01160	Transcriptional repressor of NAD biosynthesis
A0A098ZQV4	KANOAJAN_01161	MutT/Nudix family protein
A0A4G4JFG4	KANOAJAN_01162	Acetyltransferase
A0A4J1UP58	KANOAJAN_01163	Acetyltransferase
A0A0E9GUS4	KANOAJAN_01164	Acetyltransferase
C1C7L7	KANOAJAN_01165	Excinuclease ABC subunit B
A0A0B7M3X4	KANOAJAN_01166	CAAX amino terminal protease family protein
A0A4J2G5L2	KANOAJAN_01167	Glutamine ABC transporter GlnHP5%2C containing substrate-binding and permease domains
A0A0B7LWY7	KANOAJAN_01168	Glutamine transport ATP-binding protein GlnQ
A0A0T7K543	KANOAJAN_01169	Glucose-6-phosphate 1-dehydrogenase
	KANOAJAN_01170	Srn266
A0AA95DCH7	KANOAJAN_01171	IS1167 transposase
A0A4J1TCJ0	KANOAJAN_01172	Signal recognition particle receptor FtsY
A0A4J1YEX5	KANOAJAN_01173	Hydrolase%2C HAD superfamily
A0A4J1RMT5	KANOAJAN_01174	Hydrolase%2C HAD superfamily
A0A4J1UYQ6	KANOAJAN_01175	Chromosome partition protein SMC
A0A064C285	KANOAJAN_01176	Ribonuclease III
	KANOAJAN_01177	tRNA-Arg(ccg)
B2IPN4	KANOAJAN_01178	GMP reductase
B2IPN3	KANOAJAN_01179	Hypothetical protein
B2IPN2	KANOAJAN_01180	Endonuclease
B2IPN1	KANOAJAN_01181	Hypothetical protein
B2IPM8	KANOAJAN_01182	3-isopropylmalate dehydratase small subunit
C1C7N4	KANOAJAN_01183	Putative membrane protein
B2IPM4	KANOAJAN_01184	3-isopropylmalate dehydrogenase
B2IPM3	KANOAJAN_01185	2-isopropylmalate synthase
B2IPM2	KANOAJAN_01186	2-isopropylmalate synthase
C1CEL4	KANOAJAN_01187	Hypothetical protein
B2IPM0	KANOAJAN_01188	Cytoplasmic copper homeostasis protein CutC
A0A0T8H830	KANOAJAN_01189	Hypothetical protein related to heme utilization
A0A0B7LJD6	KANOAJAN_01190	DNA topoisomerase I
Q8DPI8	KANOAJAN_01191	Integral membrane protein
I0J991	KANOAJAN_01192	ISSpn8 transposase
A0A0T8M1D8	KANOAJAN_01193	IS1182 family transposase ISBcy1
A0A0T9GLB7	KANOAJAN_01194	hypothetical protein
A0A0T8GFA5	KANOAJAN_01195	IS1182 family transposase ISAco1
A0A7X2XMN1	KANOAJAN_01196	hypothetical protein
A0AA44MS06	KANOAJAN_01197	hypothetical protein
A0A098ANV4	KANOAJAN_01198	Tn5252 Orf9 protein
A0A098ANV0	KANOAJAN_01199	Tn5252 Orf10 protein
	KANOAJAN_01200	group-II-D1D4-3
A0A6G2DL08	KANOAJAN_01201	hypothetical protein
A0A0T8JWL1	KANOAJAN_01202	putative protein
A0A098ZIW8	KANOAJAN_01203	Bifunctional UDP-N-acetylglucosamine kinase/zeta toxin PezT
A0A0B7LG50	KANOAJAN_01204	Antitoxin PezA
A0A0B7L7M7	KANOAJAN_01205	hypothetical protein
A0AA95DFD5	KANOAJAN_01206	Neopullulanase
A0A0T8A2T7	KANOAJAN_01207	Neopullulanase
B2IPK3	KANOAJAN_01208	Transcriptional regulator
Q8DPY1	KANOAJAN_01209	Putative hydrolase
B2IPK1	KANOAJAN_01210	Hypothetical protein
B2IPK0	KANOAJAN_01211	Hypothetical protein
B2IPJ6	KANOAJAN_01212	Hypothetical protein
B2IPJ5	KANOAJAN_01213	Phage integrase
Q8CYT9	KANOAJAN_01214	Hypothetical protein
	KANOAJAN_01215	pemK
B2IPJ3	KANOAJAN_01216	hypothetical protein
B2IPJ2	KANOAJAN_01217	hypothetical protein
A0A0B7LIN9	KANOAJAN_01218	hypothetical protein
A0A4J1SI96	KANOAJAN_01219	hypothetical protein
B2IPJ8	KANOAJAN_01220	Mobilization protein A
A0A0B7LJA1	KANOAJAN_01221	hypothetical protein
A0A0B7LCG2	KANOAJAN_01222	Putative type II restriction endonuclease
B2IPJ1	KANOAJAN_01223	Iron compound ABC uptake transporter ATP-binding protein PiaD
Q8DPY4	KANOAJAN_01224	Iron compound ABC uptake transporter permease protein PiaC
B2IPI9	KANOAJAN_01225	Iron compound ABC uptake transporter permease protein PiaB
Q8DPY6	KANOAJAN_01226	Iron compound ABC uptake transporter substrate-binding protein PiaA
A0A0B7LP89	KANOAJAN_01227	Hypothetical protein
	KANOAJAN_01228	SpF39_sRNA
	KANOAJAN_01229	SpF61_sRNA
	KANOAJAN_01229	
B1IBI7	KANOAJAN_01230	23S rRNA (uracil(1939)-C(5))-methyltransferase
C1CE19	KANOAJAN_01231	Extracellular protein
C1C701	KANOAJAN_01232	Pneumococcal vaccine antigen A
A0A6A8VKT1	KANOAJAN_01233	Pseudouridylate synthase%2C 23S RNA-specific
A0AAD2K9Z7	KANOAJAN_01234	Serine hydroxymethyltransferase
A0A0B7L9L3	KANOAJAN_01235	N-acetyltransferase%2C GCN5-family
A0AAD2K9S9	KANOAJAN_01236	Threonylcarbamoyl-AMP synthase TsaC
A0A0B7LFU8	KANOAJAN_01237	Peptide chain release factor N(5)-glutamine methyltransferase
C1CRE0	KANOAJAN_01238	Peptide chain release factor 1
C1CE11	KANOAJAN_01239	Thymidine kinase
B2IPH4	KANOAJAN_01240	Bifunctional 4-oxalocrotonate tautomerase/xylose transport system permease protein XylH
A0A822RV44	KANOAJAN_01241	GTPase and tRNA-U34 5-formylation enzyme MnmE
C1CE08	KANOAJAN_01242	4-hydroxy-tetrahydrodipicolinate synthase
A0A064C4U3	KANOAJAN_01243	Aspartate-semialdehyde dehydrogenase
	KANOAJAN_01244	asd
	KANOAJAN_01245	tRNA-Thr(ggt)
Q8DQ01	KANOAJAN_01246	Substrate-specific component QueT of putative queuosine-regulated ECF transporter
	KANOAJAN_01247	preQ1-II
A0A0T8LFD3	KANOAJAN_01248	GtrA family protein
A0A0T8LFB4	KANOAJAN_01249	Large-conductance mechanosensitive channel MscL
B2IPG6	KANOAJAN_01250	IS4 family transposase ISSsu2
B2IPG5	KANOAJAN_01251	IS4 family transposase ISSsu2
C1CE03	KANOAJAN_01252	Ferrochelatase%2C protoheme ferro-lyase
B2IPG2	KANOAJAN_01253	Tripeptide aminopeptidase PepT
A0A0T8Z1J5	KANOAJAN_01254	hypothetical protein
A0A0B7KWR4	KANOAJAN_01255	hypothetical protein
A0A0B7LLD3	KANOAJAN_01256	Pneumococcal histidine triad protein E
A0A6G2DVA1	KANOAJAN_01257	Pneumococcal histidine triad protein E
A0AAD2I2G5	KANOAJAN_01258	Pneumococcal histidine triad protein B
Q8DQ09	KANOAJAN_01259	Laminin-binding surface protein
B2IPF3	KANOAJAN_01260	Cationic amino acid transporter%2C APC Superfamily
	KANOAJAN_01261	SpF36_sRNA
	KANOAJAN_01261	
C1CDZ5	KANOAJAN_01262	Thiol:disulfide oxidoreductase
C1CDZ4	KANOAJAN_01263	Cytochrome c-type biogenesis protein CcdA-2
Q8CYU8	KANOAJAN_01264	Hypothetical protein
B2IPE7	KANOAJAN_01265	IS630 family transposase IS630-Spn1
C1CDY9	KANOAJAN_01266	Glycerophosphoryl diester phosphodiesterase
B2IPE5	KANOAJAN_01267	DNA polymerase III epsilon subunit
A0A0H2UPQ5	KANOAJAN_01268	Transcriptional regulator OrfX
B2IPE3	KANOAJAN_01269	Bifunctional 5'-methylthioadenosine nucleosidase/S-adenosylhomocysteine nucleosidase
Q8CYV2	KANOAJAN_01270	Hypothetical protein
B2IPE1	KANOAJAN_01271	ADP-ribose pyrophosphatase
A0A0T7SWK3	KANOAJAN_01272	Bifunctional N-acetylglucosamine-1-phosphate uridyltransferase/glucosamine-1-phosphate N-acetyltransferase
A0A0B7LBL0	KANOAJAN_01273	1%2C4-beta-N-acetylmuramidase%2C lyzozyme M1
Q8DQ19	KANOAJAN_01274	Membrane protein
C1CDY0	KANOAJAN_01275	Transcriptional regulator
Q8DQ21	KANOAJAN_01276	Phosphoglycerate mutase family 5 protein
A0A4J1USY9	KANOAJAN_01277	hypothetical protein
A0A0T8T3N3	KANOAJAN_01278	IS3 family transposase ISSpn1
Q97R51	KANOAJAN_01279	Putative parvulin type peptidyl-prolyl isomerase PrsA
Q8DQ25	KANOAJAN_01280	O-methyltransferase family protein
B2IPD2	KANOAJAN_01281	Oligoendopeptidase F
B2IPD1	KANOAJAN_01282	Competence protein CoiA
C1CDX2	KANOAJAN_01283	Tellurite methyltransferase TehB
Q97R56	KANOAJAN_01284	tmRNA-binding protein SmpB
A0A9P1PNT5	KANOAJAN_01285	3'-to-5' exoribonuclease RNase R
Q8DQ31	KANOAJAN_01286	Protein-export membrane protein SecG
C1CDW7	KANOAJAN_01287	Multidrug resistance efflux pump PmrA
B2IPC5	KANOAJAN_01288	Dephospho-CoA kinase
Q97R61	KANOAJAN_01289	Formamidopyrimidine-DNA glycosylase MutM
A0A0B7LRL2	KANOAJAN_01290	GTP-binding protein Era
B2IPC2	KANOAJAN_01291	Diacylglycerol kinase
Q97R63	KANOAJAN_01292	Metal-dependent hydrolase YbeY
B2IPC0	KANOAJAN_01293	Fibronectin/fibrinogen-binding protein
Q4W1Z5	KANOAJAN_01294	Endo-beta-N-acetylglucosaminidase LytB
B2IPB8	KANOAJAN_01295	Dihydroorotate dehydrogenase (NAD(+))%2C catalytic subunit
B2IPB7	KANOAJAN_01296	Dihydroorotate dehydrogenase (NAD(+))%2C electron transfer subunit
C1CDV7	KANOAJAN_01297	Lactoylglutathione lyase
Q04KW7	KANOAJAN_01298	LSU ribosomal protein L20p
Q04KW8	KANOAJAN_01299	LSU ribosomal protein L35p
B2IPB3	KANOAJAN_01300	Translation initiation factor 3
	KANOAJAN_01301	L20_leader
C1CDV2	KANOAJAN_01302	Hypothetical protein
C1CDV1	KANOAJAN_01303	ABC transporter%2C ATP-binding protein
B2IPA9	KANOAJAN_01304	Late competence DNA transporter ComEC
B2IPA8	KANOAJAN_01305	Late competence DNA receptor ComEA
B2IPA7	KANOAJAN_01306	Acetyltransferase%2C GNAT family
A0AA86XHG5	KANOAJAN_01307	Alanine dehydrogenase
B2IPA5	KANOAJAN_01308	Alanine dehydrogenase 2
Q8CYV8	KANOAJAN_01309	hypothetical protein
Q8CYV9	KANOAJAN_01310	Acetyltransferase
A0AA44MQQ7	KANOAJAN_01311	IS1381 transposase OrfB
B2IP03	KANOAJAN_01312	IS5 family transposase IS1515
Q8DQ46	KANOAJAN_01313	Phosphate starvation-inducible protein PhoH
Q97R80	KANOAJAN_01314	Hypothetical protein
Q8DQ48	KANOAJAN_01315	S1 RNA-binding domain protein
Q97R82	KANOAJAN_01316	Ribosome-recycling factor
A0A0B7LE88	KANOAJAN_01317	Uridine monophosphate kinase
A0A0T9GHY8	KANOAJAN_01318	Methylenetetrahydrofolate--tRNA-(uracil-5-)- methyltransferase TrmFO
B2IP97	KANOAJAN_01319	IS5 family transposase ISSpn7
A0A4L7JUD1	KANOAJAN_01320	IS1381 transposase OrfB
A0A0B7M0Z7	KANOAJAN_01321	Replication protein
A0A0T8E219	KANOAJAN_01322	Replication protein
C1CDT5	KANOAJAN_01323	hypothetical protein
Q8DQ55	KANOAJAN_01324	16S rRNA (cytidine(1402)-2'-O)-methyltransferase
Q97R89	KANOAJAN_01325	DNA replication initiation control protein YabA
B2IP91	KANOAJAN_01326	DNA polymerase III delta prime subunit
A0A0E8IAV1	KANOAJAN_01327	Thymidylate kinase
B2IP89	KANOAJAN_01328	Pyrroline-5-carboxylate reductase
B2IP88	KANOAJAN_01329	Gamma-glutamyl phosphate reductase
B2IP87	KANOAJAN_01330	Glutamate 5-kinase
Q9KGZ1	KANOAJAN_01331	Teichoic acid phosphorylcholine esterase%2C choline-binding protein CbpE
B2IP85	KANOAJAN_01332	Ribosomal large subunit pseudouridine synthase D
Q8DQ64	KANOAJAN_01333	Lipoprotein signal peptidase
Q8DQ65	KANOAJAN_01334	Cysteine and methionine metabolism regulator CmbR%2C LysR family
C1CDS3	KANOAJAN_01335	CAAX amino terminal protease family protein
Q8CYW4	KANOAJAN_01336	Hypothetical protein
B1IB91	KANOAJAN_01337	Hydrolase%2C HAD superfamily
C1CDS0	KANOAJAN_01338	N-carbamoylputrescine amidase
Q97RA4	KANOAJAN_01339	Agmatine deiminase
A0A0H2UPS0	KANOAJAN_01340	Carboxynorspermidine decarboxylase
C1C6Q1	KANOAJAN_01341	Carboxynorspermidine synthase
P66836	KANOAJAN_01342	Spermidine synthase
A0A0H2UPL1	KANOAJAN_01343	hypothetical protein
A0A0H2UPK4	KANOAJAN_01344	Arginine decarboxylase
A0A4J1UVP8	KANOAJAN_01345	ISSpn8 transposase
B2IP72	KANOAJAN_01346	Hypothetical protein
B2IP71	KANOAJAN_01347	ABC transporter permease protein
C1CDQ8	KANOAJAN_01348	ABC transporter ATP-binding protein
A0A0B7KXN1	KANOAJAN_01349	Hypothetical protein
Q8CYW5	KANOAJAN_01350	Hypothetical protein
	KANOAJAN_01351	Spd-sr07
	KANOAJAN_01351	
A0A5C8QW28	KANOAJAN_01352	Putative phage shock protein C
A0A0T8S1J5	KANOAJAN_01353	Putative SprT family zinc-dependent metallopeptidase
A0A0B7LIN4	KANOAJAN_01354	Transcription accessory protein
C1CDQ2	KANOAJAN_01355	Hypothetical protein
C1CDQ1	KANOAJAN_01356	Putative permease
A0A0T7JSI6	KANOAJAN_01357	ABC transporter substrate-binding protein
A0A0U0FI83	KANOAJAN_01358	Hypothetical protein
A0A0H2UPQ6	KANOAJAN_01359	Hypothetical protein
A0AA95D9T2	KANOAJAN_01360	IS5 family transposase ISSpn7
A0A0X8ZFS2	KANOAJAN_01361	Membrane-associated protein
A0A064C0M3	KANOAJAN_01362	Pyruvate kinase
Q97RC6	KANOAJAN_01363	6-phosphofructokinase
A0A4J1N0P1	KANOAJAN_01364	DNA polymerase III alpha subunit
A0A4H9BQJ8	KANOAJAN_01365	Xaa-Pro dipeptidyl-peptidase
C1CDP1	KANOAJAN_01366	Arginine pathway regulatory protein ArgR2
A0A4H9BNV3	KANOAJAN_01367	Hypothetical protein
A0A5E8DUV9	KANOAJAN_01368	Type I restriction-modification system restriction subunit R
C1CDN9	KANOAJAN_01369	hypothetical protein
C1CDN8	KANOAJAN_01370	Tyrosine recombinase XerC
C1CDN7	KANOAJAN_01371	hypothetical protein
C1CDN6	KANOAJAN_01372	hypothetical protein
A0A0H2UPP5	KANOAJAN_01373	hypothetical protein
Q8DQ91	KANOAJAN_01374	Type I restriction-modification system DNA-methyltransferase subunit M
B2IP15	KANOAJAN_01375	ATP-grasp-domain-containing protein
Q8CYX4	KANOAJAN_01376	hypothetical protein
Q8CYX6	KANOAJAN_01377	hypothetical protein
B2IP12	KANOAJAN_01378	Putative alpha-dextrin endo-1%2C6-alpha-glucosidase
Q97RE1	KANOAJAN_01379	tRNA 4-thiouridine synthase ThiI
B2IP10	KANOAJAN_01380	Putative cysteine desulfurase
A0A0B7M7A1	KANOAJAN_01381	Acetyltransferase
A0A0H2ZQ12	KANOAJAN_01382	DNA translocase FtsK
B2IP07	KANOAJAN_01383	Fructose-specific PTS IIABC components
B2IP06	KANOAJAN_01384	1-phosphofructokinase
Q8DQ97	KANOAJAN_01385	Transcriptional repressor of the fructose operon%2C DeoR family
	KANOAJAN_01386	tRNA-Ser(gga)
B2INZ3	KANOAJAN_01387	hypothetical protein
A0A0B7M8B7	KANOAJAN_01388	hypothetical protein
B2INZ7	KANOAJAN_01389	hypothetical protein
	KANOAJAN_01390	transfer-messenger RNA%2C SsrA
Q8DQ98	KANOAJAN_01391	Coordinator of zonal cell elongation
Q75Y43	KANOAJAN_01392	D-alanyl-D-alanine carboxypeptidase%2C penicillin-binding protein 3
Q8DQA0	KANOAJAN_01393	Iron-sulfur cluster assembly protein SufB
C1CDL9	KANOAJAN_01394	Putative iron-sulfur cluster assembly scaffold protein for SUF system SufE2
C1CDL8	KANOAJAN_01395	Cysteine desulfurase SufS
A0AA86JA12	KANOAJAN_01396	Iron-sulfur cluster assembly protein SufD
Q8DQA4	KANOAJAN_01397	Iron-sulfur cluster assembly ATPase protein SufC
Q8CYX9	KANOAJAN_01398	Hypothetical protein
A0AA86JH76	KANOAJAN_01399	DNA polymerase III subunits gamma and tau
Q8DQA6	KANOAJAN_01400	GAF domain-containing protein
	KANOAJAN_01401	Srn266
A0A4J2AFN9	KANOAJAN_01402	IS1167 transposase Orf1
A0A559A0J2	KANOAJAN_01403	hypothetical protein
A0A132UFZ9	KANOAJAN_01404	IS1167 transposase
A0A0T7NMD7	KANOAJAN_01405	SSU ribosomal protein S1p
	KANOAJAN_01406	tRNA-Gln(ttg)
	KANOAJAN_01407	tRNA-Tyr(gta)
Q8CYY0	KANOAJAN_01408	Hypothetical protein
Q04L55	KANOAJAN_01409	Pyrrolidone-carboxylate peptidase
Q8DQB0	KANOAJAN_01410	Putative membrane protein
C1CDK5	KANOAJAN_01411	Hypothetical protein
B2INX6	KANOAJAN_01412	Oligopeptide ABC transporter substrate-binding protein
C1CDK3	KANOAJAN_01413	Branched-chain amino acid aminotransferase
Q3HYI2	KANOAJAN_01414	Topoisomerase IV subunit A
B2INX2	KANOAJAN_01415	Restriction enzyme BcgI alpha chain-like protein
Q3HZ70	KANOAJAN_01416	Topoisomerase IV subunit B
A0A0B7M4T6	KANOAJAN_01417	Acyl-phosphate:glycerol-3-phosphate O-acyltransferase PlsY
A0A4J1RRK1	KANOAJAN_01418	IS3 family transposase ISSpn4
Q8CM57	KANOAJAN_01419	hypothetical protein
B2INW7	KANOAJAN_01420	hypothetical protein
B2INW6	KANOAJAN_01421	IS3 family transposase ISSpn11
C1C6I2	KANOAJAN_01422	Putative deoxyribose-specific ABC transporter permease protein
B2INW4	KANOAJAN_01423	Putative deoxyribose-specific ABC transporter permease protein
Q8DQC1	KANOAJAN_01424	Putative deoxyribose-specific ABC transporter ATP-binding protein
C1C6H9	KANOAJAN_01425	Nucleoside-binding protein
C1C6H8	KANOAJAN_01426	Cytidine deaminase
B2INW0	KANOAJAN_01427	Deoxyribose-phosphate aldolase
B2INV9	KANOAJAN_01428	Pyrimidine-nucleoside phosphorylase
B2INV8	KANOAJAN_01429	16S rRNA (guanine(1207)-N(2))-methyltransferase
B2INV7	KANOAJAN_01430	Hypothetical protein
C1CS52	KANOAJAN_01431	Pantothenate kinase
Q8CWS0	KANOAJAN_01432	SSU ribosomal protein S20p
B2INV4	KANOAJAN_01433	FlaR-related DNA topology modulation protein
C1CS55	KANOAJAN_01434	Purine nucleoside phosphorylase
B2INV2	KANOAJAN_01435	Thiol-activated cytolysin
C1CDI1	KANOAJAN_01436	hypothetical protein
B2INV0	KANOAJAN_01437	hypothetical protein
Q8CWS2	KANOAJAN_01438	Bifunctional purine nucleoside phosphorylase/N-ribosylnicotinamide phosphorylase
B2INU8	KANOAJAN_01439	hypothetical protein
B2INU7	KANOAJAN_01440	hypothetical protein
B2INU6	KANOAJAN_01441	Phosphopentomutase
Q04L82	KANOAJAN_01442	Ribose 5-phosphate isomerase A
B2INU3	KANOAJAN_01443	ADP-dependent (S)-NAD(P)H-hydrate dehydratase
B2INU2	KANOAJAN_01444	hypothetical protein
B1IAZ5	KANOAJAN_01445	Bifunctional methylenetetrahydrofolate dehydrogenase (NADP+)/methenyltetrahydrofolate cyclohydrolase
C1CDH2	KANOAJAN_01446	Glutamine ABC transporter ATP-binding protein GlnQ4
A0AA87CCJ7	KANOAJAN_01447	Glutamine ABC transporter permease GlnP4
Q8DQD6	KANOAJAN_01448	Hypothetical protein
C1CDG9	KANOAJAN_01449	ATP-dependent Clp protease ATP-binding subunit ClpE
A0AA95D9Y4	KANOAJAN_01450	IS630 family transposase IS630-Spn1
C1C6F5	KANOAJAN_01451	IS630 family transposase IS630-Spn1
B2INT5	KANOAJAN_01452	MutT/Nudix family protein
Q8CYY5	KANOAJAN_01453	Hypothetical protein
A0A0E8SUC9	KANOAJAN_01454	Septation ring formation regulator EzrA
Q59957	KANOAJAN_01455	DNA gyrase subunit B
Q8DQE6	KANOAJAN_01456	Hydrolase%2C haloacid dehalogenase-like family
Q8DQE7	KANOAJAN_01457	4-methyl-5(b-hydroxyethyl)-thiazole monophosphate biosynthesis enzyme
Q8DQE8	KANOAJAN_01458	Cell shape-determining protein RodA
B2INS6	KANOAJAN_01459	Bifunctional DinG family ATP-dependent helicase YoaA/DnaQ family exonuclease
B2INS5	KANOAJAN_01460	Protease
B2INS4	KANOAJAN_01461	Hypothetical protein
Q7B3G0	KANOAJAN_01462	Two-component system sensor histidine kinase CiaH
C1CDF5	KANOAJAN_01463	Two-component system response regulator CiaR
B2INS1	KANOAJAN_01464	Lysyl aminopeptidase PepN
B2INS0	KANOAJAN_01465	Hypothetical protein
C1C6D9	KANOAJAN_01466	PEP-utilizing enzyme family protein
A0A0B7LQW1	KANOAJAN_01467	MutT/Nudix family protein
Q8CWS3	KANOAJAN_01468	3-Ketoacyl-ACP reductase
B2INR6	KANOAJAN_01469	Hypothetical protein
Q8DQF4	KANOAJAN_01470	Putative oxidoreductase
A0A6G2DMB9	KANOAJAN_01471	Hypothetical protein
A0A0T8EX74	KANOAJAN_01472	Transcriptional regulator%2C PadR family
	KANOAJAN_01473	Srn266
B2IMI6	KANOAJAN_01474	IS1167 transposase
A0AA86YDQ8	KANOAJAN_01475	Methionyl-tRNA synthetase
A0A4N9R523	KANOAJAN_01476	ABC transporter permease protein
Q8DQF8	KANOAJAN_01477	ABC transporter ATP-binding protein
A0AA95D7S6	KANOAJAN_01478	Periplasmic component of efflux system
A0A0T8RUU7	KANOAJAN_01479	Glutathione reductase
B1IAV8	KANOAJAN_01480	Substrate-specific component BioY of biotin ECF transporter
A0AAE4K2W2	KANOAJAN_01481	Hypothetical protein
B2INF8	KANOAJAN_01482	Hypothetical protein
Q8CYZ1	KANOAJAN_01483	Anaerobic ribonucleoside-triphosphate reductase
Q97RM4	KANOAJAN_01484	tRNA (guanine(37)-N(1))-methyltransferase
Q8DQG3	KANOAJAN_01485	16S rRNA processing protein RimM
B1IAV1	KANOAJAN_01486	hypothetical protein
C1CDC4	KANOAJAN_01487	KH domain RNA-binding protein
Q04LD0	KANOAJAN_01488	SSU ribosomal protein S16p
A0A0T8FBY8	KANOAJAN_01489	Hypothetical protein
C1CDB9	KANOAJAN_01490	Peptidyl-prolyl cis-trans isomerase
C1C6B2	KANOAJAN_01491	ABC transporter ATP-binding protein
A0A0B7LG10	KANOAJAN_01492	VanZF-related protein
A0A0U0N161	KANOAJAN_01493	Bifunctional 23S rRNA (adenine(2503)-C(2))-methyltransferase/tRNA (adenine(37)-C(2))-methyltransferase
C1C6A9	KANOAJAN_01494	hypothetical protein
C1C6A8	KANOAJAN_01495	Manganese superoxide dismutase
B2INE7	KANOAJAN_01496	DNA polymerase III delta subunit
Q9X9S0	KANOAJAN_01497	Dihydroorotate dehydrogenase (fumarate)
Q8DQH0	KANOAJAN_01498	S-adenosylmethionine synthetase
A0A0T8VDB1	KANOAJAN_01499	ATP-dependent RNA helicase YqfR
Q8CYZ8	KANOAJAN_01500	Exodeoxyribonuclease III
Q8DQH2	KANOAJAN_01501	Maltose- and glucose-specific PTS IICBA components
A0A0E9GYX9	KANOAJAN_01502	Cell division protein FtsX
C1C6A0	KANOAJAN_01503	Cell division transporter%2C ATP-binding protein FtsE
A0A6I3U7D7	KANOAJAN_01504	Peptide chain release factor 2
Q8DQH6	KANOAJAN_01505	CBS domain protein
C1CDA2	KANOAJAN_01506	Branched-chain amino acid transport ATP-binding protein LivF
C1C696	KANOAJAN_01507	Branched-chain amino acid transport ATP-binding protein LivG
Q8DQH9	KANOAJAN_01508	Branched-chain amino acid transport system permease protein LivM
A0A0E8IRS7	KANOAJAN_01509	High-affinity branched-chain amino acid transport system permease protein LivH
C1C693	KANOAJAN_01510	High-affinity leucine-specific transport system%2C periplasmic binding protein LivJ
A0A0T9AB05	KANOAJAN_01511	Hypothetical protein
Q04LF4	KANOAJAN_01512	ATP-dependent Clp protease proteolytic subunit ClpP
A0A0T8MLU5	KANOAJAN_01513	Uracil phosphoribosyltransferase
C1CD94	KANOAJAN_01514	dCMP deaminase
Q8DQI5	KANOAJAN_01515	Transcriptional regulator%2C AcrR family
B2INC5	KANOAJAN_01516	DegV family protein
B2INC4	KANOAJAN_01517	NAD(FAD)-utilizing dehydrogenase
B2INC3	KANOAJAN_01518	MutT/Nudix family protein
B2INC2	KANOAJAN_01519	HTH-type transcriptional activator mta
B2INC1	KANOAJAN_01520	Sodium-dependent transporter
B2INC0	KANOAJAN_01521	Sodium-dependent transporter
B2INB8	KANOAJAN_01522	Mannose-6-phosphate isomerase
B2INB7	KANOAJAN_01523	6-phospho-beta-glucosidase
A0A4J1Y2F2	KANOAJAN_01524	IS630 family transposase ISSpn2
	KANOAJAN_01525	Srn266
B2IMI6	KANOAJAN_01526	IS1167 transposase
B1IAQ3	KANOAJAN_01527	Hypothetical protein
C1CD82	KANOAJAN_01528	Pyruvate oxidase
A0A0T8EYZ3	KANOAJAN_01529	Lead%2C cadmium%2C copper%2C zinc and mercury transporting P-type ATPase
C1C677	KANOAJAN_01530	Copper-exporting ATPase
C1CD79	KANOAJAN_01531	Negative transcriptional regulator of copper transport operon
	KANOAJAN_01532	TPP
A0A0B7LGA8	KANOAJAN_01533	Hydroxymethylpyrimidine phosphate kinase ThiD
C1CD77	KANOAJAN_01534	Thiamin-phosphate pyrophosphorylase
Q97RR9	KANOAJAN_01535	Hydroxyethylthiazole kinase
Q8CZ02	KANOAJAN_01536	Substrate-specific component ThiW of putative thiazole ECF transporter
Q8DQK0	KANOAJAN_01537	Thiaminase II TenA
Q8DQK1	KANOAJAN_01538	Transmembrane component YkoC of energizing module of thiamin-regulated ECF transporter for hydroxymethylpyrimidine
A0A2I5LX48	KANOAJAN_01539	Duplicated ATPase component YkoD of energizing module of thiamin-regulated ECF transporter for hydroxymethylpyrimidine
C1CD71	KANOAJAN_01540	Substrate-specific component YkoE of thiamin-regulated ECF transporter for hydroxymethylpyrimidine
	KANOAJAN_01541	TPP
A0A062WTJ4	KANOAJAN_01542	Thiamin-phosphate pyrophosphorylase
A0A559BUT6	KANOAJAN_01543	Hydroxyethylthiazole kinase
A0A655HI35	KANOAJAN_01544	Hypothetical protein
A0A0B7L9L6	KANOAJAN_01545	Thiaminase II
	KANOAJAN_01546	TPP
Q8DQK7	KANOAJAN_01547	L-Lactate 2-monooxygenase
A0A0E8ITM3	KANOAJAN_01548	Class II lysyl-tRNA synthetase
B2IN94	KANOAJAN_01549	L-Lactate 2-monooxygenase
A0A0T8WN03	KANOAJAN_01550	hypothetical protein
A0A0E8IYD8	KANOAJAN_01551	Glutamine ABC transporter ATP-binding protein GlnQ3
A0A0E7X885	KANOAJAN_01552	Glutamine ABC transporter ATP-binding protein GlnQ3
A0A0E8IT87	KANOAJAN_01553	Amino acid ABC transporter amino acid-binding/permease protein
A0A0E8ZVN9	KANOAJAN_01554	ABC transporter ATP-binding protein
A0AAE9U2I8	KANOAJAN_01555	Hypothetical protein
A0A0B7M6H9	KANOAJAN_01556	Hypothetical protein
B1IAM9	KANOAJAN_01557	Hypothetical protein
A0A822Q133	KANOAJAN_01558	Hypothetical protein
A0A822Q8E7	KANOAJAN_01559	Orotate phosphoribosyltransferase
A0A0E8T5G7	KANOAJAN_01560	Orotidine 5'-phosphate decarboxylase
	KANOAJAN_01561	PyrR
B2IN84	KANOAJAN_01562	Putative membrane spanning protein
B2IN83	KANOAJAN_01563	Fluoroquinolones export ATP-binding protein
A0A0B4ZK12	KANOAJAN_01564	Hypothetical protein
A0A098ZC64	KANOAJAN_01565	hypothetical protein
A0A098Z062	KANOAJAN_01566	hypothetical protein
B2IN80	KANOAJAN_01567	Hypothetical protein
A0A098ZLB8	KANOAJAN_01568	Hypothetical protein
A0A822Q4I1	KANOAJAN_01569	Cell division protein DivIB
A0A0B7LCX2	KANOAJAN_01570	UDP-N-acetylglucosamine--N-acetylmuramyl- (pentapeptide) pyrophosphoryl-undecaprenol N-acetylglucosamine transferase
A0A0E8T602	KANOAJAN_01571	UDP-N-acetylmuramoylalanine--D-glutamate ligase
Q8DQM3	KANOAJAN_01572	ABC transporter ATP-binding protein
A0A098ZEV5	KANOAJAN_01573	Putative immunity protein
A0AA86MCE8	KANOAJAN_01574	Hypothetical protein
Q8CZ11	KANOAJAN_01575	Putative membrane protein
A0AA86Y837	KANOAJAN_01576	GTP-binding protein TypA
B2IN70	KANOAJAN_01577	Ribosomal small subunit pseudouridine synthase A
Q8CZ12	KANOAJAN_01578	Hypothetical protein
Q8DQM7	KANOAJAN_01579	Rhodanese-like domain protein
Q8DQM8	KANOAJAN_01580	Hypothetical protein
Q8DQM9	KANOAJAN_01581	Methionine biosynthesis and transport regulator MtaR%2C LysR family
C1C637	KANOAJAN_01582	Short-chain dehydrogenase
C1CQF2	KANOAJAN_01583	Ribonuclease Z
B2IMY7	KANOAJAN_01584	Cystathionine beta-lyase
Q8DQN2	KANOAJAN_01585	GTP-binding protein HflX
A0A654U945	KANOAJAN_01586	tRNA dimethylallyltransferase MiaA
Q8CZ15	KANOAJAN_01587	Hypothetical protein
B2IMY1	KANOAJAN_01588	Thymidylate synthase
C1CD35	KANOAJAN_01589	Glucokinase
B2IMX9	KANOAJAN_01590	Endo-beta-N-acetylglucosaminidase%2C choline-binding protein CbpL
A0A0B7L7P7	KANOAJAN_01591	2-succinyl-6-hydroxy-2%2C4-cyclohexadiene-1-carboxylate synthase
B2IMX7	KANOAJAN_01592	Bifunctional para-aminobenzoate synthase%2C aminase component/aminodeoxychorismate lyase
B2IMX6	KANOAJAN_01593	hypothetical protein
B2IMX5	KANOAJAN_01594	YwlG
Q8DQN7	KANOAJAN_01595	Two-component sensor kinase YesM
Q8DQN8	KANOAJAN_01596	Two-component response regulator YesN
C1C622	KANOAJAN_01597	Peptide methionine sulfoxide reductase MsrAB2
A0AA87CBX6	KANOAJAN_01598	Thiol:disulfide oxidoreductase
C1CD25	KANOAJAN_01599	Cytochrome c-type biogenesis protein CcdA-1
A0A237K353	KANOAJAN_01600	Inner membrane protein YihY
A0A0H2UP25	KANOAJAN_01601	Na+/H+ antiporter
A0A0B7MD14	KANOAJAN_01602	Hypothetical protein
Q8DQP3	KANOAJAN_01603	Putative rRNA methylase YtqB
A0AA86XIX1	KANOAJAN_01604	hypothetical protein
A0A4M9XIK4	KANOAJAN_01605	hypothetical protein
Q8CZ20	KANOAJAN_01606	Hypothetical protein
	KANOAJAN_01607	SpF25_sRNA
A0A0B7LSI7	KANOAJAN_01608	hypothetical protein
A0A4J2DSS5	KANOAJAN_01609	hypothetical protein
A0A4J1XBT9	KANOAJAN_01610	Beta-galactosidase BgaA
Q8DQP5	KANOAJAN_01611	Galactose-specific PTS IIC component
Q8CZ23	KANOAJAN_01612	Galactose-specific PTS IIB component
A0A5E8DZP1	KANOAJAN_01613	Galactose-specific PTS IIA component
A0A4N2RLY0	KANOAJAN_01614	Serine protease PrtA precursor
A0A2U3RYK5	KANOAJAN_01615	Hypothetical protein
B1IAI1	KANOAJAN_01616	hypothetical protein
A0A0H2UP15	KANOAJAN_01617	hypothetical protein
A0A0H2UP10	KANOAJAN_01618	Multidrug ABC transporter permease protein
C1CD09	KANOAJAN_01619	Antibiotic ABC transporter permease protein
C1C603	KANOAJAN_01620	ABC transporter ATP-binding protein
A0A0H2UP07	KANOAJAN_01621	Hypothetical protein
	KANOAJAN_01622	Intron_gpII
Q04LP6	KANOAJAN_01623	LSU ribosomal protein L1p (L10Ae)
Q97RZ6	KANOAJAN_01624	LSU ribosomal protein L11p (L12e)
B2IMU6	KANOAJAN_01625	L%2CD-carboxypeptidase
Q8CZ25	KANOAJAN_01626	Histidine triad family protein
A0A0H2ZNC3	KANOAJAN_01627	Deblocking aminopeptidase
C1C5Z4	KANOAJAN_01628	Branched-chain amino acid transport system carrier protein
	KANOAJAN_01629	SpF22_sRNA
B2IMU2	KANOAJAN_01630	hypothetical protein
C1CCZ5	KANOAJAN_01631	Uracil-DNA glycosylase
B2IMU0	KANOAJAN_01632	Dipeptidase PepV
B2IMT9	KANOAJAN_01633	Bifunctional oxygen-insensitive NAD(P)H nitroreductase/dihydropteridine reductase
A0A121IWV5	KANOAJAN_01634	Cysteine ABC transporter substrate-binding protein
A0A2I5LWX1	KANOAJAN_01635	Serine/threonine protein phosphatase
A0A2I5LWR7	KANOAJAN_01636	Excinuclease ABC subunit C
C1C5Y5	KANOAJAN_01637	Putative Zn-dependent protease
Q4TUI8	KANOAJAN_01638	tRNA-dependent lipid II-Ala--L-alanine ligase MurN
Q4TUJ7	KANOAJAN_01639	tRNA-dependent lipid II--L-alanine/serine ligase MurM
B2IMT0	KANOAJAN_01640	Tributyrin esterase
Q8DQR3	KANOAJAN_01641	Ribonuclease J2
B2IMS8	KANOAJAN_01642	Single-stranded-DNA-specific exonuclease RecJ
B2IMS7	KANOAJAN_01643	Glutamine ABC transporter ATP-binding protein GlnQ4
A0A4J1QEQ3	KANOAJAN_01644	Glutamine ABC transporter substrate-binding protein GlnH2
B2IMS5	KANOAJAN_01645	Glutamine ABC transporter permease GlnP2a
Q8DQR8	KANOAJAN_01646	Glutamine ABC transporter permease GlnP2b
B2IMS3	KANOAJAN_01647	Oxidoreductase
C1CCX9	KANOAJAN_01648	Class II fructose-bisphosphate aldolase
B2IMS1	KANOAJAN_01649	Two-component system sensor histidine kinase VncS
C1CCX7	KANOAJAN_01650	Two-component system response regulator VncR
B9W4V1	KANOAJAN_01651	Peptide ABC transporter membrane-spanning permease Vex3
B2IMR7	KANOAJAN_01652	ABC transporter ATP-binding protein Vex2
C1C5W8	KANOAJAN_01653	Peptide ABC transporter membrane-spanning permease Vex1
	KANOAJAN_01654	Intron_gpII
B2IMR5	KANOAJAN_01655	hypothetical protein
B2IMR4	KANOAJAN_01656	Leucine rich protein
Q8DQS7	KANOAJAN_01657	Mini-ribonuclease III
B2IMR2	KANOAJAN_01658	Cysteinyl-tRNA synthetase
B2IMR1	KANOAJAN_01659	Acetyltransferase%2C GNAT family
B2IMR0	KANOAJAN_01660	Serine acetyltransferase
B5E2A0	KANOAJAN_01661	Polyribonucleotide nucleotidyltransferase
B2IMQ8	KANOAJAN_01662	5%2C10-methylenetetrahydrofolate reductase
B2IMQ7	KANOAJAN_01663	5-methyltetrahydropteroyltriglutamate-- homocysteine methyltransferase
B2IMQ6	KANOAJAN_01664	Antitoxin HigA
B2IMQ5	KANOAJAN_01665	ISSpn8 transposase
B2IMQ4	KANOAJAN_01666	Putative integral membrane protein
B2IMQ3	KANOAJAN_01667	Phenylalanyl-tRNA synthetase beta chain
C1C5V1	KANOAJAN_01668	N1-spermidine/spermine acetyltransferase PaiA
Q8DQT8	KANOAJAN_01669	Phenylalanyl-tRNA synthetase alpha chain
B2IMQ0	KANOAJAN_01670	6-phospho-beta-glucosidase
B2IMP9	KANOAJAN_01671	Beta-glucoside-specific PTS IIBCA components
B2IMP8	KANOAJAN_01672	Beta-glucoside bgl operon antiterminator BglG
	KANOAJAN_01673	SpF19_sRNA
B2IMP7	KANOAJAN_01674	hypothetical protein
B2IMP6	KANOAJAN_01675	hypothetical protein
B2IMP4	KANOAJAN_01676	hypothetical protein
A0A0U0M4J2	KANOAJAN_01677	hypothetical protein
B2IMP3	KANOAJAN_01678	IS3 family transposase ISSpn11
A0AA95IJZ2	KANOAJAN_01679	hypothetical protein
A0AA95DBE7	KANOAJAN_01680	IS3 family transposase ISSpn4
C1CCV3	KANOAJAN_01681	Fic domain protein
A0AA87CE21	KANOAJAN_01682	hypothetical protein
B2IMF7	KANOAJAN_01683	hypothetical protein
B2IMF6	KANOAJAN_01684	Valyl-tRNA synthetase
A0A0U0NAD6	KANOAJAN_01685	hypothetical protein
B2IMF4	KANOAJAN_01686	Acetyltransferase
A0A0B7LJ17	KANOAJAN_01687	Hypothetical protein
B2IMF1	KANOAJAN_01688	Hypothetical protein
Q8CZ41	KANOAJAN_01689	Hypothetical protein
B2IME9	KANOAJAN_01690	Hypothetical protein
Q8CZ42	KANOAJAN_01691	Glycerate kinase
B1IA84	KANOAJAN_01692	Hypothetical protein
B1IA83	KANOAJAN_01693	Hypothetical protein
B2IME6	KANOAJAN_01694	Hypothetical protein
B2IME5	KANOAJAN_01695	Ribosome-binding factor A
B2IME4	KANOAJAN_01696	Translation initiation factor 2
C1CCT7	KANOAJAN_01697	L7Ae family ribosomal protein
Q8DQV4	KANOAJAN_01698	Putative nucleic-acid-binding protein implicated in transcription termination
C1CCT5	KANOAJAN_01699	Transcription termination/antitermination protein NusA
C1CQ44	KANOAJAN_01700	Bacterial ribosome SSU maturation protein RimP
A0A0B7KV02	KANOAJAN_01701	tRNA (guanine46-N7-)-methyltransferase
C1CCT2	KANOAJAN_01702	Aminoglycoside phosphotransferase family protein
Q9EW58	KANOAJAN_01703	Putative protease
Q9FBH0	KANOAJAN_01704	Immunity protein BlpZ
B2IMD5	KANOAJAN_01705	Bacteriocin immunity protein BlpY
B2IMD4	KANOAJAN_01706	hypothetical protein
A0A6I3TPS6	KANOAJAN_01707	hypothetical protein
Q9ETA3	KANOAJAN_01708	hypothetical protein
Q9ETC8	KANOAJAN_01709	Bacteriocin lactacin-F subunit LafA
B2IMD0	KANOAJAN_01710	IS1381 transposase OrfB
G3ECD6	KANOAJAN_01711	IS5 family transposase ISSpn7
C1C5Q7	KANOAJAN_01712	hypothetical protein
Q9EW64	KANOAJAN_01713	hypothetical protein
G3EBR6	KANOAJAN_01714	Bacteriocin BlpU
B2IMC6	KANOAJAN_01715	Competence-stimulating peptide ABC transporter ATP-binding protein ComA
B2IMC5	KANOAJAN_01716	Competence-stimulating peptide ABC transporter permease protein ComB
Q9F2F8	KANOAJAN_01717	Peptide pheromone BlpC
B2IMC4	KANOAJAN_01718	Two-component system sensor histidine kinase BlpH
B2IMC3	KANOAJAN_01719	Two-component system response regulator BlpR
B2IMC2	KANOAJAN_01720	BlpS protein
Q9FBH2	KANOAJAN_01721	BlpT protein
A0A0B7MFR7	KANOAJAN_01722	ABC transporter permease protein EcsB
C1CCR3	KANOAJAN_01723	ABC transporter ATP-binding protein EcsA
Q8DQW8	KANOAJAN_01724	Histidine triad nucleotide-binding protein
Q8CZ48	KANOAJAN_01725	Hypothetical protein
C1C5P0	KANOAJAN_01726	Hypothetical protein
A0AA95DAJ9	KANOAJAN_01727	Chaperone protein DnaJ
A0AA95DAH0	KANOAJAN_01728	hypothetical protein
B2IMB5	KANOAJAN_01729	Chaperone protein DnaK
B2IMB4	KANOAJAN_01730	Heat shock protein GrpE
C1CQ16	KANOAJAN_01731	Heat-inducible transcription repressor HrcA
B1IA49	KANOAJAN_01732	Hypothetical protein
B1IA47	KANOAJAN_01733	Type I restriction-modification system restriction subunit R
B1IA46	KANOAJAN_01734	Type I restriction-modification system DNA-methyltransferase subunit M
A0AA47H3N8	KANOAJAN_01735	Type I restriction-modification system%2C specificity subunit S type F
A0A0B7LDQ8	KANOAJAN_01736	Type I restriction-modification system%2C specificity subunit S component 2.2
C1CCQ0	KANOAJAN_01737	Integrase/recombinase CreX (XerC/CodV family)
A0A4J2BLZ1	KANOAJAN_01738	Type I restriction-modification system%2C specificity subunit S components 1.1-2.1
C1C5M8	KANOAJAN_01739	hypothetical protein
B1IA39	KANOAJAN_01740	Glutamine synthetase type I
Q8DQX7	KANOAJAN_01741	Transcriptional regulator%2C MerR family
A0A0I9GA67	KANOAJAN_01742	Hypothetical protein
C1CQ04	KANOAJAN_01743	Phosphoglycerate kinase
B2IMA1	KANOAJAN_01744	Endo-beta-N-acetylglucosaminidase EndoD
A0AA87C5H8	KANOAJAN_01745	Endo-beta-N-acetylglucosaminidase EndoD
B2IM99	KANOAJAN_01746	Sodium-dependent phosphate transporter NptA
Q8DQY0	KANOAJAN_01747	CTP synthase
Q04LZ9	KANOAJAN_01748	DNA-directed RNA polymerase delta subunit
Q8CZ53	KANOAJAN_01749	Hypothetical protein
B2IM95	KANOAJAN_01750	Hypothetical protein
B2IM94	KANOAJAN_01751	Membrane-associated phospholipid phosphatase
A0AA86XGY0	KANOAJAN_01752	Substrate-specific component RibU of riboflavin ECF transporter
	KANOAJAN_01753	FMN
A0A0H2UNS5	KANOAJAN_01754	tRNA (cytidine(34)-2'-O)-methyltransferase
	KANOAJAN_01755	23S-methyl
C1CCN3	KANOAJAN_01756	Transmembrane component MtsC of energizing module of methionine-regulated ECF transporter
B2IM90	KANOAJAN_01757	Duplicated ATPase component MtsB of energizing module of methionine-regulated ECF transporter
B2IM89	KANOAJAN_01758	Hypothetical protein
C1CIX7	KANOAJAN_01759	Substrate-specific component MtsA of methionine-regulated ECF transporter
C1CCM9	KANOAJAN_01760	Hypothetical protein
C1CCM8	KANOAJAN_01761	Trk family potassium uptake protein TrkA
B2IM85	KANOAJAN_01762	Trk family potassium uptake protein TrkH
A0A4J2B8V2	KANOAJAN_01763	Lactose-specific PTS IIBC components
A0A0T9I2B2	KANOAJAN_01764	Hypothetical protein
A0A0U0DZP2	KANOAJAN_01765	Hypothetical protein
B2IM82	KANOAJAN_01766	hypothetical protein
B2IM81	KANOAJAN_01767	Pyruvate formate-lyase
B2IM80	KANOAJAN_01768	DNA polymerase IV
	KANOAJAN_01769	Srn266
A0A822Q9T5	KANOAJAN_01770	IS1167 transposase
Q04M23	KANOAJAN_01771	Undecaprenyl-diphosphatase
C1CDR5	KANOAJAN_01772	hypothetical protein
B2IM76	KANOAJAN_01773	hypothetical protein
B2IM74	KANOAJAN_01774	Hypothetical protein
C1CCL6	KANOAJAN_01775	Glutamine ABC transporter permease GlnHP1
B1I9P2	KANOAJAN_01776	Glutamine ABC transporter ATP-binding protein GlnQ1
B2IM71	KANOAJAN_01777	Hypothetical protein
B2IM69	KANOAJAN_01778	Threonine dehydratase
Q8CZ61	KANOAJAN_01779	Hypothetical protein
B2ILU8	KANOAJAN_01780	hypothetical protein
B2ILY8	KANOAJAN_01781	Ketol-acid reductoisomerase
Q8DR04	KANOAJAN_01782	Acetolactate synthase small subunit
C1CCK7	KANOAJAN_01783	Acetolactate synthase large subunit
C1CCK6	KANOAJAN_01784	Dihydroxyacetone kinase-like protein
C1CCK5	KANOAJAN_01785	Putative alkaline-shock protein
A0A064BZB4	KANOAJAN_01786	LSU ribosomal protein L28p
A0A4J1RIX1	KANOAJAN_01787	ISNCY family transposase IS1202
A0A4J1QAZ5	KANOAJAN_01788	Putative CDP-glycerol:glycerophosphate glycerophosphotransferase
B2ILY0	KANOAJAN_01789	Peptide chain release factor 3
A0A064C277	KANOAJAN_01790	Bifunctional aspartyl-tRNA(Asp) amidotransferase subunit C/glutamyl-tRNA(Glu) amidotransferase subunit C
B2ILX8	KANOAJAN_01791	Bifunctional aspartyl-tRNA(Asp) amidotransferase subunit A/glutamyl-tRNA(Glu) amidotransferase subunit A
B2ILX7	KANOAJAN_01792	Bifunctional aspartyl-tRNA(Asp) amidotransferase subunit B/glutamyl-tRNA(Glu) amidotransferase subunit B
Q04M43	KANOAJAN_01793	Translation elongation factor P
Q8DR12	KANOAJAN_01794	Alkaline shock protein
B2ILX4	KANOAJAN_01795	Transcription termination protein NusB
C1C5G7	KANOAJAN_01796	hypothetical protein
B2ILX3	KANOAJAN_01797	Hypothetical protein
A0A0U0N7F6	KANOAJAN_01798	Acetyl-coenzyme A carboxyl transferase alpha chain
Q7CRB7	KANOAJAN_01799	Acetyl-coenzyme A carboxyl transferase beta chain
Q9FBB9	KANOAJAN_01800	Biotin carboxylase of acetyl-CoA carboxylase
B2ILW9	KANOAJAN_01801	3-hydroxyacyl-(acyl-carrier-protein) dehydratase FabZ
Q9FBC1	KANOAJAN_01802	Biotin carboxyl carrier protein of acetyl-CoA carboxylase
Q8DR14	KANOAJAN_01803	3-oxoacyl-(acyl-carrier-protein) synthase FabF
C1CCI6	KANOAJAN_01804	3-oxoacyl-[acyl-carrier protein] reductase FabG1
Q9FBC4	KANOAJAN_01805	Malonyl CoA-acyl carrier protein transacylase FabD
Q8DR17	KANOAJAN_01806	Enoyl-(acyl-carrier-protein) reductase FabK
P0A2W1	KANOAJAN_01807	Acyl carrier protein
Q04M58	KANOAJAN_01808	3-oxoacyl-(acyl-carrier-protein) synthase FabH
Q8DR18	KANOAJAN_01809	Transcriptional regulator of fatty acid biosynthesis FabT
C1CCI0	KANOAJAN_01810	Trans-2%2Ccis-3-Decenoyl-ACP isomerase
Q8DR20	KANOAJAN_01811	Aspartokinase
Q8DR21	KANOAJAN_01812	Putative regulator of the mannose operon ManO
A0A822Q3E5	KANOAJAN_01813	Seryl-tRNA synthetase
B2ILV6	KANOAJAN_01814	Exfoliative toxin A
Q8DR24	KANOAJAN_01815	Macrophage infectivity potentiator protein
B2ILV4	KANOAJAN_01816	Sodium/glycine symporter GlyP
	KANOAJAN_01817	Glycine
B2ILV2	KANOAJAN_01818	Recombination inhibitory protein MutS2
C1C5E3	KANOAJAN_01819	Z-ring positive regulator ZapB
C1CCH1	KANOAJAN_01820	Z-ring positive regulator ZapA
Q3HYP6	KANOAJAN_01821	Ribonuclease HIII
Q3I0J2	KANOAJAN_01822	Signal peptidase I
A0A4G4T2Z6	KANOAJAN_01823	RecD-like DNA helicase YrrC
C1CIQ2	KANOAJAN_01824	Cell division trigger factor
B5E7E0	KANOAJAN_01825	Mannitol-1-phosphate 5-dehydrogenase
C1C5D5	KANOAJAN_01826	Mannitol-specific PTS IIA component
B2ILU1	KANOAJAN_01827	Mannitol operon activator%2C BglG family
A0A822QCM5	KANOAJAN_01828	Mannitol-specific PTS IIBC components
A0AA47CG74	KANOAJAN_01829	hypothetical protein
B2ILT8	KANOAJAN_01830	IS3 family transposase ISSpn11
Q8DR37	KANOAJAN_01831	hypothetical protein
Q8DR38	KANOAJAN_01832	IS3 family transposase ISSpn11
B2ILT5	KANOAJAN_01833	Choline-binding protein CbpF
B2ILT4	KANOAJAN_01834	Choline-binding protein CbpK
B2ILT3	KANOAJAN_01835	hypothetical protein
C1CCF6	KANOAJAN_01836	Hypothetical protein
B2ILS9	KANOAJAN_01837	hypothetical protein
Q9S1J7	KANOAJAN_01838	Two-component transcriptional regulator VraR
A0A0B7LE21	KANOAJAN_01839	Two-component system sensor histidine kinase VraS
C1CCF1	KANOAJAN_01840	Cell wall-active antibiotics response protein VraT
Q97SH8	KANOAJAN_01841	Isopentenyl-diphosphate delta-isomerase%2C FMN-dependent
A0A0B7LM49	KANOAJAN_01842	Phosphomevalonate kinase
B2ILS3	KANOAJAN_01843	Diphosphomevalonate decarboxylase
A0A0H2UNK6	KANOAJAN_01844	Mevalonate kinase
A0A822Q888	KANOAJAN_01845	hypothetical protein
A0A0I8L9H0	KANOAJAN_01846	hypothetical protein
C1CCE4	KANOAJAN_01847	Macrolide-efflux protein
C1CCE3	KANOAJAN_01848	Choline-binding protein CbpF
C1CCE2	KANOAJAN_01849	Choline-binding protein CbpF
C1CCE1	KANOAJAN_01850	Orphan response regulator RitR
Q8DR54	KANOAJAN_01851	6-phosphogluconate dehydrogenase%2C decarboxylating
C1CCD9	KANOAJAN_01852	Mid-cell-anchored protein Z
A0A4J1NHK2	KANOAJAN_01853	23S rRNA (guanine(2445)-N(2))-methyltransferase
	KANOAJAN_01854	RNaseP_bact_b
Q97SI9	KANOAJAN_01855	Cell division protein GpsB
Q97SJ0	KANOAJAN_01856	Hypothetical protein
C1CIN1	KANOAJAN_01857	RecU Holliday junction resolvase
A5YH39	KANOAJAN_01858	Multimodular transpeptidase-transglycosylase%2C penicillin-binding protein 1A
A0A4N9BH24	KANOAJAN_01859	Endo-alpha-N-acetylgalactosaminidase Eng
A0A4P8GBE9	KANOAJAN_01860	Oligopeptide ABC transporter%2C periplasmic oligopeptide-binding protein AliA
A0A654UCG4	KANOAJAN_01861	hypothetical protein
A0A4J1YPJ4	KANOAJAN_01862	hypothetical protein
P97007	KANOAJAN_01863	dTDP-4-dehydrorhamnose reductase Cps2O
Q8DR64	KANOAJAN_01864	dTDP-glucose 4%2C6-dehydratase Cps2N
P97005	KANOAJAN_01865	dTDP-4-dehydrorhamnose 3%2C5-epimerase Cps2M
Q4JZ08	KANOAJAN_01866	Glucose-1-phosphate thymidylyltransferase Cps2L
Q4K0U5	KANOAJAN_01867	UDP-N-acetylglucosamine 2-epimerase
G3GH20	KANOAJAN_01868	hypothetical protein
P97001	KANOAJAN_01869	hypothetical protein
P97000	KANOAJAN_01870	hypothetical protein
G3GH17	KANOAJAN_01871	Lipopolysaccharide cholinephosphotransferase LicD1
Q54522	KANOAJAN_01872	N-acetylglucosaminyldiphosphoundecaprenol N-acetyl-beta-D-mannosaminyltransferase
G3GHA5	KANOAJAN_01873	Undecaprenyl-phosphate galactosephosphotransferase Cps2E
G3GH14	KANOAJAN_01874	Tyrosine-protein kinase Cps2D
G3GH58	KANOAJAN_01875	Capsular biosynthesis protein Cps2C
Q4K383	KANOAJAN_01876	Tyrosine-protein phosphatase Cps2B
G3GHA1	KANOAJAN_01877	Exopolysaccharide biosynthesis transcriptional regulator Cps2A
I0J9B7	KANOAJAN_01878	hypothetical protein
A0A0T9IWF8	KANOAJAN_01879	IS630 family transposase IS630-Spn1
A0A4J2DCP2	KANOAJAN_01880	Glucan 1%2C6-alpha-glucosidase
C1CBC0	KANOAJAN_01881	ATP-dependent Zn protease
Q04MC2	KANOAJAN_01882	Bifunctional S-ribosylhomocysteine lyase/autoinducer-2 production protein LuxS
A0AA95D9Z3	KANOAJAN_01883	Putative ATP-dependent Clp proteinase ATP-binding subunit ClpL
P0CB59	KANOAJAN_01884	Phospho-N-acetylmuramoyl-pentapeptide- transferase
B2Y4H0	KANOAJAN_01885	Penicillin-binding protein 2X
Q8DR70	KANOAJAN_01886	Cell division protein FtsL
A0A098Z6E2	KANOAJAN_01887	16S rRNA (cytosine(1402)-N(4))-methyltransferase MraW
Q8DR71	KANOAJAN_01888	Transcriptional regulator%2C PbsX family
A0A4F6G1D6	KANOAJAN_01889	hypothetical protein
C1CBA9	KANOAJAN_01890	Hypothetical protein
C1CCA5	KANOAJAN_01891	hypothetical protein
C1CCA4	KANOAJAN_01892	Transcriptional regulator RegR
A0A4J1ZCT1	KANOAJAN_01893	Oligohyaluronate lyase
A0A822Q7S8	KANOAJAN_01894	Preprotein translocase subunit YajC
A0A0T8LNX8	KANOAJAN_01895	Hyaluronate-oligosaccharide-specific PTS IID component
Q8DR75	KANOAJAN_01896	Hyaluronate-oligosaccharide-specific PTS IIC component
C1CC99	KANOAJAN_01897	Hyaluronate-oligosaccharide-specific PTS IIB component
A0A4J2DAV6	KANOAJAN_01898	Unsaturated chondroitin disaccharide hydrolase
A0A0T7IXY5	KANOAJAN_01899	Hyaluronate-oligosaccharide-specific PTS IIA component
Q8DR79	KANOAJAN_01900	2-deoxy-D-gluconate 3-dehydrogenase
C1CB98	KANOAJAN_01901	Putative 4-deoxy-L-threo-5-hexosulose-uronate ketol-isomerase
A0A0X9BY46	KANOAJAN_01902	2-dehydro-3-deoxygluconokinase
C1CB96	KANOAJAN_01903	Bifunctional 4-hydroxy-2-oxoglutarate aldolase/2-dehydro-3-deoxyphosphogluconate aldolase
A0A0B7L7X1	KANOAJAN_01904	IS200/IS605 family transposase ISStin10
A0A4J2AA62	KANOAJAN_01905	Hyaluronate lyase precursor SpnHL
A0A0B7KT23	KANOAJAN_01906	Glutathione peroxidase family protein
	KANOAJAN_01907	SpF11_sRNA
A0AAD2KGC6	KANOAJAN_01908	Maltodextrin glucosidase
	KANOAJAN_01909	SpF10_sRNA
	KANOAJAN_01909	
A0A0B7LX26	KANOAJAN_01910	hypothetical protein
Q8CZ76	KANOAJAN_01911	Hypothetical protein
C1CC87	KANOAJAN_01912	Tyrosine recombinase XerC
Q8CWU4	KANOAJAN_01913	SSU ribosomal protein S9p (S16e)
Q8CWU5	KANOAJAN_01914	LSU ribosomal protein L13p (L13Ae)
	KANOAJAN_01915	L13_leader
Q8CZ79	KANOAJAN_01916	Hypothetical protein
C1CC82	KANOAJAN_01917	Bifunctional dihydroneopterin aldolase/2-amino-4-hydroxy-6-hydroxymethyldihydropteridine pyrophosphokinase
C1CIH2	KANOAJAN_01918	GTP cyclohydrolase I type 1
A0A654UBA6	KANOAJAN_01919	Bifunctional dihydrofolate synthase/folylpolyglutamate synthase
A0AA86XV92	KANOAJAN_01920	Dihydropteroate synthase
A0A4L4EU68	KANOAJAN_01921	Membrane-bound protease%2C CAAX family
A0A6G2D8T7	KANOAJAN_01922	Guanine-hypoxanthine permease
C1CC76	KANOAJAN_01923	Hydrolase%2C HAD superfamily
Q8DR96	KANOAJAN_01924	Alcohol dehydrogenase
C1CB58	KANOAJAN_01925	Mannose-specific PTS IIAB components
Q8DR98	KANOAJAN_01926	Mannose-specific PTS IIC component
Q8DR99	KANOAJAN_01927	Mannose-specific PTS IID component
A0A4J1U5R7	KANOAJAN_01928	Aminopeptidase C
C1CC69	KANOAJAN_01929	Ribosomal small subunit pseudouridine synthase A
Q8DRA2	KANOAJAN_01930	Membrane protein
A0AAD2I5D7	KANOAJAN_01931	Aminopeptidase PepS
C1CC66	KANOAJAN_01932	Hypothetical protein
Q8DRA4	KANOAJAN_01933	mRNA interferase RelE1
C1CC64	KANOAJAN_01934	Antitoxin RelB1
B2ISK0	KANOAJAN_01935	DNA polymerase III
C1CPE5	KANOAJAN_01936	Translation elongation factor G
Q8CWU6	KANOAJAN_01937	SSU ribosomal protein S7p (S5e)
E2DP60	KANOAJAN_01938	SSU ribosomal protein S12p (S23e)
B2IP24	KANOAJAN_01939	IS1380 family transposase ISSpn5
B2ISJ3	KANOAJAN_01940	Pullulanase SpuA
B2ISJ2	KANOAJAN_01941	Oxidoreductase
A0A0T7ZRQ2	KANOAJAN_01942	Glucosamine--fructose-6-phosphate aminotransferase
Q8DRA9	KANOAJAN_01943	6-phospho-beta-glucosidase
A0A0B7L2A5	KANOAJAN_01944	Prolyl-tRNA synthetase
Q8DRB1	KANOAJAN_01945	Intramembrane protease Eep
C1CB37	KANOAJAN_01946	Phosphatidate cytidylyltransferase
B2ISI6	KANOAJAN_01947	Undecaprenyl diphosphate synthase
	KANOAJAN_01948	csRNA
A0A0T8YBI6	KANOAJAN_01949	Hypothetical protein
B5E6T3	KANOAJAN_01950	Holliday junction DNA helicase RuvB
	KANOAJAN_01951	csRNA
A0A380LRV0	KANOAJAN_01952	Acetyltransferase%2C GNAT family
A0AA86MNV8	KANOAJAN_01953	Acetyltransferase%2C GNAT family
A0A4J1XBF4	KANOAJAN_01954	Leucyl-tRNA synthetase
Q8DRB7	KANOAJAN_01955	Glycerol dehydrogenase
B2ISH8	KANOAJAN_01956	Transaldolase
Q8DRB9	KANOAJAN_01957	Pyruvate formate-lyase
B2ISH6	KANOAJAN_01958	Cellobiose-specific PTS IIC component
Q8DRC1	KANOAJAN_01959	Cellobiose-specific PTS IIB component
C1CC41	KANOAJAN_01960	Cellobiose-specific PTS IIA component
C1CC40	KANOAJAN_01961	Transcriptional regulator
A0A0H2UN76	KANOAJAN_01962	Transcriptional regulator%2C DeoR family
Q8DRC5	KANOAJAN_01963	Pyruvate formate-lyase activating enzyme
B2ISH0	KANOAJAN_01964	putative protein
B2ISG9	KANOAJAN_01965	hypothetical protein
B2ISG8	KANOAJAN_01966	Ferric iron ABC transporter ATP-binding protein
B2ISG7	KANOAJAN_01967	Ferric iron ABC transporter ATP-binding protein
A0AAE9U2Z6	KANOAJAN_01968	Iron(III)-transport system permease protein SfuB
B2IS61	KANOAJAN_01969	Iron(III)-transport system permease protein SfuB
A0A0B7M6X8	KANOAJAN_01970	Phosphoglycerate mutase family protein
	KANOAJAN_01971	csRNA
C1CIC6	KANOAJAN_01972	hypothetical protein
C1CC34	KANOAJAN_01973	ACT domain-containing transcriptional regulator
	KANOAJAN_01974	L17DE
Q8CWU8	KANOAJAN_01975	LSU ribosomal protein L17p
Q04ML1	KANOAJAN_01976	DNA-directed RNA polymerase alpha subunit
Q04ML2	KANOAJAN_01977	SSU ribosomal protein S11p (S14e)
Q04ML3	KANOAJAN_01978	SSU ribosomal protein S13p (S18e)
P0A496	KANOAJAN_01979	LSU ribosomal protein L36p
Q04ML4	KANOAJAN_01980	Translation initiation factor 1
Q97SU1	KANOAJAN_01981	Adenylate kinase
Q8DRD5	KANOAJAN_01982	Protein translocase subunit SecY
Q97SU3	KANOAJAN_01983	LSU ribosomal protein L15p (L27Ae)
B2IS58	KANOAJAN_01984	LSU ribosomal protein L30p (L7e)
Q04ML9	KANOAJAN_01985	SSU ribosomal protein S5p (S2e)
Q97SU6	KANOAJAN_01986	LSU ribosomal protein L18p (L5e)
Q8CWV3	KANOAJAN_01987	LSU ribosomal protein L6p (L9e)
Q04MM2	KANOAJAN_01988	SSU ribosomal protein S8p (S15Ae)
Q04MM3	KANOAJAN_01989	SSU ribosomal protein S14p (S29e)
Q97SV1	KANOAJAN_01990	LSU ribosomal protein L5p (L11e)
Q04MM5	KANOAJAN_01991	LSU ribosomal protein L24p (L26e)
Q04MM6	KANOAJAN_01992	LSU ribosomal protein L14p (L23e)
Q04MM7	KANOAJAN_01993	SSU ribosomal protein S17p (S11e)
A0A0B7M1U7	KANOAJAN_01994	LSU ribosomal protein L29p (L35e)
Q04MM9	KANOAJAN_01995	LSU ribosomal protein L16p (L10e)
Q04MN0	KANOAJAN_01996	SSU ribosomal protein S3p (S3e)
Q04MN1	KANOAJAN_01997	LSU ribosomal protein L22p (L17e)
Q04MN2	KANOAJAN_01998	SSU ribosomal protein S19p (S15e)
Q97SV2	KANOAJAN_01999	LSU ribosomal protein L2p (L8e)
Q97SV3	KANOAJAN_02000	LSU ribosomal protein L23p (L23Ae)
Q8CWV7	KANOAJAN_02001	LSU ribosomal protein L4p (L1e)
Q97SV5	KANOAJAN_02002	LSU ribosomal protein L3p (L3e)
Q04MN7	KANOAJAN_02003	SSU ribosomal protein S10p (S20e)
Q8CZ85	KANOAJAN_02004	Hypothetical protein
C1CAK9	KANOAJAN_02005	Ribonucleotide reductase of class III%2C activating protein
B2IS36	KANOAJAN_02006	Acetyltransferase
C1CC00	KANOAJAN_02007	Ribonucleotide reductase of class III%2C large subunit
C1CAK5	KANOAJAN_02008	Competence-damage induced protein
Q8DRD8	KANOAJAN_02009	Hypothetical protein
B2IS32	KANOAJAN_02010	Cardiolipin synthetase
A0A0T8LR20	KANOAJAN_02011	Hypothetical protein
B2IS30	KANOAJAN_02012	Bifunctional dihydrofolate synthase/folylpolyglutamate synthase
Q97SX0	KANOAJAN_02013	Hypothetical protein
Q8DRE2	KANOAJAN_02014	Putative pre-16S rRNA nuclease YqgF
Q97SX1	KANOAJAN_02015	Hypothetical protein
C1CBZ2	KANOAJAN_02016	Hypothetical protein
Q8DRE3	KANOAJAN_02017	Transcriptional regulator SpxA2
A0A0U0MLG7	KANOAJAN_02018	MP-%2CMA-%2CMS-%2CAP-%2CNP-specific aminopeptidase YpdF
A0A0B7M0T8	KANOAJAN_02019	Excinuclease ABC subunit A UvrA
Q8DRE5	KANOAJAN_02020	Magnesium and cobalt transport protein CorA1
A0A064C1E4	KANOAJAN_02021	Integral membrane protein
A0A0U0LDX2	KANOAJAN_02022	Muramoyltetrapeptide carboxypeptidase
A0A4L7JNP3	KANOAJAN_02023	CAAX amino terminal protease family protein
Q8CWV9	KANOAJAN_02024	DNA-3-methyladenine glycosylase
C1CI73	KANOAJAN_02025	Holliday junction DNA helicase RuvA
	KANOAJAN_02026	FMN
A0A0D6J4V4	KANOAJAN_02027	Bifunctional diaminohydroxyphosphoribosylaminopyrimidine deaminase/5-amino-6-(5-phosphoribosylamino)uracil reductase RibD
B2IS13	KANOAJAN_02028	Riboflavin synthase RibE
A0A654UA13	KANOAJAN_02029	Bifunctional 3%2C4-dihydroxy-2-butanone 4-phosphate synthase/GTP cyclohydrolase II RibB
Q04MR3	KANOAJAN_02030	6%2C7-dimethyl-8-ribityllumazine synthase RibH
Q04MR4	KANOAJAN_02031	DNA mismatch repair protein HexB
A0A0H2UNA2	KANOAJAN_02032	DNA-binding protein
Q8CZ92	KANOAJAN_02033	Hypothetical protein
B2IS07	KANOAJAN_02034	NRAMP family Mn2+/Fe2+ transporter
Q97T03	KANOAJAN_02035	Ribonucleotide reduction protein NrdI
A0A4L2UMH4	KANOAJAN_02036	Hypothetical protein
Q8DRF5	KANOAJAN_02037	Two-component system response regulator
A0A0E9GWT7	KANOAJAN_02038	Two-component system sensor histidine kinase
Q8DRF7	KANOAJAN_02039	Hypothetical protein
A0A0B7LBC3	KANOAJAN_02040	Substrate-specific component of putative ECF transporter
C1CAH3	KANOAJAN_02041	Methionine ABC transporter permease protein
C1CAH2	KANOAJAN_02042	Methionine ABC transporter ATP-binding protein
A0AA36V989	KANOAJAN_02043	N-acyl-L-amino acid amidohydrolase
A0A0H2ZPC6	KANOAJAN_02044	Methionine ABC transporter substrate-binding protein
A0A0T8YST1	KANOAJAN_02045	Cysteine ABC transporter substrate-binding protein
A0A0B7MAF7	KANOAJAN_02046	Cysteine ABC transporter substrate-binding protein
B2IRM8	KANOAJAN_02047	hypothetical protein
B2IRM7	KANOAJAN_02048	Macrolide-efflux protein
B2IRN4	KANOAJAN_02049	Hypothetical protein
B2IRN3	KANOAJAN_02050	Hypothetical protein
B2IRN2	KANOAJAN_02051	hypothetical protein
A0A6G2D4V0	KANOAJAN_02052	Macrolide-efflux protein
B2IRN1	KANOAJAN_02053	Nisin biosynthesis protein NisC
A0A0T7YBC7	KANOAJAN_02054	Nisin biosynthesis protein NisB
A0A4J1R3M9	KANOAJAN_02055	Hypothetical protein
B2IRM1	KANOAJAN_02056	hypothetical protein
B2IRM0	KANOAJAN_02057	hypothetical protein
C1CBV4	KANOAJAN_02058	ABC transporter ATP-binding protein
B2IRL8	KANOAJAN_02059	Family 2 glycosyltransferase
B1I845	KANOAJAN_02060	Exopolysaccharide biosynthesis glycosyltransferase EpsF
	KANOAJAN_02061	Srn266
C1CAF8	KANOAJAN_02062	IS1167 transposase
C1CBV1	KANOAJAN_02063	IS1167 transposase Orf2
A0A0E8GP02	KANOAJAN_02064	N(6)-L-threonylcarbamoyladenine synthase TsaD
B1I842	KANOAJAN_02065	Ribosomal-protein-S18p-alanine acetyltransferase
A0A0E8Z5L6	KANOAJAN_02066	tRNA threonylcarbamoyladenosine biosynthesis protein TsaB
Q8CZA0	KANOAJAN_02067	Two-peptide bacteriocin peptide CibA
C1CAF2	KANOAJAN_02068	Two-peptide bacteriocin peptide CibB
A0A4J1SJW5	KANOAJAN_02069	Hypothetical protein
C1CBU5	KANOAJAN_02070	Hypothetical protein
C1CBU4	KANOAJAN_02071	Ribonuclease J1 (endonuclease and 5' exonuclease)
C1CBU2	KANOAJAN_02072	tRNA uridine 5-carboxymethylaminomethyl modification enzyme MnmG
A0A6G2D3Y2	KANOAJAN_02073	MutT/Nudix family protein
	KANOAJAN_02074	Spd-sr37
	KANOAJAN_02074	
C1CI29	KANOAJAN_02075	tRNA-specific 2-thiouridylase MnmA
Q9LAZ3	KANOAJAN_02076	Surface protein PspA precursor
	KANOAJAN_02077	SpF03_sRNA
A0A0B7LD21	KANOAJAN_02078	Pyridoxamine 5'-phosphate oxidase
A0A0B7L5C6	KANOAJAN_02079	Hypothetical protein
B2IRJ9	KANOAJAN_02080	Hypothetical protein
B2IRJ8	KANOAJAN_02081	Hypothetical protein
B2IRJ7	KANOAJAN_02082	Hypothetical protein
B2IRJ6	KANOAJAN_02083	Hypothetical protein
Q8CZA8	KANOAJAN_02084	Hypothetical protein
A0A6B9PW06	KANOAJAN_02085	hypothetical protein
C1CAD6	KANOAJAN_02086	Hypothetical protein
C1CAD5	KANOAJAN_02087	Hypothetical protein
Q8CZB0	KANOAJAN_02088	Hypothetical protein
B2IRJ2	KANOAJAN_02089	Lactococcin-G-processing and transport ATP-binding protein LagD
B2IRJ1	KANOAJAN_02090	Hypothetical protein
	KANOAJAN_02091	Bacilli-1
	KANOAJAN_02091	
B2IRJ0	KANOAJAN_02092	Argininosuccinate synthase
B2IRI9	KANOAJAN_02093	Amino acid ABC transporter substrate-binding/permease protein
Q8DRI7	KANOAJAN_02094	ABC transporter ATP-binding protein
C1CAC4	KANOAJAN_02095	Amino acid ABC transporter membrane-spanning permease
C1CAC3	KANOAJAN_02096	Putative bacteriocin
C1CAC1	KANOAJAN_02097	Aggregation-promoting factor
Q8DRI9	KANOAJAN_02098	L-serine dehydratase%2C beta subunit
Q8DRJ0	KANOAJAN_02099	L-serine dehydratase%2C alpha subunit
B2IRI1	KANOAJAN_02100	Phosphoglycolate phosphatase
B2IRI0	KANOAJAN_02101	Hypothetical protein
C1CBR9	KANOAJAN_02102	Putative UDP-GlcNAc 4%2C6-dehydratase AatA
B1I800	KANOAJAN_02103	Glycosyltransferase%2C group 2 family
A0A0H2UMY2	KANOAJAN_02104	Cyanate permease
C1C9Z6	KANOAJAN_02105	Transcriptional regulator%2C PadR family
A0A0H2UN16	KANOAJAN_02106	Integral membrane protein (putative)
Q8CZB9	KANOAJAN_02107	Putative membrane-associated protein
A0A4N9GY32	KANOAJAN_02108	Putative membrane protein
A0AAD2K9Z0	KANOAJAN_02109	tRNA (5-methylaminomethyl-2-thiouridylate)-methyltransferase
Q04MY5	KANOAJAN_02110	hypothetical protein
B2IRH0	KANOAJAN_02111	ABC transporter substrate-binding protein
B2IRG9	KANOAJAN_02112	ABC transporter permease protein
Q8DRJ8	KANOAJAN_02113	Multiple sugar ABC transporter%2C membrane-spanning permease protein
A0AA86XNR3	KANOAJAN_02114	Hypothetical protein
A0AAD2KAL2	KANOAJAN_02115	Hypothetical protein
	KANOAJAN_02116	SpF01_sRNA
Q04MZ3	KANOAJAN_02117	SSU ribosomal protein S4p (S9e)
Q9S1J1	KANOAJAN_02118	Two-component system sensor histidine kinase
B2IRG2	KANOAJAN_02119	Two-component system response regulator
A0A6I3UT83	KANOAJAN_02120	Cell wall surface anchor family protein PavB
Q8CZC3	KANOAJAN_02121	hypothetical protein
Q8DRK3	KANOAJAN_02122	hypothetical protein
Q8DRK4	KANOAJAN_02123	Trk family potassium uptake protein CabP
Q8DRK5	KANOAJAN_02124	Trk family potassium uptake protein
Q8DRK6	KANOAJAN_02125	Uridine phosphorylase
A0AAD2I3Y4	KANOAJAN_02126	Sulfurtransferase
A0AAD2I2K9	KANOAJAN_02127	Hypothetical protein
Q8DRK7	KANOAJAN_02128	Hypothetical protein
A0A0B7LME7	KANOAJAN_02129	Glyoxalase family protein
A0A0B7M4V6	KANOAJAN_02130	Aldose 1-epimerase
A0A0B7KP13	KANOAJAN_02131	Galactosamine-6-phosphate isomerase
Q8DRL0	KANOAJAN_02132	Galactosamine-specific PTS IIA component
B2IRE5	KANOAJAN_02133	Galactosamine-specific PTS IID component
C1CBN7	KANOAJAN_02134	Galactosamine-specific PTS IIC component
Q8DRL3	KANOAJAN_02135	Galactosamine-specific PTS IIB component
A0A0B7L1X5	KANOAJAN_02136	Beta-galactosidase
A0A0H2UMU7	KANOAJAN_02137	Transcriptional regulator%2C GntR family
A0A4J1UKP4	KANOAJAN_02138	Beta-hexosaminidase StrH
C1C9W0	KANOAJAN_02139	Adenylosuccinate lyase
A0A0Y2K120	KANOAJAN_02140	Hypothetical protein
A0A0E9GUQ6	KANOAJAN_02141	N5-carboxyaminoimidazole ribonucleotide synthase
C1CBM9	KANOAJAN_02142	N5-carboxyaminoimidazole ribonucleotide mutase
A0A4J2C2U6	KANOAJAN_02143	Phosphoribosylamine--glycine ligase
B2IR40	KANOAJAN_02144	Bifunctional inosine monophosphate cyclohydrolase/phosphoribosylaminoimidazolecarboxamide formyltransferase
Q8DRM2	KANOAJAN_02145	Teicoplanin resistance protein VanZ
Q8DRM3	KANOAJAN_02146	Phosphoribosylglycinamide formyltransferase
A0A0T8LLS8	KANOAJAN_02147	Phosphoribosylformylglycinamidine cyclo-ligase
A0A4J2C366	KANOAJAN_02148	Amidophosphoribosyltransferase
A0AAD2IM67	KANOAJAN_02149	Phosphoribosylformylglycinamidine synthase%2C synthetase and glutamine amidotransferase subunits
Q07296	KANOAJAN_02150	Phosphoribosylaminoimidazole-succinocarboxamide synthase
B2IR33	KANOAJAN_02151	Competence-stimulating peptide ABC transporter permease protein ComB
B2IR32	KANOAJAN_02152	Competence-stimulating peptide ABC transporter ATP-binding protein ComA
C1CHD8	KANOAJAN_02153	Hypothetical protein
Q8DRN0	KANOAJAN_02154	Bacteriocin BlpU
B2IR28	KANOAJAN_02155	Acyl carrier protein
B8ZJM1	KANOAJAN_02156	Phosphate:acyl-ACP acyltransferase PlsX
Q97TA7	KANOAJAN_02157	DNA recombination and repair protein RecO
B2IR24	KANOAJAN_02158	N-acetyl-L%2CL-diaminopimelate aminotransferase
A0A0T8S6U2	KANOAJAN_02159	Putative membrane protein YeiH
A0AA86XGR1	KANOAJAN_02160	Hypothetical protein
Q8DRN7	KANOAJAN_02161	CoA-binding protein
B2IR20	KANOAJAN_02162	DNA polymerase I
B2IR18	KANOAJAN_02163	hypothetical protein
B2IR17	KANOAJAN_02164	Ribose-phosphate pyrophosphokinase
B2IR16	KANOAJAN_02165	hypothetical protein
B2IR15	KANOAJAN_02166	IS3 family transposase ISSpn4
A0A0B7LKL9	KANOAJAN_02167	hypothetical protein
B2IR13	KANOAJAN_02168	hypothetical protein
C1CHC1	KANOAJAN_02169	Carbonic anhydrase
B2IR11	KANOAJAN_02170	DNA repair protein RadA
A0A6G2DNX4	KANOAJAN_02171	Hypothetical protein
Q8DRP2	KANOAJAN_02172	Deoxyuridine 5'-triphosphate nucleotidohydrolase
	KANOAJAN_02173	Bacteria_small_SRP
B2IR08	KANOAJAN_02174	tRNA-specific adenosine-34 deaminase
	KANOAJAN_02175	csRNA
B2IR07	KANOAJAN_02176	Adenylosuccinate synthetase
Q8CZD0	KANOAJAN_02177	Competence positive regulator ComW
B2IR05	KANOAJAN_02178	IS1167 transposase Orf1
A0A2U3RX19	KANOAJAN_02179	IS630 family transposase IS630-Spn1
A0AAE9QWE4	KANOAJAN_02180	IS630 family transposase IS630-Spn1
	KANOAJAN_02181	tRNA-Asn(gtt)
	KANOAJAN_02182	5S ribosomal RNA
	KANOAJAN_02183	23S ribosomal RNA
	KANOAJAN_02184	tRNA-Ala(tgc)
	KANOAJAN_02185	16S ribosomal RNA
	KANOAJAN_02186	tRNA-Glu(ttc)
B2IMI0	KANOAJAN_02187	Competence-specific sigma factor ComX
C1C994	KANOAJAN_02188	Cell division protein FtsH
Q97TC4	KANOAJAN_02189	Hypoxanthine-guanine phosphoribosyltransferase
B5E578	KANOAJAN_02190	tRNA(Ile)-lysidine synthetase TilS
C1C991	KANOAJAN_02191	Hypothetical protein
C1CH89	KANOAJAN_02192	Hypothetical protein
Q8CZD2	KANOAJAN_02193	Cell division protein DivIC
P64406	KANOAJAN_02194	Ribosome-associated heat shock protein
B2IQZ4	KANOAJAN_02195	Transcription-repair coupling factor
B2IQZ3	KANOAJAN_02196	Peptidyl-tRNA hydrolase
Q8DRQ3	KANOAJAN_02197	GTP-binding and nucleic acid-binding protein YchF
B2IQZ1	KANOAJAN_02198	Hypothetical protein
A0A916P993	KANOAJAN_02199	hypothetical protein
A0AA95DD15	KANOAJAN_02200	Alpha-galactosidase
A0A654UCG5	KANOAJAN_02201	Alpha-galactosidase
A0A4M3JR08	KANOAJAN_02202	Alpha-galactosidase
A0A6G2D7U3	KANOAJAN_02203	Bifunctional biotin operon repressor/Biotin--protein ligase
A0AA95D6T4	KANOAJAN_02204	Bifunctional biotin operon repressor/Biotin--protein ligase
A0A4J1XEZ8	KANOAJAN_02205	Bifunctional biotin operon repressor/Biotin--protein ligase
	KANOAJAN_02206	tRNA-Ser(gct)
	KANOAJAN_02206	
	KANOAJAN_02207	tRNA-Ile(gat)
	KANOAJAN_02208	tRNA-Gly(tcc)
	KANOAJAN_02209	tRNA-Phe(gaa)
	KANOAJAN_02210	tRNA-Met(cat)
	KANOAJAN_02211	tRNA-Ser(tga)
	KANOAJAN_02212	tRNA-Met(cat)
	KANOAJAN_02213	tRNA-Met(cat)
	KANOAJAN_02213	
	KANOAJAN_02214	tRNA-Pro(tgg)
	KANOAJAN_02215	tRNA-Arg(acg)
	KANOAJAN_02216	tRNA-Gly(gcc)
	KANOAJAN_02217	tRNA-Thr(tgt)
	KANOAJAN_02218	tRNA-Leu(tag)
	KANOAJAN_02219	tRNA-Lys(ttt)
	KANOAJAN_02219	
	KANOAJAN_02220	tRNA-Asp(gtc)
	KANOAJAN_02221	tRNA-Val(tac)
	KANOAJAN_02222	5S ribosomal RNA
	KANOAJAN_02223	23S ribosomal RNA
	KANOAJAN_02224	tRNA-Ala(tgc)
	KANOAJAN_02225	16S ribosomal RNA
	KANOAJAN_02226	tRNA-Glu(ttc)
Q9S461	KANOAJAN_02227	hypothetical protein
A0A916L592	KANOAJAN_02228	ATP-dependent zinc metalloprotease FtsH
