uniprot	locus_tag	product
A0AA86Y265	LBPJGIKI_00001	Hypothetical protein
O06672	LBPJGIKI_00002	DNA polymerase III beta subunit
O08397	LBPJGIKI_00003	Chromosomal replication initiator protein DnaA
Q8DMW1	LBPJGIKI_00004	Chromosome partitioning protein ParB
A0A0I6DRY6	LBPJGIKI_00005	Serine protease%2C DegP/HtrA
Q04HU2	LBPJGIKI_00006	23S rRNA (pseudouridine(1915)-N(3))-methyltransferase
	LBPJGIKI_00007	tRNA-Arg(tct)
	LBPJGIKI_00007	
Q5QIA8	LBPJGIKI_00008	Competence-stimulating peptide precursor ComC
Q8DMW4	LBPJGIKI_00009	Two-component system sensor histidine kinase ComD
Q8DMW5	LBPJGIKI_00010	Two-component system response regulator ComE
	LBPJGIKI_00011	tRNA-Glu(ttc)
	LBPJGIKI_00011	
	LBPJGIKI_00012	tRNA-Asn(gtt)
	LBPJGIKI_00012	
A0A0T9GC96	LBPJGIKI_00013	Transcriptional regulator%2C AcrR family
A0A0T7KVN8	LBPJGIKI_00014	hypothetical protein
A0A0T9H366	LBPJGIKI_00015	hypothetical protein
A0A0T7ZGK7	LBPJGIKI_00016	IS4 family transposase ISSsu2
A0A0U0H759	LBPJGIKI_00017	IS4 family transposase ISSsu2
A0A0T8RWC3	LBPJGIKI_00018	ABC transporter%2C permease protein
C1CHM9	LBPJGIKI_00019	ABC transporter%2C ATP-binding protein
A0A0T9HNI0	LBPJGIKI_00020	Tryptophanyl-tRNA synthetase
Q8DMX2	LBPJGIKI_00021	Inosine-5'-monophosphate dehydrogenase
Q97N44	LBPJGIKI_00022	DNA recombination and repair protein RecF
Q8DMX4	LBPJGIKI_00023	Hypothetical protein
C1CBK2	LBPJGIKI_00024	Zinc protease
A0A4J1YJ28	LBPJGIKI_00025	Peptidase%2C M16 family
C1CBK0	LBPJGIKI_00026	Transcriptional regulator
Q8DMX8	LBPJGIKI_00027	CDP-diacylglycerol--glycerol-3-phosphate 3-phosphatidyltransferase
C1CHM0	LBPJGIKI_00028	ATPase component of general energizing module of ECF transporter
A0A0T9H355	LBPJGIKI_00029	ATPase component of general energizing module of ECF transporter
Q8DMY1	LBPJGIKI_00030	Transmembrane component of general energizing module of ECF transporter
C1CHL7	LBPJGIKI_00031	Cell shape-determining protein MreC
C1CHL6	LBPJGIKI_00032	Cell shape-determining protein MreD
C1CHL5	LBPJGIKI_00033	Secreted antigen GbpB/SagA/PcsB%2C putative peptidoglycan hydrolase
C1CUD2	LBPJGIKI_00034	SSU ribosomal protein S2p (SAe)
Q04HW4	LBPJGIKI_00035	Translation elongation factor Ts
	LBPJGIKI_00036	SpF51_sRNA
	LBPJGIKI_00036	
A0A0T9HNG2	LBPJGIKI_00037	Cysteine synthase
Q8DMY9	LBPJGIKI_00038	Protein co-occurring with transport systems
A0A0H2ZP72	LBPJGIKI_00039	DNA transporter ATPase%2C ComF operon protein A
A0A0E8ARN2	LBPJGIKI_00040	Phosphoribosyltransferase domain protein%2C ComF operon protein C
C1CHK5	LBPJGIKI_00041	Ribosome hibernation promotion factor%2C long form
Q8DMZ1	LBPJGIKI_00042	DHH family phosphoesterase Pde1
Q04HX2	LBPJGIKI_00043	LSU ribosomal protein L9p
Q8DMZ2	LBPJGIKI_00044	Replicative DNA helicase DnaC
Q8DMZ3	LBPJGIKI_00045	Hypothetical protein
A0AAD2KBD3	LBPJGIKI_00046	Choline-binding protein D
	LBPJGIKI_00047	TPP
	LBPJGIKI_00047	
Q8DMZ5	LBPJGIKI_00048	Cytoplasmic thiamin-binding component of thiamin ABC transporter
B1IA11	LBPJGIKI_00049	Thiamin ABC transporter ThiX%2C transmembrane component
A0A655B0S3	LBPJGIKI_00050	Thiamin ABC transporter ThiY%2C substrate-binding component
Q8DMZ8	LBPJGIKI_00051	Thiamin ABC transporter ThiZ%2C ATPase component
C1CHJ5	LBPJGIKI_00052	Transcriptional regulator CtsR
A0A0E8AEC7	LBPJGIKI_00053	ATP-dependent Clp protease ATP-binding subunit ClpC
C1CHJ3	LBPJGIKI_00054	Two-component system response regulator
A0AA95DCF6	LBPJGIKI_00055	Two-component system sensor histidine kinase
A0A0B7MBP2	LBPJGIKI_00056	Rhomboid family integral membrane protein
F2WWM4	LBPJGIKI_00057	hypothetical protein
A0A0B4ZJP4	LBPJGIKI_00058	IS1167 transposase Orf2
A0A4J1R174	LBPJGIKI_00059	IS1167 transposase
	LBPJGIKI_00060	Srn266
	LBPJGIKI_00060	
A0A6G2DVC9	LBPJGIKI_00061	hypothetical protein
B1I9Z9	LBPJGIKI_00062	tRNA dihydrouridine synthase B
Q04HY8	LBPJGIKI_00063	Chaperonin%2C heat shock protein 33
A0A9P1LP27	LBPJGIKI_00064	Trans-acting positive regulator
Q04HZ0	LBPJGIKI_00065	Glycerol kinase
A0A4N2GET2	LBPJGIKI_00066	Alpha-glycerophosphate oxidase
A0A0B7LLU5	LBPJGIKI_00067	Glycerol uptake facilitator protein
B1I9Z2	LBPJGIKI_00068	Hypothetical protein
	LBPJGIKI_00069	group-II-D1D4-3
	LBPJGIKI_00069	
	LBPJGIKI_00070	group-II-D1D4-1
	LBPJGIKI_00070	
Q8DN09	LBPJGIKI_00071	hypothetical protein
A0A822QAK2	LBPJGIKI_00072	hypothetical protein
A0A0B7L8Y7	LBPJGIKI_00073	Macrolide-efflux protein
A0A0B7LDU8	LBPJGIKI_00074	Macrolide-efflux protein
A0AAD2Q8X3	LBPJGIKI_00075	D-alanine--poly(phosphoribitol) ligase subunit 1
A0AAD2Q8S4	LBPJGIKI_00076	D-alanyl transfer protein DltB
Q04HZ9	LBPJGIKI_00077	D-alanine--poly(phosphoribitol) ligase subunit 2
B1I9Y5	LBPJGIKI_00078	Poly(glycerophosphate chain) D-alanine transfer protein DltD
Q8DN14	LBPJGIKI_00079	Transcriptional repressor AdcR for Zn(2+)-responsive expression
C1CHH0	LBPJGIKI_00080	Zinc ABC transporter%2C ATP-binding protein AdcC
O33704	LBPJGIKI_00081	Zinc ABC transporter%2C permease protein AdcB
A0AAD2IA49	LBPJGIKI_00082	Zinc ABC transporter%2C substrate-binding lipoprotein AdcA
	LBPJGIKI_00083	SpF66_sRNA
	LBPJGIKI_00083	
	LBPJGIKI_00084	SpF66_sRNA
	LBPJGIKI_00084	
	LBPJGIKI_00085	SpF66_sRNA
	LBPJGIKI_00085	
Q8DN15	LBPJGIKI_00086	L-fucose operon activator
A0A4J2C1A2	LBPJGIKI_00087	L-fuculokinase
C1CB10	LBPJGIKI_00088	Multiple sugar ABC transporter%2C substrate-binding protein MsmE
C1CB09	LBPJGIKI_00089	Multiple sugar ABC transporter%2C membrane-spanning permease protein
B2INI3	LBPJGIKI_00090	Multiple sugar ABC transporter%2C membrane-spanning permease protein
C1CB07	LBPJGIKI_00091	hypothetical protein
B2INI1	LBPJGIKI_00092	hypothetical protein
A0A7X2XLF6	LBPJGIKI_00093	Alpha-galactosidase
A0A4J2F265	LBPJGIKI_00094	hypothetical protein
A0A0T7L7K5	LBPJGIKI_00095	L-fuculose phosphate aldolase
C1CND0	LBPJGIKI_00096	Bifunctional L-fucose isomerase/D-arabinose ketol-isomerase
A0A0E7XIU7	LBPJGIKI_00097	Lactaldehyde dehydrogenase involved in fucose or rhamnose utilization
Q8DN26	LBPJGIKI_00098	Putative stomatin/prohibitin-family membrane protease subunit YbbK
A0A0I6L5H3	LBPJGIKI_00099	hypothetical protein
C1CAZ7	LBPJGIKI_00100	Putative Xaa-His dipeptidase
Q8CLX6	LBPJGIKI_00101	Arginine/ornithine antiporter ArcD
A0A0B7L9L1	LBPJGIKI_00102	Carbamate kinase
A0A0B7LE02	LBPJGIKI_00103	Ornithine carbamoyltransferase
C1CU66	LBPJGIKI_00104	Arginine deiminase
A0A0E7VFR4	LBPJGIKI_00105	Glycosyl hydrolase family 29 alpha-L-fucosidase
A0A4J2ADW2	LBPJGIKI_00106	Alpha-1%2C2-mannosidase
A0AA95DD79	LBPJGIKI_00107	Hypothetical protein
A0A916L442	LBPJGIKI_00108	Alpha-mannosidase
A0A4J1S6V5	LBPJGIKI_00109	N-acetylmannosamine kinase
C1CH75	LBPJGIKI_00110	Glycosyl hydrolase-related protein
A0A655GBK3	LBPJGIKI_00111	hypothetical protein
A0AA95D9E6	LBPJGIKI_00112	IS1381 transposase OrfB
A0A4H9G228	LBPJGIKI_00113	IS1381 transposase OrfA
A0A4J2GW60	LBPJGIKI_00114	hypothetical protein
C1CH69	LBPJGIKI_00115	Choline-binding protein CbpN
A0A655GS10	LBPJGIKI_00116	IS1380 family transposase ISSpn5
Q04I36	LBPJGIKI_00117	LSU ribosomal protein L33p
A0A0E8Z1I8	LBPJGIKI_00118	LSU ribosomal protein L32p
Q8CY67	LBPJGIKI_00119	Hypothetical protein
A0A0B7LS16	LBPJGIKI_00120	Membrane protease family protein
A0A0B7LR17	LBPJGIKI_00121	Transcription antiterminator%2C BglG family
Q8CY69	LBPJGIKI_00122	Putative PTS IIB component
A0A064BX22	LBPJGIKI_00123	Putative transport protein SgaT
A0A0E8AAM0	LBPJGIKI_00124	hypothetical protein
A0A0T8VNV5	LBPJGIKI_00125	hypothetical protein
Q04I44	LBPJGIKI_00126	Dihydroxy-acid dehydratase
C1CH57	LBPJGIKI_00127	Putative aromatic ring hydroxylating enzyme
A0A4J1PFM3	LBPJGIKI_00128	Positive transcriptional regulator%2C MutR family
A0AA44MTT4	LBPJGIKI_00129	Macrolide-efflux protein
A0A0T7KXK0	LBPJGIKI_00130	Histidyl-tRNA synthetase
A0A4J1X559	LBPJGIKI_00131	Hypothetical protein
A0A237K072	LBPJGIKI_00132	Hypothetical protein
Q8DN47	LBPJGIKI_00133	Transcriptional regulator%2C Cro/CI family
B2IN37	LBPJGIKI_00134	Hypothetical protein
Q8CY72	LBPJGIKI_00135	Hypothetical protein
A0A0T7NJF4	LBPJGIKI_00136	Membrane-bound protease%2C CAAX family
Q8CY74	LBPJGIKI_00137	Hypothetical protein
A0AA86JAL1	LBPJGIKI_00138	Hypothetical protein
C1CH44	LBPJGIKI_00139	Aspartyl-tRNA synthetase
A0A0U0DZ93	LBPJGIKI_00140	Integral membrane protein
A0A4J1TBK5	LBPJGIKI_00141	hypothetical protein
C1CH41	LBPJGIKI_00142	Maltose operon transcriptional repressor MalR%2C LacI family
A0A0U0EV97	LBPJGIKI_00143	Maltodextrose utilization protein MalA
C1CH39	LBPJGIKI_00144	Maltose/maltodextrin ABC transporter%2C permease protein MalD
P0A4N2	LBPJGIKI_00145	Maltose/maltodextrin ABC transporter%2C permease protein MalC
C1CH37	LBPJGIKI_00146	Maltose/maltodextrin ABC transporter%2C substrate binding periplasmic protein MalX
C1CAT3	LBPJGIKI_00147	4-alpha-glucanotransferase (amylomaltase)
A0A0T9GRK1	LBPJGIKI_00148	Maltodextrin phosphorylase
C1CH34	LBPJGIKI_00149	Hypothetical protein
A0A0T9GRM9	LBPJGIKI_00150	Hypothetical protein
A0A0E8AM26	LBPJGIKI_00151	23S rRNA (guanine(745)-N(1))-methyltransferase
Q8CY77	LBPJGIKI_00152	Hypothetical protein
A0A0T7KWE9	LBPJGIKI_00153	Lead%2C cadmium%2C zinc and mercury transporting ATPase
C1CU03	LBPJGIKI_00154	Tyrosyl-tRNA synthetase
O70038	LBPJGIKI_00155	Multimodular transpeptidase-transglycosylase%2C penicillin-binding protein 1B
Q8DN53	LBPJGIKI_00156	Drug/metabolite transporter superfamily permease
Q8DN54	LBPJGIKI_00157	2%2C3%2C4%2C5-tetrahydropyridine-2%2C6-dicarboxylate N-acetyltransferase
B2IN14	LBPJGIKI_00158	N-acetyl-L%2CL-diaminopimelate deacetylase
A0A064C3X9	LBPJGIKI_00159	5-formyltetrahydrofolate cyclo-ligase
Q8DN57	LBPJGIKI_00160	Rhomboid family serine protease
A0A0E8I4G1	LBPJGIKI_00161	UTP--glucose-1-phosphate uridylyltransferase
Q8DN59	LBPJGIKI_00162	Glycerol-3-phosphate dehydrogenase [NAD(P)+]
A0A4J2BES4	LBPJGIKI_00163	Transcriptional regulator
A0A098ZAB4	LBPJGIKI_00164	IS1380 family transposase ISSpn5
A0A098ZAX3	LBPJGIKI_00165	Phosphate transport system regulatory protein PhoU1
C1CH16	LBPJGIKI_00166	Phosphate transport ATP-binding protein PstB1
A0A098ZAM3	LBPJGIKI_00167	Phosphate transport system permease protein PstA1
Q8DN63	LBPJGIKI_00168	Phosphate transport system permease protein PstC1
A0A098ZMB1	LBPJGIKI_00169	Phosphate ABC transporter periplasmic phosphate-binding protein PstS1
Q8DN65	LBPJGIKI_00170	Two-component system sensor histidine kinase PnpS
Q9S1J6	LBPJGIKI_00171	Two-component system response regulator PnpR
A0A0T9H9B7	LBPJGIKI_00172	Putative cupin superfamily protein
A0A4J1TFQ0	LBPJGIKI_00173	IS1381 transposase OrfB
C1CN25	LBPJGIKI_00174	Arginyl-tRNA synthetase
P0A2Y3	LBPJGIKI_00175	Arginine pathway regulatory protein ArgR1
	LBPJGIKI_00176	SpR10_sRNA
	LBPJGIKI_00176	
C8XPX0	LBPJGIKI_00177	DNA mismatch repair protein HexA
	LBPJGIKI_00178	patAB
	LBPJGIKI_00178	
A0A4N2L2M8	LBPJGIKI_00179	Multidrug resistance ABC transporter ATP-binding and permease protein
A0A4J1ZI38	LBPJGIKI_00180	hypothetical protein
A0A0B7LZN5	LBPJGIKI_00181	Multidrug resistance ABC transporter ATP-binding and permease protein
C1CH02	LBPJGIKI_00182	Glutamine amidotransferase%2C class I
Q8DN74	LBPJGIKI_00183	Glucose-6-phosphate isomerase
Q8CWN5	LBPJGIKI_00184	Glutamyl-tRNA synthetase
Q8DN75	LBPJGIKI_00185	Cytidine/deoxycytidylate deaminase family protein
	LBPJGIKI_00186	tRNA-Glu(ttc)
	LBPJGIKI_00186	
	LBPJGIKI_00187	16S ribosomal RNA
	LBPJGIKI_00187	
	LBPJGIKI_00188	tRNA-Ala(tgc)
	LBPJGIKI_00188	
	LBPJGIKI_00189	23S ribosomal RNA
	LBPJGIKI_00189	
	LBPJGIKI_00190	5S ribosomal RNA
	LBPJGIKI_00190	
	LBPJGIKI_00191	tRNA-Val(tac)
	LBPJGIKI_00191	
	LBPJGIKI_00192	tRNA-Gly(tcc)
	LBPJGIKI_00192	
	LBPJGIKI_00193	tRNA-Ile(gat)
	LBPJGIKI_00193	
	LBPJGIKI_00194	tRNA-Ser(tga)
	LBPJGIKI_00194	
	LBPJGIKI_00195	tRNA-Met(cat)
	LBPJGIKI_00195	
	LBPJGIKI_00196	tRNA-Phe(gaa)
	LBPJGIKI_00196	
	LBPJGIKI_00197	tRNA-Tyr(gta)
	LBPJGIKI_00197	
	LBPJGIKI_00198	tRNA-Trp(cca)
	LBPJGIKI_00198	
	LBPJGIKI_00199	tRNA-His(gtg)
	LBPJGIKI_00199	
	LBPJGIKI_00200	tRNA-Gln(ttg)
	LBPJGIKI_00200	
	LBPJGIKI_00201	tRNA-Leu(caa)
	LBPJGIKI_00201	
A0A0H2USC3	LBPJGIKI_00202	Hypothetical protein
A0A0H2US33	LBPJGIKI_00203	Threonine synthase
C1CGZ5	LBPJGIKI_00204	Multi antimicrobial extrusion family transporter
Q8CY81	LBPJGIKI_00205	Hydrolase%2C haloacid dehalogenase-like family
C1CGZ3	LBPJGIKI_00206	Surface immunogenic protein
C1CGZ2	LBPJGIKI_00207	hypothetical protein
C1CGZ1	LBPJGIKI_00208	Hypothetical protein
Q97NG9	LBPJGIKI_00209	Pyrrolidone-carboxylate peptidase
C1CGY9	LBPJGIKI_00210	Membrane protein
Q04IB3	LBPJGIKI_00211	tRNA-guanine transglycosylase
Q8CY83	LBPJGIKI_00212	Acyltransferase family protein
A0A0B7MEZ0	LBPJGIKI_00213	N-acetylglucosamine-6-phosphate deacetylase
Q8DN84	LBPJGIKI_00214	Putative Zn-dependent alcohol dehydrogenase
Q8DN85	LBPJGIKI_00215	DNA-binding protein
A0A4J1S699	LBPJGIKI_00216	Late competence protein ComGA
A0A4J1ZEW3	LBPJGIKI_00217	Late competence protein ComGB
A0A4M3JS44	LBPJGIKI_00218	hypothetical protein
C1CGJ8	LBPJGIKI_00219	hypothetical protein
A0A0T9IE12	LBPJGIKI_00220	hypothetical protein
C1CGJ7	LBPJGIKI_00221	hypothetical protein
C1CGJ6	LBPJGIKI_00222	hypothetical protein
A0AAE9QQK6	LBPJGIKI_00223	hypothetical protein
A0AAE9QWS4	LBPJGIKI_00224	hypothetical protein
A0A6G2DIW0	LBPJGIKI_00225	hypothetical protein
C1CGJ3	LBPJGIKI_00226	hypothetical protein
C1CGJ2	LBPJGIKI_00227	hypothetical protein
A0A0T8M1B9	LBPJGIKI_00228	hypothetical protein
A0A0T8QMU4	LBPJGIKI_00229	hypothetical protein
A0AAE4K169	LBPJGIKI_00230	hypothetical protein
A0A4F0Q6N0	LBPJGIKI_00231	hypothetical protein
C1CGI4	LBPJGIKI_00232	hypothetical protein
A0A4J1VEJ4	LBPJGIKI_00233	hypothetical protein
A0A4J2A3P0	LBPJGIKI_00234	hypothetical protein
A0A4J2CX51	LBPJGIKI_00235	hypothetical protein
A0A4M3JU63	LBPJGIKI_00236	hypothetical protein
A0A4H9FPS7	LBPJGIKI_00237	hypothetical protein
A0A0B7L6B5	LBPJGIKI_00238	hypothetical protein
A0A0T8F5W1	LBPJGIKI_00239	hypothetical protein
C1CGH8	LBPJGIKI_00240	hypothetical protein
A0AAD2I3Y0	LBPJGIKI_00241	Single-stranded DNA-binding protein
A0A0T8TQF5	LBPJGIKI_00242	hypothetical protein
A0A0B7LKG3	LBPJGIKI_00243	hypothetical protein
A0A0B7LCM7	LBPJGIKI_00244	hypothetical protein
A0A0T9IDT5	LBPJGIKI_00245	hypothetical protein
A0A0T8NPR6	LBPJGIKI_00246	hypothetical protein
A0A4V0J1S6	LBPJGIKI_00247	hypothetical protein
A0A4J1Y8B4	LBPJGIKI_00248	hypothetical protein
A0A6G2DDP1	LBPJGIKI_00249	hypothetical protein
A0A0T9HTG1	LBPJGIKI_00250	hypothetical protein
C1CGH1	LBPJGIKI_00251	hypothetical protein
A0A4J1VEV9	LBPJGIKI_00252	hypothetical protein
A0A0E8SXC2	LBPJGIKI_00253	hypothetical protein
A0A064C5W8	LBPJGIKI_00254	hypothetical protein
M9QTG2	LBPJGIKI_00255	hypothetical protein
	LBPJGIKI_00256	GOLLD
	LBPJGIKI_00256	
A0AA86X2L4	LBPJGIKI_00257	hypothetical protein
A0A4J1ZRH3	LBPJGIKI_00258	hypothetical protein
A0A4J2EY28	LBPJGIKI_00259	hypothetical protein
C1CGG5	LBPJGIKI_00260	hypothetical protein
	LBPJGIKI_00261	skipping-rope
	LBPJGIKI_00261	
C1CGG2	LBPJGIKI_00262	hypothetical protein
C1CGG1	LBPJGIKI_00263	hypothetical protein
A0AA86JFM7	LBPJGIKI_00264	hypothetical protein
A0A264SF63	LBPJGIKI_00265	hypothetical protein
C1CGF7	LBPJGIKI_00266	hypothetical protein
A0A0T8U0V4	LBPJGIKI_00267	hypothetical protein
A0A098Z6E0	LBPJGIKI_00268	hypothetical protein
A0A098AN82	LBPJGIKI_00269	hypothetical protein
M9QX92	LBPJGIKI_00270	hypothetical protein
M9QYW0	LBPJGIKI_00271	hypothetical protein
A0A0T9H7T2	LBPJGIKI_00272	hypothetical protein
A0A0U0HEJ3	LBPJGIKI_00273	hypothetical protein
A0A4M3JVK4	LBPJGIKI_00274	hypothetical protein
A0A0B7LCQ9	LBPJGIKI_00275	hypothetical protein
A0AAE4FWU6	LBPJGIKI_00276	hypothetical protein
M9QQR7	LBPJGIKI_00277	hypothetical protein
M9QTE5	LBPJGIKI_00278	hypothetical protein
M9QRZ2	LBPJGIKI_00279	hypothetical protein
A0A4J1X2L4	LBPJGIKI_00280	hypothetical protein
A0A4J2AS14	LBPJGIKI_00281	Autolysin/N-acetylmuramoyl-L-alanine amidase LytA
A0A0B7LMD2	LBPJGIKI_00282	hypothetical protein
A0AA87C5K5	LBPJGIKI_00283	Late competence protein ComGC
A0A0E7TQH5	LBPJGIKI_00284	Late competence protein ComGD
A0A0B7KTY0	LBPJGIKI_00285	Late competence protein ComGE
A0A0B7M7T3	LBPJGIKI_00286	Late competence protein ComGF
A0A0T9IM07	LBPJGIKI_00287	Late competence protein ComGG
A0A064C488	LBPJGIKI_00288	tRNA 5-carboxymethoxyuridine methyltransferase
A0A064C1I1	LBPJGIKI_00289	hypothetical protein
A0A0T9IPY8	LBPJGIKI_00290	Adenine-specific methyltransferase
C1CTV0	LBPJGIKI_00291	Acetate kinase
A0A0T9HMR0	LBPJGIKI_00292	Ribonuclease P protein component
B2IML5	LBPJGIKI_00293	Inner membrane protein translocase component YidC2
A0A064C1H7	LBPJGIKI_00294	KH domain RNA-binding protein
A0A0E7TPL3	LBPJGIKI_00295	Sakacin A production response regulator
Q8DN94	LBPJGIKI_00296	Ascorbate-specific PTS IIC component
Q8DN95	LBPJGIKI_00297	Ascorbate-specific PTS IIB component
Q8DN96	LBPJGIKI_00298	Ascorbate-specific PTS IIA component
C1CGW5	LBPJGIKI_00299	3-keto-L-gulonate 6-phosphate decarboxylase
A0A0U0EE50	LBPJGIKI_00300	L-xylulose 5-phosphate 3-epimerase
A0A0T9IPV4	LBPJGIKI_00301	L-ribulose-5-phosphate 4-epimerase
A0A0E9GVU5	LBPJGIKI_00302	Transcriptional antiterminator
Q8DNA1	LBPJGIKI_00303	Putative L-ascorbate-6-phosphate lactonase UlaG
Q8DNA2	LBPJGIKI_00304	Transketolase
Q8DNA3	LBPJGIKI_00305	Preprotein translocase subunit YajC
C1CA73	LBPJGIKI_00306	Low molecular weight protein tyrosine phosphatase
A0A0E8ZM70	LBPJGIKI_00307	Hypothetical protein
C1CGV5	LBPJGIKI_00308	Bifunctional acetaldehyde dehydrogenase/alcohol dehydrogenase
B2IMJ8	LBPJGIKI_00309	Cellobiose-specific PTS IIA component
C1CA68	LBPJGIKI_00310	Cellobiose-specific PTS IIB component
Q8DNA8	LBPJGIKI_00311	Cellobiose-specific PTS IIC component
A0A0E8AN58	LBPJGIKI_00312	6-phospho-beta-glucosidase
Q8DNB0	LBPJGIKI_00313	Transcriptional regulator%2C GntR family
A0AAE9R2A4	LBPJGIKI_00314	hypothetical protein
A0A0T7KVF0	LBPJGIKI_00315	Malonate permease
A0A0T9IQ24	LBPJGIKI_00316	Quinolinate phosphoribosyltransferase
C1CGU6	LBPJGIKI_00317	IS630 family transposase IS630-Spn1
A0A0T9IWF8	LBPJGIKI_00318	IS630 family transposase IS630-Spn1
A0A0T9IRD5	LBPJGIKI_00319	ABC transporter%2C permease protein
C1CGU4	LBPJGIKI_00320	NAD-dependent glyceraldehyde-3-phosphate dehydrogenase
A0A0U0HFH7	LBPJGIKI_00321	RluD-like protein
Q75YD9	LBPJGIKI_00322	Multimodular transpeptidase-transglycosylase%2C penicillin-binding protein 2A
Q8DNB7	LBPJGIKI_00323	Protein translocase subunit SecE
C1CGT9	LBPJGIKI_00324	Transcription antitermination protein NusG
Q9R2W8	LBPJGIKI_00325	Competence-specific sigma factor ComX
	LBPJGIKI_00326	tRNA-Glu(ttc)
	LBPJGIKI_00326	
	LBPJGIKI_00327	16S ribosomal RNA
	LBPJGIKI_00327	
	LBPJGIKI_00328	tRNA-Ala(tgc)
	LBPJGIKI_00328	
	LBPJGIKI_00329	23S ribosomal RNA
	LBPJGIKI_00329	
	LBPJGIKI_00330	5S ribosomal RNA
	LBPJGIKI_00330	
	LBPJGIKI_00331	tRNA-Val(tac)
	LBPJGIKI_00331	
	LBPJGIKI_00332	tRNA-Asp(gtc)
	LBPJGIKI_00332	
	LBPJGIKI_00333	tRNA-Lys(ttt)
	LBPJGIKI_00333	
	LBPJGIKI_00334	tRNA-Leu(tag)
	LBPJGIKI_00334	
	LBPJGIKI_00335	tRNA-Thr(tgt)
	LBPJGIKI_00335	
	LBPJGIKI_00336	tRNA-Gly(gcc)
	LBPJGIKI_00336	
	LBPJGIKI_00337	tRNA-Leu(taa)
	LBPJGIKI_00337	
	LBPJGIKI_00338	tRNA-Arg(acg)
	LBPJGIKI_00338	
	LBPJGIKI_00339	tRNA-Pro(tgg)
	LBPJGIKI_00339	
A0A0B7LZ80	LBPJGIKI_00340	Hypothetical protein
A0A0B7L404	LBPJGIKI_00341	Hypothetical protein
Q8DNB9	LBPJGIKI_00342	ABC transporter%2C ATP-binding protein
A0A0T8TCW3	LBPJGIKI_00343	ABC transporter%2C permease protein
A0A4J2A123	LBPJGIKI_00344	Two-component system sensor histidine kinase
A0A0T8LY02	LBPJGIKI_00345	Two-component system response regulator
C1CA45	LBPJGIKI_00346	Catabolite control protein A
A0A4M2N895	LBPJGIKI_00347	Hypothetical protein
C1CA43	LBPJGIKI_00348	L-asparaginase
C1CA42	LBPJGIKI_00349	Hydrolase%2C HAD superfamily
C1CGS7	LBPJGIKI_00350	Universal stress protein family protein
A0A0B7LHZ7	LBPJGIKI_00351	Hypothetical protein
A0A0D6J666	LBPJGIKI_00352	Alanine transaminase
Q04IH6	LBPJGIKI_00353	LSU ribosomal protein L34p
A0A0T9IJM6	LBPJGIKI_00354	Cell wall surface anchor family protein
A0A0E8YWE0	LBPJGIKI_00355	Putative deoxyribonuclease TatD
A0A064BZW1	LBPJGIKI_00356	Ribonuclease M5
A0A822RD11	LBPJGIKI_00357	Transcriptional regulator
C1CGR9	LBPJGIKI_00358	Hypothetical protein
A0A4J2ER67	LBPJGIKI_00359	Putative immunity protein
Q8DND2	LBPJGIKI_00360	ABC transporter%2C ATP-binding protein
Q8CY94	LBPJGIKI_00361	Hypothetical protein
Q97NN5	LBPJGIKI_00362	SSU rRNA (adenine(1518)-N(6)/adenine(1519)-N(6))- dimethyltransferase
A0A916L551	LBPJGIKI_00363	Ribosome small subunit-stimulated GTPase RsgA
C1CGR3	LBPJGIKI_00364	Ribulose-phosphate 3-epimerase
A0A0T9GZZ1	LBPJGIKI_00365	Thiamin pyrophosphokinase
B1I8T3	LBPJGIKI_00366	DNA recombination protein RmuC
A0AA86XC20	LBPJGIKI_00367	3'->5' exoribonuclease YhaM
C1CGQ9	LBPJGIKI_00368	PurR: transcription regulator associated with purine metabolism
A0A0E7TTS1	LBPJGIKI_00369	Diaminopimelate decarboxylase
Q8DNE0	LBPJGIKI_00370	Pyruvate formate-lyase activating enzyme
Q97NP5	LBPJGIKI_00371	Inner membrane protein translocase component YidC1
Q8DNE2	LBPJGIKI_00372	Putative nucleoside phosphatase
B2IM52	LBPJGIKI_00373	rRNA methylase
C1CA17	LBPJGIKI_00374	Membrane protein
Q97NQ0	LBPJGIKI_00375	Aspartate--ammonia ligase
B2IM48	LBPJGIKI_00376	16S rRNA (guanine(966)-N(2))-methyltransferase
B2IM47	LBPJGIKI_00377	Phosphopantetheine adenylyltransferase
A0AA87C503	LBPJGIKI_00378	Lon-like protease
Q97NQ4	LBPJGIKI_00379	UDP-N-acetylglucosamine 1-carboxyvinyltransferase
A0AA87C7S6	LBPJGIKI_00380	Competence-associated EpuA protein
A0A0B7L7Z9	LBPJGIKI_00381	DNA-entry nuclease
C1CGP5	LBPJGIKI_00382	Putative hemolysin
	LBPJGIKI_00383	tRNA-Cys(gca)
	LBPJGIKI_00383	
	LBPJGIKI_00384	Lacto-rpoB
	LBPJGIKI_00384	
A0A0B7LZ45	LBPJGIKI_00385	DNA-directed RNA polymerase beta subunit
Q97NQ8	LBPJGIKI_00386	DNA-directed RNA polymerase beta' subunit
A0A0T7L482	LBPJGIKI_00387	Nucleoside diphosphate kinase
A0A0B7LDE7	LBPJGIKI_00388	hypothetical protein
C1CGP1	LBPJGIKI_00389	hypothetical protein
C1CA02	LBPJGIKI_00390	ABC transporter%2C ATP-binding protein
A0A4J1VBV7	LBPJGIKI_00391	hypothetical protein
C1CA00	LBPJGIKI_00392	Hypothetical protein
A0A4V0J6Q9	LBPJGIKI_00393	Putative transcriptional regulator PlcR
Q8CYA2	LBPJGIKI_00394	Immunity factor ComM
Q8DNF8	LBPJGIKI_00395	TsaE protein%2C required for threonylcarbamoyladenosine t(6)A37 formation in tRNA
Q8DNF9	LBPJGIKI_00396	Acetyltransferase
Q8DNG0	LBPJGIKI_00397	Transcriptional regulator LytR
C1CMP6	LBPJGIKI_00398	Bifunctional ADP-ribose pyrophosphatase/nicotinamide-nucleotide amidase
C1CMP5	LBPJGIKI_00399	DNA recombination/repair protein RecA
A0A4J1RJH5	LBPJGIKI_00400	MATE efflux family protein DinF
Q8KLP2	LBPJGIKI_00401	Autolysin/N-acetylmuramoyl-L-alanine amidase LytA
A0A0T8ACV9	LBPJGIKI_00402	Putative toxin
C1C9K3	LBPJGIKI_00403	Putative toxin
A0A0E8Z800	LBPJGIKI_00404	hypothetical protein
C1C9K1	LBPJGIKI_00405	hypothetical protein
Q8CYA9	LBPJGIKI_00406	hypothetical protein
A0A5C5EIG3	LBPJGIKI_00407	Hypothetical protein
B1I8P3	LBPJGIKI_00408	Hypothetical protein
A0AAE9TZY3	LBPJGIKI_00409	IS1381 transposase OrfB
B1I8P1	LBPJGIKI_00410	hypothetical protein
B1I8P0	LBPJGIKI_00411	Alpha-D-glucose 1-phosphate phosphatase YihX
B1I8N9	LBPJGIKI_00412	Mg(2+)-transport-ATPase-associated protein MgtC
A0A0B7LJG6	LBPJGIKI_00413	Iron(III)-transport system permease protein SfuB
A0A0B7LBX8	LBPJGIKI_00414	ABC transporter%2C ATP-binding protein
A0A0B7LIV1	LBPJGIKI_00415	ABC transporter%2C substrate-binding protein
A0A0E7TWI5	LBPJGIKI_00416	hypothetical protein
B2IM15	LBPJGIKI_00417	Hypothetical protein
Q8CYB4	LBPJGIKI_00418	Hypothetical protein
Q8CYB5	LBPJGIKI_00419	Hypothetical protein
B1I8C5	LBPJGIKI_00420	Pneumolysin
Q04IN9	LBPJGIKI_00421	Transcriptional regulatory protein YeeN
B1I8C3	LBPJGIKI_00422	hypothetical protein
B2IM08	LBPJGIKI_00423	Multidrug resistance ABC transporter ATP-binding and permease protein
C1C9I8	LBPJGIKI_00424	putative ABC transporter ATP-binding protein
Q8CYB6	LBPJGIKI_00425	Hypothetical protein
A0A9P1Q6P5	LBPJGIKI_00426	Phosphatidylglycerophosphatase B
C1C9I5	LBPJGIKI_00427	Response regulator of the LytR/AlgR family protein
A0A0B7L414	LBPJGIKI_00428	Membrane protein
Q8CYB9	LBPJGIKI_00429	Hypothetical protein
Q8DNH1	LBPJGIKI_00430	Thioredoxin
Q8DNH2	LBPJGIKI_00431	Phenylalanyl-tRNA synthetase domain protein
B1I8B5	LBPJGIKI_00432	Short-chain dehydrogenase
A0A0H2XDQ1	LBPJGIKI_00433	Single-stranded DNA-binding protein SsbB
Q9X4R4	LBPJGIKI_00434	Heat shock protein 60 family co-chaperone GroES
Q04IQ3	LBPJGIKI_00435	Heat shock protein 60 family chaperone GroEL
A0A0B7L3B2	LBPJGIKI_00436	Epoxyqueuosine reductase QueH
A0A0B7L9G8	LBPJGIKI_00437	Epoxyqueuosine reductase QueH
A0A0E8YVY8	LBPJGIKI_00438	2-methoxy-6-polyprenyl-1%2C4-benzoquinol methylase%2C mitochondrial
A0A0B7LRJ6	LBPJGIKI_00439	Positive transcriptional regulator%2C MutR family
A0A0B7L322	LBPJGIKI_00440	hypothetical protein
	LBPJGIKI_00441	Spy392987
	LBPJGIKI_00441	
Q8DNH5	LBPJGIKI_00442	Cysteinyl-tRNA synthetase related protein
A0A0E7YX54	LBPJGIKI_00443	Regulatory protein RecX
C1CGD1	LBPJGIKI_00444	RNA methyltransferase%2C TrmA family
	LBPJGIKI_00445	tRNA-Glu(ttc)
	LBPJGIKI_00445	
	LBPJGIKI_00446	16S ribosomal RNA
	LBPJGIKI_00446	
	LBPJGIKI_00447	tRNA-Ala(tgc)
	LBPJGIKI_00447	
	LBPJGIKI_00448	23S ribosomal RNA
	LBPJGIKI_00448	
	LBPJGIKI_00449	5S ribosomal RNA
	LBPJGIKI_00449	
	LBPJGIKI_00450	tRNA-Val(tac)
	LBPJGIKI_00450	
	LBPJGIKI_00451	tRNA-Asp(gtc)
	LBPJGIKI_00451	
	LBPJGIKI_00452	tRNA-Lys(ttt)
	LBPJGIKI_00452	
	LBPJGIKI_00453	tRNA-Leu(tag)
	LBPJGIKI_00453	
	LBPJGIKI_00454	tRNA-Thr(tgt)
	LBPJGIKI_00454	
	LBPJGIKI_00455	tRNA-Gly(gcc)
	LBPJGIKI_00455	
	LBPJGIKI_00456	tRNA-Leu(taa)
	LBPJGIKI_00456	
	LBPJGIKI_00457	tRNA-Arg(acg)
	LBPJGIKI_00457	
	LBPJGIKI_00458	tRNA-Pro(tgg)
	LBPJGIKI_00458	
	LBPJGIKI_00459	tRNA-Met(cat)
	LBPJGIKI_00459	
	LBPJGIKI_00460	tRNA-Met(cat)
	LBPJGIKI_00460	
	LBPJGIKI_00461	tRNA-Ser(tga)
	LBPJGIKI_00461	
	LBPJGIKI_00462	tRNA-Met(cat)
	LBPJGIKI_00462	
	LBPJGIKI_00463	tRNA-Phe(gaa)
	LBPJGIKI_00463	
	LBPJGIKI_00464	tRNA-Gly(tcc)
	LBPJGIKI_00464	
	LBPJGIKI_00465	tRNA-Ile(gat)
	LBPJGIKI_00465	
	LBPJGIKI_00466	tRNA-Ser(gct)
	LBPJGIKI_00466	
C1C9G9	LBPJGIKI_00467	Bifunctional biotin operon repressor/Biotin--protein ligase
A0A0B7MFI0	LBPJGIKI_00468	Multiple sugar metabolism operon regulatory protein MsmR
A0AA95DEB5	LBPJGIKI_00469	Alpha-galactosidase
C1C9G6	LBPJGIKI_00470	Multiple sugar ABC transporter%2C substrate-binding protein MsmE
C1C9G5	LBPJGIKI_00471	Multiple sugar ABC transporter%2C membrane-spanning permease protein MsmF
A0A0T8GLC3	LBPJGIKI_00472	Multiple sugar ABC transporter%2C membrane-spanning permease protein MsmG
A0A0T8USP5	LBPJGIKI_00473	hypothetical protein
A0AA86JFB0	LBPJGIKI_00474	Sucrose phosphorylase
Q8CYC1	LBPJGIKI_00475	Wall teichoic acid biosynthesis protein RafX
C1C9G0	LBPJGIKI_00476	Peptide ABC transporter substrate-binding protein AmiA
C1C9F9	LBPJGIKI_00477	Peptide ABC transporter permease AmiC
C1CGB7	LBPJGIKI_00478	Peptide ABC transporter permease AmiD
B1I897	LBPJGIKI_00479	Peptide ABC transporter ATP-binding protein AmiE
B1I896	LBPJGIKI_00480	Peptide ABC transporter ATP-binding protein AmiF
A0A4J1VNE3	LBPJGIKI_00481	IS1167 transposase
A0AA95D7A8	LBPJGIKI_00482	hypothetical protein
A0A4J2FD88	LBPJGIKI_00483	IS1167 transposase Orf1
	LBPJGIKI_00484	Srn266
	LBPJGIKI_00484	
Q8DNI5	LBPJGIKI_00485	Trehalose operon transcriptional repressor
A0A6I3U3H1	LBPJGIKI_00486	Trehalose-specific PTS IIBCA components
Q8DNI7	LBPJGIKI_00487	Trehalose-6-phosphate hydrolase
B2ISY0	LBPJGIKI_00488	Hypothetical protein
Q04IS7	LBPJGIKI_00489	Glutamate racemase
B2ISX8	LBPJGIKI_00490	Nucleoside 5-triphosphatase RdgB (dHAPTP%2C dITP%2C XTP-specific)
P64311	LBPJGIKI_00491	Nucleoside 5-triphosphatase RdgB (dHAPTP%2C dITP%2C XTP-specific)
Q8DNI8	LBPJGIKI_00492	Phosphoesterase
C1C9E4	LBPJGIKI_00493	CBS domain protein
B2ISX5	LBPJGIKI_00494	Tyrosine recombinase XerD
A0A0T8RTE1	LBPJGIKI_00495	Segregation and condensation protein A
Q8DNI9	LBPJGIKI_00496	Segregation and condensation protein B
Q8DNJ0	LBPJGIKI_00497	Ribosomal large subunit pseudouridine synthase B
C1CG97	LBPJGIKI_00498	Putative membrane protein insertion efficiency factor YidD
B1I882	LBPJGIKI_00499	Iron compound ABC uptake transporter substrate-binding protein PiuA
B1I881	LBPJGIKI_00500	Iron compound ABC uptake transporter ATP-binding protein PiuD
C1CG94	LBPJGIKI_00501	Iron compound ABC uptake transporter permease protein PiuC
B1I879	LBPJGIKI_00502	Iron compound ABC uptake transporter permease protein PiuB
A0A4N2RF28	LBPJGIKI_00503	UDP-glucose 4-epimerase
Q8DNJ7	LBPJGIKI_00504	Glutamyl aminopeptidase
B1I876	LBPJGIKI_00505	Hypothetical protein
C1C9D0	LBPJGIKI_00506	Transcriptional regulator%2C MarR family
A0A0B7LCB4	LBPJGIKI_00507	Hypothetical protein
C1CG87	LBPJGIKI_00508	Glycine betaine/L-proline transport ATP-binding protein ProV
A0A0T7KAV4	LBPJGIKI_00509	Glycine betaine/L-proline transport substrate-binding/permease protein ProWX
Q8DNK1	LBPJGIKI_00510	Ribosyl nicotinamide transporter PnuC
A0A0H2ZQB6	LBPJGIKI_00511	Transcriptional regulator SczA%2C TetR family
A0A237K5V8	LBPJGIKI_00512	Cobalt-zinc-cadmium resistance protein CzcD
Q8DNK4	LBPJGIKI_00513	Transcriptional regulator%2C MerR family
C1CG80	LBPJGIKI_00514	Alcohol dehydrogenase
Q8DNK6	LBPJGIKI_00515	Galactose operon repressor%2C GalR-LacI family
A0A0E8JXD7	LBPJGIKI_00516	Galactokinase
A0A0T9I5A8	LBPJGIKI_00517	Galactose-1-phosphate uridylyltransferase
A0A0B7MD15	LBPJGIKI_00518	Thioesterase
B1I861	LBPJGIKI_00519	Modification methylase DpnIIA
C1C9B5	LBPJGIKI_00520	Type II restriction-modification system methyltransferase
B1I859	LBPJGIKI_00521	Type-2 restriction enzyme DpnII
A0A0H2URI2	LBPJGIKI_00522	Xanthine permease
Q3I0D0	LBPJGIKI_00523	Xanthine phosphoribosyltransferase
	LBPJGIKI_00524	Purine
	LBPJGIKI_00524	
A0A0B7MC34	LBPJGIKI_00525	hypothetical protein
C1CG71	LBPJGIKI_00526	Exodeoxyribonuclease III
A0A0T9H4C6	LBPJGIKI_00527	hypothetical protein
Q8CYC7	LBPJGIKI_00528	hypothetical protein
A0A0B7MD03	LBPJGIKI_00529	hypothetical protein
C1C9A7	LBPJGIKI_00530	ABC transporter%2C ATP-binding/permease protein
C1C9A6	LBPJGIKI_00531	ABC transporter%2C ATP-binding/permease protein
Q8DNL5	LBPJGIKI_00532	Sugar transferases involved in lipopolysaccharide synthesis
C1CG64	LBPJGIKI_00533	Putative UDP-4-keto-6-deoxy-D-glucose 4-transaminase AatB
C7G4B8	LBPJGIKI_00534	Plasmin- and fibronectin-binding protein PfbA
Q8CYD0	LBPJGIKI_00535	hypothetical protein
C1CG60	LBPJGIKI_00536	hypothetical protein
Q8DNL7	LBPJGIKI_00537	Phosphate transport system protein PhoU3
Q8DNL8	LBPJGIKI_00538	Galactose-1-phosphate uridylyltransferase
Q8DNL9	LBPJGIKI_00539	UDP-glucose 4-epimerase
Q8CYD2	LBPJGIKI_00540	Hypothetical protein
C1C979	LBPJGIKI_00541	ABC transporter%2C substrate-binding protein
C1CG53	LBPJGIKI_00542	ABC transporter%2C ATP-binding protein
A0A0H2ZPF8	LBPJGIKI_00543	Iron(III)-transport system permease protein SfuB
Q8DNM3	LBPJGIKI_00544	Mg(2+)-transport-ATPase-associated protein MgtC
Q8CYD4	LBPJGIKI_00545	Hypothetical protein
Q8DNM4	LBPJGIKI_00546	Galactose operon repressor%2C GalR-LacI family
A0A4J2FF23	LBPJGIKI_00547	Hypothetical protein
A0A0T8SZB1	LBPJGIKI_00548	Anthranilate synthase%2C aminase component
C1C970	LBPJGIKI_00549	Bifunctional anthranilate synthase%2C amidotransferase component/para-aminobenzoate synthase%2Camidotransferase component
Q04IY6	LBPJGIKI_00550	Anthranilate phosphoribosyltransferase
Q97P30	LBPJGIKI_00551	Indole-3-glycerol phosphate synthase
A0A5B6S4G8	LBPJGIKI_00552	Phosphoribosylanthranilate isomerase
A0A0T9HEX2	LBPJGIKI_00553	Tryptophan synthase beta chain
A0AAE9QRC8	LBPJGIKI_00554	Tryptophan synthase alpha chain
A0A0U0MHV9	LBPJGIKI_00555	Hypothetical protein
A0A0B7LRB6	LBPJGIKI_00556	Transcriptional regulator%2C Xre family
A0A0T9ICH6	LBPJGIKI_00557	Type IV prepilin peptidase
A0A0B7L697	LBPJGIKI_00558	Acetyltransferase
Q97P39	LBPJGIKI_00559	Hypothetical protein
Q8DNN3	LBPJGIKI_00560	General stress protein%2C Gls24 family
Q8DNN4	LBPJGIKI_00561	Small integral membrane protein
B2ISG1	LBPJGIKI_00562	Hypothetical protein
B1I7Q8	LBPJGIKI_00563	M protein trans-acting positive regulator Mga2
C1CG19	LBPJGIKI_00564	Multiple sugar metabolism operon regulatory protein
C1CG18	LBPJGIKI_00565	Multiple sugar ABC transporter%2C membrane-spanning permease protein
B2ISF6	LBPJGIKI_00566	ABC transporter permease protein
A0A6G2DMT1	LBPJGIKI_00567	hypothetical protein
A0A0T7I5G6	LBPJGIKI_00568	Sucrose-6-phosphate hydrolase
	LBPJGIKI_00569	tRNA-Lys(ctt)
	LBPJGIKI_00569	
A0A0E8ZGI8	LBPJGIKI_00570	Chromosome segregation helicase
A0A0T9ICE2	LBPJGIKI_00571	Hypothetical protein
Q8CYE1	LBPJGIKI_00572	Addiction module toxin HicA
Q8DNP2	LBPJGIKI_00573	Addiction module antitoxin HicB
A0A0U0Q7W2	LBPJGIKI_00574	Hypothetical protein
A0A0T7NJJ7	LBPJGIKI_00575	Hypothetical protein
A0A0T9I7F2	LBPJGIKI_00576	7%2C8-dihydro-8-oxoguanine-triphosphatase
C1CG07	LBPJGIKI_00577	hypothetical protein
A0A0D6J5U3	LBPJGIKI_00578	hypothetical protein
C1CG05	LBPJGIKI_00579	hypothetical protein
C1CT24	LBPJGIKI_00580	Ribosomal protein L11 methyltransferase
A0A6I3UX54	LBPJGIKI_00581	16S rRNA (uracil(1498)-N(3))-methyltransferase
A0A0B7M8H5	LBPJGIKI_00582	Oligoendopeptidase F
A0A062WT08	LBPJGIKI_00583	hypothetical protein
A0AA86X5H2	LBPJGIKI_00584	ABC transporter ATP-binding protein
A0A558SAQ0	LBPJGIKI_00585	hypothetical protein
A0A4J2CZS2	LBPJGIKI_00586	hypothetical protein
A0A0B7LXD4	LBPJGIKI_00587	Aquaporin Z
A0A4J2EUQ9	LBPJGIKI_00588	Hypothetical protein
A0A4J2BK65	LBPJGIKI_00589	NADPH-dependent 7-cyano-7-deazaguanine reductase
C1CFZ6	LBPJGIKI_00590	Thioredoxin
Q8CYE5	LBPJGIKI_00591	Hypothetical protein
C1CFZ4	LBPJGIKI_00592	Transcriptional regulator%2C MarR family
C1CFX5	LBPJGIKI_00593	Membrane protein
A0A822QC26	LBPJGIKI_00594	Serine/threonine transporter SstT
C1C8Y8	LBPJGIKI_00595	Potassium efflux system KefA protein
C1CFX3	LBPJGIKI_00596	Magnesium and cobalt transport protein CorA2
B2ISA1	LBPJGIKI_00597	Hydrolase%2C HAD subfamily IIIA
A0A0H2UR97	LBPJGIKI_00598	GTP-binding protein YqeH%2C required for biogenesis of 30S ribosome subunit
Q8DNQ6	LBPJGIKI_00599	RNA-binding protein
A0A0B7LAB1	LBPJGIKI_00600	Nicotinate-nucleotide adenylyltransferase
A0A0T7TKS4	LBPJGIKI_00601	HAD superfamily hydrolase YqeK
A0A0T7NIP3	LBPJGIKI_00602	Isochorismatase
Q8DNQ9	LBPJGIKI_00603	Ribosomal silencing factor RsfA
A0A0T7SR30	LBPJGIKI_00604	Methyltransferase
A0A4J2AXQ1	LBPJGIKI_00605	hypothetical protein
A0A0H2ZR31	LBPJGIKI_00606	Antitoxin YefM
Q8DNR3	LBPJGIKI_00607	YoeB toxin protein
Q04J36	LBPJGIKI_00608	Ribonuclease Y
Q97PA3	LBPJGIKI_00609	Guanylate kinase
Q04J38	LBPJGIKI_00610	DNA-directed RNA polymerase omega subunit
C1C8X3	LBPJGIKI_00611	Helicase PriA essential for oriC/DnaA-independent DNA replication
A0A0B7LI42	LBPJGIKI_00612	Methionyl-tRNA formyltransferase
A0A0E8ZK10	LBPJGIKI_00613	16S rRNA (cytosine(967)-C(5))-methyltransferase
A0A0H2UR71	LBPJGIKI_00614	Protein serine/threonine phosphatase PhpP
C1CFV4	LBPJGIKI_00615	Serine/threonine protein kinase StkP
Q8DNS1	LBPJGIKI_00616	Membrane protein
C1CFV2	LBPJGIKI_00617	Putative membrane-spanning protein
A0A4J1XWG6	LBPJGIKI_00618	IS1381 transposase OrfB
Q8CYE8	LBPJGIKI_00619	Hypothetical protein
Q8DNS4	LBPJGIKI_00620	Hydroxymethylglutaryl-CoA synthase
Q8DNS5	LBPJGIKI_00621	Hydroxymethylglutaryl-CoA reductase
Q8DNS6	LBPJGIKI_00622	Sucrose operon repressor ScrR%2C LacI family
A0A0T9IN94	LBPJGIKI_00623	Sucrose-6-phosphate hydrolase
A0A0E8L682	LBPJGIKI_00624	Sucrose-specific PTS IIBCA components
B1I778	LBPJGIKI_00625	Fructokinase
A0A0U0AQL7	LBPJGIKI_00626	Immunoreactive protein Se23.5-like protein
C1C8V4	LBPJGIKI_00627	ABC transporter ATP-binding protein - Na+ export
A0A0T8MVS5	LBPJGIKI_00628	ABC transporter membrane-spanning permease - Na+ export
B1I773	LBPJGIKI_00629	ABC transporter ATP-binding protein
C1C8V1	LBPJGIKI_00630	Multidrug ABC transporter%2C ATP-binding protein
Q8DNT4	LBPJGIKI_00631	Transcriptional regulator%2C GntR family
B2IRW8	LBPJGIKI_00632	Ribonucleotide reductase transcriptional regulator NrdR
A0A0T7NKR3	LBPJGIKI_00633	Helicase loader DnaB
A0A0U0BPB3	LBPJGIKI_00634	Helicase loader DnaI
A0A0T7T899	LBPJGIKI_00635	NADPH-flavin oxidoreductase
A0A0T7Z4A0	LBPJGIKI_00636	GTP-binding protein EngA
B1I765	LBPJGIKI_00637	Hypothetical protein
B1I764	LBPJGIKI_00638	Hypothetical protein
A0A0T8RIV6	LBPJGIKI_00639	MutR-like transcriptional regulator
A0A0T8P5L8	LBPJGIKI_00640	Hypothetical protein
Q8CYF4	LBPJGIKI_00641	Hypothetical protein
Q8CYF5	LBPJGIKI_00642	Hypothetical protein
A0A0E7ZC27	LBPJGIKI_00643	ABC transporter%2C ATP-binding protein
A0AAD2I1A1	LBPJGIKI_00644	hypothetical protein
B2IRV7	LBPJGIKI_00645	Protein translocase subunit SecA
C1CFS0	LBPJGIKI_00646	2-keto-3-deoxy-D-arabino-heptulosonate-7- phosphate synthase I alpha
A0A064C6F6	LBPJGIKI_00647	2-keto-3-deoxy-D-arabino-heptulosonate-7- phosphate synthase I alpha
B2IRV4	LBPJGIKI_00648	Holo-[acyl-carrier protein] synthase
C1CSV9	LBPJGIKI_00649	Alanine racemase
A0A0T9ITF3	LBPJGIKI_00650	ATP-dependent DNA helicase RecG
A0A0T9IMZ6	LBPJGIKI_00651	Hypothetical protein
C1CFR5	LBPJGIKI_00652	Bifunctional acetyl xylan esterase 1/cephalosporin-C deacetylase
A0A4J2A1Z6	LBPJGIKI_00653	hypothetical protein
Q8CYF7	LBPJGIKI_00654	Hypothetical protein
B8XTW0	LBPJGIKI_00655	Sialidase NanA
A0A0U0H759	LBPJGIKI_00656	IS4 family transposase ISSsu2
A0A0T7ZGK7	LBPJGIKI_00657	IS4 family transposase ISSsu2
A0A0B7LMD7	LBPJGIKI_00658	Hypothetical protein
Q8CYF8	LBPJGIKI_00659	Putative beta-D-galactosidase
A0A9P1LZZ7	LBPJGIKI_00660	ABC transporter substrate-binding protein - sugar transport
C1CFQ9	LBPJGIKI_00661	ABC transporter membrane-spanning permease%2C sugar transport YcjO
C1CFQ8	LBPJGIKI_00662	ABC transporter%2C permease protein
A0AA86XXH0	LBPJGIKI_00663	Sialidase
A0AA87C743	LBPJGIKI_00664	ISSpn8 transposase
A0AA87C4P0	LBPJGIKI_00665	ISSpn8 transposase
A0A9P1L4T7	LBPJGIKI_00666	Sialidase
C1CFQ6	LBPJGIKI_00667	Oxidoreductase
P65521	LBPJGIKI_00668	N-acetylmannosamine-6-phosphate 2-epimerase
A0A0B7L627	LBPJGIKI_00669	N-acetylglucosamine-specific PTS IIABC components
Q8DNU8	LBPJGIKI_00670	ABC transporter%2C putative N-acetylneuraminate-binding protein
A0A0T9HL48	LBPJGIKI_00671	ABC transporter%2C putative N-acetylneuraminate transport system permease protein 1
Q8DNV0	LBPJGIKI_00672	ABC transporter%2C putative N-acetylneuraminate transport system permease protein 2
B1I741	LBPJGIKI_00673	Protein YjgK%2C linked to biofilm formation
A0A0B7L620	LBPJGIKI_00674	Hypothetical protein
B1I739	LBPJGIKI_00675	hypothetical protein
B1I738	LBPJGIKI_00676	4-hydroxy-tetrahydrodipicolinate synthase
Q8DNV3	LBPJGIKI_00677	N-acetylmannosamine kinase
C1C8R3	LBPJGIKI_00678	Sialic acid utilization regulator%2C RpiR family
B0B6J1	LBPJGIKI_00679	Penicillin-binding protein 2B
A0A0T9HMT6	LBPJGIKI_00680	Recombination protein RecR
Q9RCQ4	LBPJGIKI_00681	D-alanine--D-alanine ligase
A0A0T7L7F1	LBPJGIKI_00682	UDP-N-acetylmuramoyl-tripeptide--D-alanyl-D- alanine ligase
A0A0U0DMB6	LBPJGIKI_00683	MutT/nudix family protein phosphohydrolase
C1CFN9	LBPJGIKI_00684	Putative membrane protein
Q9ZHC0	LBPJGIKI_00685	Cell division protein FtsA
C1C8Q5	LBPJGIKI_00686	Cell division protein FtsZ
A0A0B7M6U2	LBPJGIKI_00687	YlmE
Q8DNW1	LBPJGIKI_00688	FtsZ-interacting protein related to cell division YlmF
Q9ZHB6	LBPJGIKI_00689	Cell division integral membrane protein YlmG%2C YGGT family
A0A0T7JH02	LBPJGIKI_00690	YlmH
C1CFN2	LBPJGIKI_00691	Cell division initiation protein DivIVA
A0AA86XB53	LBPJGIKI_00692	Isoleucyl-tRNA synthetase
A0A916L490	LBPJGIKI_00693	hypothetical protein
A0A9P1PS15	LBPJGIKI_00694	hypothetical protein
C1C8P6	LBPJGIKI_00695	Hypothetical protein
C1CFM7	LBPJGIKI_00696	Phosphoglycerate mutase
A0A0E8AMV7	LBPJGIKI_00697	Putative large secreted protein
A0A0T9GK56	LBPJGIKI_00698	Putative large secreted protein
C1C8P3	LBPJGIKI_00699	ABC transporter%2C ATP-binding protein
A0A0U0QD28	LBPJGIKI_00700	ABC transporter%2C permease protein
B2IRQ7	LBPJGIKI_00701	Thiol peroxidase%2C Tpx-type
D2CTJ2	LBPJGIKI_00702	Manganese ABC transporter%2C periplasmic-binding protein PsaA
C1CFM0	LBPJGIKI_00703	Manganese ABC transporter%2C inner membrane permease protein PsaC
A0A0T7L7K3	LBPJGIKI_00704	Manganese ABC transporter%2C ATP-binding protein PsaB
Q8DNW9	LBPJGIKI_00705	Neutral endopeptidase O
Q8DNX0	LBPJGIKI_00706	Hydroxyacylglutathione hydrolase
C1CFL5	LBPJGIKI_00707	Bifunctional guanosine-3'%2C5'-bis(diphosphate) 3'-pyrophosphohydrolase/(p)ppGpp synthetase II
Q8DNX2	LBPJGIKI_00708	D-tyrosyl-tRNA(Tyr) deacylase
A0A0H2ZLZ3	LBPJGIKI_00709	hypothetical protein
A0A655GS10	LBPJGIKI_00710	IS1380 family transposase ISSpn5
A0A4N1YDM4	LBPJGIKI_00711	hypothetical protein
A0AA87C7L1	LBPJGIKI_00712	hypothetical protein
B2IRP3	LBPJGIKI_00713	Mn-dependent transcriptional regulator MntR
A0AA87C4V7	LBPJGIKI_00714	Putative diadenosine tetraphosphatase
Q8DNX5	LBPJGIKI_00715	Rrf2 family transcriptional regulator%2C group III
A0A0T8XG96	LBPJGIKI_00716	Hypothetical protein
A0A0B7L500	LBPJGIKI_00717	Esterase/lipase
C1CFK2	LBPJGIKI_00718	Two-component system response regulator
C1C8M2	LBPJGIKI_00719	Two-component system sensor histidine kinase
C1CSP6	LBPJGIKI_00720	Threonyl-tRNA synthetase
Q8CYH8	LBPJGIKI_00721	hypothetical protein
A0A558XFJ3	LBPJGIKI_00722	Hypothetical protein
A0A4J1PA54	LBPJGIKI_00723	Rrf2-linked NADH-flavin reductase
Q97PI9	LBPJGIKI_00724	SSU ribosomal protein S15p (S13e)
Q8DNY0	LBPJGIKI_00725	Cadmium resistance protein CadD
B2IRD2	LBPJGIKI_00726	Acyl-ACP:1-acyl-sn-glycerol-3-phosphate acyltransferase
A0A6G2DAB2	LBPJGIKI_00727	Cadmium-transporting ATPase
C1C8L2	LBPJGIKI_00728	Transcriptional antiterminator of lichenan operon%2C BglG family
C1C8L1	LBPJGIKI_00729	hypothetical protein
C1C8L0	LBPJGIKI_00730	Fructose-specific PTS IIABC components
C1C8K9	LBPJGIKI_00731	Fructose-specific PTS IIABC components
C1C8K8	LBPJGIKI_00732	Fructose-specific PTS IIABC components
C1C8K7	LBPJGIKI_00733	Ribulose-phosphate 3-epimerase
A0A0B7KS33	LBPJGIKI_00734	Transketolase
A0AAD2IK19	LBPJGIKI_00735	hypothetical protein
C1CDJ8	LBPJGIKI_00736	IS3 family transposase ISSpn11
A0A4J2FNT5	LBPJGIKI_00737	Lanthionine biosynthesis protein LanL
A0A0U0QE13	LBPJGIKI_00738	hypothetical protein
B2IRC6	LBPJGIKI_00739	hypothetical protein
C1CFJ3	LBPJGIKI_00740	tRNA (adenine(22)-N(1))-methyltransferase
Q8DNY4	LBPJGIKI_00741	Putative GTP cyclohydrolase 1 type 2 protein YbgI
A0AA86Y4D4	LBPJGIKI_00742	Glycine/D-amino acid oxidases family protein
C1CFI9	LBPJGIKI_00743	UDP-glucose 4-epimerase
A0AA86XCD6	LBPJGIKI_00744	Bactoprenol glucosyl transferase
C1CFI7	LBPJGIKI_00745	Ferredoxin
C1C8J3	LBPJGIKI_00746	Hypothetical protein
A0A064C099	LBPJGIKI_00747	Cytidylate kinase
Q8DNZ0	LBPJGIKI_00748	Protein PhnA
Q8CYI1	LBPJGIKI_00749	Hypothetical protein
Q8DNZ1	LBPJGIKI_00750	Major facilitator superfamily transporter-permease
Q97PL0	LBPJGIKI_00751	tRNA pseudouridine synthase A
A0A0T9ALX3	LBPJGIKI_00752	Pyridoxal kinase%2C thiD family
C1C8I5	LBPJGIKI_00753	Substrate-specific component PdxU2 of putative pyridoxin-related ECF transporter
A0AAD2IK19	LBPJGIKI_00754	hypothetical protein
A0A4V0IZR1	LBPJGIKI_00755	hypothetical protein
C1CFH2	LBPJGIKI_00756	Xaa-Pro dipeptidase
A0A916PF76	LBPJGIKI_00757	Putative amidotransferase similar to cobyric acid synthase
A0A0H2UQV8	LBPJGIKI_00758	Mur ligase family protein
A0A0E8T5I3	LBPJGIKI_00759	Pyridine nucleotide-disulfide oxidoreductase
A0A0E9A1L3	LBPJGIKI_00760	Major facilitator oxalate:formate antiporter
A0A0E8AJB6	LBPJGIKI_00761	DEAD-box ATP-dependent RNA helicase CshA
C1CSK2	LBPJGIKI_00762	GTP-sensing transcriptional pleiotropic repressor CodY
Q8DP02	LBPJGIKI_00763	Nicotinamidase
	LBPJGIKI_00764	tRNA-Leu(aag)
	LBPJGIKI_00764	
Q8DP03	LBPJGIKI_00765	Multiple sugar ABC transporter%2C ATP-binding protein
Q8DP04	LBPJGIKI_00766	SAM-dependent methyltransferase
C1CFG1	LBPJGIKI_00767	Adenine phosphoribosyltransferase
A0A098Z0R9	LBPJGIKI_00768	Homoserine O-succinyltransferase
A0A0B7KXC6	LBPJGIKI_00769	Chromosome replication initiation protein DnaD
Q04JH4	LBPJGIKI_00770	Triosephosphate isomerase
A0A0H2XFA2	LBPJGIKI_00771	1%2C4-beta-N-acetylmuramidase%2C lyzozyme LytC
A0AAD2Q7Q3	LBPJGIKI_00772	Bifunctional non-specific DNA-binding protein/ferroxidase Dpr
A0A4M9X8J4	LBPJGIKI_00773	Dihydrofolate reductase
A0A0T9GSN3	LBPJGIKI_00774	Hypothetical protein
A0A4J1Y6Z0	LBPJGIKI_00775	ATP-dependent Clp protease ATP-binding subunit ClpX
Q04JI0	LBPJGIKI_00776	GTP-binding protein EngB
Q8DP09	LBPJGIKI_00777	RidA/YER057c/UK114 superfamily protein
A0A0B7LZK7	LBPJGIKI_00778	Putative P-loop-containing kinase
C1CFE8	LBPJGIKI_00779	LPPG:FO 2-phospho-L-lactate transferase-like protein
Q8DP12	LBPJGIKI_00780	Putative cytoplasmic protein
A0A655B1U2	LBPJGIKI_00781	Tyrosine recombinase XerC
A0A4N5QRA7	LBPJGIKI_00782	hypothetical protein
B1I7C4	LBPJGIKI_00783	hypothetical protein
B1I7C5	LBPJGIKI_00784	hypothetical protein
B1I7C6	LBPJGIKI_00785	hypothetical protein
B1I7C7	LBPJGIKI_00786	hypothetical protein
A0A655B0G0	LBPJGIKI_00787	hypothetical protein
A0A655AW58	LBPJGIKI_00788	hypothetical protein
A0A0B7LQV0	LBPJGIKI_00789	hypothetical protein
A0AA36L4K6	LBPJGIKI_00790	hypothetical protein
A0A655B1U7	LBPJGIKI_00791	hypothetical protein
A0A4F2S4D6	LBPJGIKI_00792	hypothetical protein
A0A0B7LQU7	LBPJGIKI_00793	hypothetical protein
A0A6G2D5E9	LBPJGIKI_00794	Single-stranded DNA-binding protein
A0AA47H5M5	LBPJGIKI_00795	IS1595 family transposase ISCco3
A0A098ANB2	LBPJGIKI_00796	hypothetical protein
A0A4N9NCW2	LBPJGIKI_00797	hypothetical protein
A0A4J1YHC0	LBPJGIKI_00798	hypothetical protein
A0A0E8AIT4	LBPJGIKI_00799	hypothetical protein
A0A4V0IXR0	LBPJGIKI_00800	hypothetical protein
B1I7E0	LBPJGIKI_00801	hypothetical protein
A0A4N5I0Q6	LBPJGIKI_00802	hypothetical protein
A0A0E8Z1Q7	LBPJGIKI_00803	hypothetical protein
A0A4J1SLR4	LBPJGIKI_00804	hypothetical protein
A0A4J1ZTL8	LBPJGIKI_00805	hypothetical protein
A0A0T7NI93	LBPJGIKI_00806	hypothetical protein
A0A4J1X2Q8	LBPJGIKI_00807	hypothetical protein
B1I7E5	LBPJGIKI_00808	hypothetical protein
B1I7E6	LBPJGIKI_00809	hypothetical protein
A0A5C8R3A8	LBPJGIKI_00810	hypothetical protein
B1I7E8	LBPJGIKI_00811	hypothetical protein
A0A0E7Y2A2	LBPJGIKI_00812	hypothetical protein
B1I7F1	LBPJGIKI_00813	hypothetical protein
A0A0T8ALQ5	LBPJGIKI_00814	hypothetical protein
B1I7F3	LBPJGIKI_00815	hypothetical protein
B1I7F4	LBPJGIKI_00816	hypothetical protein
B1I7F5	LBPJGIKI_00817	hypothetical protein
A0A4P0A7K1	LBPJGIKI_00818	hypothetical protein
A0A655AWH9	LBPJGIKI_00819	hypothetical protein
A0A0U0LNY7	LBPJGIKI_00820	hypothetical protein
A0A655B1W0	LBPJGIKI_00821	hypothetical protein
A0A0U0BLQ3	LBPJGIKI_00822	hypothetical protein
B1I7G1	LBPJGIKI_00823	hypothetical protein
A0A4V0JIS5	LBPJGIKI_00824	hypothetical protein
A0A0E8ZY10	LBPJGIKI_00825	hypothetical protein
A0A0E8ZFT7	LBPJGIKI_00826	hypothetical protein
A0A6G2D354	LBPJGIKI_00827	hypothetical protein
A0A6G2D392	LBPJGIKI_00828	hypothetical protein
A0A4P0ANE3	LBPJGIKI_00829	hypothetical protein
A0A4M0IB66	LBPJGIKI_00830	hypothetical protein
B1I7G9	LBPJGIKI_00831	hypothetical protein
B1I7H0	LBPJGIKI_00832	hypothetical protein
A0A4J2DLS3	LBPJGIKI_00833	hypothetical protein
U6EFP9	LBPJGIKI_00834	Autolysin/N-acetylmuramoyl-L-alanine amidase LytA
A0A0D6J7C7	LBPJGIKI_00835	Thioredoxin reductase
B1ICY2	LBPJGIKI_00836	Bacterial checkpoint controller DisA
Q8DP15	LBPJGIKI_00837	Hypothetical protein
C1CSI0	LBPJGIKI_00838	Phosphoglucosamine mutase
B2IR77	LBPJGIKI_00839	Hypothetical protein
C1C8E9	LBPJGIKI_00840	DegV family protein
Q04JJ1	LBPJGIKI_00841	4-hydroxy-tetrahydrodipicolinate reductase
Q97PP9	LBPJGIKI_00842	CCA tRNA nucleotidyltransferase
A0A4P0A7U2	LBPJGIKI_00843	ATPase component of ABC transporter with duplicated ATPase domains
C1CFD7	LBPJGIKI_00844	Cobalt-zinc-cadmium resistance protein
	LBPJGIKI_00845	SSRC10
	LBPJGIKI_00845	
C1CFD6	LBPJGIKI_00846	Calcium-transporting ATPase
A0A0H2UQV0	LBPJGIKI_00847	Glutathione S-transferase
A0A4L3J1R1	LBPJGIKI_00848	Peptide deformylase
A0A0E8YYP0	LBPJGIKI_00849	Cell shape-determining protein
A0A229FM92	LBPJGIKI_00850	Hypothetical protein
	LBPJGIKI_00851	SpR20_sRNA
	LBPJGIKI_00851	
A0A0E8ZIF4	LBPJGIKI_00852	hypothetical protein
A0A0T7KV60	LBPJGIKI_00853	Hypothetical protein
A0A098ZCY9	LBPJGIKI_00854	Hypothetical protein
A0A0U0E3V7	LBPJGIKI_00855	Aspartate aminotransferase
A0A0T9GT85	LBPJGIKI_00856	Putative lactoylglutathione lyase
C1CFC3	LBPJGIKI_00857	Asparaginyl-tRNA synthetase
Q04JK8	LBPJGIKI_00858	SSU ribosomal protein S6p
P66855	LBPJGIKI_00859	Single-stranded DNA-binding protein
Q04JL0	LBPJGIKI_00860	SSU ribosomal protein S18p
Q8CYJ1	LBPJGIKI_00861	Bifunctional lipoprotein rotamase A/peptidyl-prolyl cis-trans isomerase
Q8DP29	LBPJGIKI_00862	General stress protein 13
C1CFB7	LBPJGIKI_00863	tRNA(1)(Val) (adenine(37)-N(6))-methyltransferase
Q97PR7	LBPJGIKI_00864	Putative endonuclease
Q04JL5	LBPJGIKI_00865	Manganese-dependent inorganic pyrophosphatase
Q8CYJ2	LBPJGIKI_00866	Glutamate synthase [NADPH] large chain
Q8CYJ3	LBPJGIKI_00867	hypothetical protein
Q8CYJ4	LBPJGIKI_00868	hypothetical protein
A0A0U0PV18	LBPJGIKI_00869	Hypothetical protein
A0A0U0PUC8	LBPJGIKI_00870	UDP-N-acetylmuramoylalanyl-D-glutamate--L-lysine ligase
A0A4N2KQ43	LBPJGIKI_00871	Putative cell division protein YtgP
A0A6G2DNU1	LBPJGIKI_00872	Oligopeptide ABC transporter oligopeptide-binding protein AliB
B2IR46	LBPJGIKI_00873	Multidrug resistance ABC transporter ATP-binding/permease protein BmrA
B2IR45	LBPJGIKI_00874	ABC transporter%2C ATP-binding/permease protein
A0A0B7L8U4	LBPJGIKI_00875	ABC transporter ATP-binding/permease protein
B1ICU7	LBPJGIKI_00876	Cystathionine gamma-synthase
A0A0B7M805	LBPJGIKI_00877	Bifunctional PLP-dependent beta-cystathionase/maltose regulon repressor
A0A0E9GU56	LBPJGIKI_00878	SWF/SNF family helicase
A0A0T9HB13	LBPJGIKI_00879	Hypothetical protein
Q8DP40	LBPJGIKI_00880	UDP-N-acetylmuramate--alanine ligase
Q8CYJ7	LBPJGIKI_00881	hypothetical protein
Q8DP41	LBPJGIKI_00882	Acetyltransferase%2C GNAT family
A0A0B7LH84	LBPJGIKI_00883	Endolytic murein transglycosylase MltG
Q8DP42	LBPJGIKI_00884	Transcription elongation factor GreA
A0A0U0FCP2	LBPJGIKI_00885	Acetyltransferase
A0A0E8Z0P2	LBPJGIKI_00886	ISSpn8 transposase
Q79RW7	LBPJGIKI_00887	ATP synthase F0 sector subunit c
A0A0U0F270	LBPJGIKI_00888	ATP synthase F0 sector subunit a
Q04HT5	LBPJGIKI_00889	ATP synthase F0 sector subunit b
Q04HT6	LBPJGIKI_00890	ATP synthase F1 sector delta chain
B1ICT1	LBPJGIKI_00891	ATP synthase F1 sector alpha chain
C1CSC9	LBPJGIKI_00892	ATP synthase F1 sector gamma chain
Q97PT6	LBPJGIKI_00893	ATP synthase F1 sector beta chain
Q04N64	LBPJGIKI_00894	ATP synthase F1 sector epsilon chain
A0A0U0H759	LBPJGIKI_00895	IS4 family transposase ISSsu2
A0A0T7ZGK7	LBPJGIKI_00896	IS4 family transposase ISSsu2
A0A0B7L4B3	LBPJGIKI_00897	MutT/Nudix family protein
Q8DQI7	LBPJGIKI_00898	NAD(FAD)-utilizing dehydrogenase
B2INC5	LBPJGIKI_00899	DegV family protein
Q8DQI5	LBPJGIKI_00900	Transcriptional regulator%2C AcrR family
C1CD94	LBPJGIKI_00901	dCMP deaminase
Q8DQI3	LBPJGIKI_00902	Uracil phosphoribosyltransferase
Q04LF4	LBPJGIKI_00903	ATP-dependent Clp protease proteolytic subunit ClpP
A0A0T9AB05	LBPJGIKI_00904	Hypothetical protein
Q8DQI1	LBPJGIKI_00905	High-affinity leucine-specific transport system%2C periplasmic binding protein LivJ
A0A0B7LGN5	LBPJGIKI_00906	High-affinity branched-chain amino acid transport system permease protein LivH
Q8DQH9	LBPJGIKI_00907	Branched-chain amino acid transport system permease protein LivM
Q8DQH8	LBPJGIKI_00908	Branched-chain amino acid transport ATP-binding protein LivG
A0A0U0JUM6	LBPJGIKI_00909	Branched-chain amino acid transport ATP-binding protein LivF
A0A0T9GIW2	LBPJGIKI_00910	CBS domain protein
A0A5C5EFR7	LBPJGIKI_00911	Peptide chain release factor 2
C1CDA5	LBPJGIKI_00912	Cell division transporter%2C ATP-binding protein FtsE
B2INE0	LBPJGIKI_00913	Cell division protein FtsX
A0A0B7LD25	LBPJGIKI_00914	Maltose- and glucose-specific PTS IICBA components
A0A0T8TD87	LBPJGIKI_00915	Exodeoxyribonuclease III
C1CDA9	LBPJGIKI_00916	ATP-dependent RNA helicase YqfR
Q8DQH0	LBPJGIKI_00917	S-adenosylmethionine synthetase
Q9X9S0	LBPJGIKI_00918	Dihydroorotate dehydrogenase (fumarate)
Q8DQG8	LBPJGIKI_00919	DNA polymerase III delta subunit
C1C6A8	LBPJGIKI_00920	Manganese superoxide dismutase
C1C6A9	LBPJGIKI_00921	hypothetical protein
A0A0T9HQB1	LBPJGIKI_00922	putative dual-specificity RNA methyltransferase RlmN
C1C6B1	LBPJGIKI_00923	VanZF-related protein
A0A0E8A358	LBPJGIKI_00924	ABC transporter ATP-binding protein
C1CDB9	LBPJGIKI_00925	Peptidyl-prolyl cis-trans isomerase
C1C6B4	LBPJGIKI_00926	Hypothetical protein
Q04LD0	LBPJGIKI_00927	SSU ribosomal protein S16p
C1CDC4	LBPJGIKI_00928	KH domain RNA-binding protein
A0A0T9ZUZ3	LBPJGIKI_00929	hypothetical protein
A0A4L4YWR7	LBPJGIKI_00930	hypothetical protein
Q8DQG3	LBPJGIKI_00931	16S rRNA processing protein RimM
Q97RM4	LBPJGIKI_00932	tRNA (guanine(37)-N(1))-methyltransferase
Q8CYZ1	LBPJGIKI_00933	Anaerobic ribonucleoside-triphosphate reductase
B2INF8	LBPJGIKI_00934	Hypothetical protein
Q8DQG2	LBPJGIKI_00935	Hypothetical protein
A0A4J1Y3C5	LBPJGIKI_00936	Substrate-specific component BioY of biotin ECF transporter
A0A098Z3R5	LBPJGIKI_00937	Glutathione reductase
B1IAW0	LBPJGIKI_00938	Periplasmic component of efflux system
Q8DQF8	LBPJGIKI_00939	ABC transporter ATP-binding protein
A0A0H2UPB4	LBPJGIKI_00940	ABC transporter permease protein
A0A6G2DB60	LBPJGIKI_00941	Methionyl-tRNA synthetase
A0A110FM38	LBPJGIKI_00942	Hypothetical protein
Q8DQF6	LBPJGIKI_00943	Transcriptional regulator%2C PadR family
B2INR4	LBPJGIKI_00944	Hypothetical protein
Q8DQF4	LBPJGIKI_00945	Putative oxidoreductase
B2INR6	LBPJGIKI_00946	Hypothetical protein
B1IAX1	LBPJGIKI_00947	3-Ketoacyl-ACP reductase
Q8DQF3	LBPJGIKI_00948	MutT/Nudix family protein
A0A0T9IG96	LBPJGIKI_00949	Acetyltransferase%2C GNAT family
A0A916L4H8	LBPJGIKI_00950	PEP-utilizing enzyme family protein
B2INS0	LBPJGIKI_00951	Hypothetical protein
C1C6E1	LBPJGIKI_00952	Lysyl aminopeptidase PepN
C1CDF5	LBPJGIKI_00953	Two-component system response regulator CiaR
Q7B3G0	LBPJGIKI_00954	Two-component system sensor histidine kinase CiaH
Q8CYY6	LBPJGIKI_00955	Hypothetical protein
C1CDF8	LBPJGIKI_00956	Protease
A0AA86XV32	LBPJGIKI_00957	Bifunctional DinG family ATP-dependent helicase YoaA/DnaQ family exonuclease
Q8DQE8	LBPJGIKI_00958	Cell shape-determining protein RodA
A0A0D6J9P1	LBPJGIKI_00959	4-methyl-5(b-hydroxyethyl)-thiazole monophosphate biosynthesis enzyme
A0A0H2UPC8	LBPJGIKI_00960	Hydrolase%2C haloacid dehalogenase-like family
Q3HZC3	LBPJGIKI_00961	DNA gyrase subunit B
A0A0T9GSC7	LBPJGIKI_00962	Septation ring formation regulator EzrA
A0A0Y3JP97	LBPJGIKI_00963	IS630 family transposase ISSpn2
A0A0D6J8H9	LBPJGIKI_00964	IS630 family transposase ISSpn2
B1IAY7	LBPJGIKI_00965	IS66 family transposase Orf2
A0A654Z6U1	LBPJGIKI_00966	hypothetical protein
A0A4P0ANM7	LBPJGIKI_00967	IS3 family transposase ISSpn4
C1CDG6	LBPJGIKI_00968	Hypothetical protein
Q8DQE1	LBPJGIKI_00969	MutT/Nudix family protein
A0A0T8KJC6	LBPJGIKI_00970	IS630 family transposase IS630-Spn1
A0A0T8TBG2	LBPJGIKI_00971	ATP-dependent Clp protease ATP-binding subunit ClpE
Q8DQD6	LBPJGIKI_00972	Hypothetical protein
A0AA87CCJ7	LBPJGIKI_00973	Glutamine ABC transporter permease GlnP4
C1CDH2	LBPJGIKI_00974	Glutamine ABC transporter ATP-binding protein GlnQ4
A0A0T9HCV5	LBPJGIKI_00975	Bifunctional methylenetetrahydrofolate dehydrogenase (NADP+)/methenyltetrahydrofolate cyclohydrolase
A0A0T8RYG6	LBPJGIKI_00976	ADP-dependent (S)-NAD(P)H-hydrate dehydratase
A0A0U0F099	LBPJGIKI_00977	Ribose 5-phosphate isomerase A
C1CS61	LBPJGIKI_00978	Phosphopentomutase
B1IAZ9	LBPJGIKI_00979	hypothetical protein
B1IB00	LBPJGIKI_00980	Bifunctional purine nucleoside phosphorylase/N-ribosylnicotinamide phosphorylase
A0A0B7LRS6	LBPJGIKI_00981	hypothetical protein
A0A0T7KWV3	LBPJGIKI_00982	hypothetical protein
A0A0T7L8B8	LBPJGIKI_00983	Thiol-activated cytolysin
Q8CWS1	LBPJGIKI_00984	Purine nucleoside phosphorylase
A0A0U0KEL4	LBPJGIKI_00985	FlaR-related DNA topology modulation protein
Q8CWS0	LBPJGIKI_00986	SSU ribosomal protein S20p
A0A0T8PDZ3	LBPJGIKI_00987	Pantothenate kinase
C1CDI7	LBPJGIKI_00988	Hypothetical protein
B2INV8	LBPJGIKI_00989	16S rRNA (guanine(1207)-N(2))-methyltransferase
A0A0T9H6X0	LBPJGIKI_00990	Pyrimidine-nucleoside phosphorylase
C1CS48	LBPJGIKI_00991	Deoxyribose-phosphate aldolase
A0A0E8ZW84	LBPJGIKI_00992	Cytidine deaminase
C1C6H9	LBPJGIKI_00993	Nucleoside-binding protein
Q8DQC1	LBPJGIKI_00994	Putative deoxyribose-specific ABC transporter ATP-binding protein
B1IB17	LBPJGIKI_00995	Putative deoxyribose-specific ABC transporter permease protein
C1C6I2	LBPJGIKI_00996	Putative deoxyribose-specific ABC transporter permease protein
A0A654Z6U1	LBPJGIKI_00997	IS3 family transposase ISSpn11
A0A380LFT8	LBPJGIKI_00998	hypothetical protein
A0A380LGH3	LBPJGIKI_00999	IS3 family transposase ISSpn11
	LBPJGIKI_01000	Srn266
	LBPJGIKI_01000	
A0A4J1ST07	LBPJGIKI_01001	IS1167 transposase
B2INX0	LBPJGIKI_01002	Acyl-phosphate:glycerol-3-phosphate O-acyltransferase PlsY
Q3HZ71	LBPJGIKI_01003	Topoisomerase IV subunit B
B2INX2	LBPJGIKI_01004	Restriction enzyme BcgI alpha chain-like protein
Q3HYI2	LBPJGIKI_01005	Topoisomerase IV subunit A
C1CDK3	LBPJGIKI_01006	Branched-chain amino acid aminotransferase
B2INX6	LBPJGIKI_01007	Oligopeptide ABC transporter substrate-binding protein
C1CDK5	LBPJGIKI_01008	Hypothetical protein
Q8DQB0	LBPJGIKI_01009	Putative membrane protein
Q04L55	LBPJGIKI_01010	Pyrrolidone-carboxylate peptidase
Q8CYY0	LBPJGIKI_01011	Hypothetical protein
	LBPJGIKI_01012	tRNA-Tyr(gta)
	LBPJGIKI_01012	
	LBPJGIKI_01013	tRNA-Gln(ttg)
	LBPJGIKI_01013	
A0A0T7NMD7	LBPJGIKI_01014	SSU ribosomal protein S1p
A0A132UFZ9	LBPJGIKI_01015	IS1167 transposase
A0A0T7Z7C1	LBPJGIKI_01016	IS1167 transposase
	LBPJGIKI_01017	Srn266
	LBPJGIKI_01017	
A0A0H2UPG8	LBPJGIKI_01018	GAF domain-containing protein
A0A0T8PBC6	LBPJGIKI_01019	DNA polymerase III subunits gamma and tau
A0A0T8DU42	LBPJGIKI_01020	Hypothetical protein
B1IB34	LBPJGIKI_01021	Iron-sulfur cluster assembly ATPase protein SufC
C1C6K2	LBPJGIKI_01022	Iron-sulfur cluster assembly protein SufD
B1IB36	LBPJGIKI_01023	Cysteine desulfurase SufS
C1CDL9	LBPJGIKI_01024	Putative iron-sulfur cluster assembly scaffold protein for SUF system SufE2
C1CDM0	LBPJGIKI_01025	Iron-sulfur cluster assembly protein SufB
Q75Y43	LBPJGIKI_01026	D-alanyl-D-alanine carboxypeptidase%2C penicillin-binding protein 3
Q8DQ98	LBPJGIKI_01027	Coordinator of zonal cell elongation
	LBPJGIKI_01028	transfer-messenger RNA%2C SsrA
	LBPJGIKI_01028	
	LBPJGIKI_01029	tRNA-Ser(gga)
	LBPJGIKI_01029	
Q8DQ97	LBPJGIKI_01030	Transcriptional repressor of the fructose operon%2C DeoR family
C1C6K9	LBPJGIKI_01031	1-phosphofructokinase
Q8DQ95	LBPJGIKI_01032	Fructose-specific PTS IIABC components
A0A0B7MD80	LBPJGIKI_01033	DNA translocase FtsK
A0A0B7LDV4	LBPJGIKI_01034	Acetyltransferase
A0A0E8AG74	LBPJGIKI_01035	Putative cysteine desulfurase
A0A0E7TQK7	LBPJGIKI_01036	tRNA 4-thiouridine synthase ThiI
A0A0T9II93	LBPJGIKI_01037	hypothetical protein
A0A0T9H854	LBPJGIKI_01038	hypothetical protein
A0A0E8A3M0	LBPJGIKI_01039	hypothetical protein
A0A0T9HRQ3	LBPJGIKI_01040	ATP-grasp-domain-containing protein
A0A0T9IBL2	LBPJGIKI_01041	Type I restriction-modification system DNA-methyltransferase subunit M
A0A6G2CUL2	LBPJGIKI_01042	Type I restriction-modification system specificity subunit S
C1CDN6	LBPJGIKI_01043	hypothetical protein
C1CDN7	LBPJGIKI_01044	hypothetical protein
C1C6M1	LBPJGIKI_01045	Tyrosine recombinase XerC
C1C6M2	LBPJGIKI_01046	hypothetical protein
A0A0T8TEE6	LBPJGIKI_01047	Type I restriction-modification system restriction subunit R
C1CDP1	LBPJGIKI_01048	Arginine pathway regulatory protein ArgR2
Q97RC8	LBPJGIKI_01049	Xaa-Pro dipeptidyl-peptidase
A0A0T9H823	LBPJGIKI_01050	DNA polymerase III alpha subunit
Q97RC6	LBPJGIKI_01051	6-phosphofructokinase
A0A4P0AP70	LBPJGIKI_01052	Pyruvate kinase
Q8CYX1	LBPJGIKI_01053	Membrane-associated protein
A0A0B7LX61	LBPJGIKI_01054	IS5 family transposase ISSpn7
Q8CYW9	LBPJGIKI_01055	Hypothetical protein
Q8CYW8	LBPJGIKI_01056	Hypothetical protein
A0A0T9GCN3	LBPJGIKI_01057	ABC transporter substrate-binding protein
A0A062WLU8	LBPJGIKI_01058	Putative permease
C1CDQ2	LBPJGIKI_01059	Hypothetical protein
B2IP66	LBPJGIKI_01060	Transcription accessory protein
Q97RB5	LBPJGIKI_01061	Putative SprT family zinc-dependent metallopeptidase
A0A5C8QW28	LBPJGIKI_01062	Putative phage shock protein C
	LBPJGIKI_01063	Spd-sr07
	LBPJGIKI_01063	
Q8CYW5	LBPJGIKI_01064	Hypothetical protein
A0A0B7KXN1	LBPJGIKI_01065	Hypothetical protein
C1CDQ8	LBPJGIKI_01066	ABC transporter ATP-binding protein
A0A0U0KH27	LBPJGIKI_01067	ABC transporter permease protein
A0A0U0QAD7	LBPJGIKI_01068	Hypothetical protein
A0A4P0AL93	LBPJGIKI_01069	ISSpn8 transposase
B1IB85	LBPJGIKI_01070	Arginine decarboxylase
Q8DQ71	LBPJGIKI_01071	hypothetical protein
A0A0B7L927	LBPJGIKI_01072	Spermidine synthase
A0A0B7KU13	LBPJGIKI_01073	Carboxynorspermidine synthase
A0A0T9HIL6	LBPJGIKI_01074	Carboxynorspermidine decarboxylase
A0A0B7L7L7	LBPJGIKI_01075	Agmatine deiminase
C1CDS0	LBPJGIKI_01076	N-carbamoylputrescine amidase
C1CDS1	LBPJGIKI_01077	Hydrolase%2C HAD superfamily
A0A062WNU4	LBPJGIKI_01078	Hypothetical protein
C1C6Q7	LBPJGIKI_01079	CAAX amino terminal protease family protein
A0A0H2UPT6	LBPJGIKI_01080	Cysteine and methionine metabolism regulator CmbR%2C LysR family
A0A098Z6F3	LBPJGIKI_01081	Lipoprotein signal peptidase
A0A0B7M1X1	LBPJGIKI_01082	Ribosomal large subunit pseudouridine synthase D
A0A0T9H7T7	LBPJGIKI_01083	Teichoic acid phosphorylcholine esterase%2C choline-binding protein CbpE
A0A0T9H7R5	LBPJGIKI_01084	Glutamate 5-kinase
A0A0U0DEZ3	LBPJGIKI_01085	Gamma-glutamyl phosphate reductase
A0A0E8P9M0	LBPJGIKI_01086	Pyrroline-5-carboxylate reductase
A0A062WLV3	LBPJGIKI_01087	Thymidylate kinase
A0A0D6J831	LBPJGIKI_01088	DNA polymerase III delta prime subunit
Q97R89	LBPJGIKI_01089	DNA replication initiation control protein YabA
A0A0T9H7T1	LBPJGIKI_01090	16S rRNA (cytidine(1402)-2'-O)-methyltransferase
C1CDT5	LBPJGIKI_01091	hypothetical protein
C1C6S1	LBPJGIKI_01092	Replication protein
A0A4N9BAI3	LBPJGIKI_01093	IS1381 transposase OrfB
A0A4J1SZ21	LBPJGIKI_01094	IS5 family transposase ISSpn7
C1CK27	LBPJGIKI_01095	Methylenetetrahydrofolate--tRNA-(uracil-5-)- methyltransferase TrmFO
Q8DQ50	LBPJGIKI_01096	Uridine monophosphate kinase
C1CRV3	LBPJGIKI_01097	Ribosome-recycling factor
Q8DQ48	LBPJGIKI_01098	S1 RNA-binding domain protein
Q97R80	LBPJGIKI_01099	Hypothetical protein
A0A0B7LAX4	LBPJGIKI_01100	Phosphate starvation-inducible protein PhoH
A0A0T7NLS8	LBPJGIKI_01101	Acetyltransferase
A0A4J1U931	LBPJGIKI_01102	hypothetical protein
A0A0T9H4W5	LBPJGIKI_01103	Alanine dehydrogenase
A0A0T9ZUH8	LBPJGIKI_01104	Alanine dehydrogenase
A0A0B7L7M9	LBPJGIKI_01105	Acetyltransferase%2C GNAT family
Q8DQ41	LBPJGIKI_01106	Late competence DNA receptor ComEA
A0A0T8TEA1	LBPJGIKI_01107	Late competence DNA transporter ComEC
A0A0E8A448	LBPJGIKI_01108	ABC transporter%2C ATP-binding protein
A0AAD2IHF0	LBPJGIKI_01109	Hypothetical protein
	LBPJGIKI_01110	L20_leader
	LBPJGIKI_01110	
Q04KW9	LBPJGIKI_01111	Translation initiation factor 3
Q04KW8	LBPJGIKI_01112	LSU ribosomal protein L35p
Q04KW7	LBPJGIKI_01113	LSU ribosomal protein L20p
C1CDV7	LBPJGIKI_01114	Lactoylglutathione lyase
A0A0U0BCH1	LBPJGIKI_01115	Dihydroorotate dehydrogenase (NAD(+))%2C electron transfer subunit
A0A0T8TEC5	LBPJGIKI_01116	Dihydroorotate dehydrogenase (NAD(+))%2C catalytic subunit
A0AA86J9Z2	LBPJGIKI_01117	Endo-beta-N-acetylglucosaminidase LytB
A0A0B7LE52	LBPJGIKI_01118	Fibronectin/fibrinogen-binding protein
Q8DQ35	LBPJGIKI_01119	Metal-dependent hydrolase YbeY
C1C6U5	LBPJGIKI_01120	Diacylglycerol kinase
A0A0B7L0X2	LBPJGIKI_01121	GTP-binding protein Era
A0AAD2I764	LBPJGIKI_01122	Formamidopyrimidine-DNA glycosylase MutM
A0A0B7L091	LBPJGIKI_01123	Dephospho-CoA kinase
C1CDW7	LBPJGIKI_01124	Multidrug resistance efflux pump PmrA
Q8DQ31	LBPJGIKI_01125	Protein-export membrane protein SecG
A0A6G2DBL6	LBPJGIKI_01126	3'-to-5' exoribonuclease RNase R
Q8DQ29	LBPJGIKI_01127	tmRNA-binding protein SmpB
A0A0T9IQL3	LBPJGIKI_01128	Tellurite methyltransferase TehB
A0A4U1IZP1	LBPJGIKI_01129	Competence protein CoiA
A0A4U1IZS9	LBPJGIKI_01130	Oligoendopeptidase F
Q8DQ25	LBPJGIKI_01131	O-methyltransferase family protein
Q8DQ24	LBPJGIKI_01132	Putative parvulin type peptidyl-prolyl isomerase PrsA
A0A0B7L788	LBPJGIKI_01133	IS3 family transposase ISSpn1
A0A4I9Q0H5	LBPJGIKI_01134	hypothetical protein
A0A0E9GXV5	LBPJGIKI_01135	Phosphoglycerate mutase family 5 protein
C1CDY0	LBPJGIKI_01136	Transcriptional regulator
A0A0B7M194	LBPJGIKI_01137	Membrane protein
A0A0B7MG22	LBPJGIKI_01138	1%2C4-beta-N-acetylmuramidase%2C lyzozyme M1
A0A4J1ZSC1	LBPJGIKI_01139	Bifunctional N-acetylglucosamine-1-phosphate uridyltransferase/glucosamine-1-phosphate N-acetyltransferase
B2IPE1	LBPJGIKI_01140	ADP-ribose pyrophosphatase
Q8CYV2	LBPJGIKI_01141	Hypothetical protein
C1C6W9	LBPJGIKI_01142	Bifunctional 5'-methylthioadenosine nucleosidase/S-adenosylhomocysteine nucleosidase
A0A0H2UPQ5	LBPJGIKI_01143	Transcriptional regulator OrfX
C1CDY8	LBPJGIKI_01144	DNA polymerase III epsilon subunit
C1CDY9	LBPJGIKI_01145	Glycerophosphoryl diester phosphodiesterase
A0A4L3HWC4	LBPJGIKI_01146	IS630 family transposase IS630-Spn1
A0A4F2S4D7	LBPJGIKI_01147	Hypothetical protein
C1CDZ4	LBPJGIKI_01148	Cytochrome c-type biogenesis protein CcdA-2
C1CDZ5	LBPJGIKI_01149	Thiol:disulfide oxidoreductase
	LBPJGIKI_01150	SpF36_sRNA
	LBPJGIKI_01150	
A0A0B7LD58	LBPJGIKI_01151	Cationic amino acid transporter%2C APC Superfamily
Q8DQ09	LBPJGIKI_01152	Laminin-binding surface protein
A0A0E3LX51	LBPJGIKI_01153	Pneumococcal histidine triad protein D
A0A0E7XNV3	LBPJGIKI_01154	Pneumococcal histidine triad protein E
A0A0B7LLD3	LBPJGIKI_01155	Pneumococcal histidine triad protein E
B1IBG4	LBPJGIKI_01156	hypothetical protein
B1IBG5	LBPJGIKI_01157	hypothetical protein
B2IPG1	LBPJGIKI_01158	hypothetical protein
B1IBG7	LBPJGIKI_01159	Tripeptide aminopeptidase PepT
B1IBG8	LBPJGIKI_01160	Ferrochelatase%2C protoheme ferro-lyase
Q8DQ03	LBPJGIKI_01161	Large-conductance mechanosensitive channel MscL
A0A0E7TRS3	LBPJGIKI_01162	GtrA family protein
	LBPJGIKI_01163	preQ1-II
	LBPJGIKI_01163	
Q8DQ01	LBPJGIKI_01164	Substrate-specific component QueT of putative queuosine-regulated ECF transporter
	LBPJGIKI_01165	tRNA-Thr(ggt)
	LBPJGIKI_01165	
	LBPJGIKI_01166	asd
	LBPJGIKI_01166	
A0A0T7KTG4	LBPJGIKI_01167	Aspartate-semialdehyde dehydrogenase
A0A0B7M873	LBPJGIKI_01168	4-hydroxy-tetrahydrodipicolinate synthase
A0A0T9HX06	LBPJGIKI_01169	GTPase and tRNA-U34 5-formylation enzyme MnmE
B2IPH4	LBPJGIKI_01170	Bifunctional 4-oxalocrotonate tautomerase/xylose transport system permease protein XylH
C1CE11	LBPJGIKI_01171	Thymidine kinase
Q8DPZ4	LBPJGIKI_01172	Peptide chain release factor 1
A0A0T8P7P8	LBPJGIKI_01173	Peptide chain release factor N(5)-glutamine methyltransferase
A0A0T7I5Z1	LBPJGIKI_01174	Threonylcarbamoyl-AMP synthase TsaC
A0A0T9IHY2	LBPJGIKI_01175	N-acetyltransferase%2C GCN5-family
C1CKA2	LBPJGIKI_01176	Serine hydroxymethyltransferase
A0A5R9AW41	LBPJGIKI_01177	Pseudouridylate synthase%2C 23S RNA-specific
C1C701	LBPJGIKI_01178	Pneumococcal vaccine antigen A
A0A0B7L1A6	LBPJGIKI_01179	Extracellular protein
A0A4P0AAW4	LBPJGIKI_01180	23S rRNA (uracil(1939)-C(5))-methyltransferase
	LBPJGIKI_01181	SpF61_sRNA
	LBPJGIKI_01181	
	LBPJGIKI_01182	SpF39_sRNA
	LBPJGIKI_01182	
A0A0B7LP89	LBPJGIKI_01183	Hypothetical protein
A0A4P0AAN8	LBPJGIKI_01184	Iron compound ABC uptake transporter substrate-binding protein PiaA
A0A0B7MEA3	LBPJGIKI_01185	Iron compound ABC uptake transporter permease protein PiaB
Q8DPY4	LBPJGIKI_01186	Iron compound ABC uptake transporter permease protein PiaC
A0A0T7ZGI8	LBPJGIKI_01187	Iron compound ABC uptake transporter ATP-binding protein PiaD
A0A0T8BCD4	LBPJGIKI_01188	Putative type II restriction endonuclease
	LBPJGIKI_01189	pemK
	LBPJGIKI_01189	
Q8CYT9	LBPJGIKI_01190	Hypothetical protein
A0A0T9GFA2	LBPJGIKI_01191	Phage integrase
B2IPJ6	LBPJGIKI_01192	Hypothetical protein
B2IPK0	LBPJGIKI_01193	Hypothetical protein
A0A0T7Z6S3	LBPJGIKI_01194	Hypothetical protein
Q8DPY1	LBPJGIKI_01195	Putative hydrolase
A0A062WSS8	LBPJGIKI_01196	Transcriptional regulator
A0A0T9HWT7	LBPJGIKI_01197	Neopullulanase
A0A0T7NKS2	LBPJGIKI_01198	Neopullulanase
A0A0T8RS60	LBPJGIKI_01199	hypothetical protein
C1C762	LBPJGIKI_01200	Aminoglycoside N(6')-acetyltransferase type 1
A0A0T8TE08	LBPJGIKI_01201	Peptidase E
B2IQ43	LBPJGIKI_01202	hypothetical protein
A0A0T8PET3	LBPJGIKI_01203	IS5 family transposase IS1381A
C1C764	LBPJGIKI_01204	Cell division protein FtsW
A0A0T9IQ40	LBPJGIKI_01205	Phosphoenolpyruvate carboxylase
	LBPJGIKI_01206	T-box
	LBPJGIKI_01206	
A0A0T9IB85	LBPJGIKI_01207	ABC transporter substrate-binding protein
A0A0H2UPW3	LBPJGIKI_01208	Putative tryptophan-specific ABC transporter permease protein TrpY
A0A0T9HWR8	LBPJGIKI_01209	ABC transporter ATP-binding protein
A0A0T7NKU4	LBPJGIKI_01210	DNA primase
P0A4J0	LBPJGIKI_01211	RNA polymerase sigma factor RpoD
Q8DPW0	LBPJGIKI_01212	Putative aromatic ring hydroxylating enzyme
C1CE62	LBPJGIKI_01213	Diglucosyl diacylglycerol synthase LafB
B1IBL6	LBPJGIKI_01214	1%2C2-diacylglycerol 3-glucosyltransferase LafA
A0A0T9HL03	LBPJGIKI_01215	Hypothetical protein
C1CE65	LBPJGIKI_01216	Hypothetical protein
A0A0U0QCZ5	LBPJGIKI_01217	GTP-binding protein ObgE
C1CE67	LBPJGIKI_01218	Hypothetical protein
	LBPJGIKI_01219	group-II-D1D4-3
	LBPJGIKI_01219	
Q97QW6	LBPJGIKI_01220	UDP-N-acetylglucosamine 1-carboxyvinyltransferase
C1CE69	LBPJGIKI_01221	Ribosomal-protein-S5p-alanine acetyltransferase
A0A0B7M8Z1	LBPJGIKI_01222	Cytosolic protein containing multiple CBS domains
A0A0B7M8A9	LBPJGIKI_01223	Methionine aminopeptidase
A0A4P0AAX9	LBPJGIKI_01224	hypothetical protein
A0A4P0ABH7	LBPJGIKI_01225	IS1381 transposase OrfB
A0A0T8RSK1	LBPJGIKI_01226	ATP-dependent DNA helicase PcrA
A0A064BW41	LBPJGIKI_01227	DNA repair protein RadC
C1C786	LBPJGIKI_01228	Glutamine amidotransferase%2C class I
C1CRJ3	LBPJGIKI_01229	Redox-sensitive transcriptional regulator Rex
Q8CYS1	LBPJGIKI_01230	Hypothetical protein
Q8CYS0	LBPJGIKI_01231	Hypothetical protein
C1CE80	LBPJGIKI_01232	Cysteine desulfurase
P65242	LBPJGIKI_01233	Ribose-phosphate pyrophosphokinase
A0A064C1X1	LBPJGIKI_01234	Adenylate cyclase
Q8DPU2	LBPJGIKI_01235	GTP pyrophosphokinase
B2IQ09	LBPJGIKI_01236	NAD kinase
Q8DPU1	LBPJGIKI_01237	RluD-like protein
Q8DPU0	LBPJGIKI_01238	Phosphate acetyltransferase
	LBPJGIKI_01239	SpR14_sRNA
	LBPJGIKI_01239	
A0A0U0JWR9	LBPJGIKI_01240	IS1167 transposase Orf2
A0A0U0HX93	LBPJGIKI_01241	hypothetical protein
A0A4N2L233	LBPJGIKI_01242	IS1167 transposase Orf1
	LBPJGIKI_01243	Srn266
	LBPJGIKI_01243	
Q04KI6	LBPJGIKI_01244	Hypothetical protein co-occurring with RecR
A0A0B7M7N6	LBPJGIKI_01245	Hypothetical protein
	LBPJGIKI_01246	L21_leader
	LBPJGIKI_01246	
Q97QU4	LBPJGIKI_01247	LSU ribosomal protein L21p
Q8DPT7	LBPJGIKI_01248	Putative ribosomal protein
Q04KI2	LBPJGIKI_01249	LSU ribosomal protein L27p
Q8DPT6	LBPJGIKI_01250	Bifunctional FMN adenylyltransferase/riboflavin kinase RibF
C1C7A5	LBPJGIKI_01251	Transporter
C1CE99	LBPJGIKI_01252	DegV family protein
C1CEA0	LBPJGIKI_01253	DNA-binding protein HlpA
A0A0U0JSP1	LBPJGIKI_01254	ABC transporter ATP-binding protein
A0A0E9GXB6	LBPJGIKI_01255	Positive transcriptional regulator%2C MutR family
A0A0T9GVA6	LBPJGIKI_01256	Macrolide efflux ABC transporter membrane-spanning permease
C1CKI0	LBPJGIKI_01257	DNA ligase (NAD(+))
A0A0T8TFM4	LBPJGIKI_01258	Putative glycogen debranching enzyme
B1IBQ6	LBPJGIKI_01259	Glyceraldehyde-3-phosphate dehydrogenase (NADP(+))
A0A0T9GVB8	LBPJGIKI_01260	1%2C4-alpha-glucan-branching enzyme GlgB
Q97QS7	LBPJGIKI_01261	Glycogen biosynthesis glucose-1-phosphate adenylyltransferase subunit GlgC
Q8DPS4	LBPJGIKI_01262	Glycogen biosynthesis glucose-1-phosphate adenylyltransferase subunit GlgD
B1IBR0	LBPJGIKI_01263	Glycogen biosynthesis ADP-glucose--glucan transglucosylase GlgA
A0A0T8LQ75	LBPJGIKI_01264	Phosphoserine phosphatase
A0A0E7YUK2	LBPJGIKI_01265	Phosphoserine phosphatase
B1IBR1	LBPJGIKI_01266	Glycerate kinase
Q8CYR5	LBPJGIKI_01267	Hypothetical protein
C1CRM6	LBPJGIKI_01268	Enolase
A0A0T9HR24	LBPJGIKI_01269	IS630 family transposase IS630-Spn1
C1CGU6	LBPJGIKI_01270	IS630 family transposase IS630-Spn1
A0A4P0AKV4	LBPJGIKI_01271	ATP-dependent nuclease subunit RexB
A0A6G2DBM7	LBPJGIKI_01272	ATP-dependent nuclease subunit RexA
A0A4J1ZCD1	LBPJGIKI_01273	Hypothetical protein
A0A4J1ZKH1	LBPJGIKI_01274	IgA1 protease ZmpA
A0A060QMZ5	LBPJGIKI_01275	Tn5253 hypothetical protein
A0A060QRZ2	LBPJGIKI_01276	hypothetical protein
A0A0T9I653	LBPJGIKI_01277	hypothetical protein
E4Z7F3	LBPJGIKI_01278	hypothetical protein
E4Z7F2	LBPJGIKI_01279	hypothetical protein
E4Z7F1	LBPJGIKI_01280	Tn5253 hypothetical protein
E4Z7F0	LBPJGIKI_01281	hypothetical protein
E4Z7E9	LBPJGIKI_01282	Tn5253 putative CAAX amino terminal protease
E4Z7E8	LBPJGIKI_01283	hypothetical protein
A0A060QMX7	LBPJGIKI_01284	hypothetical protein
E4Z7E5	LBPJGIKI_01285	hypothetical protein
E4Z7E4	LBPJGIKI_01286	hypothetical protein
D6CHU0	LBPJGIKI_01287	hypothetical protein
A0A0A8KX19	LBPJGIKI_01288	hypothetical protein
D3GM83	LBPJGIKI_01289	hypothetical protein
D6CHT9	LBPJGIKI_01290	hypothetical protein
B1IBT5	LBPJGIKI_01291	hypothetical protein
D6CHT8	LBPJGIKI_01292	hypothetical protein
A0A0A8KX20	LBPJGIKI_01293	hypothetical protein
D6CHT4	LBPJGIKI_01294	hypothetical protein
A0A0U0Q881	LBPJGIKI_01295	hypothetical protein
D6CHT3	LBPJGIKI_01296	hypothetical protein
A0A0A8KX63	LBPJGIKI_01297	hypothetical protein
D6CHS7	LBPJGIKI_01298	hypothetical protein
D6CHS6	LBPJGIKI_01299	hypothetical protein
A0A060QP34	LBPJGIKI_01300	ABC transporter ATP-binding protein
A0A060QRB4	LBPJGIKI_01301	hypothetical protein
E8ZCZ3	LBPJGIKI_01302	hypothetical protein
D6CHS3	LBPJGIKI_01303	hypothetical protein
B2IQE7	LBPJGIKI_01304	hypothetical protein
B2IQE8	LBPJGIKI_01305	hypothetical protein
B2IQE9	LBPJGIKI_01306	hypothetical protein
B7UTY4	LBPJGIKI_01307	hypothetical protein
B1IC91	LBPJGIKI_01308	hypothetical protein
B2IRY6	LBPJGIKI_01309	hypothetical protein
B2IRY7	LBPJGIKI_01310	hypothetical protein
B2IRY8	LBPJGIKI_01311	hypothetical protein
E8ZCX8	LBPJGIKI_01312	hypothetical protein
B2IRZ0	LBPJGIKI_01313	hypothetical protein
E8ZCR9	LBPJGIKI_01314	hypothetical protein
	LBPJGIKI_01315	sRNA_0030
	LBPJGIKI_01315	
A0A0A8KY37	LBPJGIKI_01316	Translation elongation factor G
B1IC82	LBPJGIKI_01317	hypothetical protein
B7UTW8	LBPJGIKI_01318	hypothetical protein
B2IQG0	LBPJGIKI_01319	hypothetical protein
	LBPJGIKI_01320	pemK
	LBPJGIKI_01320	
P61624	LBPJGIKI_01321	hypothetical protein
B2IS01	LBPJGIKI_01322	Transposase from transposon Tn916
D6CHQ3	LBPJGIKI_01323	hypothetical protein
D6CHQ2	LBPJGIKI_01324	Positive transcriptional regulator%2C MutR family
B6ZCD7	LBPJGIKI_01325	hypothetical protein
A0A098ZDR6	LBPJGIKI_01326	hypothetical protein
D6CHP8	LBPJGIKI_01327	hypothetical protein
D6CHP7	LBPJGIKI_01328	hypothetical protein
D6CHP6	LBPJGIKI_01329	hypothetical protein
D6CHP5	LBPJGIKI_01330	Antitoxin PezA
D6CHP4	LBPJGIKI_01331	Bifunctional UDP-N-acetylglucosamine kinase/zeta toxin PezT
D6CHP3	LBPJGIKI_01332	hypothetical protein
B6ZCC9	LBPJGIKI_01333	hypothetical protein
B6ZCC8	LBPJGIKI_01334	Chloramphenicol acetyltransferase
E6Y402	LBPJGIKI_01335	hypothetical protein
B2IQC3	LBPJGIKI_01336	hypothetical protein
A0A0A8KYC7	LBPJGIKI_01337	hypothetical protein
D6CHN9	LBPJGIKI_01338	hypothetical protein
A0A060QRE5	LBPJGIKI_01339	hypothetical protein
B6ZCD5	LBPJGIKI_01340	hypothetical protein
D6CHN6	LBPJGIKI_01341	hypothetical protein
D6CHN5	LBPJGIKI_01342	hypothetical protein
E8ZCW3	LBPJGIKI_01343	hypothetical protein
D6CHN3	LBPJGIKI_01344	hypothetical protein
D6CHN2	LBPJGIKI_01345	Bifunctional UDP-N-acetylglucosamine kinase/zeta toxin PezT
D6CHN1	LBPJGIKI_01346	Tyrosine recombinase XerC
D6CHN0	LBPJGIKI_01347	hypothetical protein
D6CHM9	LBPJGIKI_01348	hypothetical protein
E7AJG1	LBPJGIKI_01349	hypothetical protein
D6CHM7	LBPJGIKI_01350	ATP-dependent DNA helicase PcrA
A0A060QMZ4	LBPJGIKI_01351	hypothetical protein
A0A060QNN8	LBPJGIKI_01352	Tn5252 Orf10 protein
D6CHM4	LBPJGIKI_01353	Tn5252 Orf9 protein
A0A060QSN4	LBPJGIKI_01354	hypothetical protein
A0A060QNC6	LBPJGIKI_01355	Putative repressor protein%2C phage associated
	LBPJGIKI_01356	pemK
	LBPJGIKI_01356	
E6Y419	LBPJGIKI_01357	hypothetical protein
A0A060QR60	LBPJGIKI_01358	Tyrosine recombinase XerC
A0A0B7KLW0	LBPJGIKI_01359	50S ribosomal subunit maturation GTPase RbgA
C1CRN4	LBPJGIKI_01360	Ribonuclease HII
B2IPW7	LBPJGIKI_01361	Voltage-gated chloride channel family protein
Q04KF1	LBPJGIKI_01362	Tyrosine recombinase XerS
C1C7D1	LBPJGIKI_01363	Lipoate-protein ligase A
Q8VPK8	LBPJGIKI_01364	Dihydrolipoamide dehydrogenase of acetoin dehydrogenase
B2IPW3	LBPJGIKI_01365	Dihydrolipoamide acetyltransferase (E2) component of acetoin dehydrogenase complex
C1C7D4	LBPJGIKI_01366	Acetoin dehydrogenase E1 component beta-subunit
B2IPW1	LBPJGIKI_01367	Acetoin dehydrogenase E1 component alpha-subunit
A0A0B7KSQ1	LBPJGIKI_01368	Dihydrolipoamide acetyltransferase
A0A0B7L0U2	LBPJGIKI_01369	Hypothetical protein
A0A0B7M963	LBPJGIKI_01370	Dihydroorotase
C8XPY2	LBPJGIKI_01371	8-oxo-dGTP diphosphatase MutX
B2IPV6	LBPJGIKI_01372	Uracil-DNA glycosylase%2C family 1
A0A0D6J8I6	LBPJGIKI_01373	Hypothetical protein
A0A0T8F0F7	LBPJGIKI_01374	2-haloalkanoic acid dehalogenase
A0A0B7MFV3	LBPJGIKI_01375	PTS-dependent dihydroxyacetone kinase%2C phosphotransferase subunit DhaM
A0A0B7L2Z1	LBPJGIKI_01376	hypothetical protein
C1C7E5	LBPJGIKI_01377	Pneumococcal histidine triad protein B
A0A6G2DBI7	LBPJGIKI_01378	Pneumococcal histidine triad protein A
A0A0B7LFZ1	LBPJGIKI_01379	Phosphoenolpyruvate-protein phosphotransferase of PTS
Q8DPQ0	LBPJGIKI_01380	Phosphotransferase system%2C phosphocarrier protein HPr
Q8DPP9	LBPJGIKI_01381	Glutaredoxin-like protein NrdH
Q8CWR3	LBPJGIKI_01382	Ribonucleotide reductase of class Ib%2C alpha subunit
Q8DPP8	LBPJGIKI_01383	Ribonucleotide reductase of class Ib%2C beta subunit
A0A0B7LYU0	LBPJGIKI_01384	Lactose phosphotransferase system repressor
C1CEE7	LBPJGIKI_01385	6-phospho-beta-galactosidase
C1CEE8	LBPJGIKI_01386	Lactose-specific PTS IIBC components
Q8DPP4	LBPJGIKI_01387	Lactose-specific PTS IIA component
B1IBZ3	LBPJGIKI_01388	Beta-glucoside bgl operon antiterminator LacT%2C BglG family
C1C7F9	LBPJGIKI_01389	Tagatose 1%2C6-diphosphate aldolase
A0A9P1Q2V0	LBPJGIKI_01390	Tagatose-6-phosphate kinase LacC
Q8DPP0	LBPJGIKI_01391	Galactose-6-phosphate isomerase%2C LacB subunit
Q8DPN9	LBPJGIKI_01392	Galactose-6-phosphate isomerase%2C LacA subunit
Q8DPN8	LBPJGIKI_01393	Aldose epimerase
A0A0H2US16	LBPJGIKI_01394	IS1381 transposase OrfB
A0A4P0AAX9	LBPJGIKI_01395	IS5 family transposase ISSpn7
A0A0H2UQA9	LBPJGIKI_01396	Galactose-specific PTS IIB component
A0A6G2DN22	LBPJGIKI_01397	Galactose-specific PTS IIA component
A0A4J2GEB1	LBPJGIKI_01398	Hypothetical protein
A0A0E8AZQ3	LBPJGIKI_01399	Translation elongation factor LepA
A0A0E8AWB1	LBPJGIKI_01400	Serine/threonine protein phosphatase
A0A0B7L372	LBPJGIKI_01401	DNA repair protein RecN
C1CEG6	LBPJGIKI_01402	Arginine pathway regulatory protein AhrC
B1IC06	LBPJGIKI_01403	RNA-binding methyltransferase
C1C7H4	LBPJGIKI_01404	(2E%2C6E)-farnesyl diphosphate synthase
Q04KB1	LBPJGIKI_01405	Exodeoxyribonuclease VII small subunit
A0A0E8AJQ2	LBPJGIKI_01406	Exodeoxyribonuclease VII large subunit
Q04KA9	LBPJGIKI_01407	Uridine kinase
C1CEH2	LBPJGIKI_01408	Hypothetical protein
B2IPS0	LBPJGIKI_01409	Hypothetical protein
A0A0T9GUD1	LBPJGIKI_01410	tRNA pseudouridine synthase B
Q8DPM7	LBPJGIKI_01411	Hypothetical protein
A0A0H2ZQP5	LBPJGIKI_01412	Cystathionine gamma-synthase
A0A0H2ZPK5	LBPJGIKI_01413	O-acetyl-L-homoserine sulfhydrylase
Q8DPM4	LBPJGIKI_01414	Formate-nitrate transporter
A0A0T9ISP7	LBPJGIKI_01415	Sortase SrtA%2C LPXTG specific
Q3HZH7	LBPJGIKI_01416	DNA gyrase subunit A
A0AA87CBD3	LBPJGIKI_01417	L-lactate dehydrogenase
A0A0T7L7N8	LBPJGIKI_01418	hypothetical protein
Q8CYQ7	LBPJGIKI_01419	mRNA interferase RelE2
A0A558SUE3	LBPJGIKI_01420	Replicon stabilization protein RelB2
Q9RCS5	LBPJGIKI_01421	Zn-dependent hydrolase VicX
C1CEI3	LBPJGIKI_01422	Two-component system sensor histidine kinase VicK
Q9S1K0	LBPJGIKI_01423	Two-component system response regulator VicR
Q8DPL6	LBPJGIKI_01424	A/G-specific adenine glycosylase
Q8DPL5	LBPJGIKI_01425	Formate--tetrahydrofolate ligase
A0A098Z7G4	LBPJGIKI_01426	Phosphopantothenoylcysteine synthetase
Q8DPL3	LBPJGIKI_01427	Phosphopantothenoylcysteine decarboxylase
Q8DPL2	LBPJGIKI_01428	Substrate-specific component PanT of putative pantothenate ECF transporter
C1CEJ0	LBPJGIKI_01429	Substrate-specific component NiaX of putative niacin ECF transporter
Q8DPL1	LBPJGIKI_01430	Transcriptional repressor of NAD biosynthesis
Q8DPL0	LBPJGIKI_01431	MutT/Nudix family protein
B2IPP6	LBPJGIKI_01432	Acetyltransferase
B2IPP5	LBPJGIKI_01433	Acetyltransferase
Q54986	LBPJGIKI_01434	Excinuclease ABC subunit B
B2IPP3	LBPJGIKI_01435	CAAX amino terminal protease family protein
C1C7L9	LBPJGIKI_01436	Glutamine ABC transporter GlnHP5%2C containing substrate-binding and permease domains
Q8DPK4	LBPJGIKI_01437	Glutamine transport ATP-binding protein GlnQ
Q3HZR3	LBPJGIKI_01438	Glucose-6-phosphate 1-dehydrogenase
	LBPJGIKI_01439	Srn266
	LBPJGIKI_01439	
A0A4P0AG60	LBPJGIKI_01440	IS1167 transposase Orf1
A0A559A0J2	LBPJGIKI_01441	hypothetical protein
A0A380LDN8	LBPJGIKI_01442	IS1167 transposase
A0A111N5E8	LBPJGIKI_01443	IS1167 transposase Orf2
A0A0T9IN93	LBPJGIKI_01444	Signal recognition particle receptor FtsY
A0A0B7L9P4	LBPJGIKI_01445	Hydrolase%2C HAD superfamily
A0A0T7NLD5	LBPJGIKI_01446	Hydrolase%2C HAD superfamily
A0A0T8KIP4	LBPJGIKI_01447	Chromosome partition protein SMC
A0A0B7M364	LBPJGIKI_01448	Ribonuclease III
	LBPJGIKI_01449	tRNA-Arg(ccg)
	LBPJGIKI_01449	
A0A0E7TTA4	LBPJGIKI_01450	GMP reductase
A0AA95D7T2	LBPJGIKI_01451	Hypothetical protein
A0A558Q4T0	LBPJGIKI_01452	Endonuclease
A0A098ZBM5	LBPJGIKI_01453	Hypothetical protein
A0A0B7L497	LBPJGIKI_01454	hypothetical protein
Q8DPJ6	LBPJGIKI_01455	3-isopropylmalate dehydratase small subunit
C1C7N4	LBPJGIKI_01456	Putative membrane protein
A0A0T8TYT5	LBPJGIKI_01457	3-isopropylmalate dehydrogenase
A0A0T8TE04	LBPJGIKI_01458	2-isopropylmalate synthase
A0A0T9GHH1	LBPJGIKI_01459	2-isopropylmalate synthase
C1CEL4	LBPJGIKI_01460	Hypothetical protein
C1CEL5	LBPJGIKI_01461	Cytoplasmic copper homeostasis protein CutC
Q8DPJ0	LBPJGIKI_01462	Hypothetical protein related to heme utilization
A0A0T7TAP1	LBPJGIKI_01463	DNA topoisomerase I
A0A0B7M4M5	LBPJGIKI_01464	Integral membrane protein
A0A4J2FF23	LBPJGIKI_01465	Hypothetical protein
A0A0H2UQA6	LBPJGIKI_01466	DNA protecting protein DprA
Q93MI4	LBPJGIKI_01467	Cholinephosphate cytidylyltransferase LicC
A0A0U0JYQ0	LBPJGIKI_01468	Choline permease LicB
A0A0B7L4I0	LBPJGIKI_01469	Choline kinase LicA
A0A0T9IJJ3	LBPJGIKI_01470	Ribulose-5-phosphate reductase
A0A0B7M782	LBPJGIKI_01471	Ribitol-5-phosphate cytidylyltransferase
A0A0T9HB24	LBPJGIKI_01472	Membrane protein TacF involved in the export of O-antigen and teichoic acid
Q9X4D4	LBPJGIKI_01473	Lipopolysaccharide cholinephosphotransferase LicD1
A0A0T9ZND2	LBPJGIKI_01474	Lipopolysaccharide cholinephosphotransferase LicD2
A0A0T9HB15	LBPJGIKI_01475	Carbamoyl-phosphate synthase large chain CarB
A0A0T9H3P9	LBPJGIKI_01476	Carbamoyl-phosphate synthase small chain CarA
C1C7Q5	LBPJGIKI_01477	Aspartate carbamoyltransferase
Q04K45	LBPJGIKI_01478	Bifunctional uracil phosphoribosyltransferase/pyrimidine operon regulatory protein PyrR
	LBPJGIKI_01479	PyrR
	LBPJGIKI_01479	
A0A0T8T4X7	LBPJGIKI_01480	Endonuclease III
C1C7Q8	LBPJGIKI_01481	Protein%2C clustered with ribosomal protein L32p
A0A0I8L019	LBPJGIKI_01482	BlpT protein
	LBPJGIKI_01483	SpF43_sRNA
	LBPJGIKI_01483	
A0A0T9H3L2	LBPJGIKI_01484	ABC transporter ATP-binding protein
C1CL18	LBPJGIKI_01485	Heat shock protein HtpX
Q8DPH4	LBPJGIKI_01486	LemA
B2IQ76	LBPJGIKI_01487	16S rRNA (guanine(527)-N(7))-methyltransferase RsmG
	LBPJGIKI_01488	SpF44_sRNA
	LBPJGIKI_01488	
A0A0T9IJM8	LBPJGIKI_01489	Uracil permease
A0A4F7KXU7	LBPJGIKI_01490	Signal recognition particle protein Ffh
C1C7R8	LBPJGIKI_01491	Signal recognition particle associated protein
A0A0B7LX59	LBPJGIKI_01492	Hypothetical protein
C1C7S0	LBPJGIKI_01493	dNTP triphosphohydrolase
C1C7S1	LBPJGIKI_01494	Sugar phosphatase YidA
	LBPJGIKI_01495	tRNA-Arg(cct)
	LBPJGIKI_01495	
Q97QC6	LBPJGIKI_01496	LSU ribosomal protein L19p
A0A0B7L7B2	LBPJGIKI_01497	ClC-type fluoride channel
A0A0B7KY55	LBPJGIKI_01498	ClC-type fluoride channel
Q8DPG5	LBPJGIKI_01499	Chorismate mutase I
C1CEQ2	LBPJGIKI_01500	Flavodoxin
C1C7S7	LBPJGIKI_01501	DHH family phosphoesterase Pde2
A0AA87CAZ5	LBPJGIKI_01502	LSU ribosomal protein L31p
Q8CYP5	LBPJGIKI_01503	Ferrous iron transport permease EfeU
Q8DPG2	LBPJGIKI_01504	Ferrous iron transport peroxidase EfeB
A0A4J1UFP8	LBPJGIKI_01505	IS630 family transposase ISSpn2
A0A0T9H3J3	LBPJGIKI_01506	NADP-specific glutamate dehydrogenase
Q8CYP4	LBPJGIKI_01507	Hypothetical protein
A0AAE9QUP6	LBPJGIKI_01508	ABC transporter ATP-binding protein
A0A4J1VN74	LBPJGIKI_01509	IS1381 transposase OrfB
A0AAE9QJW7	LBPJGIKI_01510	hypothetical protein
A0A654UCG4	LBPJGIKI_01511	hypothetical protein
C1CER6	LBPJGIKI_01512	IS66 family transposase ISDeal1
A0A4J2E338	LBPJGIKI_01513	IS66 family transposase Orf2
A0AAD2KAC6	LBPJGIKI_01514	hypothetical protein
Q97QB0	LBPJGIKI_01515	V-type sodium ATPase subunit D
Q97QA9	LBPJGIKI_01516	V-type sodium ATPase subunit B
Q97QA8	LBPJGIKI_01517	V-type sodium ATPase catalytic subunit A
B2IP42	LBPJGIKI_01518	V-type sodium ATPase subunit G
B1ICD1	LBPJGIKI_01519	V-type sodium ATPase subunit C
C1CES5	LBPJGIKI_01520	V-type proton ATPase subunit E
C1CES6	LBPJGIKI_01521	V-type sodium ATPase subunit K
B1ICD4	LBPJGIKI_01522	hypothetical protein
B1ICD5	LBPJGIKI_01523	hypothetical protein
C1CES9	LBPJGIKI_01524	N-acetylmannosamine kinase
A0A0H2UQN2	LBPJGIKI_01525	Oxidoreductase
A0A6I3UYR6	LBPJGIKI_01526	Sialidase
C1CET2	LBPJGIKI_01527	Putative beta-D-galactosidase
	LBPJGIKI_01528	tRNA-Phe(aaa)
	LBPJGIKI_01528	
C1CET4	LBPJGIKI_01529	4-hydroxy-tetrahydrodipicolinate synthase
Q97Q95	LBPJGIKI_01530	N-acetylmannosamine-6-phosphate 2-epimerase
C1CET6	LBPJGIKI_01531	Sialic acid utilization regulator%2C RpiR family
B1ICE4	LBPJGIKI_01532	Tn5253 putative CAAX amino terminal protease
	LBPJGIKI_01533	rli38
	LBPJGIKI_01533	
Q04JZ4	LBPJGIKI_01534	LSU ribosomal protein L7/L12 (P1/P2)
Q04JZ3	LBPJGIKI_01535	LSU ribosomal protein L10p (P0)
	LBPJGIKI_01536	L10_leader
	LBPJGIKI_01536	
A0A0H2UQG0	LBPJGIKI_01537	Methylthioadenosine deaminase
A0A0H2UQN6	LBPJGIKI_01538	ABC transporter ATP-binding/permease protein
A0A0T9I8N2	LBPJGIKI_01539	ABC transporter ATP-binding/permease protein
A0A0B7L4L0	LBPJGIKI_01540	Peptide methionine sulfoxide reductase MsrAB1
Q04JY7	LBPJGIKI_01541	Homoserine kinase
A0A098Z3U9	LBPJGIKI_01542	Homoserine dehydrogenase
C1CQZ3	LBPJGIKI_01543	Adaptor protein MecA
A0A0T9GNB4	LBPJGIKI_01544	TarQ
A0A0T9GNC4	LBPJGIKI_01545	Teichoic acid ribitol polymerase
A0A0H2UQP1	LBPJGIKI_01546	Glycosyltransferase%2C group 2 family
A0A559A977	LBPJGIKI_01547	Glycosyltransferase%2C group 1 family
A0A0U0K3S3	LBPJGIKI_01548	Lipopolysaccharide cholinephosphotransferase LicD3
Q8DPD6	LBPJGIKI_01549	LytR-CpsA-Psr subfamily F1 cell envelope-associated transcriptional attenuator
A0AAE9QTF9	LBPJGIKI_01550	Prephenate dehydratase
Q8DPD4	LBPJGIKI_01551	Shikimate kinase I
A0A4J2AE11	LBPJGIKI_01552	5-Enolpyruvylshikimate-3-phosphate synthase
A0A0B7M5P7	LBPJGIKI_01553	Transcriptional regulator
Q8DPD2	LBPJGIKI_01554	Prephenate dehydrogenase
Q04JX3	LBPJGIKI_01555	Chorismate synthase
Q8DPD1	LBPJGIKI_01556	3-dehydroquinate synthase
Q3I002	LBPJGIKI_01557	Shikimate/quinate 5-dehydrogenase I beta
A0AA86XSU9	LBPJGIKI_01558	3-dehydroquinate dehydratase I
A0A4J1SF53	LBPJGIKI_01559	Putative ribosomal RNA large subunit methyltransferase YwbD
A0AA95IJY9	LBPJGIKI_01560	ABC transporter permease
C1C7Y1	LBPJGIKI_01561	ABC transporter ATP-binding protein
C1C7Y2	LBPJGIKI_01562	Cytoplasmic alpha-amylase
A0AAD2IJC2	LBPJGIKI_01563	Alanyl-tRNA synthetase
A0A0T7L4N3	LBPJGIKI_01564	Hypothetical protein
C1C7Y6	LBPJGIKI_01565	Spermidine/putrescine import ABC transporter substrate-binding protein PotD
Q8DPC4	LBPJGIKI_01566	Spermidine/putrescine import ABC transporter permease protein PotC
A0A4J1NJT1	LBPJGIKI_01567	Spermidine/putrescine import ABC transporter permease protein PotB
A0A6G2DB65	LBPJGIKI_01568	Spermidine/putrescine import ABC transporter permease protein PotB
A0AA87C7D0	LBPJGIKI_01569	Spermidine/putrescine import ABC transporter ATP-binding protein PotA
C1CL98	LBPJGIKI_01570	UDP-N-acetylenolpyruvoylglucosamine reductase
A0A0U0HKC7	LBPJGIKI_01571	Hypothetical protein
B1ICJ2	LBPJGIKI_01572	Alpha-acetolactate decarboxylase
A0A0B7LTE2	LBPJGIKI_01573	Putative transcriptional regulator of pyridoxine metabolism
A0A0B7L9X0	LBPJGIKI_01574	Amino acid ABC transporter amino acid-binding/permease protein
Q8DPB6	LBPJGIKI_01575	Phosphate transport system regulatory protein PhoU2
C1CEY4	LBPJGIKI_01576	Phosphate transport ATP-binding protein PstB2_2
C1CEY5	LBPJGIKI_01577	Phosphate transport ATP-binding protein PstB2_1
Q8DPB3	LBPJGIKI_01578	Phosphate transport system permease protein PstA2
Q8DPB2	LBPJGIKI_01579	Phosphate transport system permease protein PstC2
Q97Q31	LBPJGIKI_01580	Phosphate ABC transporter periplasmic phosphate-binding protein PstS2
A0A0B7MDL7	LBPJGIKI_01581	Hypothetical protein
A0A0E7YGY0	LBPJGIKI_01582	tRNA and rRNA cytosine-C5-methylase
A0A0E8ADI2	LBPJGIKI_01583	Inositol-1-monophosphatase
Q04JU6	LBPJGIKI_01584	Hypothetical protein
Q97Q26	LBPJGIKI_01585	Transcriptional regulator SpxA1
B1ICK6	LBPJGIKI_01586	Integral membrane protein
C1CEZ5	LBPJGIKI_01587	Putative NagD-like phosphatase
A0A0T9HG16	LBPJGIKI_01588	Acyl-ACP thioesterase
Q8DPA6	LBPJGIKI_01589	Putative radical SAM family enzyme
C1CEZ8	LBPJGIKI_01590	Hypothetical protein
A0A0E8ADM7	LBPJGIKI_01591	General stress protein
A0A0E9GNW3	LBPJGIKI_01592	Prolipoprotein diacylglyceryl transferase
A0A229FYZ7	LBPJGIKI_01593	HPr kinase/phosphorylase
B2IQN3	LBPJGIKI_01594	SSU ribosomal protein S21p
C1CQU2	LBPJGIKI_01595	Glucosamine-6-phosphate deaminase
B2IQN5	LBPJGIKI_01596	S-adenosylmethionine:tRNA ribosyltransferase-isomerase
A0A4N5NE36	LBPJGIKI_01597	Choline-binding protein CbpM
A0A0B7KSA0	LBPJGIKI_01598	Hypothetical protein
Q8DP98	LBPJGIKI_01599	Acetyltransferase%2C GNAT family
A0A0T7Z5R9	LBPJGIKI_01600	NAD synthetase
Q8DP97	LBPJGIKI_01601	Nicotinate phosphoribosyltransferase
Q8CYM4	LBPJGIKI_01602	Hypothetical protein
C1C821	LBPJGIKI_01603	Transcriptional repressor
A0A0T9I870	LBPJGIKI_01604	Hypothetical protein
A0A0T9IC07	LBPJGIKI_01605	Multidrug efflux ABC transporter ATP-binding protein
A0A822RH68	LBPJGIKI_01606	Peptidase%2C U32 family large subunit (C1)
Q8DP94	LBPJGIKI_01607	Peptidase%2C U32 family large subunit (C1)
Q8DP93	LBPJGIKI_01608	hypothetical protein
A0A064C3J2	LBPJGIKI_01609	hypothetical protein
Q8RT72	LBPJGIKI_01610	Type II restriction-modification system methyltransferase
Q8CYM0	LBPJGIKI_01611	Transcriptional regulator%2C AraC family
A0A0U0K8P2	LBPJGIKI_01612	ABC transporter ATP-binding/permease protein
A0A4P0A6N5	LBPJGIKI_01613	ABC transporter ATP-binding/permease protein
Q8CYL9	LBPJGIKI_01614	Substrate-specific component of putative ECF transporter
A0A0B7LM34	LBPJGIKI_01615	Transmembrane component of energizing module of putative ECF transporter
A0A0T7NH27	LBPJGIKI_01616	Duplicated ATPase component of energizing module of putative ECF transporter
A0A654UCG4	LBPJGIKI_01617	hypothetical protein
A0A0E7Z8M3	LBPJGIKI_01618	hypothetical protein
A0A0T9HGD3	LBPJGIKI_01619	IS66 family transposase Orf2
C1C841	LBPJGIKI_01620	IS66 family transposase Orf1
	LBPJGIKI_01621	SpR18_sRNA
	LBPJGIKI_01621	
Q04JQ8	LBPJGIKI_01622	GMP synthase%2C amidotransferase and ATP pyrophosphatase subunits
C1CF30	LBPJGIKI_01623	Transcriptional regulator in cluster with beta-lactamase%2C GntR family
A0A0U0EYI6	LBPJGIKI_01624	Drug/metabolite transporter superfamily protein
C1CF32	LBPJGIKI_01625	Beta-lactamase%2C class C
C1CF33	LBPJGIKI_01626	C3-degrading proteinase
A0A0U0JTD8	LBPJGIKI_01627	Bifunctional N-acetylneuraminate cytidylyltransferase/platelet activating factor
A0A0T8MZZ0	LBPJGIKI_01628	HAD superfamily hydrolase
A0A654UC33	LBPJGIKI_01629	hypothetical protein
A0A0T9HPS8	LBPJGIKI_01630	Capsule biosynthesis protein CapA
Q9F2F0	LBPJGIKI_01631	Peptide deformylase
A0A0T9GYL2	LBPJGIKI_01632	23S rRNA (guanosine(2251)-2'-O)-methyltransferase
A0A0E8AK73	LBPJGIKI_01633	Thioredoxin reductase
Q8CYL0	LBPJGIKI_01634	Hypothetical protein
C1CF42	LBPJGIKI_01635	Cysteine ABC transporter ATP-binding protein
Q8DP76	LBPJGIKI_01636	Cysteine ABC transporter permease protein
Q8DP75	LBPJGIKI_01637	Arsenate reductase
C1C858	LBPJGIKI_01638	Methylated-DNA--protein-cysteine methyltransferase
C1CF46	LBPJGIKI_01639	Acetyltransferase
Q8CYK8	LBPJGIKI_01640	Hypothetical protein
A0A0T7ZD96	LBPJGIKI_01641	Hemolysin III
Q97PX3	LBPJGIKI_01642	Pyridoxal 5'-phosphate synthase%2C glutaminase subunit PdxT
Q97PX2	LBPJGIKI_01643	Pyridoxal 5'-phosphate synthase%2C synthase subunit PdxS
A0A064BXP8	LBPJGIKI_01644	NADH peroxidase
A0A0T8KAT7	LBPJGIKI_01645	Putative thiamin biosynthesis lipoprotein
A0A0E8AVJ8	LBPJGIKI_01646	Fumarate reductase%2C flavoprotein subunit precursor
Q8CYK7	LBPJGIKI_01647	Fumarate reductase%2C flavoprotein subunit precursor
Q8DP67	LBPJGIKI_01648	Hypothetical protein
A0A9P1Q0D2	LBPJGIKI_01649	Glycyl-tRNA synthetase beta chain
A0A0T7L8W4	LBPJGIKI_01650	Glycyl-tRNA synthetase alpha chain
A0A0T9GYM5	LBPJGIKI_01651	hypothetical protein
	LBPJGIKI_01652	SpR19_sRNA
	LBPJGIKI_01652	
B2IQU4	LBPJGIKI_01653	Ooxidoreductase of aldo/keto reductase family%2C subgroup 1
B2IQU5	LBPJGIKI_01654	Peptidoglycan N-acetylglucosamine deacetylase
C1CF62	LBPJGIKI_01655	hypothetical protein
A0A0T9ICX0	LBPJGIKI_01656	Oxidoreductase%2C Gfo/Idh/MocA family
A0A0T9HQG1	LBPJGIKI_01657	ATP-dependent RNA helicase YfmL
A0A0T9HGD6	LBPJGIKI_01658	IS630 family transposase ISSpn2
A0A0T7Z2X7	LBPJGIKI_01659	IS630 family transposase ISSpn2
B2IQV2	LBPJGIKI_01660	Translation elongation factor Tu
C1CF74	LBPJGIKI_01661	Major intrinsic protein family aquaporin
A0A0E8AEX3	LBPJGIKI_01662	Cell wall surface anchor family protein MucB
A0A6I3UND0	LBPJGIKI_01663	Hypothetical protein
C1CF78	LBPJGIKI_01664	Hypothetical protein
A0A0D6J6M0	LBPJGIKI_01665	IS630 family transposase IS630-Spn1
A0A0E8AL14	LBPJGIKI_01666	Phosphoglucomutase
Q8DP51	LBPJGIKI_01667	Bacterocin transport accessory protein
A0A0T9HTZ7	LBPJGIKI_01668	Glutamine ABC transporter substrate-binding protein GlnH6
Q8DP49	LBPJGIKI_01669	Glutamine ABC transporter ATP-binding protein GlnQ6
C1CF86	LBPJGIKI_01670	Glutamine ABC transporter permease GlnP6
A0A0E9A2A4	LBPJGIKI_01671	TPR-repeat-containing protein
Q8DP46	LBPJGIKI_01672	Hypothetical protein
Q8DP45	LBPJGIKI_01673	6-phosphogluconolactonase
A0A0T7ZGK7	LBPJGIKI_01674	IS4 family transposase ISSsu2
A0A0U0H759	LBPJGIKI_01675	IS4 family transposase ISSsu2
A0A0B7M0M1	LBPJGIKI_01676	HTH-type transcriptional activator mta
B2INC1	LBPJGIKI_01677	Sodium-dependent transporter
A0A4G3VCZ9	LBPJGIKI_01678	Sodium-dependent transporter
A0AAE9U2I0	LBPJGIKI_01679	Mannose-6-phosphate isomerase
C1C683	LBPJGIKI_01680	6-phospho-beta-glucosidase
A0A0T7TLZ5	LBPJGIKI_01681	hypothetical protein
B1IAQ4	LBPJGIKI_01682	IS630 family transposase ISSpn2
A0A0T9GKD0	LBPJGIKI_01683	IS630 family transposase ISSpn2
A0A4N9BAK6	LBPJGIKI_01684	Hypothetical protein
C1CD82	LBPJGIKI_01685	Pyruvate oxidase
A0A0H2UP76	LBPJGIKI_01686	Lead%2C cadmium%2C copper%2C zinc and mercury transporting P-type ATPase
A0A0E7ZYT2	LBPJGIKI_01687	Copper-exporting ATPase
A0A0D6J8P4	LBPJGIKI_01688	Negative transcriptional regulator of copper transport operon
	LBPJGIKI_01689	TPP
	LBPJGIKI_01689	
A0A0T8WTB9	LBPJGIKI_01690	Hydroxymethylpyrimidine phosphate kinase ThiD
C1CD77	LBPJGIKI_01691	Thiamin-phosphate pyrophosphorylase
B1IAP6	LBPJGIKI_01692	Hydroxyethylthiazole kinase
C1CD75	LBPJGIKI_01693	Substrate-specific component ThiW of putative thiazole ECF transporter
B1IAP4	LBPJGIKI_01694	Thiaminase II TenA
Q8DQK1	LBPJGIKI_01695	Transmembrane component YkoC of energizing module of thiamin-regulated ECF transporter for hydroxymethylpyrimidine
B1IAP2	LBPJGIKI_01696	Duplicated ATPase component YkoD of energizing module of thiamin-regulated ECF transporter for hydroxymethylpyrimidine
C1CD71	LBPJGIKI_01697	Substrate-specific component YkoE of thiamin-regulated ECF transporter for hydroxymethylpyrimidine
	LBPJGIKI_01698	TPP
	LBPJGIKI_01698	
Q97RS5	LBPJGIKI_01699	Thiamin-phosphate pyrophosphorylase
A0A5C5EIW9	LBPJGIKI_01700	Hydroxyethylthiazole kinase
Q8DQK6	LBPJGIKI_01701	Thiaminase II
	LBPJGIKI_01702	TPP
	LBPJGIKI_01702	
Q8DQK7	LBPJGIKI_01703	L-Lactate 2-monooxygenase
Q8CWS5	LBPJGIKI_01704	Class II lysyl-tRNA synthetase
B2IN94	LBPJGIKI_01705	L-Lactate 2-monooxygenase
A0A0B7MCX0	LBPJGIKI_01706	Glutamine ABC transporter permease GlnP3a
A0A0B7MDS9	LBPJGIKI_01707	Glutamine ABC transporter permease GlnP3b
A0A4J2DBG3	LBPJGIKI_01708	Glutamine ABC transporter ATP-binding protein GlnQ3
Q8DQL2	LBPJGIKI_01709	hypothetical protein
A0A9P1Q6Y9	LBPJGIKI_01710	Amino acid ABC transporter amino acid-binding/permease protein
A0A0H2UP62	LBPJGIKI_01711	ABC transporter ATP-binding protein
B1IAN1	LBPJGIKI_01712	Hypothetical protein
A0A0B7LYU9	LBPJGIKI_01713	Hypothetical protein
A0A0D6J942	LBPJGIKI_01714	Hypothetical protein
A0A0B7LBR9	LBPJGIKI_01715	Hypothetical protein
P0CB78	LBPJGIKI_01716	Orotate phosphoribosyltransferase
A0A0U0K5C5	LBPJGIKI_01717	Orotidine 5'-phosphate decarboxylase
	LBPJGIKI_01718	PyrR
	LBPJGIKI_01718	
A0A0T8RQ97	LBPJGIKI_01719	Cell division protein DivIB
C1CQG5	LBPJGIKI_01720	UDP-N-acetylglucosamine--N-acetylmuramyl- (pentapeptide) pyrophosphoryl-undecaprenol N-acetylglucosamine transferase
A0A0T9IHF4	LBPJGIKI_01721	UDP-N-acetylmuramoylalanine--D-glutamate ligase
A0A0T9ZQW9	LBPJGIKI_01722	ABC transporter ATP-binding protein
A0A0D6J8S4	LBPJGIKI_01723	Putative immunity protein
A0A0T7NHE2	LBPJGIKI_01724	Hypothetical protein
Q8CZ11	LBPJGIKI_01725	Putative membrane protein
A0AA86Y837	LBPJGIKI_01726	GTP-binding protein TypA
A0A0E7YLT3	LBPJGIKI_01727	Ribosomal small subunit pseudouridine synthase A
Q8CZ12	LBPJGIKI_01728	Hypothetical protein
Q8DQM7	LBPJGIKI_01729	Rhodanese-like domain protein
Q8DQM8	LBPJGIKI_01730	Hypothetical protein
Q8DQM9	LBPJGIKI_01731	Methionine biosynthesis and transport regulator MtaR%2C LysR family
C1C637	LBPJGIKI_01732	Short-chain dehydrogenase
C1CQF2	LBPJGIKI_01733	Ribonuclease Z
C1CD40	LBPJGIKI_01734	Cystathionine beta-lyase
A0A4P0A7I3	LBPJGIKI_01735	GTP-binding protein HflX
A0A0T8P6Y7	LBPJGIKI_01736	tRNA dimethylallyltransferase MiaA
Q8CZ15	LBPJGIKI_01737	Hypothetical protein
A0A064C0J3	LBPJGIKI_01738	Thymidylate synthase
C1CD35	LBPJGIKI_01739	Glucokinase
A0A0U0H7Z3	LBPJGIKI_01740	hypothetical protein
A0A0E8AUF3	LBPJGIKI_01741	hypothetical protein
A0AA86MG69	LBPJGIKI_01742	Bifunctional para-aminobenzoate synthase%2C aminase component/aminodeoxychorismate lyase
A0A4J1UF96	LBPJGIKI_01743	hypothetical protein
C1C625	LBPJGIKI_01744	YwlG
C1C624	LBPJGIKI_01745	Two-component sensor kinase YesM
Q8DQN8	LBPJGIKI_01746	Two-component response regulator YesN
C1C622	LBPJGIKI_01747	Peptide methionine sulfoxide reductase MsrAB2
A0AA87CBX6	LBPJGIKI_01748	Thiol:disulfide oxidoreductase
A0A0T8SA36	LBPJGIKI_01749	Cytochrome c-type biogenesis protein CcdA-1
A0A0T9H0Q5	LBPJGIKI_01750	Inner membrane protein YihY
A0A0T9IDU6	LBPJGIKI_01751	Na+/H+ antiporter
A0A0B7MD14	LBPJGIKI_01752	Hypothetical protein
B1IAJ3	LBPJGIKI_01753	Putative rRNA methylase YtqB
A0A0T9H7S6	LBPJGIKI_01754	hypothetical protein
A0A4M9XIK4	LBPJGIKI_01755	hypothetical protein
A0A0B7L9V0	LBPJGIKI_01756	Hypothetical protein
	LBPJGIKI_01757	SpF25_sRNA
	LBPJGIKI_01757	
A0A0T9H7Q0	LBPJGIKI_01758	hypothetical protein
A0A0T7L5Q6	LBPJGIKI_01759	hypothetical protein
A0A0T9H0R6	LBPJGIKI_01760	Beta-galactosidase BgaA
A0A0E8ZDU0	LBPJGIKI_01761	Hypothetical protein
C1CD15	LBPJGIKI_01762	Galactose-specific PTS IIC component
A0A0E9GS17	LBPJGIKI_01763	Galactose-specific PTS IIB component
A0A6G2DW14	LBPJGIKI_01764	Galactose-specific PTS IIA component
A0A4J1MHZ7	LBPJGIKI_01765	Serine protease PrtA precursor
A0A0H2UP15	LBPJGIKI_01766	hypothetical protein
Q8DQP8	LBPJGIKI_01767	Multidrug ABC transporter permease protein
Q8DQP9	LBPJGIKI_01768	Antibiotic ABC transporter permease protein
Q8DQQ0	LBPJGIKI_01769	ABC transporter ATP-binding protein
A0A0U0GZ72	LBPJGIKI_01770	Hypothetical protein
A0A4G1W6E5	LBPJGIKI_01771	Hypothetical protein
	LBPJGIKI_01772	Intron_gpII
	LBPJGIKI_01772	
Q04LP6	LBPJGIKI_01773	LSU ribosomal protein L1p (L10Ae)
A0A0B7MF37	LBPJGIKI_01774	LSU ribosomal protein L11p (L12e)
A0A4M3K0E5	LBPJGIKI_01775	Hypothetical protein
A0AAD2IL23	LBPJGIKI_01776	L%2CD-carboxypeptidase
A0AAD2IJ04	LBPJGIKI_01777	Histidine triad family protein
A0A0E8SZL0	LBPJGIKI_01778	Deblocking aminopeptidase
C1C5Z4	LBPJGIKI_01779	Branched-chain amino acid transport system carrier protein
	LBPJGIKI_01780	SpF22_sRNA
	LBPJGIKI_01780	
Q8CZ26	LBPJGIKI_01781	hypothetical protein
A0A0H2UP01	LBPJGIKI_01782	Uracil-DNA glycosylase
A0A0H2UP69	LBPJGIKI_01783	Dipeptidase PepV
A0A4P0AG49	LBPJGIKI_01784	Bifunctional oxygen-insensitive NAD(P)H nitroreductase/dihydropteridine reductase
A0AA86X8D9	LBPJGIKI_01785	Cysteine ABC transporter substrate-binding protein
A0A2U3RYJ3	LBPJGIKI_01786	Serine/threonine protein phosphatase
Q97S07	LBPJGIKI_01787	Excinuclease ABC subunit C
A0A0T7TEX1	LBPJGIKI_01788	Putative Zn-dependent protease
Q4TUI8	LBPJGIKI_01789	tRNA-dependent lipid II-Ala--L-alanine ligase MurN
Q4TUJ7	LBPJGIKI_01790	tRNA-dependent lipid II--L-alanine/serine ligase MurM
A0A0B7KTW3	LBPJGIKI_01791	Tributyrin esterase
A0A062WLG2	LBPJGIKI_01792	Ribonuclease J2
A0A0D6J9B9	LBPJGIKI_01793	Single-stranded-DNA-specific exonuclease RecJ
A0A0T9IKQ1	LBPJGIKI_01794	Glutamine ABC transporter ATP-binding protein GlnQ4
A0A0D6J923	LBPJGIKI_01795	Glutamine ABC transporter substrate-binding protein GlnH2
B1IAF2	LBPJGIKI_01796	Glutamine ABC transporter permease GlnP2a
A0A0T9HJX5	LBPJGIKI_01797	Glutamine ABC transporter permease GlnP2b
A0A559ECT2	LBPJGIKI_01798	Oxidoreductase
C1CCX9	LBPJGIKI_01799	Class II fructose-bisphosphate aldolase
B9W4V3	LBPJGIKI_01800	Two-component system sensor histidine kinase VncS
A0A098Z2Q4	LBPJGIKI_01801	Two-component system response regulator VncR
Q9S4J0	LBPJGIKI_01802	Peptide ABC transporter membrane-spanning permease Vex3
A0A098Z2X1	LBPJGIKI_01803	ABC transporter ATP-binding protein Vex2
C1C5W8	LBPJGIKI_01804	Peptide ABC transporter membrane-spanning permease Vex1
	LBPJGIKI_01805	Intron_gpII
	LBPJGIKI_01805	
A0A0U0QBM5	LBPJGIKI_01806	hypothetical protein
B1IAB4	LBPJGIKI_01807	Leucine rich protein
Q8DQS7	LBPJGIKI_01808	Mini-ribonuclease III
Q97S25	LBPJGIKI_01809	Cysteinyl-tRNA synthetase
B2IMR1	LBPJGIKI_01810	Acetyltransferase%2C GNAT family
B2IMR0	LBPJGIKI_01811	Serine acetyltransferase
A0A0T9IDN5	LBPJGIKI_01812	Polyribonucleotide nucleotidyltransferase
B1IAA8	LBPJGIKI_01813	5%2C10-methylenetetrahydrofolate reductase
A0A0T7NKP2	LBPJGIKI_01814	5-methyltetrahydropteroyltriglutamate-- homocysteine methyltransferase
B2IMQ6	LBPJGIKI_01815	Antitoxin HigA
B2IMQ5	LBPJGIKI_01816	ISSpn8 transposase
A0A0H2UNX4	LBPJGIKI_01817	Putative integral membrane protein
Q8DQT6	LBPJGIKI_01818	Phenylalanyl-tRNA synthetase beta chain
A0A0T8TBE4	LBPJGIKI_01819	N1-spermidine/spermine acetyltransferase PaiA
A0A0T8P6P1	LBPJGIKI_01820	Phenylalanyl-tRNA synthetase alpha chain
A0A0H2UP35	LBPJGIKI_01821	6-phospho-beta-glucosidase
A0A0U0QBM2	LBPJGIKI_01822	Beta-glucoside-specific PTS IIBCA components
B2IMP8	LBPJGIKI_01823	Beta-glucoside bgl operon antiterminator BglG
	LBPJGIKI_01824	SpF19_sRNA
	LBPJGIKI_01824	
A0A0T9GJ80	LBPJGIKI_01825	hypothetical protein
A0A0T9GJ63	LBPJGIKI_01826	hypothetical protein
A0A0I7PLF8	LBPJGIKI_01827	hypothetical protein
A0A0T8E9Z5	LBPJGIKI_01828	IS3 family transposase ISSpn11
A0A0T7K3L3	LBPJGIKI_01829	Putative transposase InsK for insertion sequence element IS150
A0A0T9GKD1	LBPJGIKI_01830	IS3 family transposase ISSpn11
Q8CZ37	LBPJGIKI_01831	Fic domain protein
Q8DQU6	LBPJGIKI_01832	Hypothetical protein
A0A0T8L0C6	LBPJGIKI_01833	Valyl-tRNA synthetase
Q8CZ38	LBPJGIKI_01834	Hypothetical protein
A0A0T8FCK3	LBPJGIKI_01835	Acetyltransferase
A0A0E8ZVX6	LBPJGIKI_01836	Hypothetical protein
C1CCU6	LBPJGIKI_01837	Hypothetical protein
C1CCU5	LBPJGIKI_01838	Hypothetical protein
A0A4J1T941	LBPJGIKI_01839	Hypothetical protein
Q8CZ42	LBPJGIKI_01840	Glycerate kinase
A0A0T8D9Q0	LBPJGIKI_01841	hypothetical protein
A0A0B7LEA1	LBPJGIKI_01842	Hypothetical protein
A0A0T9HIJ1	LBPJGIKI_01843	Hypothetical protein
C1CQ49	LBPJGIKI_01844	Ribosome-binding factor A
B2IME4	LBPJGIKI_01845	Translation initiation factor 2
B1IA79	LBPJGIKI_01846	L7Ae family ribosomal protein
Q8DQV4	LBPJGIKI_01847	Putative nucleic-acid-binding protein implicated in transcription termination
C1CCT5	LBPJGIKI_01848	Transcription termination/antitermination protein NusA
Q8DQV6	LBPJGIKI_01849	Bacterial ribosome SSU maturation protein RimP
A0A064C0Y7	LBPJGIKI_01850	tRNA (guanine46-N7-)-methyltransferase
C1CCT2	LBPJGIKI_01851	Aminoglycoside phosphotransferase family protein
A7XHI6	LBPJGIKI_01852	Putative protease
Q9FBH0	LBPJGIKI_01853	Immunity protein BlpZ
Q8DQW0	LBPJGIKI_01854	Bacteriocin immunity protein BlpY
Q8CZ46	LBPJGIKI_01855	PncW
Q9ETA3	LBPJGIKI_01856	hypothetical protein
A9YNA8	LBPJGIKI_01857	hypothetical protein
A0A4N9BAI3	LBPJGIKI_01858	hypothetical protein
A0A4M9X1W9	LBPJGIKI_01859	hypothetical protein
A7XHK4	LBPJGIKI_01860	hypothetical protein
A7XHK2	LBPJGIKI_01861	hypothetical protein
A9YNA5	LBPJGIKI_01862	hypothetical protein
G3EBW0	LBPJGIKI_01863	Competence-stimulating peptide ABC transporter ATP-binding protein ComA
A0A0T9HIT8	LBPJGIKI_01864	Competence-stimulating peptide ABC transporter permease protein ComB
Q9F2F1	LBPJGIKI_01865	Peptide pheromone BlpC
Q9F2F2	LBPJGIKI_01866	Two-component system sensor histidine kinase BlpH
A0A0T9H772	LBPJGIKI_01867	Two-component system response regulator BlpR
Q9F2F4	LBPJGIKI_01868	BlpS protein
A0A0B7LFH1	LBPJGIKI_01869	BlpT protein
A0A0D6J9I5	LBPJGIKI_01870	ABC transporter permease protein EcsB
C1CCR3	LBPJGIKI_01871	ABC transporter ATP-binding protein EcsA
A0A0B7MB57	LBPJGIKI_01872	Histidine triad nucleotide-binding protein
Q8CZ48	LBPJGIKI_01873	Hypothetical protein
A0A0U0H6N7	LBPJGIKI_01874	Chaperone protein DnaJ
	LBPJGIKI_01875	SpF14_sRNA
	LBPJGIKI_01875	
A0A0T8D8M9	LBPJGIKI_01876	Hypothetical protein
A0A0T9I7B3	LBPJGIKI_01877	Chaperone protein DnaK
B2IMB4	LBPJGIKI_01878	Heat shock protein GrpE
A0A0T9HI94	LBPJGIKI_01879	Heat-inducible transcription repressor HrcA
A0A0B7LCY1	LBPJGIKI_01880	Hypothetical protein
A0A0T9GKL4	LBPJGIKI_01881	Hypothetical protein
A0A0T9IHA0	LBPJGIKI_01882	Type I restriction-modification system restriction subunit R
Q8DQX1	LBPJGIKI_01883	Type I restriction-modification system DNA-methyltransferase subunit M
A0A172W5R6	LBPJGIKI_01884	Type I restriction-modification system%2C specificity subunit S type F
A0A088DA76	LBPJGIKI_01885	hypothetical protein
A0A4J1U129	LBPJGIKI_01886	Type I restriction-modification system%2C specificity subunit S type F
C1CCQ0	LBPJGIKI_01887	Integrase/recombinase CreX (XerC/CodV family)
B1IA42	LBPJGIKI_01888	Type I restriction-modification system%2C specificity subunit S components 1.1-2.1
C1C5M8	LBPJGIKI_01889	hypothetical protein
Q8DQX6	LBPJGIKI_01890	Glutamine synthetase type I
Q8DQX7	LBPJGIKI_01891	Transcriptional regulator%2C MerR family
A0A6G2DIH6	LBPJGIKI_01892	Hypothetical protein
A0A654UA64	LBPJGIKI_01893	hypothetical protein
C1CQ04	LBPJGIKI_01894	Phosphoglycerate kinase
A0A4P0AF79	LBPJGIKI_01895	Endo-beta-N-acetylglucosaminidase EndoD
B2IM99	LBPJGIKI_01896	Sodium-dependent phosphate transporter NptA
Q8DQY0	LBPJGIKI_01897	CTP synthase
Q04LZ9	LBPJGIKI_01898	DNA-directed RNA polymerase delta subunit
B1IA30	LBPJGIKI_01899	Hypothetical protein
B2IM95	LBPJGIKI_01900	Hypothetical protein
A0A0D6J3F1	LBPJGIKI_01901	Membrane-associated phospholipid phosphatase
A0AA86XGY0	LBPJGIKI_01902	Substrate-specific component RibU of riboflavin ECF transporter
	LBPJGIKI_01903	FMN
	LBPJGIKI_01903	
A0A0H2UNS5	LBPJGIKI_01904	tRNA (cytidine(34)-2'-O)-methyltransferase
	LBPJGIKI_01905	23S-methyl
	LBPJGIKI_01905	
C1CCN3	LBPJGIKI_01906	Transmembrane component MtsC of energizing module of methionine-regulated ECF transporter
A0A4J2DND0	LBPJGIKI_01907	Duplicated ATPase component MtsB of energizing module of methionine-regulated ECF transporter
A0A4J1MZ58	LBPJGIKI_01908	Hypothetical protein
C1C5K9	LBPJGIKI_01909	Substrate-specific component MtsA of methionine-regulated ECF transporter
C1CCM9	LBPJGIKI_01910	Hypothetical protein
A0A0B7LI31	LBPJGIKI_01911	Trk family potassium uptake protein TrkA
A0A4J2DBU6	LBPJGIKI_01912	Trk family potassium uptake protein TrkH
A0A4M3K0J3	LBPJGIKI_01913	Lactose-specific PTS IIBC components
A0A0T7Z637	LBPJGIKI_01914	6-phospho-beta-galactosidase
B1I9R6	LBPJGIKI_01915	Lactose-specific PTS IIA component
A0A0T8TTS4	LBPJGIKI_01916	Hypothetical protein
Q8DQZ3	LBPJGIKI_01917	Cellobiose-specific PTS IIC component
A0A0T9ZW23	LBPJGIKI_01918	Xylose repressor protein
A0A0T8EWA9	LBPJGIKI_01919	Hypothetical protein
Q8DQZ5	LBPJGIKI_01920	Hypothetical protein
B1I9R0	LBPJGIKI_01921	hypothetical protein
	LBPJGIKI_01922	Srn266
	LBPJGIKI_01922	
C1C9F2	LBPJGIKI_01923	IS1167 transposase Orf1
A0A4J1XTQ5	LBPJGIKI_01924	IS1167 transposase Orf2
A7KT57	LBPJGIKI_01925	hypothetical protein
B1I9Q8	LBPJGIKI_01926	hypothetical protein
A7KT27	LBPJGIKI_01927	hypothetical protein
A7KT26	LBPJGIKI_01928	hypothetical protein
A7KT74	LBPJGIKI_01929	hypothetical protein
A7KT66	LBPJGIKI_01930	hypothetical protein
B1I9Q2	LBPJGIKI_01931	hypothetical protein
	LBPJGIKI_01932	Srn266
	LBPJGIKI_01932	
B1I9Q1	LBPJGIKI_01933	IS1167 transposase
Q8DQZ6	LBPJGIKI_01934	Pyruvate formate-lyase
A0A0T9I9G4	LBPJGIKI_01935	DNA polymerase IV
Q04M23	LBPJGIKI_01936	Undecaprenyl-diphosphatase
A0A0T9IUQ1	LBPJGIKI_01937	hypothetical protein
A0A0T9HRK5	LBPJGIKI_01938	IS110 family transposase ISBth13
A0A0B7LZE2	LBPJGIKI_01939	Hypothetical protein
C1CCL6	LBPJGIKI_01940	Glutamine ABC transporter permease GlnHP1
Q8DR01	LBPJGIKI_01941	Glutamine ABC transporter ATP-binding protein GlnQ1
Q8CZ60	LBPJGIKI_01942	Hypothetical protein
Q8DR02	LBPJGIKI_01943	Threonine dehydratase
Q8CZ61	LBPJGIKI_01944	Hypothetical protein
A0A0B7KPD2	LBPJGIKI_01945	hypothetical protein
A0A098YY27	LBPJGIKI_01946	Ketol-acid reductoisomerase
Q8DR04	LBPJGIKI_01947	Acetolactate synthase small subunit
C1CCK7	LBPJGIKI_01948	Acetolactate synthase large subunit
A0A0H2UNS2	LBPJGIKI_01949	Dihydroxyacetone kinase-like protein
C1CCK5	LBPJGIKI_01950	Putative alkaline-shock protein
A0A064BZB4	LBPJGIKI_01951	LSU ribosomal protein L28p
A0A4J1QAZ5	LBPJGIKI_01952	Putative CDP-glycerol:glycerophosphate glycerophosphotransferase
A0A4P0AC40	LBPJGIKI_01953	Peptide chain release factor 3
A0A0T9I9J6	LBPJGIKI_01954	Bifunctional aspartyl-tRNA(Asp) amidotransferase subunit C/glutamyl-tRNA(Glu) amidotransferase subunit C
A0A0T7KX21	LBPJGIKI_01955	Bifunctional aspartyl-tRNA(Asp) amidotransferase subunit A/glutamyl-tRNA(Glu) amidotransferase subunit A
A0A0T8ECF6	LBPJGIKI_01956	Bifunctional aspartyl-tRNA(Asp) amidotransferase subunit B/glutamyl-tRNA(Glu) amidotransferase subunit B
A0A0B7LIB8	LBPJGIKI_01957	Alcohol dehydrogenase
Q04M43	LBPJGIKI_01958	Translation elongation factor P
Q8DR12	LBPJGIKI_01959	Alkaline shock protein
A0A0B7L0X4	LBPJGIKI_01960	Transcription termination protein NusB
B2IQ27	LBPJGIKI_01961	IS1167 transposase Orf2
A0A4J1X000	LBPJGIKI_01962	IS1167 transposase
	LBPJGIKI_01963	Srn266
	LBPJGIKI_01963	
A0A0T9HSK7	LBPJGIKI_01964	hypothetical protein
A0A0I8RVJ1	LBPJGIKI_01965	Hypothetical protein
A0A064BZA7	LBPJGIKI_01966	Acetyl-coenzyme A carboxyl transferase alpha chain
Q7CRB7	LBPJGIKI_01967	Acetyl-coenzyme A carboxyl transferase beta chain
Q9FBB9	LBPJGIKI_01968	Biotin carboxylase of acetyl-CoA carboxylase
C1C5G1	LBPJGIKI_01969	3-hydroxyacyl-(acyl-carrier-protein) dehydratase FabZ
C1C5G0	LBPJGIKI_01970	Biotin carboxyl carrier protein of acetyl-CoA carboxylase
Q8DR14	LBPJGIKI_01971	3-oxoacyl-(acyl-carrier-protein) synthase FabF
Q9FBC3	LBPJGIKI_01972	3-oxoacyl-[acyl-carrier protein] reductase FabG1
Q9FBC4	LBPJGIKI_01973	Malonyl CoA-acyl carrier protein transacylase FabD
A0A0H2UNJ5	LBPJGIKI_01974	Enoyl-(acyl-carrier-protein) reductase FabK
P0A2W1	LBPJGIKI_01975	Acyl carrier protein
Q04M58	LBPJGIKI_01976	3-oxoacyl-(acyl-carrier-protein) synthase FabH
Q8DR18	LBPJGIKI_01977	Transcriptional regulator of fatty acid biosynthesis FabT
C1CCI0	LBPJGIKI_01978	Trans-2%2Ccis-3-Decenoyl-ACP isomerase
A0A0T8KRU3	LBPJGIKI_01979	Aspartokinase
A0A0D6J4T6	LBPJGIKI_01980	Putative regulator of the mannose operon ManO
C1CIR2	LBPJGIKI_01981	Seryl-tRNA synthetase
Q8DR23	LBPJGIKI_01982	Exfoliative toxin A
Q8DR24	LBPJGIKI_01983	Macrophage infectivity potentiator protein
A0A0I6C300	LBPJGIKI_01984	Sodium/glycine symporter GlyP
	LBPJGIKI_01985	Glycine
	LBPJGIKI_01985	
A0A4J1ZFH6	LBPJGIKI_01986	Recombination inhibitory protein MutS2
A0A0U0H759	LBPJGIKI_01987	IS4 family transposase ISSsu2
A0A0T7ZGK7	LBPJGIKI_01988	IS4 family transposase ISSsu2
C1C5E3	LBPJGIKI_01989	Z-ring positive regulator ZapB
C1CCH1	LBPJGIKI_01990	Z-ring positive regulator ZapA
C1CCH0	LBPJGIKI_01991	Ribonuclease HIII
Q3I0J5	LBPJGIKI_01992	Signal peptidase I
A0A4J2D032	LBPJGIKI_01993	RecD-like DNA helicase YrrC
A0AAE9QUN0	LBPJGIKI_01994	Cell division trigger factor
A0A0E8AZ82	LBPJGIKI_01995	Mannitol-1-phosphate 5-dehydrogenase
C1C5D5	LBPJGIKI_01996	Mannitol-specific PTS IIA component
A0A0B7LIZ3	LBPJGIKI_01997	Mannitol operon activator%2C BglG family
A0A0E8ZLR9	LBPJGIKI_01998	Mannitol-specific PTS IIBC components
A0A4J1ZJF2	LBPJGIKI_01999	hypothetical protein
A0A380LFT8	LBPJGIKI_02000	hypothetical protein
A0A380LGH3	LBPJGIKI_02001	IS3 family transposase ISSpn11
A0A4J2EAJ1	LBPJGIKI_02002	Choline-binding protein CbpK
A0A0I5GRX2	LBPJGIKI_02003	Surface protein PspA precursor
Q8DR41	LBPJGIKI_02004	Glutamyl endopeptidase
C1CCF6	LBPJGIKI_02005	Hypothetical protein
A0A0B7LFA3	LBPJGIKI_02006	hypothetical protein
Q9S1J7	LBPJGIKI_02007	Two-component transcriptional regulator VraR
A0A0B7M1X4	LBPJGIKI_02008	Two-component system sensor histidine kinase VraS
C1CCF1	LBPJGIKI_02009	Cell wall-active antibiotics response protein VraT
A0A0E7Y750	LBPJGIKI_02010	Isopentenyl-diphosphate delta-isomerase%2C FMN-dependent
A0A0U0GRP0	LBPJGIKI_02011	Phosphomevalonate kinase
Q8DR50	LBPJGIKI_02012	Diphosphomevalonate decarboxylase
C1C5C0	LBPJGIKI_02013	Mevalonate kinase
A0A0B4ZGV7	LBPJGIKI_02014	hypothetical protein
A0A0T7KTZ0	LBPJGIKI_02015	hypothetical protein
A0A0H2UNG7	LBPJGIKI_02016	Macrolide-efflux protein
A0A0T8T1K8	LBPJGIKI_02017	Choline-binding protein CbpF
A0A0T7L994	LBPJGIKI_02018	Choline-binding protein CbpF
B2ILR8	LBPJGIKI_02019	Orphan response regulator RitR
A0A0T9HRS5	LBPJGIKI_02020	6-phosphogluconate dehydrogenase%2C decarboxylating
A0A0T8G9C9	LBPJGIKI_02021	Mid-cell-anchored protein Z
A0A0B7MBB7	LBPJGIKI_02022	23S rRNA (guanine(2445)-N(2))-methyltransferase
	LBPJGIKI_02023	RNaseP_bact_b
	LBPJGIKI_02023	
Q97SI9	LBPJGIKI_02024	Cell division protein GpsB
Q8DR58	LBPJGIKI_02025	Hypothetical protein
T2BPQ7	LBPJGIKI_02026	RecU Holliday junction resolvase
Q9RET6	LBPJGIKI_02027	Multimodular transpeptidase-transglycosylase%2C penicillin-binding protein 1A
T2BRB2	LBPJGIKI_02028	Endo-alpha-N-acetylgalactosaminidase Eng
T2BRD8	LBPJGIKI_02029	Oligopeptide ABC transporter%2C periplasmic oligopeptide-binding protein AliA
A0A0B7LWA4	LBPJGIKI_02030	hypothetical protein
Q9AH81	LBPJGIKI_02031	dTDP-4-dehydrorhamnose reductase Cps2O
Q8DR64	LBPJGIKI_02032	dTDP-glucose 4%2C6-dehydratase Cps2N
Q8VU22	LBPJGIKI_02033	dTDP-4-dehydrorhamnose 3%2C5-epimerase Cps2M
G3GG79	LBPJGIKI_02034	Glucose-1-phosphate thymidylyltransferase Cps2L
G3GG78	LBPJGIKI_02035	hypothetical protein
Q8VU25	LBPJGIKI_02036	hypothetical protein
Q8VU26	LBPJGIKI_02037	Alpha-L-Rha alpha-1%2C3-L-rhamnosyltransferase Cps2F
A0A1A9BKE7	LBPJGIKI_02038	hypothetical protein
Q8VU28	LBPJGIKI_02039	Lipopolysaccharide cholinephosphotransferase LicD1
Q8VU29	LBPJGIKI_02040	General stress protein A
G3GGB5	LBPJGIKI_02041	Undecaprenyl-phosphate galactosephosphotransferase Cps2E
Q8VU31	LBPJGIKI_02042	Tyrosine-protein kinase Cps2D
Q8VU32	LBPJGIKI_02043	Capsular biosynthesis protein Cps2C
Q8VU33	LBPJGIKI_02044	Tyrosine-protein phosphatase Cps2B
Q8VU34	LBPJGIKI_02045	Exopolysaccharide biosynthesis transcriptional regulator Cps2A
T2BQK0	LBPJGIKI_02046	ISNCY family transposase IS1202
T2BR30	LBPJGIKI_02047	hypothetical protein
A0A0T9HJ33	LBPJGIKI_02048	hypothetical protein
T2BQM1	LBPJGIKI_02049	IS3 family transposase ISSpn4
T2BR91	LBPJGIKI_02050	IS3 family transposase ISSpn4
T2BRK9	LBPJGIKI_02051	Glucan 1%2C6-alpha-glucosidase
A0A0T8DN78	LBPJGIKI_02052	ATP-dependent Zn protease
Q04MC2	LBPJGIKI_02053	Bifunctional S-ribosylhomocysteine lyase/autoinducer-2 production protein LuxS
T2BRN9	LBPJGIKI_02054	Putative ATP-dependent Clp proteinase ATP-binding subunit ClpL
T2BQ20	LBPJGIKI_02055	Phospho-N-acetylmuramoyl-pentapeptide- transferase
Q9RES9	LBPJGIKI_02056	Penicillin-binding protein 2X
T2BRR5	LBPJGIKI_02057	Cell division protein FtsL
T2BRP5	LBPJGIKI_02058	16S rRNA (cytosine(1402)-N(4))-methyltransferase MraW
B2ISQ1	LBPJGIKI_02059	Transcriptional regulator%2C PbsX family
A0A0E8AI81	LBPJGIKI_02060	hypothetical protein
A0A4J1RZ57	LBPJGIKI_02061	Hypothetical protein
A0A0T9ZNZ7	LBPJGIKI_02062	Hypothetical protein
A0A0B7LTR1	LBPJGIKI_02063	hypothetical protein
C1CCA4	LBPJGIKI_02064	Transcriptional regulator RegR
A0A4V0JMN8	LBPJGIKI_02065	Oligohyaluronate lyase
Q8DR73	LBPJGIKI_02066	Preprotein translocase subunit YajC
C1CBA4	LBPJGIKI_02067	Hyaluronate-oligosaccharide-specific PTS IID component
Q8DR75	LBPJGIKI_02068	Hyaluronate-oligosaccharide-specific PTS IIC component
A0A064C3M0	LBPJGIKI_02069	Hyaluronate-oligosaccharide-specific PTS IIB component
C1CC98	LBPJGIKI_02070	Unsaturated chondroitin disaccharide hydrolase
Q8DR78	LBPJGIKI_02071	Hyaluronate-oligosaccharide-specific PTS IIA component
Q8DR79	LBPJGIKI_02072	2-deoxy-D-gluconate 3-dehydrogenase
C1CB98	LBPJGIKI_02073	Putative 4-deoxy-L-threo-5-hexosulose-uronate ketol-isomerase
A0A0E8Z8H5	LBPJGIKI_02074	2-dehydro-3-deoxygluconokinase
C1CB96	LBPJGIKI_02075	Bifunctional 4-hydroxy-2-oxoglutarate aldolase/2-dehydro-3-deoxyphosphogluconate aldolase
A0A0B7L7X1	LBPJGIKI_02076	IS200/IS605 family transposase ISStin10
A0A0T7ZGK7	LBPJGIKI_02077	IS4 family transposase ISSsu2
A0A0U0H759	LBPJGIKI_02078	IS4 family transposase ISSsu2
A0A4P0A3L8	LBPJGIKI_02079	Hyaluronate lyase precursor SpnHL
A0A0B7M5K6	LBPJGIKI_02080	Glutathione peroxidase family protein
	LBPJGIKI_02081	SpF11_sRNA
	LBPJGIKI_02081	
A0A0E8Z0L1	LBPJGIKI_02082	Maltodextrin glucosidase
	LBPJGIKI_02083	SpF10_sRNA
	LBPJGIKI_02083	
A0A655GS10	LBPJGIKI_02084	IS1380 family transposase ISSpn5
A0A0B7MBD8	LBPJGIKI_02085	Cellobiose-specific PTS IIC component
A0A0B7MAQ0	LBPJGIKI_02086	Hypothetical protein
B2ISN1	LBPJGIKI_02087	Cellobiose-specific PTS IIA component
A0A0T7Z2R4	LBPJGIKI_02088	Transcriptional antiterminator of lichenan operon%2C BglG family
C1CB84	LBPJGIKI_02089	Cellobiose-specific PTS IIB component
Q8DR88	LBPJGIKI_02090	Hypothetical protein
A0A6I3U6L3	LBPJGIKI_02091	6-phospho-beta-glucosidase
A0A064BVQ4	LBPJGIKI_02092	Hypothetical protein
Q8CWU4	LBPJGIKI_02093	SSU ribosomal protein S9p (S16e)
Q8CWU5	LBPJGIKI_02094	LSU ribosomal protein L13p (L13Ae)
	LBPJGIKI_02095	L13_leader
	LBPJGIKI_02095	
Q8CZ79	LBPJGIKI_02096	Hypothetical protein
C1CC82	LBPJGIKI_02097	Bifunctional dihydroneopterin aldolase/2-amino-4-hydroxy-6-hydroxymethyldihydropteridine pyrophosphokinase
P51595	LBPJGIKI_02098	GTP cyclohydrolase I type 1
C1CC80	LBPJGIKI_02099	Bifunctional dihydrofolate synthase/folylpolyglutamate synthase
A0A0B4ZIS6	LBPJGIKI_02100	Dihydropteroate synthase
A0A4J2B0C7	LBPJGIKI_02101	Membrane-bound protease%2C CAAX family
A0AA86X7D6	LBPJGIKI_02102	Guanine-hypoxanthine permease
A0A822RJT4	LBPJGIKI_02103	Hydrolase%2C HAD superfamily
Q8DR96	LBPJGIKI_02104	Alcohol dehydrogenase
A0A0E8A7T8	LBPJGIKI_02105	Mannose-specific PTS IIAB components
Q8DR98	LBPJGIKI_02106	Mannose-specific PTS IIC component
Q8DR99	LBPJGIKI_02107	Mannose-specific PTS IID component
Q8DRA0	LBPJGIKI_02108	Aminopeptidase C
A0A0T8TBI8	LBPJGIKI_02109	Ribosomal small subunit pseudouridine synthase A
Q8DRA2	LBPJGIKI_02110	Membrane protein
C1CC67	LBPJGIKI_02111	Aminopeptidase PepS
C1CC66	LBPJGIKI_02112	Hypothetical protein
Q8DRA4	LBPJGIKI_02113	mRNA interferase RelE1
Q8CZ81	LBPJGIKI_02114	Antitoxin RelB1
A0AA86X8C7	LBPJGIKI_02115	DNA polymerase III
C1CPE5	LBPJGIKI_02116	Translation elongation factor G
Q8CWU6	LBPJGIKI_02117	SSU ribosomal protein S7p (S5e)
E2DP60	LBPJGIKI_02118	SSU ribosomal protein S12p (S23e)
A0AAD2KE37	LBPJGIKI_02119	Pullulanase SpuA
A0A098Z6A0	LBPJGIKI_02120	Oxidoreductase
A0A9P1M200	LBPJGIKI_02121	Glucosamine--fructose-6-phosphate aminotransferase
Q8DRA9	LBPJGIKI_02122	6-phospho-beta-glucosidase
A0A0B7L2A5	LBPJGIKI_02123	Prolyl-tRNA synthetase
Q8DRB1	LBPJGIKI_02124	Intramembrane protease Eep
C1CB37	LBPJGIKI_02125	Phosphatidate cytidylyltransferase
Q8DRB3	LBPJGIKI_02126	Undecaprenyl diphosphate synthase
	LBPJGIKI_02127	csRNA
	LBPJGIKI_02127	
C1CC51	LBPJGIKI_02128	Hypothetical protein
Q8CWU7	LBPJGIKI_02129	Holliday junction DNA helicase RuvB
	LBPJGIKI_02130	csRNA
	LBPJGIKI_02130	
	LBPJGIKI_02131	csRNA
	LBPJGIKI_02131	
B1I8Y5	LBPJGIKI_02132	Acetyltransferase%2C GNAT family
B1I8Y4	LBPJGIKI_02133	Acetyltransferase%2C GNAT family
B1I8Y3	LBPJGIKI_02134	hypothetical protein
A0A4J2DCQ4	LBPJGIKI_02135	Leucyl-tRNA synthetase
Q8DRB7	LBPJGIKI_02136	Glycerol dehydrogenase
B1I8Y0	LBPJGIKI_02137	Transaldolase
Q8DRB9	LBPJGIKI_02138	Pyruvate formate-lyase
A0AA86Y2D7	LBPJGIKI_02139	Cellobiose-specific PTS IIC component
Q8DRC1	LBPJGIKI_02140	Cellobiose-specific PTS IIB component
C1CC41	LBPJGIKI_02141	Cellobiose-specific PTS IIA component
C1CC40	LBPJGIKI_02142	Transcriptional regulator
A0AA86Y1E1	LBPJGIKI_02143	Transcriptional regulator%2C DeoR family
C1CAP6	LBPJGIKI_02144	Pyruvate formate-lyase activating enzyme
A0A0H2UN78	LBPJGIKI_02145	ABC transporter%2C substrate-binding protein
B1I8M9	LBPJGIKI_02146	Ferric iron ABC transporter ATP-binding protein
A0A6G2D9G8	LBPJGIKI_02147	Ferric iron ABC transporter ATP-binding protein
A0AAE9U2Z6	LBPJGIKI_02148	Iron(III)-transport system permease protein SfuB
B2IS61	LBPJGIKI_02149	Iron(III)-transport system permease protein SfuB
B1I8M8	LBPJGIKI_02150	Phosphoglycerate mutase family protein
	LBPJGIKI_02151	csRNA
	LBPJGIKI_02151	
Q97ST4	LBPJGIKI_02152	hypothetical protein
C1CC34	LBPJGIKI_02153	ACT domain-containing transcriptional regulator
	LBPJGIKI_02154	L17DE
	LBPJGIKI_02154	
Q8CWU8	LBPJGIKI_02155	LSU ribosomal protein L17p
Q04ML1	LBPJGIKI_02156	DNA-directed RNA polymerase alpha subunit
Q04ML2	LBPJGIKI_02157	SSU ribosomal protein S11p (S14e)
Q04ML3	LBPJGIKI_02158	SSU ribosomal protein S13p (S18e)
P0A496	LBPJGIKI_02159	LSU ribosomal protein L36p
Q04ML4	LBPJGIKI_02160	Translation initiation factor 1
Q8DRD4	LBPJGIKI_02161	Adenylate kinase
Q8DRD5	LBPJGIKI_02162	Protein translocase subunit SecY
Q97SU3	LBPJGIKI_02163	LSU ribosomal protein L15p (L27Ae)
Q97SU4	LBPJGIKI_02164	LSU ribosomal protein L30p (L7e)
Q04ML9	LBPJGIKI_02165	SSU ribosomal protein S5p (S2e)
Q97SU6	LBPJGIKI_02166	LSU ribosomal protein L18p (L5e)
Q8CWV3	LBPJGIKI_02167	LSU ribosomal protein L6p (L9e)
Q04MM2	LBPJGIKI_02168	SSU ribosomal protein S8p (S15Ae)
Q04MM3	LBPJGIKI_02169	SSU ribosomal protein S14p (S29e)
Q97SV1	LBPJGIKI_02170	LSU ribosomal protein L5p (L11e)
Q04MM5	LBPJGIKI_02171	LSU ribosomal protein L24p (L26e)
Q04MM6	LBPJGIKI_02172	LSU ribosomal protein L14p (L23e)
Q04MM7	LBPJGIKI_02173	SSU ribosomal protein S17p (S11e)
A0A0B7M1U7	LBPJGIKI_02174	LSU ribosomal protein L29p (L35e)
Q04MM9	LBPJGIKI_02175	LSU ribosomal protein L16p (L10e)
Q04MN0	LBPJGIKI_02176	SSU ribosomal protein S3p (S3e)
Q04MN1	LBPJGIKI_02177	LSU ribosomal protein L22p (L17e)
Q04MN2	LBPJGIKI_02178	SSU ribosomal protein S19p (S15e)
Q97SV2	LBPJGIKI_02179	LSU ribosomal protein L2p (L8e)
Q97SV3	LBPJGIKI_02180	LSU ribosomal protein L23p (L23Ae)
Q8CWV7	LBPJGIKI_02181	LSU ribosomal protein L4p (L1e)
Q97SV5	LBPJGIKI_02182	LSU ribosomal protein L3p (L3e)
Q04MN7	LBPJGIKI_02183	SSU ribosomal protein S10p (S20e)
Q8CZ85	LBPJGIKI_02184	Hypothetical protein
C1CAK9	LBPJGIKI_02185	Ribonucleotide reductase of class III%2C activating protein
A0A064BZX0	LBPJGIKI_02186	Acetyltransferase
A0A0T7ZUG9	LBPJGIKI_02187	Ribonucleotide reductase of class III%2C large subunit
A0A6G2D9D3	LBPJGIKI_02188	Competence-damage induced protein
Q8DRD8	LBPJGIKI_02189	Hypothetical protein
Q8DRD9	LBPJGIKI_02190	Cardiolipin synthetase
A0A0E8YXY9	LBPJGIKI_02191	Hypothetical protein
A0A9P1LVP1	LBPJGIKI_02192	Bifunctional dihydrofolate synthase/folylpolyglutamate synthase
Q97SX0	LBPJGIKI_02193	Hypothetical protein
Q8DRE2	LBPJGIKI_02194	Putative pre-16S rRNA nuclease YqgF
Q97SX1	LBPJGIKI_02195	Hypothetical protein
A0A0B7MB49	LBPJGIKI_02196	Hypothetical protein
Q8DRE3	LBPJGIKI_02197	Transcriptional regulator SpxA2
A0AA87C743	LBPJGIKI_02198	ISSpn8 transposase
A0AA87C4P0	LBPJGIKI_02199	ISSpn8 transposase
A0A0B7LMP9	LBPJGIKI_02200	MP-%2CMA-%2CMS-%2CAP-%2CNP-specific aminopeptidase YpdF
P63385	LBPJGIKI_02201	Excinuclease ABC subunit A UvrA
Q8DRE5	LBPJGIKI_02202	Magnesium and cobalt transport protein CorA1
A0A064C1E4	LBPJGIKI_02203	Integral membrane protein
A0AA47CMU8	LBPJGIKI_02204	Muramoyltetrapeptide carboxypeptidase
A0A0I9JB42	LBPJGIKI_02205	CAAX amino terminal protease family protein
A0A0B7M4M9	LBPJGIKI_02206	DNA-3-methyladenine glycosylase
Q97SY4	LBPJGIKI_02207	Holliday junction DNA helicase RuvA
	LBPJGIKI_02208	FMN
	LBPJGIKI_02208	
A0A0D6J4V4	LBPJGIKI_02209	Bifunctional diaminohydroxyphosphoribosylaminopyrimidine deaminase/5-amino-6-(5-phosphoribosylamino)uracil reductase RibD
B2IS13	LBPJGIKI_02210	Riboflavin synthase RibE
C1CBY0	LBPJGIKI_02211	Bifunctional 3%2C4-dihydroxy-2-butanone 4-phosphate synthase/GTP cyclohydrolase II RibB
Q04MR3	LBPJGIKI_02212	6%2C7-dimethyl-8-ribityllumazine synthase RibH
A4L7L5	LBPJGIKI_02213	DNA mismatch repair protein HexB
Q8DR99	LBPJGIKI_02214	hypothetical protein
C1C719	LBPJGIKI_02215	hypothetical protein
Q4JZ56	LBPJGIKI_02216	IS5 family transposase ISSth7
A0A558ZTP0	LBPJGIKI_02217	hypothetical protein
A0A4J2DEC5	LBPJGIKI_02218	hypothetical protein
A0AA86XRB6	LBPJGIKI_02219	hypothetical protein
A0A4J2FYN9	LBPJGIKI_02220	Putative transcriptional regulator PlcR
	LBPJGIKI_02221	SpF56_sRNA
	LBPJGIKI_02221	
C1CBX7	LBPJGIKI_02222	DNA-binding protein
Q8CZ92	LBPJGIKI_02223	Hypothetical protein
B2IS07	LBPJGIKI_02224	NRAMP family Mn2+/Fe2+ transporter
Q97T03	LBPJGIKI_02225	Ribonucleotide reduction protein NrdI
C1CBX3	LBPJGIKI_02226	Hypothetical protein
C1CAH7	LBPJGIKI_02227	Two-component system response regulator
A0AAE9QNB6	LBPJGIKI_02228	Two-component system sensor histidine kinase
C1CBX0	LBPJGIKI_02229	Hypothetical protein
A0A0B7LBC3	LBPJGIKI_02230	Substrate-specific component of putative ECF transporter
C1CAH3	LBPJGIKI_02231	Methionine ABC transporter permease protein
A0A0B7M428	LBPJGIKI_02232	Methionine ABC transporter ATP-binding protein
C1CAH1	LBPJGIKI_02233	N-acyl-L-amino acid amidohydrolase
A0A0B7M2U4	LBPJGIKI_02234	Methionine ABC transporter substrate-binding protein
Q8DRG2	LBPJGIKI_02235	Cysteine ABC transporter substrate-binding protein
C1CBW3	LBPJGIKI_02236	hypothetical protein
A0A4J1XV58	LBPJGIKI_02237	hypothetical protein
A0A4F7HD21	LBPJGIKI_02238	Hypothetical protein
A0A558SKU0	LBPJGIKI_02239	Macrolide-efflux protein
Q8CZ96	LBPJGIKI_02240	Hypothetical protein
C1CAG4	LBPJGIKI_02241	hypothetical protein
A0A0T9IL74	LBPJGIKI_02242	Positive transcriptional regulator%2C MutR family
A0A4J1QXM4	LBPJGIKI_02243	UDP-glucose 6-dehydrogenase
A0A0T9IL85	LBPJGIKI_02244	UDP-glucose 6-dehydrogenase
A0A0I7YXD8	LBPJGIKI_02245	Hypothetical protein
A0A0B7L2P0	LBPJGIKI_02246	hypothetical protein
C1CBV4	LBPJGIKI_02247	ABC transporter ATP-binding protein
A0A4L1JLT3	LBPJGIKI_02248	Family 2 glycosyltransferase
A0A2R2HX22	LBPJGIKI_02249	Exopolysaccharide biosynthesis glycosyltransferase EpsF
A0AA86Y2L2	LBPJGIKI_02250	Exopolysaccharide biosynthesis glycosyltransferase EpsF
	LBPJGIKI_02251	Srn266
	LBPJGIKI_02251	
A0A4J1XA70	LBPJGIKI_02252	IS1167 transposase
C1CBV1	LBPJGIKI_02253	IS1167 transposase Orf2
A0A4N2RKP1	LBPJGIKI_02254	N(6)-L-threonylcarbamoyladenine synthase TsaD
A0A0T9IEG4	LBPJGIKI_02255	Ribosomal-protein-S18p-alanine acetyltransferase
A0A0E8Z5L6	LBPJGIKI_02256	tRNA threonylcarbamoyladenosine biosynthesis protein TsaB
Q8CZA0	LBPJGIKI_02257	Two-peptide bacteriocin peptide CibA
C1CAF2	LBPJGIKI_02258	Two-peptide bacteriocin peptide CibB
A0A0B7LYL1	LBPJGIKI_02259	Hypothetical protein
B1I837	LBPJGIKI_02260	Hypothetical protein
A0A0E8HAF7	LBPJGIKI_02261	Ribonuclease J1 (endonuclease and 5' exonuclease)
C1CBU2	LBPJGIKI_02262	tRNA uridine 5-carboxymethylaminomethyl modification enzyme MnmG
C1CBU1	LBPJGIKI_02263	MutT/Nudix family protein
	LBPJGIKI_02264	Spd-sr37
	LBPJGIKI_02264	
C1CI29	LBPJGIKI_02265	tRNA-specific 2-thiouridylase MnmA
A0A1W6AYZ7	LBPJGIKI_02266	Surface protein PspA precursor
A0A0D6J4Z7	LBPJGIKI_02267	hypothetical protein
C1CBT8	LBPJGIKI_02268	hypothetical protein
	LBPJGIKI_02269	Bacilli-1
	LBPJGIKI_02269	
	LBPJGIKI_02270	SpF03_sRNA
	LBPJGIKI_02270	
A0A4J1QTX9	LBPJGIKI_02271	Pyridoxamine 5'-phosphate oxidase
A0A4J1UK32	LBPJGIKI_02272	Hypothetical protein
A0A5R9AVG2	LBPJGIKI_02273	Hypothetical protein
A0A4J1XGG0	LBPJGIKI_02274	Hypothetical protein
A0A0B7LY00	LBPJGIKI_02275	Hypothetical protein
A0A0T9HUM3	LBPJGIKI_02276	Hypothetical protein
A0A4P0AJ55	LBPJGIKI_02277	Hypothetical protein
A0AAE4FY13	LBPJGIKI_02278	Hypothetical protein
A0A0E9A260	LBPJGIKI_02279	Hypothetical protein
A0A4F8JWC9	LBPJGIKI_02280	hypothetical protein
A0A0T8KQ01	LBPJGIKI_02281	Lactococcin-G-processing and transport ATP-binding protein LagD
A0AA36V981	LBPJGIKI_02282	Hypothetical protein
	LBPJGIKI_02283	SpF03_sRNA
	LBPJGIKI_02283	
A0A0T7NN28	LBPJGIKI_02284	Hypothetical protein
A0A0B7LHA5	LBPJGIKI_02285	Hypothetical protein
	LBPJGIKI_02286	Srn266
	LBPJGIKI_02286	
A0A4J1X8U4	LBPJGIKI_02287	IS1167 transposase Orf1
A0AA95D7A8	LBPJGIKI_02288	hypothetical protein
A0AA95IJ56	LBPJGIKI_02289	IS1167 transposase
	LBPJGIKI_02290	Bacilli-1
	LBPJGIKI_02290	
A0A6I3VHX5	LBPJGIKI_02291	Argininosuccinate synthase
B2IRI9	LBPJGIKI_02292	Amino acid ABC transporter substrate-binding/permease protein
Q8DRI7	LBPJGIKI_02293	ABC transporter ATP-binding protein
A0A0H2UN66	LBPJGIKI_02294	Amino acid ABC transporter membrane-spanning permease
C1CAC3	LBPJGIKI_02295	Putative bacteriocin
C1CAC1	LBPJGIKI_02296	Aggregation-promoting factor
Q8DRI9	LBPJGIKI_02297	L-serine dehydratase%2C beta subunit
B1I804	LBPJGIKI_02298	L-serine dehydratase%2C alpha subunit
B2IRI1	LBPJGIKI_02299	Phosphoglycolate phosphatase
C1CBR9	LBPJGIKI_02300	Putative UDP-GlcNAc 4%2C6-dehydratase AatA
A0A4J2GNK4	LBPJGIKI_02301	Glycosyltransferase%2C group 2 family
B1I7Z9	LBPJGIKI_02302	Cyanate permease
Q8DRJ5	LBPJGIKI_02303	Transcriptional regulator%2C PadR family
C1CBR5	LBPJGIKI_02304	Integral membrane protein (putative)
B2IRH4	LBPJGIKI_02305	Putative membrane-associated protein
A0A0T7Z4V4	LBPJGIKI_02306	Putative membrane protein
A0A0U0QBL2	LBPJGIKI_02307	tRNA (5-methylaminomethyl-2-thiouridylate)-methyltransferase
C1CNW3	LBPJGIKI_02308	hypothetical protein
B2IRH0	LBPJGIKI_02309	ABC transporter substrate-binding protein
B2IRG9	LBPJGIKI_02310	ABC transporter permease protein
Q8DRJ8	LBPJGIKI_02311	Multiple sugar ABC transporter%2C membrane-spanning permease protein
A0A559G0I4	LBPJGIKI_02312	hypothetical protein
	LBPJGIKI_02313	SpF01_sRNA
	LBPJGIKI_02313	
Q04MZ3	LBPJGIKI_02314	SSU ribosomal protein S4p (S9e)
A0A0E7TVM4	LBPJGIKI_02315	Two-component system sensor histidine kinase
B2IRG2	LBPJGIKI_02316	Two-component system response regulator
A0A4J1QZH3	LBPJGIKI_02317	Cell wall surface anchor family protein PavB
A0A0T7T0Q3	LBPJGIKI_02318	hypothetical protein
A0A0U0JXG0	LBPJGIKI_02319	hypothetical protein
A0A098Z228	LBPJGIKI_02320	Hypothetical protein
Q8DRK4	LBPJGIKI_02321	Trk family potassium uptake protein CabP
C1CBP8	LBPJGIKI_02322	Trk family potassium uptake protein
A0A0B7LLH2	LBPJGIKI_02323	Uridine phosphorylase
B2IRF1	LBPJGIKI_02324	Sulfurtransferase
A0A0U0HQP9	LBPJGIKI_02325	hypothetical protein
A0A0T8PBX3	LBPJGIKI_02326	Hypothetical protein
A0A0E8AHW1	LBPJGIKI_02327	Glyoxalase family protein
A0A0B7M4V6	LBPJGIKI_02328	Aldose 1-epimerase
A0A0T8PC62	LBPJGIKI_02329	Galactosamine-6-phosphate isomerase
A0A4J1UN11	LBPJGIKI_02330	Galactosamine-specific PTS IIA component
B2IRE5	LBPJGIKI_02331	Galactosamine-specific PTS IID component
C1CBN7	LBPJGIKI_02332	Galactosamine-specific PTS IIC component
Q8DRL3	LBPJGIKI_02333	Galactosamine-specific PTS IIB component
A0A0T9HBE3	LBPJGIKI_02334	Beta-galactosidase
A0A0H2UMU7	LBPJGIKI_02335	Transcriptional regulator%2C GntR family
A0A4J2FK67	LBPJGIKI_02336	Beta-hexosaminidase StrH
C1C9W0	LBPJGIKI_02337	Adenylosuccinate lyase
Q8CZC6	LBPJGIKI_02338	Hypothetical protein
A0A0E9GUQ6	LBPJGIKI_02339	N5-carboxyaminoimidazole ribonucleotide synthase
C1CBM9	LBPJGIKI_02340	N5-carboxyaminoimidazole ribonucleotide mutase
A0A0E9GVX5	LBPJGIKI_02341	Phosphoribosylamine--glycine ligase
A0A0B7LXN4	LBPJGIKI_02342	Bifunctional inosine monophosphate cyclohydrolase/phosphoribosylaminoimidazolecarboxamide formyltransferase
A0A0B7LES9	LBPJGIKI_02343	Teicoplanin resistance protein VanZ
Q8DRM3	LBPJGIKI_02344	Phosphoribosylglycinamide formyltransferase
A0A062WPB5	LBPJGIKI_02345	Phosphoribosylformylglycinamidine cyclo-ligase
C1C9V0	LBPJGIKI_02346	Amidophosphoribosyltransferase
A0A0B7L8L0	LBPJGIKI_02347	Phosphoribosylformylglycinamidine synthase%2C synthetase and glutamine amidotransferase subunits
A0A558ZGD3	LBPJGIKI_02348	Phosphoribosylaminoimidazole-succinocarboxamide synthase
A0A4J2E2F0	LBPJGIKI_02349	Competence-stimulating peptide ABC transporter permease protein ComB
A0A4J1VXZ6	LBPJGIKI_02350	Competence-stimulating peptide ABC transporter ATP-binding protein ComA
A0A0T8DSG3	LBPJGIKI_02351	Hypothetical protein
A0A0E7TUS9	LBPJGIKI_02352	Bacteriocin BlpU
A0A0T7L5I9	LBPJGIKI_02353	IS1381 transposase OrfB
Q9F7T4	LBPJGIKI_02354	Acyl carrier protein
C1C9T4	LBPJGIKI_02355	Phosphate:acyl-ACP acyltransferase PlsX
Q97TA7	LBPJGIKI_02356	DNA recombination and repair protein RecO
C1C9T2	LBPJGIKI_02357	N-acetyl-L%2CL-diaminopimelate aminotransferase
A0A0T8E2N1	LBPJGIKI_02358	Putative membrane protein YeiH
A0A380L9W6	LBPJGIKI_02359	hypothetical protein
A0A0T9HBH5	LBPJGIKI_02360	CoA-binding protein
A0A6G2DBM1	LBPJGIKI_02361	DNA polymerase I
A0A0B7L6Z9	LBPJGIKI_02362	hypothetical protein
A0A0T8NRU7	LBPJGIKI_02363	hypothetical protein
	LBPJGIKI_02364	Srn266
	LBPJGIKI_02364	
A0A0U0IDH7	LBPJGIKI_02365	hypothetical protein
B2IR17	LBPJGIKI_02366	Ribose-phosphate pyrophosphokinase
A0A0T9IXJ0	LBPJGIKI_02367	hypothetical protein
C1CHC1	LBPJGIKI_02368	Carbonic anhydrase
C1CHC0	LBPJGIKI_02369	DNA repair protein RadA
A0A0U0QB31	LBPJGIKI_02370	Hypothetical protein
Q8DRP2	LBPJGIKI_02371	Deoxyuridine 5'-triphosphate nucleotidohydrolase
	LBPJGIKI_02372	Bacteria_small_SRP
	LBPJGIKI_02372	
A0A0T7NMR3	LBPJGIKI_02373	tRNA-specific adenosine-34 deaminase
A0A0B7M596	LBPJGIKI_02374	hypothetical protein
C1CHB7	LBPJGIKI_02375	hypothetical protein
A0A4J2GGC4	LBPJGIKI_02376	Autolysin/N-acetylmuramoyl-L-alanine amidase LytA
A0A264SCZ5	LBPJGIKI_02377	hypothetical protein
B1I7B7	LBPJGIKI_02378	hypothetical protein
A0A098AND1	LBPJGIKI_02379	hypothetical protein
A0A098ANF0	LBPJGIKI_02380	hypothetical protein
M9QYV5	LBPJGIKI_02381	hypothetical protein
A0A6G2D512	LBPJGIKI_02382	hypothetical protein
A0A4K2BVD1	LBPJGIKI_02383	hypothetical protein
A0A4K2BVE4	LBPJGIKI_02384	Chromosome partition protein Smc
A0A0E8ZPI9	LBPJGIKI_02385	hypothetical protein
A0AA95D967	LBPJGIKI_02386	hypothetical protein
A0A098ANC5	LBPJGIKI_02387	hypothetical protein
A0A4L2H716	LBPJGIKI_02388	hypothetical protein
A0A098AND2	LBPJGIKI_02389	hypothetical protein
A0A098APR9	LBPJGIKI_02390	hypothetical protein
A0A4L2H8N8	LBPJGIKI_02391	hypothetical protein
A0A4L2H725	LBPJGIKI_02392	hypothetical protein
A0A098ANM2	LBPJGIKI_02393	hypothetical protein
A0A4V0IS53	LBPJGIKI_02394	hypothetical protein
A0A062WVS8	LBPJGIKI_02395	hypothetical protein
A0A4K2BVS7	LBPJGIKI_02396	hypothetical protein
A0A0D6J5W2	LBPJGIKI_02397	hypothetical protein
A0A062WSH4	LBPJGIKI_02398	hypothetical protein
A0A4K2BVT8	LBPJGIKI_02399	Tyrosine recombinase XerC
A0AAE4FZ62	LBPJGIKI_02400	hypothetical protein
A0A4K2BVZ4	LBPJGIKI_02401	hypothetical protein
A0A0Z9Z259	LBPJGIKI_02402	hypothetical protein
M9QYX1	LBPJGIKI_02403	hypothetical protein
A0A4V0JWJ8	LBPJGIKI_02404	hypothetical protein
A0AAE4JXH1	LBPJGIKI_02405	hypothetical protein
A0A0E8ZPL8	LBPJGIKI_02406	hypothetical protein
A0A0B7LWR7	LBPJGIKI_02407	hypothetical protein
A0A4J1U4J7	LBPJGIKI_02408	hypothetical protein
A0AAE9U3M4	LBPJGIKI_02409	hypothetical protein
A0A0T9H8M7	LBPJGIKI_02410	hypothetical protein
C1C9N1	LBPJGIKI_02411	hypothetical protein
A0A0B7LXU2	LBPJGIKI_02412	hypothetical protein
B1I794	LBPJGIKI_02413	hypothetical protein
A0AA86MCV0	LBPJGIKI_02414	hypothetical protein
A0AA95D984	LBPJGIKI_02415	hypothetical protein
A0A4N9BV51	LBPJGIKI_02416	hypothetical protein
A0A098ANM8	LBPJGIKI_02417	hypothetical protein
A0A098ANK8	LBPJGIKI_02418	hypothetical protein
A0A098APZ8	LBPJGIKI_02419	hypothetical protein
C1C9M3	LBPJGIKI_02420	hypothetical protein
A0A660ES69	LBPJGIKI_02421	hypothetical protein
A0A4V0IQR9	LBPJGIKI_02422	hypothetical protein
A0A4J1VGC2	LBPJGIKI_02423	hypothetical protein
A0AA36VAF7	LBPJGIKI_02424	hypothetical protein
A0A0E8ZQQ3	LBPJGIKI_02425	hypothetical protein
A0A4F8KXC3	LBPJGIKI_02426	Tyrosine recombinase XerC
	LBPJGIKI_02427	csRNA
	LBPJGIKI_02427	
C1CHA1	LBPJGIKI_02428	Adenylosuccinate synthetase
A0A0T9H8J6	LBPJGIKI_02429	Competence positive regulator ComW
A0A0T9GWL8	LBPJGIKI_02430	IS1167 transposase Orf1
	LBPJGIKI_02431	tRNA-Asn(gtt)
	LBPJGIKI_02431	
	LBPJGIKI_02432	5S ribosomal RNA
	LBPJGIKI_02432	
	LBPJGIKI_02433	23S ribosomal RNA
	LBPJGIKI_02433	
	LBPJGIKI_02434	tRNA-Ala(tgc)
	LBPJGIKI_02434	
	LBPJGIKI_02435	16S ribosomal RNA
	LBPJGIKI_02435	
	LBPJGIKI_02436	tRNA-Glu(ttc)
	LBPJGIKI_02436	
A0A0B7L0R5	LBPJGIKI_02437	Competence-specific sigma factor ComX
P59652	LBPJGIKI_02438	Cell division protein FtsH
C1C993	LBPJGIKI_02439	Hypoxanthine-guanine phosphoribosyltransferase
C1CNP4	LBPJGIKI_02440	tRNA(Ile)-lysidine synthetase TilS
C1C991	LBPJGIKI_02441	Hypothetical protein
C1CH89	LBPJGIKI_02442	Hypothetical protein
Q8CZD2	LBPJGIKI_02443	Cell division protein DivIC
P64406	LBPJGIKI_02444	Ribosome-associated heat shock protein
A0A0T7KVI4	LBPJGIKI_02445	Transcription-repair coupling factor
C1CNN8	LBPJGIKI_02446	Peptidyl-tRNA hydrolase
Q8DRQ3	LBPJGIKI_02447	GTP-binding and nucleic acid-binding protein YchF
