uniprot	locus_tag	product
A0A654YWX5	GCCANGDB_00001	hypothetical protein
P0C2H1	GCCANGDB_00002	hypothetical protein
A0A098APJ7	GCCANGDB_00003	hypothetical protein
A0A098AQB6	GCCANGDB_00004	hypothetical protein
A0A098APE9	GCCANGDB_00005	Tyrosine recombinase XerC
Q8DRQ3	GCCANGDB_00006	GTP-binding and nucleic acid-binding protein YchF
C1CNN8	GCCANGDB_00007	Peptidyl-tRNA hydrolase
A0A0T8NI77	GCCANGDB_00008	Transcription-repair coupling factor
P64406	GCCANGDB_00009	Ribosome-associated heat shock protein
Q8CZD2	GCCANGDB_00010	Cell division protein DivIC
A0A0E8ADH2	GCCANGDB_00011	Hypothetical protein
A0A0T8R1P4	GCCANGDB_00012	Hypothetical protein
C1CNP4	GCCANGDB_00013	tRNA(Ile)-lysidine synthetase TilS
C1C993	GCCANGDB_00014	Hypoxanthine-guanine phosphoribosyltransferase
P59652	GCCANGDB_00015	Cell division protein FtsH
Q9R2W8	GCCANGDB_00016	Competence-specific sigma factor ComX
	GCCANGDB_00017	tRNA-Glu(ttc)
	GCCANGDB_00017	
	GCCANGDB_00018	16S ribosomal RNA
	GCCANGDB_00018	
	GCCANGDB_00019	tRNA-Ala(tgc)
	GCCANGDB_00019	
	GCCANGDB_00020	23S ribosomal RNA
	GCCANGDB_00020	
	GCCANGDB_00021	5S ribosomal RNA
	GCCANGDB_00021	
	GCCANGDB_00022	tRNA-Asn(gtt)
	GCCANGDB_00022	
A0A0B7KRB2	GCCANGDB_00023	IS1167 transposase Orf1
A0A5R9AWI2	GCCANGDB_00024	Competence positive regulator ComW
C1CHA1	GCCANGDB_00025	Adenylosuccinate synthetase
	GCCANGDB_00026	csRNA
	GCCANGDB_00026	
C1C9L5	GCCANGDB_00027	Tyrosine recombinase XerC
B1I6W9	GCCANGDB_00028	hypothetical protein
B1I6X0	GCCANGDB_00029	hypothetical protein
B1I6X1	GCCANGDB_00030	hypothetical protein
B1I784	GCCANGDB_00031	hypothetical protein
B1I785	GCCANGDB_00032	hypothetical protein
B1I786	GCCANGDB_00033	hypothetical protein
C1C9M3	GCCANGDB_00034	hypothetical protein
B1I788	GCCANGDB_00035	hypothetical protein
B1I789	GCCANGDB_00036	hypothetical protein
B1I790	GCCANGDB_00037	hypothetical protein
B1I791	GCCANGDB_00038	hypothetical protein
B1I792	GCCANGDB_00039	hypothetical protein
B1I793	GCCANGDB_00040	hypothetical protein
B1I794	GCCANGDB_00041	hypothetical protein
A0A0B7LXU2	GCCANGDB_00042	hypothetical protein
C1C9N1	GCCANGDB_00043	hypothetical protein
A0A0B7M2V7	GCCANGDB_00044	hypothetical protein
A0A4P0AMV0	GCCANGDB_00045	hypothetical protein
A0A4J2FNA4	GCCANGDB_00046	hypothetical protein
A0A0I5KIB4	GCCANGDB_00047	hypothetical protein
B1I797	GCCANGDB_00048	hypothetical protein
B1I798	GCCANGDB_00049	Tyrosine recombinase XerC
B1I7A0	GCCANGDB_00050	hypothetical protein
B1I7A1	GCCANGDB_00051	hypothetical protein
A0A0I8Q137	GCCANGDB_00052	hypothetical protein
B1I7A3	GCCANGDB_00053	hypothetical protein
B1I7A4	GCCANGDB_00054	hypothetical protein
B1I7A5	GCCANGDB_00055	hypothetical protein
B1I7A6	GCCANGDB_00056	hypothetical protein
B1I7A7	GCCANGDB_00057	hypothetical protein
B1I7A8	GCCANGDB_00058	hypothetical protein
B1I7A9	GCCANGDB_00059	hypothetical protein
B1I7B0	GCCANGDB_00060	hypothetical protein
B1I7B2	GCCANGDB_00061	hypothetical protein
B1I7B3	GCCANGDB_00062	hypothetical protein
A0A4J1ZKH2	GCCANGDB_00063	hypothetical protein
M9QYV5	GCCANGDB_00064	hypothetical protein
A0A0D6J5C8	GCCANGDB_00065	hypothetical protein
B1I7B6	GCCANGDB_00066	hypothetical protein
B1I7B7	GCCANGDB_00067	hypothetical protein
A0A0T8RAK3	GCCANGDB_00068	hypothetical protein
A0A0U0AVP0	GCCANGDB_00069	Autolysin/N-acetylmuramoyl-L-alanine amidase LytA
C1CHB7	GCCANGDB_00070	hypothetical protein
A0A0B7M596	GCCANGDB_00071	hypothetical protein
A0A4F2S2H4	GCCANGDB_00072	tRNA-specific adenosine-34 deaminase
	GCCANGDB_00073	Bacteria_small_SRP
	GCCANGDB_00073	
Q8DRP2	GCCANGDB_00074	Deoxyuridine 5'-triphosphate nucleotidohydrolase
Q8DRP1	GCCANGDB_00075	Hypothetical protein
A0A916P522	GCCANGDB_00076	DNA repair protein RadA
C1CHC1	GCCANGDB_00077	Carbonic anhydrase
C1C9S3	GCCANGDB_00078	hypothetical protein
B2IR17	GCCANGDB_00079	Ribose-phosphate pyrophosphokinase
A0A0U0IDH7	GCCANGDB_00080	hypothetical protein
	GCCANGDB_00081	Srn266
	GCCANGDB_00081	
B1I7H8	GCCANGDB_00082	hypothetical protein
C1CHC8	GCCANGDB_00083	hypothetical protein
A0A6G2DBM1	GCCANGDB_00084	DNA polymerase I
A0A4J2F467	GCCANGDB_00085	CoA-binding protein
A0A4J2ELK0	GCCANGDB_00086	Hypothetical protein
A0A0T8MW21	GCCANGDB_00087	Putative membrane protein YeiH
A0A0B7M3R1	GCCANGDB_00088	N-acetyl-L%2CL-diaminopimelate aminotransferase
Q97TA7	GCCANGDB_00089	DNA recombination and repair protein RecO
Q97TA6	GCCANGDB_00090	Phosphate:acyl-ACP acyltransferase PlsX
Q9F7T4	GCCANGDB_00091	Acyl carrier protein
A0AA86XDH7	GCCANGDB_00092	IS1381 transposase OrfB
A0A064C448	GCCANGDB_00093	Bacteriocin BlpU
C1CHD8	GCCANGDB_00094	Hypothetical protein
A0A4J2DYE4	GCCANGDB_00095	Competence-stimulating peptide ABC transporter ATP-binding protein ComA
A0A0B7L1W6	GCCANGDB_00096	Competence-stimulating peptide ABC transporter permease protein ComB
A0A6G2DJL3	GCCANGDB_00097	Phosphoribosylaminoimidazole-succinocarboxamide synthase
A0A0B7L8L0	GCCANGDB_00098	Phosphoribosylformylglycinamidine synthase%2C synthetase and glutamine amidotransferase subunits
A0AAD2I5X4	GCCANGDB_00099	Amidophosphoribosyltransferase
Q8DRM4	GCCANGDB_00100	Phosphoribosylformylglycinamidine cyclo-ligase
Q8DRM3	GCCANGDB_00101	Phosphoribosylglycinamide formyltransferase
A0AAD2I7E3	GCCANGDB_00102	Teicoplanin resistance protein VanZ
A0AAD2I7U8	GCCANGDB_00103	Bifunctional inosine monophosphate cyclohydrolase/phosphoribosylaminoimidazolecarboxamide formyltransferase
A0AAD2Q8U5	GCCANGDB_00104	Phosphoribosylamine--glycine ligase
C1CBM9	GCCANGDB_00105	N5-carboxyaminoimidazole ribonucleotide mutase
A0A0T8NIT2	GCCANGDB_00106	N5-carboxyaminoimidazole ribonucleotide synthase
C1C9V9	GCCANGDB_00107	Hypothetical protein
C1C9W0	GCCANGDB_00108	Adenylosuccinate lyase
A0A654UC01	GCCANGDB_00109	Beta-hexosaminidase StrH
A0A0T7YU00	GCCANGDB_00110	Transcriptional regulator%2C GntR family
C1C9W3	GCCANGDB_00111	Beta-galactosidase
Q8DRL3	GCCANGDB_00112	Galactosamine-specific PTS IIB component
C1CBN7	GCCANGDB_00113	Galactosamine-specific PTS IIC component
B2IRE5	GCCANGDB_00114	Galactosamine-specific PTS IID component
Q8DRL0	GCCANGDB_00115	Galactosamine-specific PTS IIA component
A0A0B7KP13	GCCANGDB_00116	Galactosamine-6-phosphate isomerase
C1CBP1	GCCANGDB_00117	Aldose 1-epimerase
A0A9P1Q610	GCCANGDB_00118	Glyoxalase family protein
B1I7X5	GCCANGDB_00119	Hypothetical protein
A0A0U0HQP9	GCCANGDB_00120	hypothetical protein
C1C9X3	GCCANGDB_00121	hypothetical protein
A0A9P1QEP1	GCCANGDB_00122	Uridine phosphorylase
C1CBP8	GCCANGDB_00123	Trk family potassium uptake protein
Q8DRK4	GCCANGDB_00124	Trk family potassium uptake protein CabP
A0A098Z228	GCCANGDB_00125	Hypothetical protein
Q8DRK3	GCCANGDB_00126	hypothetical protein
A0A098Z1Y7	GCCANGDB_00127	hypothetical protein
A0A4J2DUM3	GCCANGDB_00128	Cell wall surface anchor family protein PavB
B2IRG2	GCCANGDB_00129	Two-component system response regulator
Q9S1J1	GCCANGDB_00130	Two-component system sensor histidine kinase
Q04MZ3	GCCANGDB_00131	SSU ribosomal protein S4p (S9e)
	GCCANGDB_00132	SpF01_sRNA
	GCCANGDB_00132	
A0A4J1R5A1	GCCANGDB_00133	Hypothetical protein
A0A0B7LF48	GCCANGDB_00134	Hypothetical protein
Q8DRJ8	GCCANGDB_00135	Multiple sugar ABC transporter%2C membrane-spanning permease protein
B2IRG9	GCCANGDB_00136	ABC transporter permease protein
B2IRH0	GCCANGDB_00137	ABC transporter substrate-binding protein
C1CHZ8	GCCANGDB_00138	hypothetical protein
A0AA44MX52	GCCANGDB_00139	tRNA (5-methylaminomethyl-2-thiouridylate)-methyltransferase
A0A6G2DUS2	GCCANGDB_00140	Putative membrane protein
A0AA44MVG9	GCCANGDB_00141	Putative membrane-associated protein
A0A0B7LL37	GCCANGDB_00142	Integral membrane protein (putative)
C1C9Z6	GCCANGDB_00143	Transcriptional regulator%2C PadR family
B1I7Z9	GCCANGDB_00144	Cyanate permease
A0AA44MU76	GCCANGDB_00145	Glycosyltransferase%2C group 2 family
C1CBR9	GCCANGDB_00146	Putative UDP-GlcNAc 4%2C6-dehydratase AatA
A0AAD2I466	GCCANGDB_00147	Phosphoglycolate phosphatase
Q8DRJ0	GCCANGDB_00148	L-serine dehydratase%2C alpha subunit
Q8DRI9	GCCANGDB_00149	L-serine dehydratase%2C beta subunit
A0A0B7LLH3	GCCANGDB_00150	Aggregation-promoting factor
C1CAC3	GCCANGDB_00151	Putative bacteriocin
C1CAC4	GCCANGDB_00152	Amino acid ABC transporter membrane-spanning permease
Q8DRI7	GCCANGDB_00153	ABC transporter ATP-binding protein
B2IRI9	GCCANGDB_00154	Amino acid ABC transporter substrate-binding/permease protein
A0A4J1ZJM5	GCCANGDB_00155	Argininosuccinate synthase
A0A6G2DX97	GCCANGDB_00156	Argininosuccinate synthase
C1CBS9	GCCANGDB_00157	Argininosuccinate lyase
	GCCANGDB_00158	Bacilli-1
	GCCANGDB_00158	
A0A6B9PEJ4	GCCANGDB_00159	Hypothetical protein
A0A9P1LV03	GCCANGDB_00160	Lactococcin-G-processing and transport ATP-binding protein LagD
A0A4J1XJ69	GCCANGDB_00161	hypothetical protein
C1CAD5	GCCANGDB_00162	Hypothetical protein
A0AA36PVD8	GCCANGDB_00163	Hypothetical protein
A0A4M3JZY8	GCCANGDB_00164	Hypothetical protein
A0A4J1QDB1	GCCANGDB_00165	Hypothetical protein
A0A6I3V6C5	GCCANGDB_00166	Hypothetical protein
B2IRJ8	GCCANGDB_00167	Hypothetical protein
A0A4V0JL77	GCCANGDB_00168	Hypothetical protein
A0A4J1YNB2	GCCANGDB_00169	Hypothetical protein
A0A4J1QTX9	GCCANGDB_00170	Pyridoxamine 5'-phosphate oxidase
	GCCANGDB_00171	SpF03_sRNA
	GCCANGDB_00171	
	GCCANGDB_00172	Bacilli-1
	GCCANGDB_00172	
A0A4P0AJH6	GCCANGDB_00173	hypothetical protein
B9W2C4	GCCANGDB_00174	hypothetical protein
A0A4J1WJS5	GCCANGDB_00175	tRNA-specific 2-thiouridylase MnmA
	GCCANGDB_00176	Spd-sr37
	GCCANGDB_00176	
C1CAE8	GCCANGDB_00177	MutT/Nudix family protein
Q97T36	GCCANGDB_00178	tRNA uridine 5-carboxymethylaminomethyl modification enzyme MnmG
Q8DRH7	GCCANGDB_00179	Ribonuclease J1 (endonuclease and 5' exonuclease)
A0A4J1XG09	GCCANGDB_00180	Hypothetical protein
B2IRK7	GCCANGDB_00181	Hypothetical protein
C1CAF2	GCCANGDB_00182	Two-peptide bacteriocin peptide CibB
A0AAD2I4V5	GCCANGDB_00183	Two-peptide bacteriocin peptide CibA
A0AA95D8M2	GCCANGDB_00184	tRNA threonylcarbamoyladenosine biosynthesis protein TsaB
A0A4J1XI04	GCCANGDB_00185	Ribosomal-protein-S18p-alanine acetyltransferase
A0A0E8GP02	GCCANGDB_00186	N(6)-L-threonylcarbamoyladenine synthase TsaD
C1CBV1	GCCANGDB_00187	IS1167 transposase Orf2
C1CAF8	GCCANGDB_00188	IS1167 transposase
	GCCANGDB_00189	Srn266
	GCCANGDB_00189	
B1I845	GCCANGDB_00190	Exopolysaccharide biosynthesis glycosyltransferase EpsF
B2IRL8	GCCANGDB_00191	Family 2 glycosyltransferase
C1CBV4	GCCANGDB_00192	ABC transporter ATP-binding protein
B2IRM0	GCCANGDB_00193	hypothetical protein
B2IRM1	GCCANGDB_00194	hypothetical protein
A0A0I7YXD8	GCCANGDB_00195	Hypothetical protein
Q8DRG5	GCCANGDB_00196	UDP-glucose 6-dehydrogenase
A0AA95IJR7	GCCANGDB_00197	Positive transcriptional regulator%2C MutR family
C1CAG4	GCCANGDB_00198	hypothetical protein
C1CBW0	GCCANGDB_00199	Hypothetical protein
A0AA86XBQ7	GCCANGDB_00200	Macrolide-efflux protein
B1I8D3	GCCANGDB_00201	hypothetical protein
B1I8D4	GCCANGDB_00202	hypothetical protein
Q8DRG2	GCCANGDB_00203	Cysteine ABC transporter substrate-binding protein
C1CBW5	GCCANGDB_00204	Methionine ABC transporter substrate-binding protein
A0A0B7LRB5	GCCANGDB_00205	N-acyl-L-amino acid amidohydrolase
B2IRX7	GCCANGDB_00206	Methionine ABC transporter ATP-binding protein
A0A4N9BF17	GCCANGDB_00207	Methionine ABC transporter permease protein
Q8CZ94	GCCANGDB_00208	Substrate-specific component of putative ECF transporter
Q8DRF7	GCCANGDB_00209	Hypothetical protein
A0A0E8TCE3	GCCANGDB_00210	Two-component system sensor histidine kinase
Q8DRF5	GCCANGDB_00211	Two-component system response regulator
C1CBX3	GCCANGDB_00212	Hypothetical protein
Q97T03	GCCANGDB_00213	Ribonucleotide reduction protein NrdI
B2IS07	GCCANGDB_00214	NRAMP family Mn2+/Fe2+ transporter
Q8CZ92	GCCANGDB_00215	Hypothetical protein
A0A0B7LVH6	GCCANGDB_00216	DNA-binding protein
C1CP43	GCCANGDB_00217	DNA mismatch repair protein HexB
A0A4M3VAK3	GCCANGDB_00218	IS1380 family transposase ISSpn5
Q04MR3	GCCANGDB_00219	6%2C7-dimethyl-8-ribityllumazine synthase RibH
C1CBY0	GCCANGDB_00220	Bifunctional 3%2C4-dihydroxy-2-butanone 4-phosphate synthase/GTP cyclohydrolase II RibB
A0A0B7M1V2	GCCANGDB_00221	Riboflavin synthase RibE
A0A0E7KMX4	GCCANGDB_00222	Bifunctional diaminohydroxyphosphoribosylaminopyrimidine deaminase/5-amino-6-(5-phosphoribosylamino)uracil reductase RibD
	GCCANGDB_00223	FMN
	GCCANGDB_00223	
Q97SY4	GCCANGDB_00224	Holliday junction DNA helicase RuvA
A0A0B7M4M9	GCCANGDB_00225	DNA-3-methyladenine glycosylase
C1CAJ1	GCCANGDB_00226	CAAX amino terminal protease family protein
A0A4J2EMD9	GCCANGDB_00227	Muramoyltetrapeptide carboxypeptidase
A0A064C1E4	GCCANGDB_00228	Integral membrane protein
Q8DRE5	GCCANGDB_00229	Magnesium and cobalt transport protein CorA1
B1I8G4	GCCANGDB_00230	Tyrosine recombinase XerC
B1I8G5	GCCANGDB_00231	hypothetical protein
B1I8G6	GCCANGDB_00232	hypothetical protein
A0A0T9GR41	GCCANGDB_00233	hypothetical protein
B1I8G8	GCCANGDB_00234	hypothetical protein
A0A0U0JYS1	GCCANGDB_00235	hypothetical protein
B1I8H0	GCCANGDB_00236	hypothetical protein
B1I8H1	GCCANGDB_00237	hypothetical protein
B1I8H2	GCCANGDB_00238	hypothetical protein
B1I8H3	GCCANGDB_00239	hypothetical protein
B1I8H4	GCCANGDB_00240	hypothetical protein
A0AA86XSZ0	GCCANGDB_00241	hypothetical protein
B1I8H6	GCCANGDB_00242	hypothetical protein
B1I8H7	GCCANGDB_00243	hypothetical protein
B1I8H8	GCCANGDB_00244	hypothetical protein
B1I8H9	GCCANGDB_00245	hypothetical protein
A0A0B7M0T8	GCCANGDB_00246	Excinuclease ABC subunit A UvrA
B2IS24	GCCANGDB_00247	MP-%2CMA-%2CMS-%2CAP-%2CNP-specific aminopeptidase YpdF
Q8DRE3	GCCANGDB_00248	Transcriptional regulator SpxA2
A0AA87C4Y3	GCCANGDB_00249	Hypothetical protein
Q97SX1	GCCANGDB_00250	Hypothetical protein
Q8DRE2	GCCANGDB_00251	Putative pre-16S rRNA nuclease YqgF
Q97SX0	GCCANGDB_00252	Hypothetical protein
A0AA86WZ72	GCCANGDB_00253	Bifunctional dihydrofolate synthase/folylpolyglutamate synthase
C1CBZ7	GCCANGDB_00254	Hypothetical protein
Q8DRD9	GCCANGDB_00255	Cardiolipin synthetase
Q8DRD8	GCCANGDB_00256	Hypothetical protein
A0AA86XSY0	GCCANGDB_00257	Competence-damage induced protein
C1CC00	GCCANGDB_00258	Ribonucleotide reductase of class III%2C large subunit
B1I8J4	GCCANGDB_00259	Acetyltransferase
A0A0E7SRY4	GCCANGDB_00260	Ribonucleotide reductase of class III%2C activating protein
Q8CZ85	GCCANGDB_00261	Hypothetical protein
Q04MN7	GCCANGDB_00262	SSU ribosomal protein S10p (S20e)
Q97SV5	GCCANGDB_00263	LSU ribosomal protein L3p (L3e)
Q8CWV7	GCCANGDB_00264	LSU ribosomal protein L4p (L1e)
Q97SV3	GCCANGDB_00265	LSU ribosomal protein L23p (L23Ae)
Q97SV2	GCCANGDB_00266	LSU ribosomal protein L2p (L8e)
Q04MN2	GCCANGDB_00267	SSU ribosomal protein S19p (S15e)
Q04MN1	GCCANGDB_00268	LSU ribosomal protein L22p (L17e)
Q04MN0	GCCANGDB_00269	SSU ribosomal protein S3p (S3e)
Q04MM9	GCCANGDB_00270	LSU ribosomal protein L16p (L10e)
A0A0B7M1U7	GCCANGDB_00271	LSU ribosomal protein L29p (L35e)
Q04MM7	GCCANGDB_00272	SSU ribosomal protein S17p (S11e)
Q04MM6	GCCANGDB_00273	LSU ribosomal protein L14p (L23e)
Q04MM5	GCCANGDB_00274	LSU ribosomal protein L24p (L26e)
Q97SV1	GCCANGDB_00275	LSU ribosomal protein L5p (L11e)
Q04MM3	GCCANGDB_00276	SSU ribosomal protein S14p (S29e)
Q04MM2	GCCANGDB_00277	SSU ribosomal protein S8p (S15Ae)
Q8CWV3	GCCANGDB_00278	LSU ribosomal protein L6p (L9e)
Q97SU6	GCCANGDB_00279	LSU ribosomal protein L18p (L5e)
Q04ML9	GCCANGDB_00280	SSU ribosomal protein S5p (S2e)
Q97SU4	GCCANGDB_00281	LSU ribosomal protein L30p (L7e)
Q97SU3	GCCANGDB_00282	LSU ribosomal protein L15p (L27Ae)
Q8DRD5	GCCANGDB_00283	Protein translocase subunit SecY
Q97SU1	GCCANGDB_00284	Adenylate kinase
Q04ML4	GCCANGDB_00285	Translation initiation factor 1
P0A496	GCCANGDB_00286	LSU ribosomal protein L36p
Q04ML3	GCCANGDB_00287	SSU ribosomal protein S13p (S18e)
Q04ML2	GCCANGDB_00288	SSU ribosomal protein S11p (S14e)
Q04ML1	GCCANGDB_00289	DNA-directed RNA polymerase alpha subunit
Q8CWU8	GCCANGDB_00290	LSU ribosomal protein L17p
	GCCANGDB_00291	L17DE
	GCCANGDB_00291	
C1CC34	GCCANGDB_00292	ACT domain-containing transcriptional regulator
A0AA44S7M3	GCCANGDB_00293	hypothetical protein
	GCCANGDB_00294	csRNA
	GCCANGDB_00294	
B1I8M8	GCCANGDB_00295	Phosphoglycerate mutase family protein
A0A4L7JLQ0	GCCANGDB_00296	Iron(III)-transport system permease protein SfuB
A0A4J2FMF0	GCCANGDB_00297	Iron(III)-transport system permease protein SfuB
A0A655GS10	GCCANGDB_00298	IS1380 family transposase ISSpn5
A0A4M5TWD2	GCCANGDB_00299	Ferric iron ABC transporter ATP-binding protein
A0A0B7M5G4	GCCANGDB_00300	hypothetical protein
Q8DRC6	GCCANGDB_00301	hypothetical protein
A0A654UAH6	GCCANGDB_00302	hypothetical protein
A0A6I3TZ73	GCCANGDB_00303	Transcriptional regulator%2C AraC family
A0A6G2DDK2	GCCANGDB_00304	hypothetical protein
A0A0T8S6K6	GCCANGDB_00305	hypothetical protein
A0A4J1RUW7	GCCANGDB_00306	hypothetical protein
Q8DRC5	GCCANGDB_00307	Pyruvate formate-lyase activating enzyme
C1CB23	GCCANGDB_00308	Transcriptional regulator%2C DeoR family
A0A6G2D7Y3	GCCANGDB_00309	Transcriptional regulator
C1CC41	GCCANGDB_00310	Cellobiose-specific PTS IIA component
A0A0H2UNC3	GCCANGDB_00311	Cellobiose-specific PTS IIB component
A0A4J1UHJ1	GCCANGDB_00312	Cellobiose-specific PTS IIC component
A0A0B7MAR2	GCCANGDB_00313	Pyruvate formate-lyase
Q8DRB8	GCCANGDB_00314	Transaldolase
Q8DRB7	GCCANGDB_00315	Glycerol dehydrogenase
A0A0T7ZAT6	GCCANGDB_00316	Leucyl-tRNA synthetase
B1I8Y3	GCCANGDB_00317	hypothetical protein
B1I8Y4	GCCANGDB_00318	Acetyltransferase%2C GNAT family
B1I8Y5	GCCANGDB_00319	Acetyltransferase%2C GNAT family
	GCCANGDB_00320	csRNA
	GCCANGDB_00320	
	GCCANGDB_00321	csRNA
	GCCANGDB_00321	
Q8CWU7	GCCANGDB_00322	Holliday junction DNA helicase RuvB
A0A0B7LYW5	GCCANGDB_00323	Hypothetical protein
A0A9P1PBI0	GCCANGDB_00324	Hypothetical protein
	GCCANGDB_00325	csRNA
	GCCANGDB_00325	
Q8DRB3	GCCANGDB_00326	Undecaprenyl diphosphate synthase
C1CB37	GCCANGDB_00327	Phosphatidate cytidylyltransferase
Q8DRB1	GCCANGDB_00328	Intramembrane protease Eep
C1CPD8	GCCANGDB_00329	Prolyl-tRNA synthetase
A0A0T8WZJ2	GCCANGDB_00330	6-phospho-beta-glucosidase
A0A0U0DJ39	GCCANGDB_00331	Glucosamine--fructose-6-phosphate aminotransferase
A0A916L5E3	GCCANGDB_00332	Oxidoreductase
A0A0U0KZ90	GCCANGDB_00333	Pullulanase SpuA
E2DP60	GCCANGDB_00334	SSU ribosomal protein S12p (S23e)
Q8CWU6	GCCANGDB_00335	SSU ribosomal protein S7p (S5e)
C1CPE5	GCCANGDB_00336	Translation elongation factor G
A0A916L5D2	GCCANGDB_00337	DNA polymerase III
C1CC64	GCCANGDB_00338	Antitoxin RelB1
Q8DRA4	GCCANGDB_00339	mRNA interferase RelE1
C1CC66	GCCANGDB_00340	Hypothetical protein
A0A4F3LQC9	GCCANGDB_00341	Aminopeptidase PepS
C1CC68	GCCANGDB_00342	Membrane protein
C1CB54	GCCANGDB_00343	Ribosomal small subunit pseudouridine synthase A
C1CC70	GCCANGDB_00344	Aminopeptidase C
Q8DR99	GCCANGDB_00345	Mannose-specific PTS IID component
Q8DR98	GCCANGDB_00346	Mannose-specific PTS IIC component
C1CB58	GCCANGDB_00347	Mannose-specific PTS IIAB components
A0A0B4ZJD6	GCCANGDB_00348	Alcohol dehydrogenase
B2ISL4	GCCANGDB_00349	Hydrolase%2C HAD superfamily
B1I913	GCCANGDB_00350	Guanine-hypoxanthine permease
A0A6A8VM54	GCCANGDB_00351	Membrane-bound protease%2C CAAX family
A0A8F5DQI5	GCCANGDB_00352	Dihydropteroate synthase
A0A4J1QJ71	GCCANGDB_00353	Bifunctional dihydrofolate synthase/folylpolyglutamate synthase
C1CPG4	GCCANGDB_00354	GTP cyclohydrolase I type 1
A0A0U0KYZ2	GCCANGDB_00355	Bifunctional dihydroneopterin aldolase/2-amino-4-hydroxy-6-hydroxymethyldihydropteridine pyrophosphokinase
Q8CZ79	GCCANGDB_00356	Hypothetical protein
	GCCANGDB_00357	L13_leader
	GCCANGDB_00357	
Q8CWU5	GCCANGDB_00358	LSU ribosomal protein L13p (L13Ae)
Q97SN4	GCCANGDB_00359	SSU ribosomal protein S9p (S16e)
A0A853PLB6	GCCANGDB_00360	Tyrosine recombinase XerC
A0A0U0DJ02	GCCANGDB_00361	hypothetical protein
A0A853PFJ4	GCCANGDB_00362	hypothetical protein
A0AA86YD07	GCCANGDB_00363	hypothetical protein
A0A853PIZ0	GCCANGDB_00364	Bis(5'-nucleosyl)-tetraphosphatase%2C symmetrical
A0AA86XXU5	GCCANGDB_00365	hypothetical protein
A0AA87C7L8	GCCANGDB_00366	hypothetical protein
A0A0U0KY55	GCCANGDB_00367	hypothetical protein
A0AA86YCQ8	GCCANGDB_00368	hypothetical protein
A0A853PKU8	GCCANGDB_00369	hypothetical protein
A0A0U0EYK6	GCCANGDB_00370	hypothetical protein
A0AA86WZ12	GCCANGDB_00371	Hypothetical protein
A0AA86Y1B3	GCCANGDB_00372	6-phospho-beta-glucosidase
Q8DR88	GCCANGDB_00373	Hypothetical protein
C1CB84	GCCANGDB_00374	Cellobiose-specific PTS IIB component
A0AA86XSS4	GCCANGDB_00375	Transcriptional antiterminator of lichenan operon%2C BglG family
B2ISN1	GCCANGDB_00376	Cellobiose-specific PTS IIA component
A0A916L5V5	GCCANGDB_00377	Hypothetical protein
C1CB88	GCCANGDB_00378	Cellobiose-specific PTS IIC component
Q8CZ76	GCCANGDB_00379	Hypothetical protein
A0A0B7LX26	GCCANGDB_00380	hypothetical protein
	GCCANGDB_00381	SpF10_sRNA
	GCCANGDB_00381	
A0AA87CBT5	GCCANGDB_00382	Maltodextrin glucosidase
	GCCANGDB_00383	SpF11_sRNA
	GCCANGDB_00383	
A0A4K6ZBF8	GCCANGDB_00384	Glutathione peroxidase family protein
M4YR67	GCCANGDB_00385	Hyaluronate lyase precursor SpnHL
M4YR67	GCCANGDB_00386	Hyaluronate lyase precursor SpnHL
A0AA95DAT1	GCCANGDB_00387	IS200/IS605 family transposase ISStin10
A0AA86XQR8	GCCANGDB_00388	Bifunctional 4-hydroxy-2-oxoglutarate aldolase/2-dehydro-3-deoxyphosphogluconate aldolase
A0AA86XI67	GCCANGDB_00389	2-dehydro-3-deoxygluconokinase
A0AA86XHI7	GCCANGDB_00390	Putative 4-deoxy-L-threo-5-hexosulose-uronate ketol-isomerase
A0AA86YDE8	GCCANGDB_00391	2-deoxy-D-gluconate 3-dehydrogenase
Q8DR78	GCCANGDB_00392	Hyaluronate-oligosaccharide-specific PTS IIA component
A0A4J2ANA9	GCCANGDB_00393	Unsaturated chondroitin disaccharide hydrolase
A0A4J2ANB9	GCCANGDB_00394	Hyaluronate-oligosaccharide-specific PTS IIB component
A0A098ZCW3	GCCANGDB_00395	Hyaluronate-oligosaccharide-specific PTS IIC component
A0A0T8LNX8	GCCANGDB_00396	Hyaluronate-oligosaccharide-specific PTS IID component
A0A0E8JM08	GCCANGDB_00397	Preprotein translocase subunit YajC
A0A4J6XSZ5	GCCANGDB_00398	Oligohyaluronate lyase
C1CCA4	GCCANGDB_00399	Transcriptional regulator RegR
C1CCA5	GCCANGDB_00400	hypothetical protein
C1CBA9	GCCANGDB_00401	Hypothetical protein
A0A4F6G1D6	GCCANGDB_00402	hypothetical protein
B2ISQ1	GCCANGDB_00403	Transcriptional regulator%2C PbsX family
A0A098Z6E2	GCCANGDB_00404	16S rRNA (cytosine(1402)-N(4))-methyltransferase MraW
Q8DR70	GCCANGDB_00405	Cell division protein FtsL
Q5W7Z8	GCCANGDB_00406	Penicillin-binding protein 2X
T2BQ20	GCCANGDB_00407	Phospho-N-acetylmuramoyl-pentapeptide- transferase
A0A4J2APL4	GCCANGDB_00408	Putative ATP-dependent Clp proteinase ATP-binding subunit ClpL
	GCCANGDB_00409	Intron_gpII
	GCCANGDB_00409	
Q04MC2	GCCANGDB_00410	Bifunctional S-ribosylhomocysteine lyase/autoinducer-2 production protein LuxS
A0A6G2D8F4	GCCANGDB_00411	ATP-dependent Zn protease
A0A4J1STF4	GCCANGDB_00412	Glucan 1%2C6-alpha-glucosidase
B1I962	GCCANGDB_00413	S-ribosylhomocysteinase
C1CDZ0	GCCANGDB_00414	IS630 family transposase IS630-Spn1
O54604	GCCANGDB_00415	Exopolysaccharide biosynthesis transcriptional regulator Cps2A
Q4K383	GCCANGDB_00416	Tyrosine-protein phosphatase Cps2B
G3GH58	GCCANGDB_00417	Capsular biosynthesis protein Cps2C
A0A060QT77	GCCANGDB_00418	Tyrosine-protein kinase Cps2D
A0A060QP57	GCCANGDB_00419	Undecaprenyl-phosphate galactosephosphotransferase Cps2E
G3GH61	GCCANGDB_00420	N-acetylglucosaminyldiphosphoundecaprenol N-acetyl-beta-D-mannosaminyltransferase
Q4K0U9	GCCANGDB_00421	Lipopolysaccharide cholinephosphotransferase LicD1
P97000	GCCANGDB_00422	hypothetical protein
P97001	GCCANGDB_00423	hypothetical protein
A0AA86XCX4	GCCANGDB_00424	hypothetical protein
Q4K0U5	GCCANGDB_00425	UDP-N-acetylglucosamine 2-epimerase
A0A060QP40	GCCANGDB_00426	Glucose-1-phosphate thymidylyltransferase Cps2L
A0A060QSK5	GCCANGDB_00427	dTDP-4-dehydrorhamnose 3%2C5-epimerase Cps2M
A0A916L5C2	GCCANGDB_00428	dTDP-glucose 4%2C6-dehydratase Cps2N
Q8DR63	GCCANGDB_00429	dTDP-4-dehydrorhamnose reductase Cps2O
A0A916L630	GCCANGDB_00430	UDP-galactopyranose mutase
A0A4J1UU21	GCCANGDB_00431	UDP-galactopyranose mutase Cps2P
A0AA87CCA5	GCCANGDB_00432	Oligopeptide ABC transporter%2C periplasmic oligopeptide-binding protein AliA
A0A916L561	GCCANGDB_00433	Endo-alpha-N-acetylgalactosaminidase Eng
B2Y3B1	GCCANGDB_00434	Multimodular transpeptidase-transglycosylase%2C penicillin-binding protein 1A
A0A4J2EW46	GCCANGDB_00435	RecU Holliday junction resolvase
Q97SJ0	GCCANGDB_00436	Hypothetical protein
Q97SI9	GCCANGDB_00437	Cell division protein GpsB
	GCCANGDB_00438	RNaseP_bact_b
	GCCANGDB_00438	
A0A0F7YEH5	GCCANGDB_00439	23S rRNA (guanine(2445)-N(2))-methyltransferase
A0A4J1U4W9	GCCANGDB_00440	Mid-cell-anchored protein Z
A0AA86Y7E2	GCCANGDB_00441	6-phosphogluconate dehydrogenase%2C decarboxylating
B1I9H6	GCCANGDB_00442	Orphan response regulator RitR
A0AA87C5B8	GCCANGDB_00443	Choline-binding protein CbpF
A0AA87C5I7	GCCANGDB_00444	Choline-binding protein CbpF
A0A916L4N8	GCCANGDB_00445	Macrolide-efflux protein
A0A0T8K3M8	GCCANGDB_00446	hypothetical protein
A0A0B7MBV8	GCCANGDB_00447	hypothetical protein
A0A0H2UNK6	GCCANGDB_00448	Mevalonate kinase
A0A4N2S154	GCCANGDB_00449	Diphosphomevalonate decarboxylase
A0A0B7LM49	GCCANGDB_00450	Phosphomevalonate kinase
A0A4J2FFH6	GCCANGDB_00451	Isopentenyl-diphosphate delta-isomerase%2C FMN-dependent
A0A4J2FL15	GCCANGDB_00452	Cell wall-active antibiotics response protein VraT
A0A4J2FEL3	GCCANGDB_00453	Two-component system sensor histidine kinase VraS
Q9S1J7	GCCANGDB_00454	Two-component transcriptional regulator VraR
A0A4J2FKS0	GCCANGDB_00455	hypothetical protein
C1C5C9	GCCANGDB_00456	Hypothetical protein
A0A4J1R7I3	GCCANGDB_00457	Glutamyl endopeptidase
A0A0Y4K2U6	GCCANGDB_00458	hypothetical protein
A0AAE9QUN0	GCCANGDB_00459	Cell division trigger factor
A0A4G1UL01	GCCANGDB_00460	RecD-like DNA helicase YrrC
Q3I0I0	GCCANGDB_00461	Signal peptidase I
C1C5E1	GCCANGDB_00462	Ribonuclease HIII
C1CCH1	GCCANGDB_00463	Z-ring positive regulator ZapA
C1C5E3	GCCANGDB_00464	Z-ring positive regulator ZapB
A0A0I9BHS0	GCCANGDB_00465	Recombination inhibitory protein MutS2
	GCCANGDB_00466	Glycine
	GCCANGDB_00466	
C1CCH4	GCCANGDB_00467	Sodium/glycine symporter GlyP
Q8DR24	GCCANGDB_00468	Macrophage infectivity potentiator protein
A0AA44MYU7	GCCANGDB_00469	Exfoliative toxin A
C1CIR2	GCCANGDB_00470	Seryl-tRNA synthetase
A0A0B7L8X4	GCCANGDB_00471	Putative regulator of the mannose operon ManO
Q8DR20	GCCANGDB_00472	Aspartokinase
C1CCI0	GCCANGDB_00473	Trans-2%2Ccis-3-Decenoyl-ACP isomerase
Q8DR18	GCCANGDB_00474	Transcriptional regulator of fatty acid biosynthesis FabT
C1CIR8	GCCANGDB_00475	3-oxoacyl-(acyl-carrier-protein) synthase FabH
P0A2W1	GCCANGDB_00476	Acyl carrier protein
A0A0B7MDV1	GCCANGDB_00477	Enoyl-(acyl-carrier-protein) reductase FabK
Q9FBC4	GCCANGDB_00478	Malonyl CoA-acyl carrier protein transacylase FabD
C1CCI6	GCCANGDB_00479	3-oxoacyl-[acyl-carrier protein] reductase FabG1
Q8DR14	GCCANGDB_00480	3-oxoacyl-(acyl-carrier-protein) synthase FabF
Q9FBC1	GCCANGDB_00481	Biotin carboxyl carrier protein of acetyl-CoA carboxylase
Q04M51	GCCANGDB_00482	3-hydroxyacyl-(acyl-carrier-protein) dehydratase FabZ
Q9FBB9	GCCANGDB_00483	Biotin carboxylase of acetyl-CoA carboxylase
Q7CRB7	GCCANGDB_00484	Acetyl-coenzyme A carboxyl transferase beta chain
A0A064BZA7	GCCANGDB_00485	Acetyl-coenzyme A carboxyl transferase alpha chain
A0A0I8RVJ1	GCCANGDB_00486	Hypothetical protein
A0A4J1ZH98	GCCANGDB_00487	hypothetical protein
A0A0B7L0X4	GCCANGDB_00488	Transcription termination protein NusB
Q8DR12	GCCANGDB_00489	Alkaline shock protein
Q04M43	GCCANGDB_00490	Translation elongation factor P
A0A0B7LIB8	GCCANGDB_00491	Alcohol dehydrogenase
A0AA36PYK7	GCCANGDB_00492	Bifunctional aspartyl-tRNA(Asp) amidotransferase subunit B/glutamyl-tRNA(Glu) amidotransferase subunit B
A0AA36PY50	GCCANGDB_00493	Bifunctional aspartyl-tRNA(Asp) amidotransferase subunit A/glutamyl-tRNA(Glu) amidotransferase subunit A
A0A064C277	GCCANGDB_00494	Bifunctional aspartyl-tRNA(Asp) amidotransferase subunit C/glutamyl-tRNA(Glu) amidotransferase subunit C
Q97SE4	GCCANGDB_00495	Peptide chain release factor 3
Q8DR08	GCCANGDB_00496	Putative CDP-glycerol:glycerophosphate glycerophosphotransferase
A0A064BZB4	GCCANGDB_00497	LSU ribosomal protein L28p
C1CCK5	GCCANGDB_00498	Putative alkaline-shock protein
A0A0H2UNS2	GCCANGDB_00499	Dihydroxyacetone kinase-like protein
C1CCK7	GCCANGDB_00500	Acetolactate synthase large subunit
Q8DR04	GCCANGDB_00501	Acetolactate synthase small subunit
A0A098YY27	GCCANGDB_00502	Ketol-acid reductoisomerase
C1C5I1	GCCANGDB_00503	hypothetical protein
C1CCL2	GCCANGDB_00504	Threonine dehydratase
B2IM71	GCCANGDB_00505	Hypothetical protein
B1I9P2	GCCANGDB_00506	Glutamine ABC transporter ATP-binding protein GlnQ1
C1CCL6	GCCANGDB_00507	Glutamine ABC transporter permease GlnHP1
A0A4J1QHZ1	GCCANGDB_00508	Hypothetical protein
A0AA87C5N9	GCCANGDB_00509	hypothetical protein
C1CDR5	GCCANGDB_00510	hypothetical protein
Q04M23	GCCANGDB_00511	Undecaprenyl-diphosphatase
A0A0T9I448	GCCANGDB_00512	DNA polymerase IV
B1I9Q0	GCCANGDB_00513	Pyruvate formate-lyase
A0A9P1PEP5	GCCANGDB_00514	IS1167 transposase
	GCCANGDB_00515	Srn266
	GCCANGDB_00515	
B1I9Q2	GCCANGDB_00516	hypothetical protein
A0A4L8JHD2	GCCANGDB_00517	hypothetical protein
A0A4J1WL55	GCCANGDB_00518	hypothetical protein
A7KT33	GCCANGDB_00519	hypothetical protein
A7KT34	GCCANGDB_00520	hypothetical protein
A7KT98	GCCANGDB_00521	hypothetical protein
A7KT99	GCCANGDB_00522	hypothetical protein
C1CGD6	GCCANGDB_00523	IS1167 transposase
A0A4K1EUS6	GCCANGDB_00524	hypothetical protein
C1C9F2	GCCANGDB_00525	IS1167 transposase Orf1
	GCCANGDB_00526	Srn266
	GCCANGDB_00526	
A0A0T8UQK3	GCCANGDB_00527	hypothetical protein
Q8DQZ5	GCCANGDB_00528	Hypothetical protein
A0AAD2I477	GCCANGDB_00529	Hypothetical protein
A0A4U8X7Z5	GCCANGDB_00530	Lactose-specific PTS IIBC components
B2IM84	GCCANGDB_00531	Lactose-specific PTS IIBC components
A0A0T8D588	GCCANGDB_00532	Trk family potassium uptake protein TrkH
A0AAD2K9Z9	GCCANGDB_00533	Trk family potassium uptake protein TrkA
C1CCM9	GCCANGDB_00534	Hypothetical protein
C1CIX7	GCCANGDB_00535	Substrate-specific component MtsA of methionine-regulated ECF transporter
B2IM89	GCCANGDB_00536	Hypothetical protein
A0A4H9ELA1	GCCANGDB_00537	Duplicated ATPase component MtsB of energizing module of methionine-regulated ECF transporter
B1IA30	GCCANGDB_00538	Hypothetical protein
Q04LZ9	GCCANGDB_00539	DNA-directed RNA polymerase delta subunit
Q8DQY0	GCCANGDB_00540	CTP synthase
C1C5M1	GCCANGDB_00541	Sodium-dependent phosphate transporter NptA
A0A4J2GY29	GCCANGDB_00542	Endo-beta-N-acetylglucosaminidase EndoD
C1CQ04	GCCANGDB_00543	Phosphoglycerate kinase
Q8CZ51	GCCANGDB_00544	Hypothetical protein
Q8DQX7	GCCANGDB_00545	Transcriptional regulator%2C MerR family
Q8DQX6	GCCANGDB_00546	Glutamine synthetase type I
A0A916L663	GCCANGDB_00547	hypothetical protein
A0AA47CDS9	GCCANGDB_00548	Type I restriction-modification system%2C specificity subunit S components 1.1-2.1
C1CCQ0	GCCANGDB_00549	Integrase/recombinase CreX (XerC/CodV family)
A0A0B7LN89	GCCANGDB_00550	Type I restriction-modification system%2C specificity subunit S type F
A0A172W5T7	GCCANGDB_00551	Type I restriction-modification system%2C specificity subunit S components 1.1-2.1
A0A0T7JHR3	GCCANGDB_00552	Type I restriction-modification system DNA-methyltransferase subunit M
A0A0U0CNJ7	GCCANGDB_00553	Type I restriction-modification system restriction subunit R
Q8CZ49	GCCANGDB_00554	Hypothetical protein
A0A9P1QDY4	GCCANGDB_00555	Heat-inducible transcription repressor HrcA
A0MSU0	GCCANGDB_00556	Heat shock protein GrpE
Q04LY0	GCCANGDB_00557	Chaperone protein DnaK
A0A0B7M1K1	GCCANGDB_00558	hypothetical protein
A0AA86XHN9	GCCANGDB_00559	Chaperone protein DnaJ
Q8CZ48	GCCANGDB_00560	Hypothetical protein
Q8DQW8	GCCANGDB_00561	Histidine triad nucleotide-binding protein
C1CCR3	GCCANGDB_00562	ABC transporter ATP-binding protein EcsA
A0A0B7M1J8	GCCANGDB_00563	ABC transporter permease protein EcsB
A0A0B7LVM3	GCCANGDB_00564	BlpT protein
A0A0T8BG62	GCCANGDB_00565	BlpS protein
A7XHJ0	GCCANGDB_00566	Two-component system response regulator BlpR
A0A0U0HUV3	GCCANGDB_00567	Two-component system sensor histidine kinase BlpH
Q9F2F8	GCCANGDB_00568	Peptide pheromone BlpC
A0AA87CCL4	GCCANGDB_00569	Competence-stimulating peptide ABC transporter permease protein ComB
G3EC43	GCCANGDB_00570	Competence-stimulating peptide ABC transporter ATP-binding protein ComA
A0A4J1XGS9	GCCANGDB_00571	hypothetical protein
A0A0T8B7W5	GCCANGDB_00572	hypothetical protein
A0A0U0CGX7	GCCANGDB_00573	hypothetical protein
	GCCANGDB_00574	group-II-D1D4-3
	GCCANGDB_00574	
	GCCANGDB_00575	group-II-D1D4-1
	GCCANGDB_00575	
A0A0T8BFS0	GCCANGDB_00576	Putative protease
A0A0T8K1H1	GCCANGDB_00577	hypothetical protein
A0A0U0LIG7	GCCANGDB_00578	hypothetical protein
A0A0U0AVU6	GCCANGDB_00579	hypothetical protein
G3ECD6	GCCANGDB_00580	IS5 family transposase ISSpn7
A0AA86XCG4	GCCANGDB_00581	IS1381 transposase OrfA
A0A0T8K137	GCCANGDB_00582	IS1381 transposase OrfB
Q9ETC8	GCCANGDB_00583	Bacteriocin lactacin-F subunit LafA
Q9ETA3	GCCANGDB_00584	hypothetical protein
Q9FBH1	GCCANGDB_00585	hypothetical protein
A7XHD0	GCCANGDB_00586	hypothetical protein
A0A0B7M418	GCCANGDB_00587	hypothetical protein
A0A0T7YXE8	GCCANGDB_00588	hypothetical protein
A0A0T8BUG0	GCCANGDB_00589	hypothetical protein
A0A064C0Y1	GCCANGDB_00590	PncW
A0AA86X1N4	GCCANGDB_00591	Bacteriocin immunity protein BlpY
Q9FBH0	GCCANGDB_00592	Immunity protein BlpZ
A7XHI6	GCCANGDB_00593	Putative protease
C1CCT2	GCCANGDB_00594	Aminoglycoside phosphotransferase family protein
A0A0B7KV02	GCCANGDB_00595	tRNA (guanine46-N7-)-methyltransferase
C1CQ44	GCCANGDB_00596	Bacterial ribosome SSU maturation protein RimP
C1CCT5	GCCANGDB_00597	Transcription termination/antitermination protein NusA
Q8DQV4	GCCANGDB_00598	Putative nucleic-acid-binding protein implicated in transcription termination
C1CCT7	GCCANGDB_00599	L7Ae family ribosomal protein
C1CQ48	GCCANGDB_00600	Translation initiation factor 2
C1CQ49	GCCANGDB_00601	Ribosome-binding factor A
A0AA86Y810	GCCANGDB_00602	Hypothetical protein
A0A0B7LZ30	GCCANGDB_00603	Hypothetical protein
A0A0B7LZV6	GCCANGDB_00604	Hypothetical protein
A0A4J1UP14	GCCANGDB_00605	Hypothetical protein
Q8CZ42	GCCANGDB_00606	Glycerate kinase
A0AA86XH17	GCCANGDB_00607	Hypothetical protein
Q8CZ41	GCCANGDB_00608	Hypothetical protein
C1CCU6	GCCANGDB_00609	Hypothetical protein
A0A064C558	GCCANGDB_00610	Hypothetical protein
A0A0T7IFI6	GCCANGDB_00611	Acetyltransferase
A0A0T8GN13	GCCANGDB_00612	hypothetical protein
A0A9P1L8T8	GCCANGDB_00613	Valyl-tRNA synthetase
A0A0B7LSY0	GCCANGDB_00614	hypothetical protein
A0A9P1RH91	GCCANGDB_00615	hypothetical protein
C1C5U5	GCCANGDB_00616	Fic domain protein
A0A4J2AWX3	GCCANGDB_00617	IS3 family transposase ISSpn11
A0A0T7TBM9	GCCANGDB_00618	hypothetical protein
	GCCANGDB_00619	SpF19_sRNA
	GCCANGDB_00619	
A0A064C2F5	GCCANGDB_00620	Beta-glucoside bgl operon antiterminator BglG
A0A4M2KPQ3	GCCANGDB_00621	Beta-glucoside-specific PTS IIBCA components
A0A9P1PCH1	GCCANGDB_00622	6-phospho-beta-glucosidase
Q97S36	GCCANGDB_00623	Phenylalanyl-tRNA synthetase alpha chain
A0A0B7KXV4	GCCANGDB_00624	N1-spermidine/spermine acetyltransferase PaiA
A0AAD2I3Q9	GCCANGDB_00625	Phenylalanyl-tRNA synthetase beta chain
A0A0B7L1P7	GCCANGDB_00626	Putative integral membrane protein
A0A0B7LZ50	GCCANGDB_00627	ISSpn8 transposase
A0A654WS02	GCCANGDB_00628	Antitoxin HigA
A0AA36LHE2	GCCANGDB_00629	5-methyltetrahydropteroyltriglutamate-- homocysteine methyltransferase
A0A0U0L2I1	GCCANGDB_00630	5%2C10-methylenetetrahydrofolate reductase
A0AA87CGS2	GCCANGDB_00631	Polyribonucleotide nucleotidyltransferase
A0A0T8XGM0	GCCANGDB_00632	Serine acetyltransferase
C1C5W1	GCCANGDB_00633	Acetyltransferase%2C GNAT family
Q97S25	GCCANGDB_00634	Cysteinyl-tRNA synthetase
Q8DQS7	GCCANGDB_00635	Mini-ribonuclease III
A0A9P1L7U7	GCCANGDB_00636	Leucine rich protein
A0A0T7YKG5	GCCANGDB_00637	hypothetical protein
A0AA86XPE9	GCCANGDB_00638	Peptide ABC transporter membrane-spanning permease Vex1
B2IMR7	GCCANGDB_00639	ABC transporter ATP-binding protein Vex2
Q9S4J0	GCCANGDB_00640	Peptide ABC transporter membrane-spanning permease Vex3
A0A9P1RL26	GCCANGDB_00641	Two-component system response regulator VncR
A0A0T8Y234	GCCANGDB_00642	Two-component system sensor histidine kinase VncS
C1CCX9	GCCANGDB_00643	Class II fructose-bisphosphate aldolase
A0A9P1PDA5	GCCANGDB_00644	Oxidoreductase
A0AA87C4F5	GCCANGDB_00645	Glutamine ABC transporter permease GlnP2b
A0AA86WZV2	GCCANGDB_00646	Glutamine ABC transporter permease GlnP2a
A0A4J2AVX8	GCCANGDB_00647	Glutamine ABC transporter substrate-binding protein GlnH2
A0AA86XN05	GCCANGDB_00648	Glutamine ABC transporter ATP-binding protein GlnQ4
A0AA86XAS8	GCCANGDB_00649	Single-stranded-DNA-specific exonuclease RecJ
Q8DQR3	GCCANGDB_00650	Ribonuclease J2
A0A0U0F7N3	GCCANGDB_00651	Tributyrin esterase
Q4TUK0	GCCANGDB_00652	tRNA-dependent lipid II--L-alanine/serine ligase MurM
Q9L446	GCCANGDB_00653	tRNA-dependent lipid II-Ala--L-alanine ligase MurN
B1IAG0	GCCANGDB_00654	Putative Zn-dependent protease
C1CQA2	GCCANGDB_00655	Excinuclease ABC subunit C
C1C5Y7	GCCANGDB_00656	Serine/threonine protein phosphatase
A0A4F2S016	GCCANGDB_00657	Cysteine ABC transporter substrate-binding protein
Q8DQQ7	GCCANGDB_00658	Bifunctional oxygen-insensitive NAD(P)H nitroreductase/dihydropteridine reductase
A0A0E8B601	GCCANGDB_00659	Dipeptidase PepV
C1CCZ5	GCCANGDB_00660	Uracil-DNA glycosylase
Q8CZ26	GCCANGDB_00661	hypothetical protein
	GCCANGDB_00662	SpF22_sRNA
	GCCANGDB_00662	
Q8DQQ3	GCCANGDB_00663	Branched-chain amino acid transport system carrier protein
A0A4F2RV55	GCCANGDB_00664	Deblocking aminopeptidase
A0A0T8PYS9	GCCANGDB_00665	Histidine triad family protein
C1CD01	GCCANGDB_00666	L%2CD-carboxypeptidase
Q97RZ6	GCCANGDB_00667	LSU ribosomal protein L11p (L12e)
C1CQB6	GCCANGDB_00668	LSU ribosomal protein L1p (L10Ae)
	GCCANGDB_00669	Intron_gpII
	GCCANGDB_00669	
A0AA86X0M8	GCCANGDB_00670	Hypothetical protein
A0AA36PFK4	GCCANGDB_00671	hypothetical protein
A0A0E7TI46	GCCANGDB_00672	ABC transporter ATP-binding protein
C1CD09	GCCANGDB_00673	Antibiotic ABC transporter permease protein
Q8DQP8	GCCANGDB_00674	Multidrug ABC transporter permease protein
A0A6G2DAR9	GCCANGDB_00675	hypothetical protein
A0A0E7TZA0	GCCANGDB_00676	hypothetical protein
A0AA87C7A7	GCCANGDB_00677	Serine protease PrtA precursor
A0AA86XMR1	GCCANGDB_00678	Galactose-specific PTS IIA component
Q8CZ23	GCCANGDB_00679	Galactose-specific PTS IIB component
B2IMV8	GCCANGDB_00680	Galactose-specific PTS IIC component
A0A6G2D9V2	GCCANGDB_00681	Beta-galactosidase BgaA
A0A4I7EUS8	GCCANGDB_00682	hypothetical protein
A0AA86XHW0	GCCANGDB_00683	hypothetical protein
A0A9P1VJZ2	GCCANGDB_00684	hypothetical protein
	GCCANGDB_00685	SpF25_sRNA
	GCCANGDB_00685	
A0A916L609	GCCANGDB_00686	Hypothetical protein
A0A654UEI9	GCCANGDB_00687	hypothetical protein
A0AA86XAH6	GCCANGDB_00688	hypothetical protein
Q8DQP3	GCCANGDB_00689	Putative rRNA methylase YtqB
A0A0E8ABG5	GCCANGDB_00690	Hypothetical protein
A0AA87CB47	GCCANGDB_00691	Na+/H+ antiporter
A0A237K353	GCCANGDB_00692	Inner membrane protein YihY
A0AA47CE94	GCCANGDB_00693	IS1380 family transposase ISSpn5
C1CD25	GCCANGDB_00694	Cytochrome c-type biogenesis protein CcdA-1
A0AA87CBX6	GCCANGDB_00695	Thiol:disulfide oxidoreductase
A0A656C7L0	GCCANGDB_00696	Peptide methionine sulfoxide reductase MsrAB2
A0A0T8JNZ5	GCCANGDB_00697	Two-component response regulator YesN
Q8DQN7	GCCANGDB_00698	Two-component sensor kinase YesM
A0AA86XIJ4	GCCANGDB_00699	YwlG
A0AA87C4C8	GCCANGDB_00700	Zinc metalloprotease ZmpB precursor
A0A4J2B6T3	GCCANGDB_00701	Bifunctional para-aminobenzoate synthase%2C aminase component/aminodeoxychorismate lyase
B1IAK4	GCCANGDB_00702	2-succinyl-6-hydroxy-2%2C4-cyclohexadiene-1-carboxylate synthase
A0A4J2FQN9	GCCANGDB_00703	Endo-beta-N-acetylglucosaminidase%2C choline-binding protein CbpL
A0AA86Y343	GCCANGDB_00704	Glucokinase
Q04LL8	GCCANGDB_00705	Thymidylate synthase
Q8CZ15	GCCANGDB_00706	Hypothetical protein
A0AA87CB49	GCCANGDB_00707	tRNA dimethylallyltransferase MiaA
Q8DQN2	GCCANGDB_00708	GTP-binding protein HflX
B2IMY7	GCCANGDB_00709	Cystathionine beta-lyase
C1CQF2	GCCANGDB_00710	Ribonuclease Z
C1C637	GCCANGDB_00711	Short-chain dehydrogenase
Q8DQM9	GCCANGDB_00712	Methionine biosynthesis and transport regulator MtaR%2C LysR family
Q8DQM8	GCCANGDB_00713	Hypothetical protein
Q8DQM7	GCCANGDB_00714	Rhodanese-like domain protein
C1C641	GCCANGDB_00715	Hypothetical protein
A0AA86WZJ5	GCCANGDB_00716	Ribosomal small subunit pseudouridine synthase A
A0AA86Y837	GCCANGDB_00717	GTP-binding protein TypA
Q8CZ11	GCCANGDB_00718	Putative membrane protein
A0AA86XAF8	GCCANGDB_00719	Hypothetical protein
A0A0T8QV08	GCCANGDB_00720	Putative immunity protein
A0AA86MPI9	GCCANGDB_00721	ABC transporter ATP-binding protein
A0AA86MJC5	GCCANGDB_00722	UDP-N-acetylmuramoylalanine--D-glutamate ligase
C1CQG5	GCCANGDB_00723	UDP-N-acetylglucosamine--N-acetylmuramyl- (pentapeptide) pyrophosphoryl-undecaprenol N-acetylglucosamine transferase
A0A0T8RQ97	GCCANGDB_00724	Cell division protein DivIB
A0A4M3JXD1	GCCANGDB_00725	Hypothetical protein
B2IN80	GCCANGDB_00726	Hypothetical protein
A0A0U0EC10	GCCANGDB_00727	hypothetical protein
A0A4J2DF16	GCCANGDB_00728	hypothetical protein
A0A0T8ZN24	GCCANGDB_00729	Hypothetical protein
A0A4F6SQV1	GCCANGDB_00730	Fluoroquinolones export ATP-binding protein
A0A0T8GKE6	GCCANGDB_00731	Putative membrane spanning protein
A0A4G2EFX9	GCCANGDB_00732	Putative membrane spanning protein
	GCCANGDB_00733	PyrR
	GCCANGDB_00733	
C1CQG7	GCCANGDB_00734	Orotidine 5'-phosphate decarboxylase
P0CB78	GCCANGDB_00735	Orotate phosphoribosyltransferase
A0A0B7LBR9	GCCANGDB_00736	Hypothetical protein
A0A660FLV3	GCCANGDB_00737	Hypothetical protein
A0A0B7LYU9	GCCANGDB_00738	Hypothetical protein
Q8CZ03	GCCANGDB_00739	Hypothetical protein
B1IAN2	GCCANGDB_00740	ABC transporter ATP-binding protein
A0A4U8X9E1	GCCANGDB_00741	Amino acid ABC transporter amino acid-binding/permease protein
A0A100FEM4	GCCANGDB_00742	Glutamine ABC transporter ATP-binding protein GlnQ3
A0A0I9CA19	GCCANGDB_00743	Glutamine ABC transporter ATP-binding protein GlnQ3
A0AA47CE94	GCCANGDB_00744	IS1380 family transposase ISSpn5
A0A4N0E2Y4	GCCANGDB_00745	Glutamine ABC transporter permease GlnP3b
A0A4F2S1Q4	GCCANGDB_00746	Glutamine ABC transporter permease GlnP3a
C1CD65	GCCANGDB_00747	L-Lactate 2-monooxygenase
A0A4F2RZV8	GCCANGDB_00748	Class II lysyl-tRNA synthetase
A0A4J2A6Y2	GCCANGDB_00749	IS1380 family transposase ISSpn5
A0A6G2DBU4	GCCANGDB_00750	L-Lactate 2-monooxygenase
	GCCANGDB_00751	TPP
	GCCANGDB_00751	
Q8DQK6	GCCANGDB_00752	Thiaminase II
A0A558W4D9	GCCANGDB_00753	Hydroxyethylthiazole kinase
A0A062WTJ4	GCCANGDB_00754	Thiamin-phosphate pyrophosphorylase
	GCCANGDB_00755	TPP
	GCCANGDB_00755	
C1CD71	GCCANGDB_00756	Substrate-specific component YkoE of thiamin-regulated ECF transporter for hydroxymethylpyrimidine
A0A654T098	GCCANGDB_00757	Duplicated ATPase component YkoD of energizing module of thiamin-regulated ECF transporter for hydroxymethylpyrimidine
A0A654T082	GCCANGDB_00758	Transmembrane component YkoC of energizing module of thiamin-regulated ECF transporter for hydroxymethylpyrimidine
B1IAP4	GCCANGDB_00759	Thiaminase II TenA
Q8CZ02	GCCANGDB_00760	Substrate-specific component ThiW of putative thiazole ECF transporter
Q97RR9	GCCANGDB_00761	Hydroxyethylthiazole kinase
P66921	GCCANGDB_00762	Thiamin-phosphate pyrophosphorylase
Q8DQJ8	GCCANGDB_00763	Hydroxymethylpyrimidine phosphate kinase ThiD
	GCCANGDB_00764	TPP
	GCCANGDB_00764	
Q8DQJ7	GCCANGDB_00765	Negative transcriptional regulator of copper transport operon
Q8DQJ6	GCCANGDB_00766	Copper-exporting ATPase
A0A0H2ZQ91	GCCANGDB_00767	Lead%2C cadmium%2C copper%2C zinc and mercury transporting P-type ATPase
B2INB2	GCCANGDB_00768	Pyruvate oxidase
A0A0T9GKD0	GCCANGDB_00769	IS630 family transposase ISSpn2
B1IAQ4	GCCANGDB_00770	IS630 family transposase ISSpn2
A0A0T7TLZ5	GCCANGDB_00771	hypothetical protein
A0A4G1VGH6	GCCANGDB_00772	6-phospho-beta-glucosidase
A0A4G1VJC3	GCCANGDB_00773	Mannose-6-phosphate isomerase
A0A4G1VKM2	GCCANGDB_00774	Sodium-dependent transporter
A0A0U0LSX6	GCCANGDB_00775	HTH-type transcriptional activator mta
A0A4G1VEC0	GCCANGDB_00776	MutT/Nudix family protein
B2INC4	GCCANGDB_00777	NAD(FAD)-utilizing dehydrogenase
Q97RQ6	GCCANGDB_00778	DegV family protein
Q8DQI5	GCCANGDB_00779	Transcriptional regulator%2C AcrR family
C1CD94	GCCANGDB_00780	dCMP deaminase
Q8DQI3	GCCANGDB_00781	Uracil phosphoribosyltransferase
Q04LF4	GCCANGDB_00782	ATP-dependent Clp protease proteolytic subunit ClpP
A0A0T9AB05	GCCANGDB_00783	Hypothetical protein
C1CD98	GCCANGDB_00784	High-affinity leucine-specific transport system%2C periplasmic binding protein LivJ
Q8DQI0	GCCANGDB_00785	High-affinity branched-chain amino acid transport system permease protein LivH
Q8DQH9	GCCANGDB_00786	Branched-chain amino acid transport system permease protein LivM
Q8DQH8	GCCANGDB_00787	Branched-chain amino acid transport ATP-binding protein LivG
A0A4G1VJ28	GCCANGDB_00788	Branched-chain amino acid transport ATP-binding protein LivF
A0AA86XBW8	GCCANGDB_00789	CBS domain protein
Q2MGI2	GCCANGDB_00790	Peptide chain release factor 2
C1C6A0	GCCANGDB_00791	Cell division transporter%2C ATP-binding protein FtsE
A0AA86Y375	GCCANGDB_00792	Cell division protein FtsX
A0A9P1RHL8	GCCANGDB_00793	Maltose- and glucose-specific PTS IICBA components
A0A0B7LDJ8	GCCANGDB_00794	Exodeoxyribonuclease III
A0AA87C5X4	GCCANGDB_00795	ATP-dependent RNA helicase YqfR
Q97RN9	GCCANGDB_00796	S-adenosylmethionine synthetase
Q9X9S0	GCCANGDB_00797	Dihydroorotate dehydrogenase (fumarate)
A0A4J2B7M4	GCCANGDB_00798	DNA polymerase III delta subunit
C1C6A8	GCCANGDB_00799	Manganese superoxide dismutase
C1C6A9	GCCANGDB_00800	hypothetical protein
A0AA86XGG8	GCCANGDB_00801	putative dual-specificity RNA methyltransferase RlmN
A0A0B7LG10	GCCANGDB_00802	VanZF-related protein
C1C6B2	GCCANGDB_00803	ABC transporter ATP-binding protein
A0A0B7L1V4	GCCANGDB_00804	Peptidyl-prolyl cis-trans isomerase
C1C6B4	GCCANGDB_00805	Hypothetical protein
Q04LD0	GCCANGDB_00806	SSU ribosomal protein S16p
C1CDC4	GCCANGDB_00807	KH domain RNA-binding protein
A0AA47CE94	GCCANGDB_00808	IS1380 family transposase ISSpn5
A0AA86YDP5	GCCANGDB_00809	hypothetical protein
Q8DQG3	GCCANGDB_00810	16S rRNA processing protein RimM
Q97RM4	GCCANGDB_00811	tRNA (guanine(37)-N(1))-methyltransferase
Q8CYZ1	GCCANGDB_00812	Anaerobic ribonucleoside-triphosphate reductase
B2INF8	GCCANGDB_00813	Hypothetical protein
Q8DQG2	GCCANGDB_00814	Hypothetical protein
A0A0H2UPB6	GCCANGDB_00815	Substrate-specific component BioY of biotin ECF transporter
C1CDD7	GCCANGDB_00816	Glutathione reductase
A0A916L500	GCCANGDB_00817	Periplasmic component of efflux system
Q8DQF8	GCCANGDB_00818	ABC transporter ATP-binding protein
A0A0T8BHN4	GCCANGDB_00819	ABC transporter permease protein
A0A4L3HSU9	GCCANGDB_00820	Methionyl-tRNA synthetase
A0AA36VAJ9	GCCANGDB_00821	Hypothetical protein
Q8DQF6	GCCANGDB_00822	Transcriptional regulator%2C PadR family
A0A0F7Y853	GCCANGDB_00823	Hypothetical protein
C1C6D4	GCCANGDB_00824	Putative oxidoreductase
B2INR6	GCCANGDB_00825	Hypothetical protein
B1IAX1	GCCANGDB_00826	3-Ketoacyl-ACP reductase
A0AA86JJM8	GCCANGDB_00827	MutT/Nudix family protein
A0A4J2GZS6	GCCANGDB_00828	PEP-utilizing enzyme family protein
A0AA87CCR7	GCCANGDB_00829	Hypothetical protein
A0A6G2DBD8	GCCANGDB_00830	Lysyl aminopeptidase PepN
C1CDF5	GCCANGDB_00831	Two-component system response regulator CiaR
Q7B3G0	GCCANGDB_00832	Two-component system sensor histidine kinase CiaH
Q8CYY6	GCCANGDB_00833	Hypothetical protein
A0A0E9GUZ2	GCCANGDB_00834	Protease
C1CDF9	GCCANGDB_00835	Bifunctional DinG family ATP-dependent helicase YoaA/DnaQ family exonuclease
Q8DQE8	GCCANGDB_00836	Cell shape-determining protein RodA
Q8DQE7	GCCANGDB_00837	4-methyl-5(b-hydroxyethyl)-thiazole monophosphate biosynthesis enzyme
A0A0B7LSQ5	GCCANGDB_00838	Hydrolase%2C haloacid dehalogenase-like family
A0A4J2AVN6	GCCANGDB_00839	DNA gyrase subunit B
Q8DQE5	GCCANGDB_00840	Septation ring formation regulator EzrA
B1IAY6	GCCANGDB_00841	IS630 family transposase ISSpn2
A0A4J2DEA4	GCCANGDB_00842	IS630 family transposase ISSpn2
B1IAY7	GCCANGDB_00843	IS66 family transposase Orf2
A0AAD2I3Y2	GCCANGDB_00844	IS3 family transposase ISSpn11
A0A4J1SXR9	GCCANGDB_00845	IS3 family transposase ISSpn11
C1CDG6	GCCANGDB_00846	Hypothetical protein
A0AA86Y4H4	GCCANGDB_00847	MutT/Nudix family protein
C1CGU6	GCCANGDB_00848	IS630 family transposase IS630-Spn1
C1CDG9	GCCANGDB_00849	ATP-dependent Clp protease ATP-binding subunit ClpE
Q8DQD6	GCCANGDB_00850	Hypothetical protein
A0AA87CCJ7	GCCANGDB_00851	Glutamine ABC transporter permease GlnP4
A0A4J1ZTJ8	GCCANGDB_00852	Glutamine ABC transporter ATP-binding protein GlnQ4
B1IAZ5	GCCANGDB_00853	Bifunctional methylenetetrahydrofolate dehydrogenase (NADP+)/methenyltetrahydrofolate cyclohydrolase
A0AA86X550	GCCANGDB_00854	ADP-dependent (S)-NAD(P)H-hydrate dehydratase
Q04L82	GCCANGDB_00855	Ribose 5-phosphate isomerase A
C1CS61	GCCANGDB_00856	Phosphopentomutase
A0AA86XZH3	GCCANGDB_00857	hypothetical protein
B1IB00	GCCANGDB_00858	Bifunctional purine nucleoside phosphorylase/N-ribosylnicotinamide phosphorylase
A0A0B7LRS6	GCCANGDB_00859	hypothetical protein
C1CDI1	GCCANGDB_00860	hypothetical protein
A0A0B7LFC8	GCCANGDB_00861	Thiol-activated cytolysin
A0A4M3VAK3	GCCANGDB_00862	Purine nucleoside phosphorylase DeoD-type
A0A4J2D8X0	GCCANGDB_00863	Purine nucleoside phosphorylase
A0A0B7M8N2	GCCANGDB_00864	FlaR-related DNA topology modulation protein
C1CS53	GCCANGDB_00865	SSU ribosomal protein S20p
C1CS52	GCCANGDB_00866	Pantothenate kinase
C1CDI7	GCCANGDB_00867	Hypothetical protein
B2INV8	GCCANGDB_00868	16S rRNA (guanine(1207)-N(2))-methyltransferase
A0A0E7RT45	GCCANGDB_00869	Pyrimidine-nucleoside phosphorylase
Q8DQC4	GCCANGDB_00870	Deoxyribose-phosphate aldolase
B1IB14	GCCANGDB_00871	Cytidine deaminase
C1CDJ2	GCCANGDB_00872	Nucleoside-binding protein
A0A0H2UPF8	GCCANGDB_00873	Putative deoxyribose-specific ABC transporter ATP-binding protein
B2INW4	GCCANGDB_00874	Putative deoxyribose-specific ABC transporter permease protein
C1C6I2	GCCANGDB_00875	Putative deoxyribose-specific ABC transporter permease protein
A0A4J1W167	GCCANGDB_00876	IS3 family transposase ISSpn11
A0A0T8T097	GCCANGDB_00877	hypothetical protein
A0A4J2CRN3	GCCANGDB_00878	IS3 family transposase ISSpn11
Q04L63	GCCANGDB_00879	Acyl-phosphate:glycerol-3-phosphate O-acyltransferase PlsY
Q3HZ71	GCCANGDB_00880	Topoisomerase IV subunit B
B2INX2	GCCANGDB_00881	Restriction enzyme BcgI alpha chain-like protein
Q3HYJ3	GCCANGDB_00882	Topoisomerase IV subunit A
B1IB24	GCCANGDB_00883	Branched-chain amino acid aminotransferase
A0A0T8QXJ8	GCCANGDB_00884	Oligopeptide ABC transporter substrate-binding protein
C1CDK5	GCCANGDB_00885	Hypothetical protein
Q8DQB0	GCCANGDB_00886	Putative membrane protein
Q04L55	GCCANGDB_00887	Pyrrolidone-carboxylate peptidase
Q8CYY0	GCCANGDB_00888	Hypothetical protein
	GCCANGDB_00889	tRNA-Tyr(gta)
	GCCANGDB_00889	
	GCCANGDB_00890	tRNA-Gln(ttg)
	GCCANGDB_00890	
C1CDK9	GCCANGDB_00891	SSU ribosomal protein S1p
A0A4J1MVJ7	GCCANGDB_00892	IS1167 transposase Orf2
A0A4N0CLZ2	GCCANGDB_00893	IS1167 transposase
	GCCANGDB_00894	Srn266
	GCCANGDB_00894	
A0A0U0BZA9	GCCANGDB_00895	GAF domain-containing protein
A0A0U0J2A6	GCCANGDB_00896	DNA polymerase III subunits gamma and tau
Q8CYX9	GCCANGDB_00897	Hypothetical protein
Q8DQA4	GCCANGDB_00898	Iron-sulfur cluster assembly ATPase protein SufC
C1C6K2	GCCANGDB_00899	Iron-sulfur cluster assembly protein SufD
B2INY9	GCCANGDB_00900	Cysteine desulfurase SufS
C1CDL9	GCCANGDB_00901	Putative iron-sulfur cluster assembly scaffold protein for SUF system SufE2
Q8DQA0	GCCANGDB_00902	Iron-sulfur cluster assembly protein SufB
Q75Y37	GCCANGDB_00903	D-alanyl-D-alanine carboxypeptidase%2C penicillin-binding protein 3
Q8DQ98	GCCANGDB_00904	Coordinator of zonal cell elongation
	GCCANGDB_00905	transfer-messenger RNA%2C SsrA
	GCCANGDB_00905	
	GCCANGDB_00906	tRNA-Ser(gga)
	GCCANGDB_00906	
Q8DQ97	GCCANGDB_00907	Transcriptional repressor of the fructose operon%2C DeoR family
A0A0H2ZPQ7	GCCANGDB_00908	1-phosphofructokinase
B1IB44	GCCANGDB_00909	Fructose-specific PTS IIABC components
A0A0B4ZMK1	GCCANGDB_00910	DNA translocase FtsK
A0AA86X4P1	GCCANGDB_00911	Acetyltransferase
A0AA86XPQ6	GCCANGDB_00912	Putative cysteine desulfurase
Q97RE1	GCCANGDB_00913	tRNA 4-thiouridine synthase ThiI
A0A098Z6B6	GCCANGDB_00914	Putative alpha-dextrin endo-1%2C6-alpha-glucosidase
A0AA87C909	GCCANGDB_00915	hypothetical protein
Q8CYX4	GCCANGDB_00916	hypothetical protein
C1CDN2	GCCANGDB_00917	ATP-grasp-domain-containing protein
Q8DQ91	GCCANGDB_00918	Type I restriction-modification system DNA-methyltransferase subunit M
A0A4J2B4S7	GCCANGDB_00919	hypothetical protein
C1CDN6	GCCANGDB_00920	hypothetical protein
C1CDN7	GCCANGDB_00921	hypothetical protein
A0A4J2GSI9	GCCANGDB_00922	Tyrosine recombinase XerC
A0A5B6RZR9	GCCANGDB_00923	hypothetical protein
B1IB61	GCCANGDB_00924	Type I restriction-modification system restriction subunit R
Q8DQ88	GCCANGDB_00925	Arginine pathway regulatory protein ArgR2
Q97RC8	GCCANGDB_00926	Xaa-Pro dipeptidyl-peptidase
A0A4J1N0P1	GCCANGDB_00927	DNA polymerase III alpha subunit
Q97RC6	GCCANGDB_00928	6-phosphofructokinase
A0AA86XZ59	GCCANGDB_00929	Pyruvate kinase
Q8CYX1	GCCANGDB_00930	Membrane-associated protein
A0A4J1SZ62	GCCANGDB_00931	IS5 family transposase ISSpn7
A0A916PFF5	GCCANGDB_00932	Hypothetical protein
A0A0D6J9F7	GCCANGDB_00933	Hypothetical protein
A0A0T8Q5P4	GCCANGDB_00934	ABC transporter substrate-binding protein
A0A062WLU8	GCCANGDB_00935	Putative permease
A0A098ZMD2	GCCANGDB_00936	Hypothetical protein
A0A0B7LIN4	GCCANGDB_00937	Transcription accessory protein
C1CRY6	GCCANGDB_00938	Putative SprT family zinc-dependent metallopeptidase
A0A5C8QW28	GCCANGDB_00939	Putative phage shock protein C
	GCCANGDB_00940	Spd-sr07
	GCCANGDB_00940	
A0A0H2UPK6	GCCANGDB_00941	Hypothetical protein
A0A0B7KXN1	GCCANGDB_00942	Hypothetical protein
A0A0E8TEB5	GCCANGDB_00943	ABC transporter ATP-binding protein
A0A0B7LB95	GCCANGDB_00944	ABC transporter permease protein
A0A0B7L2C4	GCCANGDB_00945	Hypothetical protein
A0A4H8KR41	GCCANGDB_00946	ISSpn8 transposase
B1IB85	GCCANGDB_00947	Arginine decarboxylase
A0A9P1LS20	GCCANGDB_00948	hypothetical protein
A0A2P9HUT3	GCCANGDB_00949	Spermidine synthase
C1C6Q1	GCCANGDB_00950	Carboxynorspermidine synthase
A0A0T8N418	GCCANGDB_00951	Carboxynorspermidine decarboxylase
A0A0I5M7U0	GCCANGDB_00952	Agmatine deiminase
C1CDS0	GCCANGDB_00953	N-carbamoylputrescine amidase
Q8DQ66	GCCANGDB_00954	Hydrolase%2C HAD superfamily
A0A0T8EEJ9	GCCANGDB_00955	Hypothetical protein
A0A064BXF1	GCCANGDB_00956	CAAX amino terminal protease family protein
Q8DQ65	GCCANGDB_00957	Cysteine and methionine metabolism regulator CmbR%2C LysR family
Q8DQ64	GCCANGDB_00958	Lipoprotein signal peptidase
A0A0B7M1X1	GCCANGDB_00959	Ribosomal large subunit pseudouridine synthase D
A0A9P1S903	GCCANGDB_00960	Teichoic acid phosphorylcholine esterase%2C choline-binding protein CbpE
B2IP87	GCCANGDB_00961	Glutamate 5-kinase
Q8DQ60	GCCANGDB_00962	Gamma-glutamyl phosphate reductase
C1C6R5	GCCANGDB_00963	Pyrroline-5-carboxylate reductase
A0A916PF21	GCCANGDB_00964	Thymidylate kinase
C1C6R7	GCCANGDB_00965	DNA polymerase III delta prime subunit
Q97R89	GCCANGDB_00966	DNA replication initiation control protein YabA
A0AA86XYU8	GCCANGDB_00967	16S rRNA (cytidine(1402)-2'-O)-methyltransferase
A0A4L4E2K4	GCCANGDB_00968	Methylenetetrahydrofolate--tRNA-(uracil-5-)- methyltransferase TrmFO
Q8DQ50	GCCANGDB_00969	Uridine monophosphate kinase
C1CRV3	GCCANGDB_00970	Ribosome-recycling factor
A0AA87CB91	GCCANGDB_00971	S1 RNA-binding domain protein
C1CRV1	GCCANGDB_00972	Hypothetical protein
C1CDU4	GCCANGDB_00973	Phosphate starvation-inducible protein PhoH
A0A4F2S5M0	GCCANGDB_00974	Acetyltransferase
Q8CYV8	GCCANGDB_00975	hypothetical protein
Q8DQ45	GCCANGDB_00976	Alanine dehydrogenase
A0A4F2S0B2	GCCANGDB_00977	Alanine dehydrogenase
A0A0E8B7I3	GCCANGDB_00978	Acetyltransferase%2C GNAT family
A0A822Q389	GCCANGDB_00979	Late competence DNA receptor ComEA
A0A4G1V8W0	GCCANGDB_00980	Late competence DNA transporter ComEC
A0A0U0EQ85	GCCANGDB_00981	ABC transporter%2C ATP-binding protein
A0A0U0BBP1	GCCANGDB_00982	Hypothetical protein
	GCCANGDB_00983	L20_leader
	GCCANGDB_00983	
Q04KW9	GCCANGDB_00984	Translation initiation factor 3
Q04KW8	GCCANGDB_00985	LSU ribosomal protein L35p
Q04KW7	GCCANGDB_00986	LSU ribosomal protein L20p
C1CDV7	GCCANGDB_00987	Lactoylglutathione lyase
A0A0U0BCH1	GCCANGDB_00988	Dihydroorotate dehydrogenase (NAD(+))%2C electron transfer subunit
A0A0T8TEC5	GCCANGDB_00989	Dihydroorotate dehydrogenase (NAD(+))%2C catalytic subunit
A0A0T8B6M8	GCCANGDB_00990	Endo-beta-N-acetylglucosaminidase LytB
A0AA86Y2F2	GCCANGDB_00991	Fibronectin/fibrinogen-binding protein
Q8DQ35	GCCANGDB_00992	Metal-dependent hydrolase YbeY
A0A0T8T8G5	GCCANGDB_00993	Diacylglycerol kinase
A0A0B7LRL2	GCCANGDB_00994	GTP-binding protein Era
A0A0B7LVH1	GCCANGDB_00995	Formamidopyrimidine-DNA glycosylase MutM
A0A0U0DTA3	GCCANGDB_00996	Dephospho-CoA kinase
C1C6U9	GCCANGDB_00997	Multidrug resistance efflux pump PmrA
Q8DQ31	GCCANGDB_00998	Protein-export membrane protein SecG
A0AA86XYT5	GCCANGDB_00999	3'-to-5' exoribonuclease RNase R
Q8DQ29	GCCANGDB_01000	tmRNA-binding protein SmpB
A0A0T8ABZ2	GCCANGDB_01001	Tellurite methyltransferase TehB
A0A4M3VAK3	GCCANGDB_01002	IS1380 family transposase ISSpn5
A0A0H2UPP6	GCCANGDB_01003	Competence protein CoiA
A0A0B7KTI3	GCCANGDB_01004	Oligoendopeptidase F
Q8DQ25	GCCANGDB_01005	O-methyltransferase family protein
Q8DQ24	GCCANGDB_01006	Putative parvulin type peptidyl-prolyl isomerase PrsA
A0AA86YAS0	GCCANGDB_01007	IS3 family transposase ISSpn1
A0A0B7LAN8	GCCANGDB_01008	hypothetical protein
Q8DQ21	GCCANGDB_01009	Phosphoglycerate mutase family 5 protein
C1CDY0	GCCANGDB_01010	Transcriptional regulator
A0A0B7LXZ4	GCCANGDB_01011	Membrane protein
A0A0B7MG22	GCCANGDB_01012	1%2C4-beta-N-acetylmuramidase%2C lyzozyme M1
A0AA86Y3I6	GCCANGDB_01013	Bifunctional N-acetylglucosamine-1-phosphate uridyltransferase/glucosamine-1-phosphate N-acetyltransferase
A0A0H2UPW5	GCCANGDB_01014	ADP-ribose pyrophosphatase
Q8CYV2	GCCANGDB_01015	Hypothetical protein
A0AA87C8M2	GCCANGDB_01016	Bifunctional 5'-methylthioadenosine nucleosidase/S-adenosylhomocysteine nucleosidase
A0A0H2UPQ5	GCCANGDB_01017	Transcriptional regulator OrfX
A0A0E8ASI4	GCCANGDB_01018	DNA polymerase III epsilon subunit
C1CDY9	GCCANGDB_01019	Glycerophosphoryl diester phosphodiesterase
A0A4F2S025	GCCANGDB_01020	IS1167 transposase
A0A4J1WXQ4	GCCANGDB_01021	IS1167 transposase
	GCCANGDB_01022	Srn266
	GCCANGDB_01022	
C1CGU6	GCCANGDB_01023	IS630 family transposase IS630-Spn1
A0A4F2S4D7	GCCANGDB_01024	Hypothetical protein
C1CDZ4	GCCANGDB_01025	Cytochrome c-type biogenesis protein CcdA-2
C1CDZ5	GCCANGDB_01026	Thiol:disulfide oxidoreductase
	GCCANGDB_01027	SpF36_sRNA
	GCCANGDB_01027	
A0AA86XBR9	GCCANGDB_01028	Cationic amino acid transporter%2C APC Superfamily
Q8DQ09	GCCANGDB_01029	Laminin-binding surface protein
A0A0E3GJC6	GCCANGDB_01030	Pneumococcal histidine triad protein D
A0A4F2S4Y2	GCCANGDB_01031	Pneumococcal histidine triad protein E
A0A4J2H147	GCCANGDB_01032	hypothetical protein
A0A4G1WMB5	GCCANGDB_01033	IS1167 transposase
	GCCANGDB_01034	Srn266
	GCCANGDB_01034	
A0A4F2S716	GCCANGDB_01035	hypothetical protein
A0A0T8ZEP9	GCCANGDB_01036	hypothetical protein
C1CRC4	GCCANGDB_01037	Tripeptide aminopeptidase PepT
A0A4J1PE64	GCCANGDB_01038	hypothetical protein
A0AAE4K3B0	GCCANGDB_01039	hypothetical protein
B3FNT7	GCCANGDB_01040	Signal peptidase IB
B3FNT4	GCCANGDB_01041	Pilin
B3FNT5	GCCANGDB_01042	hypothetical protein
A0A0U0FLZ7	GCCANGDB_01043	hypothetical protein
A0A4G1WLW4	GCCANGDB_01044	Ferrochelatase%2C protoheme ferro-lyase
A0AA86XRF7	GCCANGDB_01045	Large-conductance mechanosensitive channel MscL
Q8DQ02	GCCANGDB_01046	GtrA family protein
	GCCANGDB_01047	preQ1-II
	GCCANGDB_01047	
Q8DQ01	GCCANGDB_01048	Substrate-specific component QueT of putative queuosine-regulated ECF transporter
	GCCANGDB_01049	tRNA-Thr(ggt)
	GCCANGDB_01049	
	GCCANGDB_01050	asd
	GCCANGDB_01050	
A0A064C4U3	GCCANGDB_01051	Aspartate-semialdehyde dehydrogenase
C1CRD6	GCCANGDB_01052	4-hydroxy-tetrahydrodipicolinate synthase
B1IBH5	GCCANGDB_01053	GTPase and tRNA-U34 5-formylation enzyme MnmE
B2IPH4	GCCANGDB_01054	Bifunctional 4-oxalocrotonate tautomerase/xylose transport system permease protein XylH
C1CE11	GCCANGDB_01055	Thymidine kinase
C1CRE0	GCCANGDB_01056	Peptide chain release factor 1
C1CE13	GCCANGDB_01057	Peptide chain release factor N(5)-glutamine methyltransferase
C1CE14	GCCANGDB_01058	Threonylcarbamoyl-AMP synthase TsaC
C1CE15	GCCANGDB_01059	N-acetyltransferase%2C GCN5-family
C1CRE4	GCCANGDB_01060	Serine hydroxymethyltransferase
B2IPI1	GCCANGDB_01061	Pseudouridylate synthase%2C 23S RNA-specific
C1C701	GCCANGDB_01062	Pneumococcal vaccine antigen A
A0A0B7L1A6	GCCANGDB_01063	Extracellular protein
A0AA86Y2X5	GCCANGDB_01064	23S rRNA (uracil(1939)-C(5))-methyltransferase
	GCCANGDB_01065	SpF61_sRNA
	GCCANGDB_01065	
	GCCANGDB_01066	SpF39_sRNA
	GCCANGDB_01066	
C1CE21	GCCANGDB_01067	Hypothetical protein
Q8DPY6	GCCANGDB_01068	Iron compound ABC uptake transporter substrate-binding protein PiaA
A0A0U0D917	GCCANGDB_01069	Iron compound ABC uptake transporter permease protein PiaB
Q8DPY4	GCCANGDB_01070	Iron compound ABC uptake transporter permease protein PiaC
C1CE25	GCCANGDB_01071	Iron compound ABC uptake transporter ATP-binding protein PiaD
A0A0B7LJA1	GCCANGDB_01072	hypothetical protein
A0A0E7ZI32	GCCANGDB_01073	hypothetical protein
A0A0B7LIN9	GCCANGDB_01074	hypothetical protein
A0AAE4FXC9	GCCANGDB_01075	IS1380 family transposase ISSpn5
A0AA87CBA5	GCCANGDB_01076	hypothetical protein
A0A0T7TQW9	GCCANGDB_01077	hypothetical protein
	GCCANGDB_01078	pemK
	GCCANGDB_01078	
Q8CYT9	GCCANGDB_01079	Hypothetical protein
A0A9P1PK44	GCCANGDB_01080	Phage integrase
A0A0T9GFA2	GCCANGDB_01081	Phage integrase
A0A0E8SQT6	GCCANGDB_01082	Hypothetical protein
B2IPK0	GCCANGDB_01083	Hypothetical protein
A0AA36LJY8	GCCANGDB_01084	Hypothetical protein
A0A0U0BYY7	GCCANGDB_01085	Putative hydrolase
A0A062WSS8	GCCANGDB_01086	Transcriptional regulator
A0AA86Y8J7	GCCANGDB_01087	Neopullulanase
A0A0B7M5J3	GCCANGDB_01088	Neopullulanase
A0A4G1W1A0	GCCANGDB_01089	Neopullulanase
B1IBK4	GCCANGDB_01090	hypothetical protein
C1C762	GCCANGDB_01091	Aminoglycoside N(6')-acetyltransferase type 1
B1IBK6	GCCANGDB_01092	hypothetical protein
A0A4M7Q6Q9	GCCANGDB_01093	hypothetical protein
A0AA87CCX2	GCCANGDB_01094	hypothetical protein
A0A0B7MF81	GCCANGDB_01095	hypothetical protein
C1C764	GCCANGDB_01096	Cell division protein FtsW
A0A4G1W0T6	GCCANGDB_01097	Phosphoenolpyruvate carboxylase
	GCCANGDB_01098	T-box
	GCCANGDB_01098	
C1C766	GCCANGDB_01099	ABC transporter substrate-binding protein
Q8DPW3	GCCANGDB_01100	Putative tryptophan-specific ABC transporter permease protein TrpY
Q8DPW2	GCCANGDB_01101	ABC transporter ATP-binding protein
C1CE59	GCCANGDB_01102	DNA primase
P0A4J0	GCCANGDB_01103	RNA polymerase sigma factor RpoD
Q8DPW0	GCCANGDB_01104	Putative aromatic ring hydroxylating enzyme
C1CE62	GCCANGDB_01105	Diglucosyl diacylglycerol synthase LafB
A0A0B7LF06	GCCANGDB_01106	1%2C2-diacylglycerol 3-glucosyltransferase LafA
C1CE64	GCCANGDB_01107	Hypothetical protein
C1CE65	GCCANGDB_01108	Hypothetical protein
C1CE66	GCCANGDB_01109	GTP-binding protein ObgE
C1CE67	GCCANGDB_01110	Hypothetical protein
A0A4H9FG63	GCCANGDB_01111	IS1167 transposase
A0A4J2D1K3	GCCANGDB_01112	hypothetical protein
A0A4J1U7S1	GCCANGDB_01113	IS1167 transposase Orf1
	GCCANGDB_01114	Srn266
	GCCANGDB_01114	
	GCCANGDB_01115	group-II-D1D4-3
	GCCANGDB_01115	
Q97QW6	GCCANGDB_01116	UDP-N-acetylglucosamine 1-carboxyvinyltransferase
A0A0T7IPG4	GCCANGDB_01117	Ribosomal-protein-S5p-alanine acetyltransferase
Q8DPV2	GCCANGDB_01118	Cytosolic protein containing multiple CBS domains
Q8DPV1	GCCANGDB_01119	Methionine aminopeptidase
A0A4J1S9Y1	GCCANGDB_01120	hypothetical protein
C1CDT8	GCCANGDB_01121	IS1381 transposase OrfA
A0A4N3N6R8	GCCANGDB_01122	IS1381 transposase OrfB
A0A0E9A2L0	GCCANGDB_01123	ATP-dependent DNA helicase PcrA
A0A062WLA7	GCCANGDB_01124	DNA repair protein RadC
C1C786	GCCANGDB_01125	Glutamine amidotransferase%2C class I
C1CRJ3	GCCANGDB_01126	Redox-sensitive transcriptional regulator Rex
Q8CYS1	GCCANGDB_01127	Hypothetical protein
Q8CYS0	GCCANGDB_01128	Hypothetical protein
A0A0Y2EHQ6	GCCANGDB_01129	Cysteine desulfurase
P65242	GCCANGDB_01130	Ribose-phosphate pyrophosphokinase
Q8DPU3	GCCANGDB_01131	Adenylate cyclase
Q8DPU2	GCCANGDB_01132	GTP pyrophosphokinase
B2IQ09	GCCANGDB_01133	NAD kinase
C1C795	GCCANGDB_01134	RluD-like protein
Q8DPU0	GCCANGDB_01135	Phosphate acetyltransferase
	GCCANGDB_01136	SpR14_sRNA
	GCCANGDB_01136	
A0A4J1RJ89	GCCANGDB_01137	IS1167 transposase
A0A4J2AP45	GCCANGDB_01138	IS1167 transposase
	GCCANGDB_01139	Srn266
	GCCANGDB_01139	
Q04KI6	GCCANGDB_01140	Hypothetical protein co-occurring with RecR
A0A0B7M7N6	GCCANGDB_01141	Hypothetical protein
	GCCANGDB_01142	L21_leader
	GCCANGDB_01142	
Q97QU4	GCCANGDB_01143	LSU ribosomal protein L21p
C1CE93	GCCANGDB_01144	Putative ribosomal protein
Q04KI2	GCCANGDB_01145	LSU ribosomal protein L27p
Q8DPT6	GCCANGDB_01146	Bifunctional FMN adenylyltransferase/riboflavin kinase RibF
Q8DPT5	GCCANGDB_01147	Transporter
A0A0D6J7H5	GCCANGDB_01148	DegV family protein
C1CEA0	GCCANGDB_01149	DNA-binding protein HlpA
A0AA87CCY0	GCCANGDB_01150	ABC transporter ATP-binding protein
A0AA87C8E3	GCCANGDB_01151	Positive transcriptional regulator%2C MutR family
C1C7B0	GCCANGDB_01152	Macrolide efflux ABC transporter membrane-spanning permease
C1CRL7	GCCANGDB_01153	DNA ligase (NAD(+))
A0AA87C986	GCCANGDB_01154	Putative glycogen debranching enzyme
B1IBQ6	GCCANGDB_01155	Glyceraldehyde-3-phosphate dehydrogenase (NADP(+))
A0AA86XE11	GCCANGDB_01156	1%2C4-alpha-glucan-branching enzyme GlgB
Q97QS7	GCCANGDB_01157	Glycogen biosynthesis glucose-1-phosphate adenylyltransferase subunit GlgC
Q8DPS4	GCCANGDB_01158	Glycogen biosynthesis glucose-1-phosphate adenylyltransferase subunit GlgD
C1CRM3	GCCANGDB_01159	Glycogen biosynthesis ADP-glucose--glucan transglucosylase GlgA
A0A0B7M8L9	GCCANGDB_01160	Phosphoserine phosphatase
A0A6A8VMR9	GCCANGDB_01161	Glycerate kinase
A0AA86XHR8	GCCANGDB_01162	Hypothetical protein
C1CRM6	GCCANGDB_01163	Enolase
A0A4J2GG84	GCCANGDB_01164	IS1167 transposase Orf2
A0A380LDN8	GCCANGDB_01165	IS1167 transposase
A0A4J1QHF4	GCCANGDB_01166	IS1167 transposase
	GCCANGDB_01167	Srn266
	GCCANGDB_01167	
A0A0T8C0Q6	GCCANGDB_01168	IS630 family transposase IS630-Spn1
A0A0T8CF02	GCCANGDB_01169	IS630 family transposase IS630-Spn1
A0A4J2B9T9	GCCANGDB_01170	ATP-dependent nuclease subunit RexB
A0A4J2GKK8	GCCANGDB_01171	ATP-dependent nuclease subunit RexA
C1CEB9	GCCANGDB_01172	Hypothetical protein
A0A4J2GJK9	GCCANGDB_01173	IgA1 protease ZmpA
A0A916P5H8	GCCANGDB_01174	IgA1 protease ZmpA
E6Y3U2	GCCANGDB_01175	Tn5253 hypothetical protein
E6Y3U3	GCCANGDB_01176	hypothetical protein
E6Y3U4	GCCANGDB_01177	hypothetical protein
E6Y3U5	GCCANGDB_01178	hypothetical protein
Q9ZBB5	GCCANGDB_01179	hypothetical protein
D3GM91	GCCANGDB_01180	Tn5253 hypothetical protein
E4Z7F0	GCCANGDB_01181	hypothetical protein
D3GM89	GCCANGDB_01182	Tn5253 putative CAAX amino terminal protease
E6Y3V0	GCCANGDB_01183	hypothetical protein
E6Y3V1	GCCANGDB_01184	hypothetical protein
E6Y3V2	GCCANGDB_01185	hypothetical protein
E6Y3V3	GCCANGDB_01186	hypothetical protein
E6Y3V4	GCCANGDB_01187	hypothetical protein
D3GM83	GCCANGDB_01188	hypothetical protein
E8ZD03	GCCANGDB_01189	hypothetical protein
E6Y3V7	GCCANGDB_01190	hypothetical protein
E6Y3V8	GCCANGDB_01191	hypothetical protein
E6Y3V9	GCCANGDB_01192	hypothetical protein
B2IS01	GCCANGDB_01193	Transposase from transposon Tn916
P61624	GCCANGDB_01194	hypothetical protein
	GCCANGDB_01195	pemK
	GCCANGDB_01195	
B2IQG0	GCCANGDB_01196	hypothetical protein
B7UTW8	GCCANGDB_01197	hypothetical protein
B1IC82	GCCANGDB_01198	hypothetical protein
A0A060QP50	GCCANGDB_01199	Translation elongation factor G
	GCCANGDB_01200	sRNA_0030
	GCCANGDB_01200	
A0A7D5A3K0	GCCANGDB_01201	hypothetical protein
B2IRZ0	GCCANGDB_01202	hypothetical protein
A0A2Z4HX09	GCCANGDB_01203	hypothetical protein
B2IRY8	GCCANGDB_01204	hypothetical protein
B2IRY7	GCCANGDB_01205	hypothetical protein
B2IRY6	GCCANGDB_01206	hypothetical protein
B1IC91	GCCANGDB_01207	hypothetical protein
B7UTY4	GCCANGDB_01208	hypothetical protein
B2IQE9	GCCANGDB_01209	hypothetical protein
B2IQE8	GCCANGDB_01210	hypothetical protein
B2IQE7	GCCANGDB_01211	hypothetical protein
E6Y3Y4	GCCANGDB_01212	ABC transporter ATP-binding protein
E6Y3Y5	GCCANGDB_01213	Hypothetical protein
E6Y3Y7	GCCANGDB_01214	hypothetical protein
A0AA36PWS9	GCCANGDB_01215	hypothetical protein
E6Y3Y9	GCCANGDB_01216	hypothetical protein
E6Y3Z0	GCCANGDB_01217	hypothetical protein
E6Y3Z1	GCCANGDB_01218	hypothetical protein
E6Y3Z2	GCCANGDB_01219	hypothetical protein
E6Y3Z3	GCCANGDB_01220	hypothetical protein
B6ZCD5	GCCANGDB_01221	hypothetical protein
E6Y3Z5	GCCANGDB_01222	hypothetical protein
B6ZCD3	GCCANGDB_01223	hypothetical protein
E6Y3Z7	GCCANGDB_01224	Antitoxin PezA
E6Y3Z8	GCCANGDB_01225	Bifunctional UDP-N-acetylglucosamine kinase/zeta toxin PezT
E6Y3Z9	GCCANGDB_01226	hypothetical protein
B6ZCC9	GCCANGDB_01227	hypothetical protein
B6ZCC8	GCCANGDB_01228	Chloramphenicol acetyltransferase
E6Y402	GCCANGDB_01229	hypothetical protein
B2IQC3	GCCANGDB_01230	hypothetical protein
E6Y406	GCCANGDB_01231	Neopullulanase
E6Y407	GCCANGDB_01232	hypothetical protein
C1C755	GCCANGDB_01233	Antitoxin PezA
E6Y409	GCCANGDB_01234	Bifunctional UDP-N-acetylglucosamine kinase/zeta toxin PezT
E6Y410	GCCANGDB_01235	hypothetical protein
E6Y411	GCCANGDB_01236	DNA polymerase IV
A0A4J2G8W2	GCCANGDB_01237	hypothetical protein
Q54886	GCCANGDB_01238	hypothetical protein
Q54885	GCCANGDB_01239	Tn5252 Orf10 protein
B7UTU9	GCCANGDB_01240	Tn5252 Orf9 protein
E6Y416	GCCANGDB_01241	hypothetical protein
Q54881	GCCANGDB_01242	Putative repressor protein%2C phage associated
	GCCANGDB_01243	pemK
	GCCANGDB_01243	
E6Y419	GCCANGDB_01244	hypothetical protein
E6Y420	GCCANGDB_01245	Tyrosine recombinase XerC
A0A0E7T841	GCCANGDB_01246	50S ribosomal subunit maturation GTPase RbgA
C1CRN4	GCCANGDB_01247	Ribonuclease HII
C1C7C9	GCCANGDB_01248	Voltage-gated chloride channel family protein
Q04KF1	GCCANGDB_01249	Tyrosine recombinase XerS
A0A0T7TMB5	GCCANGDB_01250	Lipoate-protein ligase A
Q8VPK9	GCCANGDB_01251	Dihydrolipoamide dehydrogenase of acetoin dehydrogenase
C1C7D3	GCCANGDB_01252	Dihydrolipoamide acetyltransferase (E2) component of acetoin dehydrogenase complex
C1C7D4	GCCANGDB_01253	Acetoin dehydrogenase E1 component beta-subunit
C1CED0	GCCANGDB_01254	Acetoin dehydrogenase E1 component alpha-subunit
A0A0B7LJI3	GCCANGDB_01255	Dihydrolipoamide acetyltransferase
A0A0B7L0U2	GCCANGDB_01256	Hypothetical protein
A0AA87C918	GCCANGDB_01257	Dihydroorotase
C8XPY1	GCCANGDB_01258	8-oxo-dGTP diphosphatase MutX
B2IPV6	GCCANGDB_01259	Uracil-DNA glycosylase%2C family 1
A0A0D6J8I6	GCCANGDB_01260	Hypothetical protein
A0A0H2UQ88	GCCANGDB_01261	2-haloalkanoic acid dehalogenase
A0A0T8JZF1	GCCANGDB_01262	PTS-dependent dihydroxyacetone kinase%2C phosphotransferase subunit DhaM
A0A4J1SW76	GCCANGDB_01263	Pneumococcal histidine triad protein B
A0A7X2XKH2	GCCANGDB_01264	Pneumococcal histidine triad protein A
A0A0B7LFZ1	GCCANGDB_01265	Phosphoenolpyruvate-protein phosphotransferase of PTS
Q8DPQ0	GCCANGDB_01266	Phosphotransferase system%2C phosphocarrier protein HPr
Q8DPP9	GCCANGDB_01267	Glutaredoxin-like protein NrdH
Q8CWR3	GCCANGDB_01268	Ribonucleotide reductase of class Ib%2C alpha subunit
Q8DPP8	GCCANGDB_01269	Ribonucleotide reductase of class Ib%2C beta subunit
C1CEE5	GCCANGDB_01270	Lactose phosphotransferase system repressor
A0AAD2INI1	GCCANGDB_01271	hypothetical protein
C1CEE7	GCCANGDB_01272	6-phospho-beta-galactosidase
C1CEE8	GCCANGDB_01273	Lactose-specific PTS IIBC components
Q8DPP4	GCCANGDB_01274	Lactose-specific PTS IIA component
B2IPT9	GCCANGDB_01275	Beta-glucoside bgl operon antiterminator LacT%2C BglG family
C1C7F9	GCCANGDB_01276	Tagatose 1%2C6-diphosphate aldolase
Q8DPP1	GCCANGDB_01277	Tagatose-6-phosphate kinase LacC
Q8DPP0	GCCANGDB_01278	Galactose-6-phosphate isomerase%2C LacB subunit
Q8DPN9	GCCANGDB_01279	Galactose-6-phosphate isomerase%2C LacA subunit
Q8DPN8	GCCANGDB_01280	Aldose epimerase
A0A2U3S014	GCCANGDB_01281	IS1381 transposase OrfB
A0A2U3S009	GCCANGDB_01282	IS5 family transposase ISSpn7
C1C7G6	GCCANGDB_01283	Galactose-specific PTS IIB component
A0A4G5VB66	GCCANGDB_01284	Galactose-specific PTS IIA component
A0A4N2GDB3	GCCANGDB_01285	Hypothetical protein
Q8DPN5	GCCANGDB_01286	Translation elongation factor LepA
A0A0U0PVQ9	GCCANGDB_01287	Serine/threonine protein phosphatase
Q8DPN3	GCCANGDB_01288	DNA repair protein RecN
C1CEG6	GCCANGDB_01289	Arginine pathway regulatory protein AhrC
B1IC06	GCCANGDB_01290	RNA-binding methyltransferase
A0A0B7LSH1	GCCANGDB_01291	(2E%2C6E)-farnesyl diphosphate synthase
Q04KB1	GCCANGDB_01292	Exodeoxyribonuclease VII small subunit
A0A4J1VN40	GCCANGDB_01293	Exodeoxyribonuclease VII large subunit
Q04KA9	GCCANGDB_01294	Uridine kinase
Q8CYQ8	GCCANGDB_01295	Hypothetical protein
B2IPS0	GCCANGDB_01296	Hypothetical protein
C1CEH3	GCCANGDB_01297	tRNA pseudouridine synthase B
A0A0B7LSK6	GCCANGDB_01298	Hypothetical protein
A0A4J2G0B7	GCCANGDB_01299	Cystathionine gamma-synthase
A0A0B7LKX5	GCCANGDB_01300	O-acetyl-L-homoserine sulfhydrylase
A0A9P1LY54	GCCANGDB_01301	Formate-nitrate transporter
A0A9P1Q6W1	GCCANGDB_01302	Sortase SrtA%2C LPXTG specific
Q8DPM2	GCCANGDB_01303	DNA gyrase subunit A
A0AA87CBD3	GCCANGDB_01304	L-lactate dehydrogenase
A0AA86X3W4	GCCANGDB_01305	hypothetical protein
B2IPQ9	GCCANGDB_01306	mRNA interferase RelE2
A0A558SUE3	GCCANGDB_01307	Replicon stabilization protein RelB2
Q9RCS5	GCCANGDB_01308	Zn-dependent hydrolase VicX
C1CEI3	GCCANGDB_01309	Two-component system sensor histidine kinase VicK
Q9S1K0	GCCANGDB_01310	Two-component system response regulator VicR
B2IPQ4	GCCANGDB_01311	A/G-specific adenine glycosylase
C1CR74	GCCANGDB_01312	Formate--tetrahydrofolate ligase
A0A098Z7G4	GCCANGDB_01313	Phosphopantothenoylcysteine synthetase
A0A0I6ISD4	GCCANGDB_01314	Phosphopantothenoylcysteine decarboxylase
Q8DPL2	GCCANGDB_01315	Substrate-specific component PanT of putative pantothenate ECF transporter
A0A4F2D7R2	GCCANGDB_01316	Substrate-specific component NiaX of putative niacin ECF transporter
A0A4K0TM46	GCCANGDB_01317	Transcriptional repressor of NAD biosynthesis
A0A2R2HV82	GCCANGDB_01318	MutT/Nudix family protein
A0A2R2HV47	GCCANGDB_01319	Acetyltransferase
C1CEJ4	GCCANGDB_01320	Acetyltransferase
Q54986	GCCANGDB_01321	Excinuclease ABC subunit B
Q8DPK6	GCCANGDB_01322	CAAX amino terminal protease family protein
C1C7L9	GCCANGDB_01323	Glutamine ABC transporter GlnHP5%2C containing substrate-binding and permease domains
Q8DPK4	GCCANGDB_01324	Glutamine transport ATP-binding protein GlnQ
A0A0E7L5H4	GCCANGDB_01325	Glucose-6-phosphate 1-dehydrogenase
A0A0B7KS80	GCCANGDB_01326	Signal recognition particle receptor FtsY
A0A064BY73	GCCANGDB_01327	Hydrolase%2C HAD superfamily
A0A0E8SU30	GCCANGDB_01328	Hydrolase%2C HAD superfamily
A0A6G2DAH9	GCCANGDB_01329	Chromosome partition protein SMC
A0A0T8X3V7	GCCANGDB_01330	Ribonuclease III
	GCCANGDB_01331	tRNA-Arg(ccg)
	GCCANGDB_01331	
C1CR55	GCCANGDB_01332	GMP reductase
A0A4J2ENT1	GCCANGDB_01333	Hypothetical protein
A0A0B7LNM9	GCCANGDB_01334	Endonuclease
Q8CYQ2	GCCANGDB_01335	Hypothetical protein
A0A0B7L497	GCCANGDB_01336	hypothetical protein
A0A0B7KXP5	GCCANGDB_01337	3-isopropylmalate dehydratase small subunit
C1C7N4	GCCANGDB_01338	Putative membrane protein
A0A4H9BVI6	GCCANGDB_01339	3-isopropylmalate dehydrogenase
A0A0B7LNM6	GCCANGDB_01340	2-isopropylmalate synthase
A0A0U0GSM8	GCCANGDB_01341	2-isopropylmalate synthase
A0A0T7TLJ4	GCCANGDB_01342	Hypothetical protein
A0A0T7TL79	GCCANGDB_01343	Cytoplasmic copper homeostasis protein CutC
A0A0D6J7C6	GCCANGDB_01344	Hypothetical protein related to heme utilization
B1IC54	GCCANGDB_01345	DNA topoisomerase I
A0A0B7M4M5	GCCANGDB_01346	Integral membrane protein
A0A0D6J8J8	GCCANGDB_01347	DNA protecting protein DprA
Q93MI4	GCCANGDB_01348	Cholinephosphate cytidylyltransferase LicC
A0A229FXM7	GCCANGDB_01349	Choline permease LicB
A0A0E7ZYU3	GCCANGDB_01350	Choline kinase LicA
Q8DPI3	GCCANGDB_01351	Ribulose-5-phosphate reductase
A0A064BWJ5	GCCANGDB_01352	Ribitol-5-phosphate cytidylyltransferase
A0A0E8SLM8	GCCANGDB_01353	Membrane protein TacF involved in the export of O-antigen and teichoic acid
Q9X4D4	GCCANGDB_01354	Lipopolysaccharide cholinephosphotransferase LicD1
A0A0B7MB36	GCCANGDB_01355	Lipopolysaccharide cholinephosphotransferase LicD2
Q97QE4	GCCANGDB_01356	Carbamoyl-phosphate synthase large chain CarB
A0A064BWJ2	GCCANGDB_01357	Carbamoyl-phosphate synthase small chain CarA
C1CR29	GCCANGDB_01358	Aspartate carbamoyltransferase
Q04K45	GCCANGDB_01359	Bifunctional uracil phosphoribosyltransferase/pyrimidine operon regulatory protein PyrR
	GCCANGDB_01360	PyrR
	GCCANGDB_01360	
Q8DPH8	GCCANGDB_01361	Endonuclease III
A0A0B7KY73	GCCANGDB_01362	Protein%2C clustered with ribosomal protein L32p
	GCCANGDB_01363	SpF43_sRNA
	GCCANGDB_01363	
A0AA87CFE2	GCCANGDB_01364	ABC transporter ATP-binding protein
C1CR23	GCCANGDB_01365	Heat shock protein HtpX
C1C7R4	GCCANGDB_01366	LemA
Q97QD4	GCCANGDB_01367	16S rRNA (guanine(527)-N(7))-methyltransferase RsmG
	GCCANGDB_01368	SpF44_sRNA
	GCCANGDB_01368	
A0A098ZHN3	GCCANGDB_01369	Uracil permease
A0A6G2DD42	GCCANGDB_01370	Signal recognition particle protein Ffh
Q8DPH0	GCCANGDB_01371	Signal recognition particle associated protein
A0A0B7M7R8	GCCANGDB_01372	Hypothetical protein
A0A0E7ZFQ5	GCCANGDB_01373	dNTP triphosphohydrolase
A0A9Q9R059	GCCANGDB_01374	Sugar phosphatase YidA
A0A0E7ZI26	GCCANGDB_01375	hypothetical protein
	GCCANGDB_01376	tRNA-Arg(cct)
	GCCANGDB_01376	
Q97QC6	GCCANGDB_01377	LSU ribosomal protein L19p
Q97QC5	GCCANGDB_01378	ClC-type fluoride channel
Q97QC4	GCCANGDB_01379	ClC-type fluoride channel
Q8DPG5	GCCANGDB_01380	Chorismate mutase I
C1CEQ2	GCCANGDB_01381	Flavodoxin
C1C7S7	GCCANGDB_01382	DHH family phosphoesterase Pde2
A0AA87CAZ5	GCCANGDB_01383	LSU ribosomal protein L31p
A0A0B7LYP4	GCCANGDB_01384	Ferrous iron transport permease EfeU
A0A4J2FNW3	GCCANGDB_01385	IS630 family transposase ISSpn2
A0AA47CKD2	GCCANGDB_01386	NADP-specific glutamate dehydrogenase
Q8CYP4	GCCANGDB_01387	Hypothetical protein
A0A654YLR8	GCCANGDB_01388	ABC transporter ATP-binding protein
	GCCANGDB_01389	SpF25_sRNA
	GCCANGDB_01389	
C1C7T4	GCCANGDB_01390	hypothetical protein
A0AA36Q079	GCCANGDB_01391	N-acetylmannosamine kinase
A0A4K4BI97	GCCANGDB_01392	4-hydroxy-tetrahydrodipicolinate synthase
Q8DPF7	GCCANGDB_01393	Cytidine deaminase
Q8DPF6	GCCANGDB_01394	Phosphatidylglycerophosphatase
Q8CYP1	GCCANGDB_01395	Hypothetical protein
Q8DPF5	GCCANGDB_01396	Oligopeptide transport ATP-binding protein
Q8DPF4	GCCANGDB_01397	Dipeptide transport system permease protein
Q8DPF3	GCCANGDB_01398	Oligopeptide transport system permease protein
Q8DPF2	GCCANGDB_01399	Oligopeptide ABC transporter substrate-binding protein
Q8DPF1	GCCANGDB_01400	N-acetylneuraminate epimerase
B1I745	GCCANGDB_01401	N-acetylmannosamine-6-phosphate 2-epimerase
Q8DPE9	GCCANGDB_01402	IS1381 transposase OrfB
D3GM86	GCCANGDB_01403	Hypothetical protein
C1C7U1	GCCANGDB_01404	Hypothetical protein
C1C7U2	GCCANGDB_01405	Hypothetical protein
C1C7U3	GCCANGDB_01406	ABC transporter ATP-binding protein
A0A0B7LCI4	GCCANGDB_01407	ABC transporter ATP-binding/membrane spanning protein
A0A0E8JAD2	GCCANGDB_01408	Lanthionine biosynthesis protein LanL
C1C7U1	GCCANGDB_01409	Hypothetical protein
C1C7U8	GCCANGDB_01410	Tn5253 putative CAAX amino terminal protease
E7AJJ3	GCCANGDB_01411	hypothetical protein
Q8CYN6	GCCANGDB_01412	Tn5253 hypothetical protein
Q8CYN5	GCCANGDB_01413	hypothetical protein
Q8CYN4	GCCANGDB_01414	hypothetical protein
A0A098ANF2	GCCANGDB_01415	hypothetical protein
	GCCANGDB_01416	rli38
	GCCANGDB_01416	
Q04JZ4	GCCANGDB_01417	LSU ribosomal protein L7/L12 (P1/P2)
A0A0E9GXI9	GCCANGDB_01418	LSU ribosomal protein L10p (P0)
	GCCANGDB_01419	L10_leader
	GCCANGDB_01419	
A0AAE4FYM5	GCCANGDB_01420	Methylthioadenosine deaminase
A0A0H2UQN6	GCCANGDB_01421	ABC transporter ATP-binding/permease protein
A0A0U0GVF6	GCCANGDB_01422	ABC transporter ATP-binding/permease protein
P0A3Q9	GCCANGDB_01423	Peptide methionine sulfoxide reductase MsrAB1
Q04JY7	GCCANGDB_01424	Homoserine kinase
Q8DPE1	GCCANGDB_01425	Homoserine dehydrogenase
C1C7W3	GCCANGDB_01426	Adaptor protein MecA
C1CEV2	GCCANGDB_01427	TarQ
A0A1Q2SZN1	GCCANGDB_01428	Teichoic acid ribitol polymerase
A0A0H2UQP1	GCCANGDB_01429	Glycosyltransferase%2C group 2 family
A0A6I3U4A5	GCCANGDB_01430	Glycosyltransferase%2C group 1 family
A0A559E613	GCCANGDB_01431	Lipopolysaccharide cholinephosphotransferase LicD3
Q8DPD6	GCCANGDB_01432	LytR-CpsA-Psr subfamily F1 cell envelope-associated transcriptional attenuator
A0AAE9QTF9	GCCANGDB_01433	Prephenate dehydratase
Q8DPD4	GCCANGDB_01434	Shikimate kinase I
A0A0B7LU64	GCCANGDB_01435	5-Enolpyruvylshikimate-3-phosphate synthase
Q97Q59	GCCANGDB_01436	Transcriptional regulator
Q8DPD2	GCCANGDB_01437	Prephenate dehydrogenase
Q04JX3	GCCANGDB_01438	Chorismate synthase
Q8DPD1	GCCANGDB_01439	3-dehydroquinate synthase
Q3I009	GCCANGDB_01440	Shikimate/quinate 5-dehydrogenase I beta
Q04JX0	GCCANGDB_01441	3-dehydroquinate dehydratase I
A0AA95IJZ0	GCCANGDB_01442	Putative ribosomal RNA large subunit methyltransferase YwbD
A0AA86Y1Y4	GCCANGDB_01443	ABC transporter permease
A0A0E8Z843	GCCANGDB_01444	ABC transporter ATP-binding protein
A0A0H2UQT1	GCCANGDB_01445	Cytoplasmic alpha-amylase
A0AA86XTI9	GCCANGDB_01446	Alanyl-tRNA synthetase
A0A4J2ENN3	GCCANGDB_01447	Hypothetical protein
A0A4N2RG68	GCCANGDB_01448	Spermidine/putrescine import ABC transporter substrate-binding protein PotD
C1C7Y7	GCCANGDB_01449	Spermidine/putrescine import ABC transporter permease protein PotC
B2IQK4	GCCANGDB_01450	Spermidine/putrescine import ABC transporter permease protein PotB
C1CEX7	GCCANGDB_01451	Spermidine/putrescine import ABC transporter ATP-binding protein PotA
Q04JV9	GCCANGDB_01452	UDP-N-acetylenolpyruvoylglucosamine reductase
A0A4J2GXL1	GCCANGDB_01453	Hypothetical protein
A0A0T7ZJC2	GCCANGDB_01454	Alpha-acetolactate decarboxylase
A0A4J2FPY6	GCCANGDB_01455	Putative transcriptional regulator of pyridoxine metabolism
A0A0U0AJD0	GCCANGDB_01456	Amino acid ABC transporter amino acid-binding/permease protein
Q8DPB6	GCCANGDB_01457	Phosphate transport system regulatory protein PhoU2
C1CEY4	GCCANGDB_01458	Phosphate transport ATP-binding protein PstB2_2
C1CEY5	GCCANGDB_01459	Phosphate transport ATP-binding protein PstB2_1
Q8DPB3	GCCANGDB_01460	Phosphate transport system permease protein PstA2
Q8DPB2	GCCANGDB_01461	Phosphate transport system permease protein PstC2
Q97Q31	GCCANGDB_01462	Phosphate ABC transporter periplasmic phosphate-binding protein PstS2
A0A0B7MDL7	GCCANGDB_01463	Hypothetical protein
A0A0U0AJ69	GCCANGDB_01464	tRNA and rRNA cytosine-C5-methylase
A0A0T8AAM2	GCCANGDB_01465	Inositol-1-monophosphatase
Q04JU6	GCCANGDB_01466	Hypothetical protein
Q97Q26	GCCANGDB_01467	Transcriptional regulator SpxA1
A0AA86YBU8	GCCANGDB_01468	Integral membrane protein
Q8DPA7	GCCANGDB_01469	Putative NagD-like phosphatase
Q8CYM5	GCCANGDB_01470	Acyl-ACP thioesterase
Q8DPA6	GCCANGDB_01471	Putative radical SAM family enzyme
C1CEZ8	GCCANGDB_01472	Hypothetical protein
A0A0E8ADM7	GCCANGDB_01473	General stress protein
C1CQU5	GCCANGDB_01474	Prolipoprotein diacylglyceryl transferase
A0A229FYZ7	GCCANGDB_01475	HPr kinase/phosphorylase
B2IQN3	GCCANGDB_01476	SSU ribosomal protein S21p
C1CQU2	GCCANGDB_01477	Glucosamine-6-phosphate deaminase
Q97Q15	GCCANGDB_01478	S-adenosylmethionine:tRNA ribosyltransferase-isomerase
A0A6G2CT29	GCCANGDB_01479	Choline-binding protein CbpM
A0A0B7L6F0	GCCANGDB_01480	Hypothetical protein
Q8DP98	GCCANGDB_01481	Acetyltransferase%2C GNAT family
Q04JT1	GCCANGDB_01482	NAD synthetase
A0A916PF67	GCCANGDB_01483	Nicotinate phosphoribosyltransferase
A0AA86X298	GCCANGDB_01484	Hypothetical protein
C1CF10	GCCANGDB_01485	Transcriptional repressor
A0A0U0A3P2	GCCANGDB_01486	Hypothetical protein
A0AA86XVD1	GCCANGDB_01487	Multidrug efflux ABC transporter ATP-binding protein
A0A0T8K483	GCCANGDB_01488	Peptidase%2C U32 family large subunit (C1)
C1CF13	GCCANGDB_01489	hypothetical protein
Q8DP94	GCCANGDB_01490	Peptidase%2C U32 family large subunit (C1)
Q8DP93	GCCANGDB_01491	hypothetical protein
Q8DP92	GCCANGDB_01492	hypothetical protein
Q8RT72	GCCANGDB_01493	Type II restriction-modification system methyltransferase
A0A654UCG4	GCCANGDB_01494	hypothetical protein
A0A4G1UHI7	GCCANGDB_01495	Duplicated ATPase component of energizing module of putative ECF transporter
A0A0B7LM34	GCCANGDB_01496	Transmembrane component of energizing module of putative ECF transporter
A0AA86YC75	GCCANGDB_01497	Substrate-specific component of putative ECF transporter
A0AA86XZJ9	GCCANGDB_01498	ABC transporter ATP-binding/permease protein
A0AA86XE87	GCCANGDB_01499	ABC transporter ATP-binding/permease protein
A0AA86X2A4	GCCANGDB_01500	Transcriptional regulator%2C AraC family
	GCCANGDB_01501	Srn266
	GCCANGDB_01501	
A0A4L8JXX8	GCCANGDB_01502	IS1167 transposase Orf1
A0AA95D7A8	GCCANGDB_01503	hypothetical protein
A0AA95IJ56	GCCANGDB_01504	IS1167 transposase
	GCCANGDB_01505	SpR18_sRNA
	GCCANGDB_01505	
A0A064BZG6	GCCANGDB_01506	Tyrosine recombinase XerC
A0A064BXU7	GCCANGDB_01507	hypothetical protein
A0A064C3I1	GCCANGDB_01508	hypothetical protein
A0AAD2I397	GCCANGDB_01509	hypothetical protein
A0AAD2K9X1	GCCANGDB_01510	hypothetical protein
A0A064BZG1	GCCANGDB_01511	hypothetical protein
A0A064BXU2	GCCANGDB_01512	Hypothetical protein
A0A559H6E7	GCCANGDB_01513	hypothetical protein
A0A0B4ZI51	GCCANGDB_01514	hypothetical protein
Q04JQ8	GCCANGDB_01515	GMP synthase%2C amidotransferase and ATP pyrophosphatase subunits
A0A4F2S6U5	GCCANGDB_01516	Transcriptional regulator in cluster with beta-lactamase%2C GntR family
A0A0T8ZMM1	GCCANGDB_01517	Drug/metabolite transporter superfamily protein
A0A4G1UH31	GCCANGDB_01518	Beta-lactamase%2C class C
B2IQR5	GCCANGDB_01519	C3-degrading proteinase
A0A4F2S328	GCCANGDB_01520	Bifunctional N-acetylneuraminate cytidylyltransferase/platelet activating factor
B2IQR7	GCCANGDB_01521	HAD superfamily hydrolase
A0A0B7LA01	GCCANGDB_01522	hypothetical protein
A0A4J2GAU2	GCCANGDB_01523	Capsule biosynthesis protein CapA
Q9F2F0	GCCANGDB_01524	Peptide deformylase
A0A0Y2NRS5	GCCANGDB_01525	23S rRNA (guanosine(2251)-2'-O)-methyltransferase
C1CF40	GCCANGDB_01526	Thioredoxin reductase
C1CF41	GCCANGDB_01527	Hypothetical protein
C1CF42	GCCANGDB_01528	Cysteine ABC transporter ATP-binding protein
Q8DP76	GCCANGDB_01529	Cysteine ABC transporter permease protein
Q8DP75	GCCANGDB_01530	Arsenate reductase
C1C858	GCCANGDB_01531	Methylated-DNA--protein-cysteine methyltransferase
C1CF46	GCCANGDB_01532	Acetyltransferase
Q8CYK8	GCCANGDB_01533	Hypothetical protein
C1CF48	GCCANGDB_01534	Hemolysin III
Q97PX3	GCCANGDB_01535	Pyridoxal 5'-phosphate synthase%2C glutaminase subunit PdxT
Q97PX2	GCCANGDB_01536	Pyridoxal 5'-phosphate synthase%2C synthase subunit PdxS
A0A064BXP8	GCCANGDB_01537	NADH peroxidase
Q8DP69	GCCANGDB_01538	Putative thiamin biosynthesis lipoprotein
C1CF54	GCCANGDB_01539	Fumarate reductase%2C flavoprotein subunit precursor
A0A4F2S700	GCCANGDB_01540	Fumarate reductase%2C flavoprotein subunit precursor
Q8DP67	GCCANGDB_01541	Hypothetical protein
C1CQP4	GCCANGDB_01542	Glycyl-tRNA synthetase beta chain
C1CQP3	GCCANGDB_01543	Glycyl-tRNA synthetase alpha chain
C1C872	GCCANGDB_01544	hypothetical protein
	GCCANGDB_01545	SpR19_sRNA
	GCCANGDB_01545	
A0A4F2S748	GCCANGDB_01546	Ooxidoreductase of aldo/keto reductase family%2C subgroup 1
B2IQU5	GCCANGDB_01547	Peptidoglycan N-acetylglucosamine deacetylase
C1CF62	GCCANGDB_01548	hypothetical protein
A0A0U0GQD0	GCCANGDB_01549	Oxidoreductase%2C Gfo/Idh/MocA family
A0AA87C8D0	GCCANGDB_01550	ATP-dependent RNA helicase YfmL
A0A4J2GB97	GCCANGDB_01551	IS630 family transposase ISSpn2
A0A0T7Z2X7	GCCANGDB_01552	IS630 family transposase ISSpn2
A0AA47CE94	GCCANGDB_01553	IS1380 family transposase ISSpn5
A0A4J2BYR8	GCCANGDB_01554	IS1380 family transposase ISSpn5
B2IQV2	GCCANGDB_01555	Translation elongation factor Tu
C1C884	GCCANGDB_01556	Major intrinsic protein family aquaporin
A0A4U8XCR9	GCCANGDB_01557	Cell wall surface anchor family protein MucB
A0A6G2CVB6	GCCANGDB_01558	Hypothetical protein
A0A4N0CX41	GCCANGDB_01559	Hypothetical protein
A0A6G2DRS4	GCCANGDB_01560	hypothetical protein
A0A0E9GXA9	GCCANGDB_01561	hypothetical protein
A0A0E8AL14	GCCANGDB_01562	Phosphoglucomutase
C1CF83	GCCANGDB_01563	Bacterocin transport accessory protein
A0A0B7LH01	GCCANGDB_01564	Glutamine ABC transporter substrate-binding protein GlnH6
Q8DP49	GCCANGDB_01565	Glutamine ABC transporter ATP-binding protein GlnQ6
C1CF86	GCCANGDB_01566	Glutamine ABC transporter permease GlnP6
A0A0T7IZ18	GCCANGDB_01567	TPR-repeat-containing protein
Q8DP46	GCCANGDB_01568	Hypothetical protein
Q8DP45	GCCANGDB_01569	6-phosphogluconolactonase
Q04N64	GCCANGDB_01570	ATP synthase F1 sector epsilon chain
C1CLK6	GCCANGDB_01571	ATP synthase F1 sector beta chain
C1CSC9	GCCANGDB_01572	ATP synthase F1 sector gamma chain
C1CLK8	GCCANGDB_01573	ATP synthase F1 sector alpha chain
Q04HT6	GCCANGDB_01574	ATP synthase F1 sector delta chain
Q04HT5	GCCANGDB_01575	ATP synthase F0 sector subunit b
A0A0U0F270	GCCANGDB_01576	ATP synthase F0 sector subunit a
Q79RW7	GCCANGDB_01577	ATP synthase F0 sector subunit c
A0A4G0S7C0	GCCANGDB_01578	ISSpn8 transposase
Q8CYJ9	GCCANGDB_01579	Acetyltransferase
Q97PT2	GCCANGDB_01580	Transcription elongation factor GreA
A0A0H2UQS8	GCCANGDB_01581	Endolytic murein transglycosylase MltG
Q8DP41	GCCANGDB_01582	Acetyltransferase%2C GNAT family
Q8CYJ7	GCCANGDB_01583	hypothetical protein
Q97PS8	GCCANGDB_01584	UDP-N-acetylmuramate--alanine ligase
A0A0H2UR26	GCCANGDB_01585	Hypothetical protein
A0AAD2KAM4	GCCANGDB_01586	SWF/SNF family helicase
C1C8B5	GCCANGDB_01587	Bifunctional PLP-dependent beta-cystathionase/maltose regulon repressor
C1CFA8	GCCANGDB_01588	Cystathionine gamma-synthase
A0AA36PGT5	GCCANGDB_01589	ABC transporter%2C ATP-binding/permease protein
A0A9P1PB06	GCCANGDB_01590	hypothetical protein
A0AA86YC01	GCCANGDB_01591	Oligopeptide ABC transporter oligopeptide-binding protein AliB
B2IR49	GCCANGDB_01592	Putative cell division protein YtgP
A0A0T7IDY3	GCCANGDB_01593	UDP-N-acetylmuramoylalanyl-D-glutamate--L-lysine ligase
Q8CYJ5	GCCANGDB_01594	Hypothetical protein
A0A916P8H3	GCCANGDB_01595	hypothetical protein
A0A0T8KXM9	GCCANGDB_01596	Glutamate synthase [NADPH] large chain
Q04JL5	GCCANGDB_01597	Manganese-dependent inorganic pyrophosphatase
C1C8C4	GCCANGDB_01598	Putative endonuclease
A0A0B7MDM8	GCCANGDB_01599	tRNA(1)(Val) (adenine(37)-N(6))-methyltransferase
A0A0B7M7N9	GCCANGDB_01600	General stress protein 13
C1CFB9	GCCANGDB_01601	Bifunctional lipoprotein rotamase A/peptidyl-prolyl cis-trans isomerase
Q04JL0	GCCANGDB_01602	SSU ribosomal protein S18p
P66855	GCCANGDB_01603	Single-stranded DNA-binding protein
Q04JK8	GCCANGDB_01604	SSU ribosomal protein S6p
C1CFC3	GCCANGDB_01605	Asparaginyl-tRNA synthetase
A0A4J2DJA4	GCCANGDB_01606	Putative lactoylglutathione lyase
A0A9P1L5X9	GCCANGDB_01607	Aspartate aminotransferase
C1C8D4	GCCANGDB_01608	Hypothetical protein
C1C8D6	GCCANGDB_01609	Hypothetical protein
A0A4J1N5T9	GCCANGDB_01610	hypothetical protein
A0AA87CB43	GCCANGDB_01611	M protein trans-acting positive regulator Mga1
Q8DP23	GCCANGDB_01612	hypothetical protein
A0A229FM92	GCCANGDB_01613	Hypothetical protein
	GCCANGDB_01614	SpR20_sRNA
	GCCANGDB_01614	
A0A0T8IT76	GCCANGDB_01615	Cell shape-determining protein
Q8DP22	GCCANGDB_01616	Peptide deformylase
A0A0H2UQV0	GCCANGDB_01617	Glutathione S-transferase
C1CFD6	GCCANGDB_01618	Calcium-transporting ATPase
	GCCANGDB_01619	SSRC10
	GCCANGDB_01619	
C1CFD7	GCCANGDB_01620	Cobalt-zinc-cadmium resistance protein
A0A0E8HGI4	GCCANGDB_01621	ATPase component of ABC transporter with duplicated ATPase domains
A0AA86Y175	GCCANGDB_01622	CCA tRNA nucleotidyltransferase
Q04JJ1	GCCANGDB_01623	4-hydroxy-tetrahydrodipicolinate reductase
C1C8E9	GCCANGDB_01624	DegV family protein
B2IR77	GCCANGDB_01625	Hypothetical protein
C1CSI0	GCCANGDB_01626	Phosphoglucosamine mutase
Q8DP15	GCCANGDB_01627	Hypothetical protein
Q8DP14	GCCANGDB_01628	Bacterial checkpoint controller DisA
A0A0T7TJC2	GCCANGDB_01629	Thioredoxin reductase
A0AAD2I6Y5	GCCANGDB_01630	Autolysin/N-acetylmuramoyl-L-alanine amidase LytA
A0A0T8RAK3	GCCANGDB_01631	hypothetical protein
M9QRZ2	GCCANGDB_01632	hypothetical protein
M9QTE5	GCCANGDB_01633	hypothetical protein
M9QQR7	GCCANGDB_01634	hypothetical protein
A0A4J1X610	GCCANGDB_01635	hypothetical protein
A0A0U0LNZ8	GCCANGDB_01636	hypothetical protein
A0A4J2EYI3	GCCANGDB_01637	hypothetical protein
A0A0U0HEJ3	GCCANGDB_01638	hypothetical protein
A0A0T9H7T2	GCCANGDB_01639	hypothetical protein
M9QYW0	GCCANGDB_01640	hypothetical protein
M9QX92	GCCANGDB_01641	hypothetical protein
A0A098AN82	GCCANGDB_01642	hypothetical protein
A0A098Z6E0	GCCANGDB_01643	hypothetical protein
C1CGF6	GCCANGDB_01644	hypothetical protein
M9QYW3	GCCANGDB_01645	hypothetical protein
M9QX97	GCCANGDB_01646	hypothetical protein
M9QS04	GCCANGDB_01647	hypothetical protein
A0AA95D9K4	GCCANGDB_01648	hypothetical protein
A0A4J2E5P2	GCCANGDB_01649	hypothetical protein
C1CGG2	GCCANGDB_01650	hypothetical protein
A0A0T8N4E9	GCCANGDB_01651	hypothetical protein
A0A4J2E3U1	GCCANGDB_01652	hypothetical protein
A0A9P1PL70	GCCANGDB_01653	hypothetical protein
C1CGG7	GCCANGDB_01654	hypothetical protein
A0A0B7LD69	GCCANGDB_01655	hypothetical protein
A0A064C5U2	GCCANGDB_01656	hypothetical protein
A0A0E8AHK7	GCCANGDB_01657	hypothetical protein
A0A0E8SXC2	GCCANGDB_01658	hypothetical protein
A0AAE4FWG0	GCCANGDB_01659	hypothetical protein
A0A6G2DDP1	GCCANGDB_01660	hypothetical protein
A0A4J2B484	GCCANGDB_01661	hypothetical protein
A0A4J2BJE9	GCCANGDB_01662	hypothetical protein
A0A0B7M3F4	GCCANGDB_01663	hypothetical protein
A0A916L6A6	GCCANGDB_01664	hypothetical protein
A0A558V9J1	GCCANGDB_01665	hypothetical protein
A0A4J1RA37	GCCANGDB_01666	hypothetical protein
A0A916L525	GCCANGDB_01667	hypothetical protein
M9QXB1	GCCANGDB_01668	hypothetical protein
A0A064C5V3	GCCANGDB_01669	hypothetical protein
A0A4F9ZCQ9	GCCANGDB_01670	hypothetical protein
A0A380LS80	GCCANGDB_01671	hypothetical protein
M9QS34	GCCANGDB_01672	hypothetical protein
A0A0T8SXD3	GCCANGDB_01673	hypothetical protein
A0AA86MPN8	GCCANGDB_01674	hypothetical protein
M9QZ03	GCCANGDB_01675	hypothetical protein
M9QXE1	GCCANGDB_01676	hypothetical protein
A0A098AN98	GCCANGDB_01677	hypothetical protein
A0A064C342	GCCANGDB_01678	hypothetical protein
A0AA87C6A1	GCCANGDB_01679	hypothetical protein
M9QS38	GCCANGDB_01680	hypothetical protein
A0A098ZQ64	GCCANGDB_01681	hypothetical protein
A0A0U0D8J0	GCCANGDB_01682	hypothetical protein
M9QQV9	GCCANGDB_01683	hypothetical protein
A0A098AN60	GCCANGDB_01684	hypothetical protein
A0A098APP1	GCCANGDB_01685	hypothetical protein
A0A098AN50	GCCANGDB_01686	hypothetical protein
M9QZ07	GCCANGDB_01687	hypothetical protein
A0A0B7LWK4	GCCANGDB_01688	hypothetical protein
M9QXE6	GCCANGDB_01689	hypothetical protein
M9QS43	GCCANGDB_01690	hypothetical protein
A0A4J1T0I4	GCCANGDB_01691	Tyrosine recombinase XerC
Q8DP12	GCCANGDB_01692	Putative cytoplasmic protein
C1CFE8	GCCANGDB_01693	LPPG:FO 2-phospho-L-lactate transferase-like protein
A0A098ZHY2	GCCANGDB_01694	Putative P-loop-containing kinase
Q8DP09	GCCANGDB_01695	RidA/YER057c/UK114 superfamily protein
Q04JI0	GCCANGDB_01696	GTP-binding protein EngB
A0AA36PJ14	GCCANGDB_01697	ATP-dependent Clp protease ATP-binding subunit ClpX
Q8CYI3	GCCANGDB_01698	Hypothetical protein
A0A8F5HX95	GCCANGDB_01699	Dihydrofolate reductase
A0A264SLW6	GCCANGDB_01700	Bifunctional non-specific DNA-binding protein/ferroxidase Dpr
A0A0T7TFT8	GCCANGDB_01701	1%2C4-beta-N-acetylmuramidase%2C lyzozyme LytC
Q04JH4	GCCANGDB_01702	Triosephosphate isomerase
A0A0U0ANU2	GCCANGDB_01703	Chromosome replication initiation protein DnaD
A0A0Y2HYL5	GCCANGDB_01704	Homoserine O-succinyltransferase
C1CFG1	GCCANGDB_01705	Adenine phosphoribosyltransferase
A0A0E7ZDH6	GCCANGDB_01706	SAM-dependent methyltransferase
Q8DP03	GCCANGDB_01707	Multiple sugar ABC transporter%2C ATP-binding protein
	GCCANGDB_01708	tRNA-Leu(aag)
	GCCANGDB_01708	
Q8DP02	GCCANGDB_01709	Nicotinamidase
C1CSK2	GCCANGDB_01710	GTP-sensing transcriptional pleiotropic repressor CodY
A0AA86XFU4	GCCANGDB_01711	DEAD-box ATP-dependent RNA helicase CshA
C1CFG8	GCCANGDB_01712	Major facilitator oxalate:formate antiporter
C1CFG9	GCCANGDB_01713	Pyridine nucleotide-disulfide oxidoreductase
A0AA86XMV3	GCCANGDB_01714	Mur ligase family protein
A0A0H2ZML1	GCCANGDB_01715	Putative amidotransferase similar to cobyric acid synthase
A0A0E8STU1	GCCANGDB_01716	Xaa-Pro dipeptidase
A0AA86XSQ2	GCCANGDB_01717	IS3 family transposase ISSpn11
A0A4J2GPM6	GCCANGDB_01718	IS3 family transposase ISSpn11
A0A0E8AVY5	GCCANGDB_01719	hypothetical protein
Q8DNZ4	GCCANGDB_01720	IS3 family transposase ISSpn11
A0A098ZNU7	GCCANGDB_01721	Substrate-specific component PdxU2 of putative pyridoxin-related ECF transporter
A0A098ZNG5	GCCANGDB_01722	Pyridoxal kinase%2C thiD family
C1CSL6	GCCANGDB_01723	tRNA pseudouridine synthase A
Q8DNZ1	GCCANGDB_01724	Major facilitator superfamily transporter-permease
A0A0H2UQX7	GCCANGDB_01725	Hypothetical protein
A0AA87C4Z2	GCCANGDB_01726	Protein PhnA
A0A0E7ZQG4	GCCANGDB_01727	Cytidylate kinase
C1C8J3	GCCANGDB_01728	Hypothetical protein
C1CFI7	GCCANGDB_01729	Ferredoxin
A0A0B7LUN7	GCCANGDB_01730	Bactoprenol glucosyl transferase
C1CFI9	GCCANGDB_01731	UDP-glucose 4-epimerase
A0AA86Y4D4	GCCANGDB_01732	Glycine/D-amino acid oxidases family protein
Q8DNY4	GCCANGDB_01733	Putative GTP cyclohydrolase 1 type 2 protein YbgI
C1CFJ3	GCCANGDB_01734	tRNA (adenine(22)-N(1))-methyltransferase
B2IRC6	GCCANGDB_01735	hypothetical protein
A0A0U0QE13	GCCANGDB_01736	hypothetical protein
A0AA36LLE8	GCCANGDB_01737	hypothetical protein
A0A916L708	GCCANGDB_01738	hypothetical protein
A0A4J2CRN3	GCCANGDB_01739	IS3 family transposase ISSpn11
A0A9P1L8I6	GCCANGDB_01740	Transketolase
C1C8K7	GCCANGDB_01741	Ribulose-phosphate 3-epimerase
C1C8K8	GCCANGDB_01742	Fructose-specific PTS IIABC components
C1C8K9	GCCANGDB_01743	Fructose-specific PTS IIABC components
C1C8L0	GCCANGDB_01744	Fructose-specific PTS IIABC components
C1C8L1	GCCANGDB_01745	hypothetical protein
C1C8L2	GCCANGDB_01746	Transcriptional antiterminator of lichenan operon%2C BglG family
A0A0E8B8S1	GCCANGDB_01747	Cadmium-transporting ATPase
B2IRD2	GCCANGDB_01748	Acyl-ACP:1-acyl-sn-glycerol-3-phosphate acyltransferase
Q8DNY0	GCCANGDB_01749	Cadmium resistance protein CadD
Q97PI9	GCCANGDB_01750	SSU ribosomal protein S15p (S13e)
A0AA86X309	GCCANGDB_01751	Rrf2-linked NADH-flavin reductase
A0A558XFJ3	GCCANGDB_01752	Hypothetical protein
Q8CYH8	GCCANGDB_01753	hypothetical protein
C1CSP6	GCCANGDB_01754	Threonyl-tRNA synthetase
C1C8M2	GCCANGDB_01755	Two-component system sensor histidine kinase
C1CFK2	GCCANGDB_01756	Two-component system response regulator
A0A0B7L500	GCCANGDB_01757	Esterase/lipase
A0A0T8XG96	GCCANGDB_01758	Hypothetical protein
Q8DNX5	GCCANGDB_01759	Rrf2 family transcriptional regulator%2C group III
A0AA87C4V7	GCCANGDB_01760	Putative diadenosine tetraphosphatase
B2IRP3	GCCANGDB_01761	Mn-dependent transcriptional regulator MntR
A0AA87C7L1	GCCANGDB_01762	hypothetical protein
A0A4N1YDM4	GCCANGDB_01763	hypothetical protein
A0A4J2A6Y2	GCCANGDB_01764	IS1380 family transposase ISSpn5
A0A0H2ZLZ3	GCCANGDB_01765	hypothetical protein
Q8DNX2	GCCANGDB_01766	D-tyrosyl-tRNA(Tyr) deacylase
C1CFL5	GCCANGDB_01767	Bifunctional guanosine-3'%2C5'-bis(diphosphate) 3'-pyrophosphohydrolase/(p)ppGpp synthetase II
A0A6I3US67	GCCANGDB_01768	Hydroxyacylglutathione hydrolase
A0A654U8Y8	GCCANGDB_01769	Neutral endopeptidase O
A0A0T7L7K3	GCCANGDB_01770	Manganese ABC transporter%2C ATP-binding protein PsaB
C1CFM0	GCCANGDB_01771	Manganese ABC transporter%2C inner membrane permease protein PsaC
D2CTJ2	GCCANGDB_01772	Manganese ABC transporter%2C periplasmic-binding protein PsaA
B2IRQ7	GCCANGDB_01773	Thiol peroxidase%2C Tpx-type
A0AA86Y0X3	GCCANGDB_01774	ABC transporter%2C permease protein
C1C8P3	GCCANGDB_01775	ABC transporter%2C ATP-binding protein
A0A0E8SNP9	GCCANGDB_01776	Putative large secreted protein
C1CSS1	GCCANGDB_01777	Phosphoglycerate mutase
B2IRR2	GCCANGDB_01778	Hypothetical protein
A0A0B7LBC0	GCCANGDB_01779	hypothetical protein
C1CSS4	GCCANGDB_01780	Isoleucyl-tRNA synthetase
C1CFN2	GCCANGDB_01781	Cell division initiation protein DivIVA
A0AA86XPF6	GCCANGDB_01782	YlmH
Q9ZHB6	GCCANGDB_01783	Cell division integral membrane protein YlmG%2C YGGT family
P0CB77	GCCANGDB_01784	FtsZ-interacting protein related to cell division YlmF
A0A0B7M6U2	GCCANGDB_01785	YlmE
C1C8Q5	GCCANGDB_01786	Cell division protein FtsZ
Q9ZHC0	GCCANGDB_01787	Cell division protein FtsA
C1CFN9	GCCANGDB_01788	Putative membrane protein
A0AA95DC46	GCCANGDB_01789	MutT/nudix family protein phosphohydrolase
A0AA86XF70	GCCANGDB_01790	UDP-N-acetylmuramoyl-tripeptide--D-alanyl-D- alanine ligase
A0AA87CA70	GCCANGDB_01791	D-alanine--D-alanine ligase
Q04J97	GCCANGDB_01792	Recombination protein RecR
Q75YC0	GCCANGDB_01793	Penicillin-binding protein 2B
C1C8R3	GCCANGDB_01794	Sialic acid utilization regulator%2C RpiR family
Q8DNV3	GCCANGDB_01795	N-acetylmannosamine kinase
B1I738	GCCANGDB_01796	4-hydroxy-tetrahydrodipicolinate synthase
B1I739	GCCANGDB_01797	hypothetical protein
A0A0B7L620	GCCANGDB_01798	Hypothetical protein
A0A0B7LMK4	GCCANGDB_01799	Protein YjgK%2C linked to biofilm formation
Q8DNV0	GCCANGDB_01800	ABC transporter%2C putative N-acetylneuraminate transport system permease protein 2
C1C8S0	GCCANGDB_01801	ABC transporter%2C putative N-acetylneuraminate transport system permease protein 1
Q8DNU8	GCCANGDB_01802	ABC transporter%2C putative N-acetylneuraminate-binding protein
A0A0B7L627	GCCANGDB_01803	N-acetylglucosamine-specific PTS IIABC components
P65521	GCCANGDB_01804	N-acetylmannosamine-6-phosphate 2-epimerase
C1CFQ6	GCCANGDB_01805	Oxidoreductase
C1CFQ8	GCCANGDB_01806	ABC transporter%2C permease protein
C1CFQ9	GCCANGDB_01807	ABC transporter membrane-spanning permease%2C sugar transport YcjO
A0AA95D6B3	GCCANGDB_01808	ABC transporter substrate-binding protein - sugar transport
Q8CYF8	GCCANGDB_01809	Putative beta-D-galactosidase
A0A0B7LMD7	GCCANGDB_01810	Hypothetical protein
A0AA86XVS4	GCCANGDB_01811	Sialidase NanA
Q8CYF7	GCCANGDB_01812	Hypothetical protein
A0A4J1TGD8	GCCANGDB_01813	Hypothetical protein
A0A0H2UR45	GCCANGDB_01814	Bifunctional acetyl xylan esterase 1/cephalosporin-C deacetylase
A0A0I8DJA3	GCCANGDB_01815	ATP-dependent DNA helicase RecG
A0A0B7KQ93	GCCANGDB_01816	Alanine racemase
B2IRV4	GCCANGDB_01817	Holo-[acyl-carrier protein] synthase
Q8DNU0	GCCANGDB_01818	2-keto-3-deoxy-D-arabino-heptulosonate-7- phosphate synthase I alpha
A0AAD2KAR9	GCCANGDB_01819	2-keto-3-deoxy-D-arabino-heptulosonate-7- phosphate synthase I alpha
A0A6G2DB48	GCCANGDB_01820	Protein translocase subunit SecA
B2IRV8	GCCANGDB_01821	hypothetical protein
A0A0E7ZC27	GCCANGDB_01822	ABC transporter%2C ATP-binding protein
Q8CYF5	GCCANGDB_01823	Hypothetical protein
Q8CYF4	GCCANGDB_01824	Hypothetical protein
A0A0T7T8A4	GCCANGDB_01825	Hypothetical protein
B2IRW3	GCCANGDB_01826	Hypothetical protein
Q04J64	GCCANGDB_01827	GTP-binding protein EngA
A0A4V0JVA6	GCCANGDB_01828	NADPH-flavin oxidoreductase
A0A0U0BPB3	GCCANGDB_01829	Helicase loader DnaI
A0A4J2DIQ8	GCCANGDB_01830	Helicase loader DnaB
B2IRW8	GCCANGDB_01831	Ribonucleotide reductase transcriptional regulator NrdR
Q8DNT4	GCCANGDB_01832	Transcriptional regulator%2C GntR family
C1CFT6	GCCANGDB_01833	Multidrug ABC transporter%2C ATP-binding protein
B2IRX1	GCCANGDB_01834	ABC transporter ATP-binding protein
C1CFT8	GCCANGDB_01835	ABC transporter membrane-spanning permease - Na+ export
C1C8V4	GCCANGDB_01836	ABC transporter ATP-binding protein - Na+ export
C1CFU1	GCCANGDB_01837	Immunoreactive protein Se23.5-like protein
B1I778	GCCANGDB_01838	Fructokinase
A0A0T8I183	GCCANGDB_01839	Sucrose-specific PTS IIBCA components
A0A0H2URE0	GCCANGDB_01840	Hypothetical protein
A0A4J1XJW7	GCCANGDB_01841	Sucrose-6-phosphate hydrolase
A0A9P1WF43	GCCANGDB_01842	Sucrose operon repressor ScrR%2C LacI family
Q8DNS5	GCCANGDB_01843	Hydroxymethylglutaryl-CoA reductase
C1CFU8	GCCANGDB_01844	Hydroxymethylglutaryl-CoA synthase
I6L8M4	GCCANGDB_01845	IS1380 family transposase ISSpn5
A0A0I6BRM9	GCCANGDB_01846	hypothetical protein
A0A4J1R0X8	GCCANGDB_01847	IS5 family transposase ISSpn7
C1CFV2	GCCANGDB_01848	Putative membrane-spanning protein
Q8DNS1	GCCANGDB_01849	Membrane protein
A0A4G5PX82	GCCANGDB_01850	Serine/threonine protein kinase StkP
A0A0H2UR71	GCCANGDB_01851	Protein serine/threonine phosphatase PhpP
A0A0B7M2W1	GCCANGDB_01852	16S rRNA (cytosine(967)-C(5))-methyltransferase
A0A0I5LAP6	GCCANGDB_01853	Methionyl-tRNA formyltransferase
C1C8X3	GCCANGDB_01854	Helicase PriA essential for oriC/DnaA-independent DNA replication
Q04J38	GCCANGDB_01855	DNA-directed RNA polymerase omega subunit
A0A0U0L1C5	GCCANGDB_01856	Guanylate kinase
A0AA86XCE3	GCCANGDB_01857	Ribonuclease Y
C1C8X7	GCCANGDB_01858	Antitoxin YefM
C1CT01	GCCANGDB_01859	hypothetical protein
A0AA87C4B0	GCCANGDB_01860	Methyltransferase
Q8DNQ9	GCCANGDB_01861	Ribosomal silencing factor RsfA
Q8DNQ8	GCCANGDB_01862	Isochorismatase
A0A0T7TKS4	GCCANGDB_01863	HAD superfamily hydrolase YqeK
C1C8Y3	GCCANGDB_01864	Nicotinate-nucleotide adenylyltransferase
Q8DNQ6	GCCANGDB_01865	RNA-binding protein
A0A0T7ZSG0	GCCANGDB_01866	GTP-binding protein YqeH%2C required for biogenesis of 30S ribosome subunit
B2ISA1	GCCANGDB_01867	Hydrolase%2C HAD subfamily IIIA
A0A0T7TKR5	GCCANGDB_01868	Magnesium and cobalt transport protein CorA2
B2ISA3	GCCANGDB_01869	Potassium efflux system KefA protein
A0A0T8QRN0	GCCANGDB_01870	Serine/threonine transporter SstT
A0A0T7TKT8	GCCANGDB_01871	Serine/threonine transporter SstT
A0A916L4F1	GCCANGDB_01872	Membrane protein
C1CFZ4	GCCANGDB_01873	Transcriptional regulator%2C MarR family
A0AA86WZD1	GCCANGDB_01874	Hypothetical protein
C1CFZ6	GCCANGDB_01875	Thioredoxin
C1C916	GCCANGDB_01876	NADPH-dependent 7-cyano-7-deazaguanine reductase
A0A4J2A1Z6	GCCANGDB_01877	Hypothetical protein
Q8DNP7	GCCANGDB_01878	Aquaporin Z
A0A559A414	GCCANGDB_01879	hypothetical protein
A0A558SAQ0	GCCANGDB_01880	hypothetical protein
A0A4M3JWU5	GCCANGDB_01881	ABC transporter ATP-binding protein
A0A062WT08	GCCANGDB_01882	hypothetical protein
A0AA87CCN7	GCCANGDB_01883	Oligoendopeptidase F
A0A264S4D5	GCCANGDB_01884	16S rRNA (uracil(1498)-N(3))-methyltransferase
A0A0I6IZJ8	GCCANGDB_01885	Ribosomal protein L11 methyltransferase
B1I7P6	GCCANGDB_01886	7%2C8-dihydro-8-oxoguanine-triphosphatase
C1CG09	GCCANGDB_01887	Hypothetical protein
C1CG10	GCCANGDB_01888	Hypothetical protein
Q8DNP2	GCCANGDB_01889	Addiction module antitoxin HicB
A0A6G2DHC2	GCCANGDB_01890	Addiction module toxin HicA
A0A0E8ZGI8	GCCANGDB_01891	Chromosome segregation helicase
	GCCANGDB_01892	tRNA-Lys(ctt)
	GCCANGDB_01892	
A0AA86MEY0	GCCANGDB_01893	Sucrose-6-phosphate hydrolase
A0A6G2DMT1	GCCANGDB_01894	hypothetical protein
B2ISF6	GCCANGDB_01895	ABC transporter permease protein
C1CG18	GCCANGDB_01896	Multiple sugar ABC transporter%2C membrane-spanning permease protein
A0A0E8JL96	GCCANGDB_01897	Multiple sugar metabolism operon regulatory protein
Q97P44	GCCANGDB_01898	M protein trans-acting positive regulator Mga2
C1C945	GCCANGDB_01899	Membrane protein
B2ISG1	GCCANGDB_01900	Hypothetical protein
Q8DNN4	GCCANGDB_01901	Small integral membrane protein
Q8DNN3	GCCANGDB_01902	General stress protein%2C Gls24 family
Q97P39	GCCANGDB_01903	Hypothetical protein
C1C952	GCCANGDB_01904	hypothetical protein
C1C953	GCCANGDB_01905	Formylglycine-generating enzyme
A0AA44MQW8	GCCANGDB_01906	Arylsulfatase
Q9KK10	GCCANGDB_01907	IS1380 family transposase ISSpn5
B2ISF4	GCCANGDB_01908	Cellobiose-specific PTS IIC component
B1I7R9	GCCANGDB_01909	Lactose-specific PTS IIA component
C1CG33	GCCANGDB_01910	Cellobiose-specific PTS IIB component
A0A4M2MV14	GCCANGDB_01911	hypothetical protein
A0A9P1QAT2	GCCANGDB_01912	hypothetical protein
A0A0B7LJT0	GCCANGDB_01913	Cellobiose-specific PTS IIC component
C1C960	GCCANGDB_01914	Xylose repressor protein
A0AA95DDC7	GCCANGDB_01915	Acetyltransferase
A0A0B7M7B9	GCCANGDB_01916	Type IV prepilin peptidase
C1CG39	GCCANGDB_01917	Transcriptional regulator%2C Xre family
Q8CYD6	GCCANGDB_01918	Hypothetical protein
A0A0B7M517	GCCANGDB_01919	Tryptophan synthase alpha chain
B5E7M3	GCCANGDB_01920	Tryptophan synthase beta chain
C1CMD4	GCCANGDB_01921	Phosphoribosylanthranilate isomerase
Q97P30	GCCANGDB_01922	Indole-3-glycerol phosphate synthase
C1CMD6	GCCANGDB_01923	Anthranilate phosphoribosyltransferase
A0A4J1SBG9	GCCANGDB_01924	Bifunctional anthranilate synthase%2C amidotransferase component/para-aminobenzoate synthase%2Camidotransferase component
A0A0H2URN1	GCCANGDB_01925	Anthranilate synthase%2C aminase component
A0A4J1WK73	GCCANGDB_01926	Hypothetical protein
	GCCANGDB_01927	T-box
	GCCANGDB_01927	
Q8DNM4	GCCANGDB_01928	Galactose operon repressor%2C GalR-LacI family
Q8CYD4	GCCANGDB_01929	Hypothetical protein
Q8DNM3	GCCANGDB_01930	Mg(2+)-transport-ATPase-associated protein MgtC
C1CG52	GCCANGDB_01931	Iron(III)-transport system permease protein SfuB
C1CG53	GCCANGDB_01932	ABC transporter%2C ATP-binding protein
C1C979	GCCANGDB_01933	ABC transporter%2C substrate-binding protein
A0A0E8Z066	GCCANGDB_01934	Hypothetical protein
A0A8B5XIH0	GCCANGDB_01935	hypothetical protein
B2IST5	GCCANGDB_01936	hypothetical protein
C7G4B8	GCCANGDB_01937	Plasmin- and fibronectin-binding protein PfbA
C1CG64	GCCANGDB_01938	Putative UDP-4-keto-6-deoxy-D-glucose 4-transaminase AatB
A0AA86XT83	GCCANGDB_01939	Sugar transferases involved in lipopolysaccharide synthesis
A0AA86XAB7	GCCANGDB_01940	ABC transporter%2C ATP-binding/permease protein
A0AA86XMK4	GCCANGDB_01941	ABC transporter%2C ATP-binding/permease protein
C1C9A8	GCCANGDB_01942	hypothetical protein
Q8CYC7	GCCANGDB_01943	hypothetical protein
A0A0U0L0G0	GCCANGDB_01944	hypothetical protein
C1C9B1	GCCANGDB_01945	Exodeoxyribonuclease III
A0A0B7MC34	GCCANGDB_01946	hypothetical protein
	GCCANGDB_01947	Purine
	GCCANGDB_01947	
Q3I0D5	GCCANGDB_01948	Xanthine phosphoribosyltransferase
A0A0B7LUG6	GCCANGDB_01949	Xanthine permease
P0A3T5	GCCANGDB_01950	Type II restriction-modification system component DpnD
C1CG75	GCCANGDB_01951	Type II restriction-modification system endonuclease DpnC
Q8DNK9	GCCANGDB_01952	Thioesterase
A0AA86X3I6	GCCANGDB_01953	Galactose-1-phosphate uridylyltransferase
A0A4J2CX49	GCCANGDB_01954	Galactokinase
A0A0U0DDB3	GCCANGDB_01955	Galactose operon repressor%2C GalR-LacI family
C1CG80	GCCANGDB_01956	Alcohol dehydrogenase
Q8DNK4	GCCANGDB_01957	Transcriptional regulator%2C MerR family
A0A4J2BER1	GCCANGDB_01958	Cobalt-zinc-cadmium resistance protein CzcD
C1C9D5	GCCANGDB_01959	Iron compound ABC uptake transporter permease protein PiuB
A0A0B7LRT2	GCCANGDB_01960	Iron compound ABC uptake transporter permease protein PiuC
B1I881	GCCANGDB_01961	Iron compound ABC uptake transporter ATP-binding protein PiuD
A0A4J2BQ91	GCCANGDB_01962	Iron compound ABC uptake transporter substrate-binding protein PiuA
C1C9D9	GCCANGDB_01963	Putative membrane protein insertion efficiency factor YidD
A0A098Z2L7	GCCANGDB_01964	Ribosomal large subunit pseudouridine synthase B
Q8DNI9	GCCANGDB_01965	Segregation and condensation protein B
A0AA86Y7L4	GCCANGDB_01966	Segregation and condensation protein A
A0A0U0L2I0	GCCANGDB_01967	Tyrosine recombinase XerD
A0A0T8XC27	GCCANGDB_01968	CBS domain protein
Q8DNI8	GCCANGDB_01969	Phosphoesterase
B2ISX8	GCCANGDB_01970	Nucleoside 5-triphosphatase RdgB (dHAPTP%2C dITP%2C XTP-specific)
Q04IS7	GCCANGDB_01971	Glutamate racemase
B2ISY0	GCCANGDB_01972	Hypothetical protein
A0AA86X3K1	GCCANGDB_01973	Trehalose-6-phosphate hydrolase
C1C9F0	GCCANGDB_01974	Trehalose-specific PTS IIBCA components
Q8DNI5	GCCANGDB_01975	Trehalose operon transcriptional repressor
	GCCANGDB_01976	Srn266
	GCCANGDB_01976	
B2IPU5	GCCANGDB_01977	IS1167 transposase Orf1
A0AA95D7A8	GCCANGDB_01978	hypothetical protein
A0AA95IJ56	GCCANGDB_01979	IS1167 transposase
B2ISY6	GCCANGDB_01980	Peptide ABC transporter ATP-binding protein AmiF
B1I897	GCCANGDB_01981	Peptide ABC transporter ATP-binding protein AmiE
C1CGB7	GCCANGDB_01982	Peptide ABC transporter permease AmiD
C1C9F9	GCCANGDB_01983	Peptide ABC transporter permease AmiC
A0A062WTD1	GCCANGDB_01984	Peptide ABC transporter substrate-binding protein AmiA
A0A0I7MLX2	GCCANGDB_01985	Wall teichoic acid biosynthesis protein RafX
A0A4L1B2S5	GCCANGDB_01986	Sucrose phosphorylase
B2ISZ4	GCCANGDB_01987	Multiple sugar ABC transporter%2C membrane-spanning permease protein MsmG
A0A559A112	GCCANGDB_01988	Multiple sugar ABC transporter%2C membrane-spanning permease protein MsmF
A0A0H2URJ7	GCCANGDB_01989	Multiple sugar ABC transporter%2C substrate-binding protein MsmE
Q8CWP3	GCCANGDB_01990	Alpha-galactosidase
Q8CWP2	GCCANGDB_01991	Multiple sugar metabolism operon regulatory protein MsmR
Q8DNH7	GCCANGDB_01992	Bifunctional biotin operon repressor/Biotin--protein ligase
	GCCANGDB_01993	tRNA-Ser(gct)
	GCCANGDB_01993	
	GCCANGDB_01994	tRNA-Ile(gat)
	GCCANGDB_01994	
	GCCANGDB_01995	tRNA-Gly(tcc)
	GCCANGDB_01995	
	GCCANGDB_01996	tRNA-Phe(gaa)
	GCCANGDB_01996	
	GCCANGDB_01997	tRNA-Met(cat)
	GCCANGDB_01997	
	GCCANGDB_01998	tRNA-Ser(tga)
	GCCANGDB_01998	
	GCCANGDB_01999	tRNA-Met(cat)
	GCCANGDB_01999	
	GCCANGDB_02000	tRNA-Met(cat)
	GCCANGDB_02000	
	GCCANGDB_02001	tRNA-Pro(tgg)
	GCCANGDB_02001	
	GCCANGDB_02002	tRNA-Arg(acg)
	GCCANGDB_02002	
	GCCANGDB_02003	tRNA-Leu(taa)
	GCCANGDB_02003	
	GCCANGDB_02004	tRNA-Gly(gcc)
	GCCANGDB_02004	
	GCCANGDB_02005	tRNA-Thr(tgt)
	GCCANGDB_02005	
	GCCANGDB_02006	tRNA-Leu(tag)
	GCCANGDB_02006	
	GCCANGDB_02007	tRNA-Lys(ttt)
	GCCANGDB_02007	
	GCCANGDB_02008	tRNA-Asp(gtc)
	GCCANGDB_02008	
	GCCANGDB_02009	tRNA-Val(tac)
	GCCANGDB_02009	
	GCCANGDB_02010	5S ribosomal RNA
	GCCANGDB_02010	
	GCCANGDB_02011	23S ribosomal RNA
	GCCANGDB_02011	
	GCCANGDB_02012	tRNA-Ala(tgc)
	GCCANGDB_02012	
	GCCANGDB_02013	16S ribosomal RNA
	GCCANGDB_02013	
	GCCANGDB_02014	tRNA-Glu(ttc)
	GCCANGDB_02014	
A0A4J1X2N1	GCCANGDB_02015	RNA methyltransferase%2C TrmA family
A0A0B7L9H1	GCCANGDB_02016	Regulatory protein RecX
Q8DNH5	GCCANGDB_02017	Cysteinyl-tRNA synthetase related protein
	GCCANGDB_02018	Spy392987
	GCCANGDB_02018	
A0A4J2BNV0	GCCANGDB_02019	Positive transcriptional regulator%2C MutR family
A0AA86Y5R5	GCCANGDB_02020	2-methoxy-6-polyprenyl-1%2C4-benzoquinol methylase%2C mitochondrial
C1C9H4	GCCANGDB_02021	Epoxyqueuosine reductase QueH
A0A4J2BNM2	GCCANGDB_02022	Epoxyqueuosine reductase QueH
Q04IQ3	GCCANGDB_02023	Heat shock protein 60 family chaperone GroEL
C1CML8	GCCANGDB_02024	Heat shock protein 60 family co-chaperone GroES
Q8DNH4	GCCANGDB_02025	Single-stranded DNA-binding protein SsbB
A0A4L4F974	GCCANGDB_02026	Short-chain dehydrogenase
A0A0H2URR3	GCCANGDB_02027	Phenylalanyl-tRNA synthetase domain protein
A0A0E8SWK7	GCCANGDB_02028	Thioredoxin
A0A0B7L844	GCCANGDB_02029	Hypothetical protein
A0AA86WZB9	GCCANGDB_02030	Membrane protein
A0A0H2URK9	GCCANGDB_02031	Response regulator of the LytR/AlgR family protein
A0A0B7L3A2	GCCANGDB_02032	Phosphatidylglycerophosphatase B
A0A4G1CTB1	GCCANGDB_02033	Hypothetical protein
A0AA86XT42	GCCANGDB_02034	putative ABC transporter ATP-binding protein
A0AA86Y2K9	GCCANGDB_02035	Multidrug resistance ABC transporter ATP-binding and permease protein
A0A0B7L429	GCCANGDB_02036	hypothetical protein
Q04IN9	GCCANGDB_02037	Transcriptional regulatory protein YeeN
Q2XU26	GCCANGDB_02038	Pneumolysin
Q8CYB5	GCCANGDB_02039	Hypothetical protein
Q8CYB4	GCCANGDB_02040	Hypothetical protein
B2IM15	GCCANGDB_02041	Hypothetical protein
C1C9J6	GCCANGDB_02042	hypothetical protein
A0A0U0L8W2	GCCANGDB_02043	hypothetical protein
A0A0B7LIV1	GCCANGDB_02044	ABC transporter%2C substrate-binding protein
A0A0B7LBX8	GCCANGDB_02045	ABC transporter%2C ATP-binding protein
A0A0B7LJG6	GCCANGDB_02046	Iron(III)-transport system permease protein SfuB
B1I8N9	GCCANGDB_02047	Mg(2+)-transport-ATPase-associated protein MgtC
B1I8P0	GCCANGDB_02048	Alpha-D-glucose 1-phosphate phosphatase YihX
B1I8P1	GCCANGDB_02049	hypothetical protein
A0A4N0DZ57	GCCANGDB_02050	hypothetical protein
A0AAE9TZY3	GCCANGDB_02051	IS1381 transposase OrfB
A0A0B7LXW1	GCCANGDB_02052	Hypothetical protein
A0AA86X057	GCCANGDB_02053	Hypothetical protein
Q8CYA9	GCCANGDB_02054	hypothetical protein
A0AA86XY08	GCCANGDB_02055	hypothetical protein
B1I8P6	GCCANGDB_02056	hypothetical protein
C1CGM0	GCCANGDB_02057	Putative toxin
A0AAD2ILS2	GCCANGDB_02058	Putative toxin
A0A0B7M7G9	GCCANGDB_02059	Putative antitoxin Xre
B1I8P9	GCCANGDB_02060	Autolysin/N-acetylmuramoyl-L-alanine amidase LytA
A0A4K7HJS4	GCCANGDB_02061	MATE efflux family protein DinF
C1CMP5	GCCANGDB_02062	DNA recombination/repair protein RecA
A0A0B7L5W3	GCCANGDB_02063	Bifunctional ADP-ribose pyrophosphatase/nicotinamide-nucleotide amidase
Q8DNG0	GCCANGDB_02064	Transcriptional regulator LytR
Q8DNF9	GCCANGDB_02065	Acetyltransferase
Q8DNF8	GCCANGDB_02066	TsaE protein%2C required for threonylcarbamoyladenosine t(6)A37 formation in tRNA
Q8CYA2	GCCANGDB_02067	Immunity factor ComM
A0A655GS10	GCCANGDB_02068	IS1380 family transposase ISSpn5
A0A5Q5FJQ8	GCCANGDB_02069	hypothetical protein
A0A0T8BVA9	GCCANGDB_02070	ABC transporter%2C ATP-binding protein
A0A4J2A1J5	GCCANGDB_02071	hypothetical protein
B1I8Q8	GCCANGDB_02072	hypothetical protein
A0A0E8STZ5	GCCANGDB_02073	Putative transcriptional regulator PlcR
Q9KK10	GCCANGDB_02074	IS1380 family transposase ISSpn5
A0A0E9GVD8	GCCANGDB_02075	Nucleoside diphosphate kinase
A0A6G2D7P0	GCCANGDB_02076	DNA-directed RNA polymerase beta' subunit
A0A0B7L1K2	GCCANGDB_02077	DNA-directed RNA polymerase beta subunit
	GCCANGDB_02078	Lacto-rpoB
	GCCANGDB_02078	
	GCCANGDB_02079	tRNA-Cys(gca)
	GCCANGDB_02079	
A0AA86XFE2	GCCANGDB_02080	Putative hemolysin
A0A0E7Y8S8	GCCANGDB_02081	DNA-entry nuclease
Q03159	GCCANGDB_02082	Competence-associated EpuA protein
Q97NQ4	GCCANGDB_02083	UDP-N-acetylglucosamine 1-carboxyvinyltransferase
A0A0E8TAE0	GCCANGDB_02084	Hypothetical protein
Q8DNE7	GCCANGDB_02085	Lon-like protease
C1CTM3	GCCANGDB_02086	Phosphopantetheine adenylyltransferase
C1CGQ2	GCCANGDB_02087	16S rRNA (guanine(966)-N(2))-methyltransferase
Q97NQ0	GCCANGDB_02088	Aspartate--ammonia ligase
C1CA17	GCCANGDB_02089	Membrane protein
A0A0T8P9E4	GCCANGDB_02090	rRNA methylase
Q8DNE2	GCCANGDB_02091	Putative nucleoside phosphatase
C1CGQ6	GCCANGDB_02092	Inner membrane protein translocase component YidC1
A0A0B7L6D8	GCCANGDB_02093	Pyruvate formate-lyase activating enzyme
A0A0E7TTS1	GCCANGDB_02094	Diaminopimelate decarboxylase
C1CGQ9	GCCANGDB_02095	PurR: transcription regulator associated with purine metabolism
Q8DND8	GCCANGDB_02096	3'->5' exoribonuclease YhaM
A0AA87CA99	GCCANGDB_02097	DNA recombination protein RmuC
A0AA87C7S2	GCCANGDB_02098	Thiamin pyrophosphokinase
A0A9P1PBP4	GCCANGDB_02099	Ribulose-phosphate 3-epimerase
A0A916L551	GCCANGDB_02100	Ribosome small subunit-stimulated GTPase RsgA
Q97NN5	GCCANGDB_02101	SSU rRNA (adenine(1518)-N(6)/adenine(1519)-N(6))- dimethyltransferase
A0AA86XX43	GCCANGDB_02102	Hypothetical protein
Q8DND2	GCCANGDB_02103	ABC transporter%2C ATP-binding protein
A0AA86Y1H5	GCCANGDB_02104	Putative immunity protein
	GCCANGDB_02105	SpR08_sRNA
	GCCANGDB_02105	
A0AA86XMC5	GCCANGDB_02106	Transcriptional regulator
C1CA35	GCCANGDB_02107	Ribonuclease M5
A0A0U0L1T2	GCCANGDB_02108	Putative deoxyribonuclease TatD
A0AA86XN69	GCCANGDB_02109	hypothetical protein
Q04IH6	GCCANGDB_02110	LSU ribosomal protein L34p
A0AA86X011	GCCANGDB_02111	Alanine transaminase
A0AA86XC12	GCCANGDB_02112	Hypothetical protein
C1CGS7	GCCANGDB_02113	Universal stress protein family protein
A0AA87CFL9	GCCANGDB_02114	Hydrolase%2C HAD superfamily
C1CA43	GCCANGDB_02115	L-asparaginase
A0AAD2KG03	GCCANGDB_02116	Hypothetical protein
B1I8V3	GCCANGDB_02117	Catabolite control protein A
A0AA36VAG0	GCCANGDB_02118	Two-component system response regulator
A0AA36V9Z3	GCCANGDB_02119	Two-component system sensor histidine kinase
A0AA36VA04	GCCANGDB_02120	ABC transporter%2C permease protein
A0AA36V9Z5	GCCANGDB_02121	ABC transporter%2C ATP-binding protein
A0A0H2ZP90	GCCANGDB_02122	Hypothetical protein
A0A0B7MA59	GCCANGDB_02123	Hypothetical protein
	GCCANGDB_02124	tRNA-Pro(tgg)
	GCCANGDB_02124	
	GCCANGDB_02125	tRNA-Arg(acg)
	GCCANGDB_02125	
	GCCANGDB_02126	tRNA-Leu(taa)
	GCCANGDB_02126	
	GCCANGDB_02127	tRNA-Gly(gcc)
	GCCANGDB_02127	
	GCCANGDB_02128	tRNA-Thr(tgt)
	GCCANGDB_02128	
	GCCANGDB_02129	tRNA-Leu(tag)
	GCCANGDB_02129	
	GCCANGDB_02130	tRNA-Lys(ttt)
	GCCANGDB_02130	
	GCCANGDB_02131	tRNA-Asp(gtc)
	GCCANGDB_02131	
	GCCANGDB_02132	tRNA-Val(tac)
	GCCANGDB_02132	
	GCCANGDB_02133	5S ribosomal RNA
	GCCANGDB_02133	
	GCCANGDB_02134	23S ribosomal RNA
	GCCANGDB_02134	
	GCCANGDB_02135	tRNA-Ala(tgc)
	GCCANGDB_02135	
	GCCANGDB_02136	16S ribosomal RNA
	GCCANGDB_02136	
	GCCANGDB_02137	tRNA-Glu(ttc)
	GCCANGDB_02137	
A0AA44S6A3	GCCANGDB_02138	Competence-specific sigma factor ComX
C1CGT9	GCCANGDB_02139	Transcription antitermination protein NusG
Q8DNB7	GCCANGDB_02140	Protein translocase subunit SecE
Q75YE3	GCCANGDB_02141	Multimodular transpeptidase-transglycosylase%2C penicillin-binding protein 2A
A0A0U0HFH7	GCCANGDB_02142	RluD-like protein
C1CGU4	GCCANGDB_02143	NAD-dependent glyceraldehyde-3-phosphate dehydrogenase
A0A0T9IRD5	GCCANGDB_02144	ABC transporter%2C permease protein
A0A0T9IWF8	GCCANGDB_02145	IS630 family transposase IS630-Spn1
A0A0T8CF02	GCCANGDB_02146	IS630 family transposase IS630-Spn1
A0A0B7LKK7	GCCANGDB_02147	Quinolinate phosphoribosyltransferase
A0A0T7KVF0	GCCANGDB_02148	Malonate permease
A0AAE9R2A4	GCCANGDB_02149	Hypothetical protein
Q8DNB0	GCCANGDB_02150	Transcriptional regulator%2C GntR family
A0A4J2BTJ8	GCCANGDB_02151	6-phospho-beta-glucosidase
A0A0B7LXA4	GCCANGDB_02152	Cellobiose-specific PTS IIC component
C1CA68	GCCANGDB_02153	Cellobiose-specific PTS IIB component
B2IMJ8	GCCANGDB_02154	Cellobiose-specific PTS IIA component
A0A0T8QP70	GCCANGDB_02155	Bifunctional acetaldehyde dehydrogenase/alcohol dehydrogenase
Q8CY89	GCCANGDB_02156	Hypothetical protein
B2IMK1	GCCANGDB_02157	Low molecular weight protein tyrosine phosphatase
Q8DNA3	GCCANGDB_02158	Preprotein translocase subunit YajC
Q3HYU6	GCCANGDB_02159	Transketolase
Q8DNA1	GCCANGDB_02160	Putative L-ascorbate-6-phosphate lactonase UlaG
A0A4J1WRH1	GCCANGDB_02161	Transcriptional antiterminator
A0A4H9FP53	GCCANGDB_02162	L-ribulose-5-phosphate 4-epimerase
C1CGW4	GCCANGDB_02163	L-xylulose 5-phosphate 3-epimerase
C1CA80	GCCANGDB_02164	3-keto-L-gulonate 6-phosphate decarboxylase
Q8DN96	GCCANGDB_02165	Ascorbate-specific PTS IIA component
Q8DN95	GCCANGDB_02166	Ascorbate-specific PTS IIB component
C1CGW8	GCCANGDB_02167	Ascorbate-specific PTS IIC component
A0A064C053	GCCANGDB_02168	Sakacin A production response regulator
A0A4J1VT09	GCCANGDB_02169	KH domain RNA-binding protein
B2IML5	GCCANGDB_02170	Inner membrane protein translocase component YidC2
Q8DN92	GCCANGDB_02171	Ribonuclease P protein component
B2IML8	GCCANGDB_02172	Acetate kinase
Q8DN91	GCCANGDB_02173	Adenine-specific methyltransferase
Q8CY86	GCCANGDB_02174	hypothetical protein
Q8CY85	GCCANGDB_02175	hypothetical protein
A0A0B7L7V8	GCCANGDB_02176	Late competence protein ComGG
A0A0B7M7T3	GCCANGDB_02177	Late competence protein ComGF
A0A0B7KTY0	GCCANGDB_02178	Late competence protein ComGE
A0A0E7TQH5	GCCANGDB_02179	Late competence protein ComGD
A0AA87C5K5	GCCANGDB_02180	Late competence protein ComGC
A0A0T8HFJ4	GCCANGDB_02181	hypothetical protein
A0A098APR2	GCCANGDB_02182	Autolysin/N-acetylmuramoyl-L-alanine amidase LytA
A0A4J1VWF7	GCCANGDB_02183	hypothetical protein
A0AA86XVX1	GCCANGDB_02184	hypothetical protein
A0AA86Y7H3	GCCANGDB_02185	hypothetical protein
A0A4J1WHL3	GCCANGDB_02186	hypothetical protein
A0A7X2XK97	GCCANGDB_02187	hypothetical protein
A0A5C8R5N2	GCCANGDB_02188	hypothetical protein
A0A4J1UU35	GCCANGDB_02189	hypothetical protein
B1I7G4	GCCANGDB_02190	hypothetical protein
A0A0E8ZY10	GCCANGDB_02191	hypothetical protein
A0A0Z5KB71	GCCANGDB_02192	hypothetical protein
B1I7G1	GCCANGDB_02193	hypothetical protein
A0A0T7TPP2	GCCANGDB_02194	hypothetical protein
A0A0U0CHQ4	GCCANGDB_02195	hypothetical protein
A0A0U0LNY7	GCCANGDB_02196	hypothetical protein
B1I7F7	GCCANGDB_02197	hypothetical protein
A0A0U0JXX9	GCCANGDB_02198	hypothetical protein
B1I7F5	GCCANGDB_02199	hypothetical protein
B1I7F4	GCCANGDB_02200	hypothetical protein
A0A4L7WT79	GCCANGDB_02201	hypothetical protein
A0AA87C779	GCCANGDB_02202	hypothetical protein
B1I7F1	GCCANGDB_02203	hypothetical protein
A0A0E8T0I8	GCCANGDB_02204	hypothetical protein
A0A0B7LPW9	GCCANGDB_02205	hypothetical protein
A0A5C8R3A8	GCCANGDB_02206	hypothetical protein
B1I7E6	GCCANGDB_02207	hypothetical protein
B1I7E5	GCCANGDB_02208	hypothetical protein
A0A4J2FNA4	GCCANGDB_02209	hypothetical protein
A0A4P0A6G0	GCCANGDB_02210	hypothetical protein
A0A0E8Z1Q7	GCCANGDB_02211	hypothetical protein
A0A0U0PS57	GCCANGDB_02212	hypothetical protein
A0A4G5E588	GCCANGDB_02213	hypothetical protein
B1I7D7	GCCANGDB_02214	hypothetical protein
A0AA86Y055	GCCANGDB_02215	Single-stranded DNA-binding protein
A0A0B7LQU7	GCCANGDB_02216	hypothetical protein
A0A4F2S4D6	GCCANGDB_02217	hypothetical protein
B1I7D1	GCCANGDB_02218	hypothetical protein
A0A0U0BSP9	GCCANGDB_02219	hypothetical protein
A0AA87C6A1	GCCANGDB_02220	hypothetical protein
	GCCANGDB_02221	hypothetical protein
A0A7X2XLM2	GCCANGDB_02222	hypothetical protein
A0A4M9XAX2	GCCANGDB_02223	hypothetical protein
A0A0T8K5V9	GCCANGDB_02224	hypothetical protein
A0A0T8K5R7	GCCANGDB_02225	hypothetical protein
A0A4M3Y399	GCCANGDB_02226	hypothetical protein
A0A558ZLV1	GCCANGDB_02227	hypothetical protein
A0A0T8T6D1	GCCANGDB_02228	LexA repressor
A0A4M4J6S5	GCCANGDB_02229	hypothetical protein
A0A4H9FQK2	GCCANGDB_02230	hypothetical protein
A0A4J1SC29	GCCANGDB_02231	Late competence protein ComGB
A0A0Y1T7Z4	GCCANGDB_02232	Late competence protein ComGA
Q8DN85	GCCANGDB_02233	DNA-binding protein
Q8DN84	GCCANGDB_02234	Putative Zn-dependent alcohol dehydrogenase
B2IMN1	GCCANGDB_02235	N-acetylglucosamine-6-phosphate deacetylase
A0AA95D7H0	GCCANGDB_02236	Acyltransferase family protein
C1CTW4	GCCANGDB_02237	tRNA-guanine transglycosylase
C1CGY9	GCCANGDB_02238	Membrane protein
Q97NG9	GCCANGDB_02239	Pyrrolidone-carboxylate peptidase
A0A0U0H3G0	GCCANGDB_02240	Hypothetical protein
A0AA36PGR4	GCCANGDB_02241	hypothetical protein
A0A4L8JL35	GCCANGDB_02242	Surface immunogenic protein
A0AA87C863	GCCANGDB_02243	Hydrolase%2C haloacid dehalogenase-like family
A0A0T8CKE6	GCCANGDB_02244	Multi antimicrobial extrusion family transporter
A0A4J2GE32	GCCANGDB_02245	Threonine synthase
A0AA86YCC5	GCCANGDB_02246	Hypothetical protein
A0A098ANN8	GCCANGDB_02247	hypothetical protein
A0A098ANQ7	GCCANGDB_02248	hypothetical protein
A0AAD2IIW6	GCCANGDB_02249	hypothetical protein
A0A0E9GVR8	GCCANGDB_02250	hypothetical protein
A0A098ANN3	GCCANGDB_02251	hypothetical protein
A0A098AQ34	GCCANGDB_02252	Tyrosine recombinase XerC
A0A098AQC4	GCCANGDB_02253	hypothetical protein
A0A098APN9	GCCANGDB_02254	hypothetical protein
A0A098APN1	GCCANGDB_02255	Bis(5'-nucleosyl)-tetraphosphatase%2C symmetrical
	GCCANGDB_02256	tRNA-Leu(caa)
	GCCANGDB_02256	
	GCCANGDB_02257	tRNA-Gln(ttg)
	GCCANGDB_02257	
	GCCANGDB_02258	tRNA-His(gtg)
	GCCANGDB_02258	
	GCCANGDB_02259	tRNA-Trp(cca)
	GCCANGDB_02259	
	GCCANGDB_02260	tRNA-Tyr(gta)
	GCCANGDB_02260	
	GCCANGDB_02261	tRNA-Phe(gaa)
	GCCANGDB_02261	
	GCCANGDB_02262	tRNA-Met(cat)
	GCCANGDB_02262	
	GCCANGDB_02263	tRNA-Ser(tga)
	GCCANGDB_02263	
	GCCANGDB_02264	tRNA-Ile(gat)
	GCCANGDB_02264	
	GCCANGDB_02265	tRNA-Gly(tcc)
	GCCANGDB_02265	
	GCCANGDB_02266	tRNA-Val(tac)
	GCCANGDB_02266	
	GCCANGDB_02267	5S ribosomal RNA
	GCCANGDB_02267	
	GCCANGDB_02268	23S ribosomal RNA
	GCCANGDB_02268	
	GCCANGDB_02269	tRNA-Ala(tgc)
	GCCANGDB_02269	
	GCCANGDB_02270	16S ribosomal RNA
	GCCANGDB_02270	
	GCCANGDB_02271	tRNA-Glu(ttc)
	GCCANGDB_02271	
B2IMY8	GCCANGDB_02272	Cytidine/deoxycytidylate deaminase family protein
Q8CWN5	GCCANGDB_02273	Glutamyl-tRNA synthetase
A0A0B7KR19	GCCANGDB_02274	Glucose-6-phosphate isomerase
C1CH02	GCCANGDB_02275	Glutamine amidotransferase%2C class I
A0A0B7M9F3	GCCANGDB_02276	Multidrug resistance ABC transporter ATP-binding and permease protein
B2IMZ4	GCCANGDB_02277	hypothetical protein
A0A0H2USC5	GCCANGDB_02278	Multidrug resistance ABC transporter ATP-binding and permease protein
	GCCANGDB_02279	patAB
	GCCANGDB_02279	
A0AA44MRE2	GCCANGDB_02280	DNA mismatch repair protein HexA
	GCCANGDB_02281	SpR10_sRNA
	GCCANGDB_02281	
P0A2Y3	GCCANGDB_02282	Arginine pathway regulatory protein ArgR1
C1CN25	GCCANGDB_02283	Arginyl-tRNA synthetase
B2IP96	GCCANGDB_02284	IS1381 transposase OrfB
A0A0B7M7L7	GCCANGDB_02285	Putative cupin superfamily protein
Q9S1J6	GCCANGDB_02286	Two-component system response regulator PnpR
Q9S1J5	GCCANGDB_02287	Two-component system sensor histidine kinase PnpS
Q8DN64	GCCANGDB_02288	Phosphate ABC transporter periplasmic phosphate-binding protein PstS1
C1CH14	GCCANGDB_02289	Phosphate transport system permease protein PstC1
Q9X4T2	GCCANGDB_02290	Phosphate transport system permease protein PstA1
B2IN06	GCCANGDB_02291	Phosphate transport ATP-binding protein PstB1
P0A3Y8	GCCANGDB_02292	Phosphate transport system regulatory protein PhoU1
B2IN08	GCCANGDB_02293	IS1380 family transposase ISSpn5
A0A0B7LS42	GCCANGDB_02294	hypothetical protein
C1CTZ5	GCCANGDB_02295	Glycerol-3-phosphate dehydrogenase [NAD(P)+]
C1CH21	GCCANGDB_02296	UTP--glucose-1-phosphate uridylyltransferase
Q8DN57	GCCANGDB_02297	Rhomboid family serine protease
A0A064C3X9	GCCANGDB_02298	5-formyltetrahydrofolate cyclo-ligase
C1CTZ9	GCCANGDB_02299	N-acetyl-L%2CL-diaminopimelate deacetylase
A0AA86XGB2	GCCANGDB_02300	2%2C3%2C4%2C5-tetrahydropyridine-2%2C6-dicarboxylate N-acetyltransferase
Q8DN53	GCCANGDB_02301	Drug/metabolite transporter superfamily permease
Q75YH8	GCCANGDB_02302	Multimodular transpeptidase-transglycosylase%2C penicillin-binding protein 1B
C1CU03	GCCANGDB_02303	Tyrosyl-tRNA synthetase
A0AA87C4Q4	GCCANGDB_02304	Lead%2C cadmium%2C zinc and mercury transporting ATPase
Q8CY77	GCCANGDB_02305	Hypothetical protein
Q8DN50	GCCANGDB_02306	23S rRNA (guanine(745)-N(1))-methyltransferase
C1CH34	GCCANGDB_02307	Hypothetical protein
Q8DN49	GCCANGDB_02308	Maltodextrin phosphorylase
A0A098Z331	GCCANGDB_02309	4-alpha-glucanotransferase (amylomaltase)
B2IN25	GCCANGDB_02310	Maltose/maltodextrin ABC transporter%2C substrate binding periplasmic protein MalX
P0A4N2	GCCANGDB_02311	Maltose/maltodextrin ABC transporter%2C permease protein MalC
C1CH39	GCCANGDB_02312	Maltose/maltodextrin ABC transporter%2C permease protein MalD
A0AA86XLY3	GCCANGDB_02313	Maltodextrose utilization protein MalA
C1CH41	GCCANGDB_02314	Maltose operon transcriptional repressor MalR%2C LacI family
Q8DN48	GCCANGDB_02315	Integral membrane protein
A0AA87C446	GCCANGDB_02316	Aspartyl-tRNA synthetase
A0A0H2ZPA3	GCCANGDB_02317	Hypothetical protein
A0AA86XFS8	GCCANGDB_02318	Hypothetical protein
A0AA36V8H2	GCCANGDB_02319	Membrane-bound protease%2C CAAX family
Q8CY72	GCCANGDB_02320	Hypothetical protein
Q8CY71	GCCANGDB_02321	Hypothetical protein
C1CH50	GCCANGDB_02322	Transcriptional regulator%2C Cro/CI family
A0A6G2DME0	GCCANGDB_02323	Hypothetical protein
A0AA86X2S2	GCCANGDB_02324	Hypothetical protein
C1CU26	GCCANGDB_02325	Histidyl-tRNA synthetase
A0AA86XSH5	GCCANGDB_02326	Macrolide-efflux protein
A0AA86X9K1	GCCANGDB_02327	Positive transcriptional regulator%2C MutR family
C1CH57	GCCANGDB_02328	Putative aromatic ring hydroxylating enzyme
C1CNA5	GCCANGDB_02329	Dihydroxy-acid dehydratase
C1CAX2	GCCANGDB_02330	hypothetical protein
B1I9U4	GCCANGDB_02331	hypothetical protein
A0A064BX22	GCCANGDB_02332	Putative transport protein SgaT
A0A064C2V2	GCCANGDB_02333	Putative PTS IIB component
A0A0B7LR17	GCCANGDB_02334	Transcription antiterminator%2C BglG family
B1I9U8	GCCANGDB_02335	Membrane protease family protein
Q8CY67	GCCANGDB_02336	Hypothetical protein
A0A0E8Z1I8	GCCANGDB_02337	LSU ribosomal protein L32p
Q04I36	GCCANGDB_02338	LSU ribosomal protein L33p
A0A4L7JFQ0	GCCANGDB_02339	Choline-binding protein CbpN
C1CH70	GCCANGDB_02340	hypothetical protein
A0A0T8QXR3	GCCANGDB_02341	hypothetical protein
A0A0H2US16	GCCANGDB_02342	IS1381 transposase OrfB
Q8CY66	GCCANGDB_02343	hypothetical protein
A0AA86X4B8	GCCANGDB_02344	Glycosyl hydrolase-related protein
A0A0U0EQ64	GCCANGDB_02345	N-acetylmannosamine kinase
A0A4J1ST94	GCCANGDB_02346	Alpha-mannosidase
A0AA86JIQ6	GCCANGDB_02347	Hypothetical protein
A0A4V6M4J4	GCCANGDB_02348	Alpha-1%2C2-mannosidase
A0A0H2US78	GCCANGDB_02349	Glycosyl hydrolase family 29 alpha-L-fucosidase
C1CU66	GCCANGDB_02350	Arginine deiminase
A0A0B7LE02	GCCANGDB_02351	Ornithine carbamoyltransferase
C1CAZ5	GCCANGDB_02352	Carbamate kinase
Q8CLX6	GCCANGDB_02353	Arginine/ornithine antiporter ArcD
A0A4H9FDG2	GCCANGDB_02354	Putative Xaa-His dipeptidase
A0A4J2EA28	GCCANGDB_02355	IgA1 protease
A0A0B7MDS5	GCCANGDB_02356	hypothetical protein
Q8DN26	GCCANGDB_02357	Putative stomatin/prohibitin-family membrane protease subunit YbbK
A0A0E8T4B6	GCCANGDB_02358	Lactaldehyde dehydrogenase involved in fucose or rhamnose utilization
A0A4K7HJF7	GCCANGDB_02359	Bifunctional L-fucose isomerase/D-arabinose ketol-isomerase
C1CHF8	GCCANGDB_02360	Fucolectin-related protein
A0A0T8WEY9	GCCANGDB_02361	Putative large secreted protein
Q8DN22	GCCANGDB_02362	Mannose-specific PTS IID component
Q8DN21	GCCANGDB_02363	Mannose-specific PTS IIC component
C1CHG2	GCCANGDB_02364	PTS IIB component
B1I9X4	GCCANGDB_02365	PTS IIA component
A0A0H2US10	GCCANGDB_02366	L-fucose mutarotase
Q8DN17	GCCANGDB_02367	L-fuculose phosphate aldolase
A0A559EP65	GCCANGDB_02368	L-fuculokinase
C1CHG7	GCCANGDB_02369	L-fucose operon activator
	GCCANGDB_02370	SpF66_sRNA
	GCCANGDB_02370	
	GCCANGDB_02371	SpF66_sRNA
	GCCANGDB_02371	
A0A0E8SYK3	GCCANGDB_02372	Zinc ABC transporter%2C substrate-binding lipoprotein AdcA
O33704	GCCANGDB_02373	Zinc ABC transporter%2C permease protein AdcB
B2INJ0	GCCANGDB_02374	Zinc ABC transporter%2C ATP-binding protein AdcC
Q8DN14	GCCANGDB_02375	Transcriptional repressor AdcR for Zn(2+)-responsive expression
B1I9Y5	GCCANGDB_02376	Poly(glycerophosphate chain) D-alanine transfer protein DltD
Q04HZ9	GCCANGDB_02377	D-alanine--poly(phosphoribitol) ligase subunit 2
A0A0B7L8I4	GCCANGDB_02378	D-alanyl transfer protein DltB
A0AAE9QTY8	GCCANGDB_02379	D-alanine--poly(phosphoribitol) ligase subunit 1
B2INJ7	GCCANGDB_02380	Macrolide-efflux protein
	GCCANGDB_02381	Intron_gpII
	GCCANGDB_02381	
C1CBF7	GCCANGDB_02382	hypothetical protein
	GCCANGDB_02383	group-II-D1D4-1
	GCCANGDB_02383	
	GCCANGDB_02384	group-II-D1D4-3
	GCCANGDB_02384	
C1CBF8	GCCANGDB_02385	Hypothetical protein
C1CBF9	GCCANGDB_02386	hypothetical protein
A0A0H2ZPJ9	GCCANGDB_02387	Glycerol uptake facilitator protein
A0A4J2FD49	GCCANGDB_02388	Alpha-glycerophosphate oxidase
Q04HZ0	GCCANGDB_02389	Glycerol kinase
A0A6G2DV20	GCCANGDB_02390	Trans-acting positive regulator
A0A0T8BBP7	GCCANGDB_02391	Chaperonin%2C heat shock protein 33
A0AAD2I3M2	GCCANGDB_02392	tRNA dihydrouridine synthase B
A0A6I3UZ38	GCCANGDB_02393	hypothetical protein
	GCCANGDB_02394	Srn266
	GCCANGDB_02394	
A0A6G2D532	GCCANGDB_02395	IS1167 transposase
A0A1M4NIY9	GCCANGDB_02396	Choline-binding protein A
A0A0B7MBP2	GCCANGDB_02397	Rhomboid family integral membrane protein
A2T3V7	GCCANGDB_02398	Two-component system sensor histidine kinase
C1CHJ3	GCCANGDB_02399	Two-component system response regulator
A0A4N9BPB0	GCCANGDB_02400	ATP-dependent Clp protease ATP-binding subunit ClpC
C1CHJ5	GCCANGDB_02401	Transcriptional regulator CtsR
Q8DMZ8	GCCANGDB_02402	Thiamin ABC transporter ThiZ%2C ATPase component
Q8DMZ7	GCCANGDB_02403	Thiamin ABC transporter ThiY%2C substrate-binding component
B1IA11	GCCANGDB_02404	Thiamin ABC transporter ThiX%2C transmembrane component
Q8DMZ5	GCCANGDB_02405	Cytoplasmic thiamin-binding component of thiamin ABC transporter
	GCCANGDB_02406	TPP
	GCCANGDB_02406	
Q9KGZ2	GCCANGDB_02407	Choline-binding protein D
Q8DMZ3	GCCANGDB_02408	Hypothetical protein
Q8DMZ2	GCCANGDB_02409	Replicative DNA helicase DnaC
Q04HX2	GCCANGDB_02410	LSU ribosomal protein L9p
C1CHK4	GCCANGDB_02411	DHH family phosphoesterase Pde1
Q8DMZ0	GCCANGDB_02412	Ribosome hibernation promotion factor%2C long form
C1CBI4	GCCANGDB_02413	Phosphoribosyltransferase domain protein%2C ComF operon protein C
A0A4J2AYZ8	GCCANGDB_02414	DNA transporter ATPase%2C ComF operon protein A
C1CBI6	GCCANGDB_02415	Protein co-occurring with transport systems
C1CBI7	GCCANGDB_02416	Cysteine synthase
A0A264SBY9	GCCANGDB_02417	hypothetical protein
A0A6G2DW85	GCCANGDB_02418	IS66 family transposase Orf2
	GCCANGDB_02419	SpF51_sRNA
	GCCANGDB_02419	
Q04HW4	GCCANGDB_02420	Translation elongation factor Ts
C1CUD2	GCCANGDB_02421	SSU ribosomal protein S2p (SAe)
C1CHL5	GCCANGDB_02422	Secreted antigen GbpB/SagA/PcsB%2C putative peptidoglycan hydrolase
C1CHL6	GCCANGDB_02423	Cell shape-determining protein MreD
C1CHL7	GCCANGDB_02424	Cell shape-determining protein MreC
Q8DMY1	GCCANGDB_02425	Transmembrane component of general energizing module of ECF transporter
Q97N51	GCCANGDB_02426	ATPase component of general energizing module of ECF transporter
A0A0E8YZ10	GCCANGDB_02427	ATPase component of general energizing module of ECF transporter
A0A0E8SLQ6	GCCANGDB_02428	CDP-diacylglycerol--glycerol-3-phosphate 3-phosphatidyltransferase
C1CBK0	GCCANGDB_02429	Transcriptional regulator
A0A4L4EMN0	GCCANGDB_02430	Peptidase%2C M16 family
B1IAD7	GCCANGDB_02431	Zinc protease
Q8DMX4	GCCANGDB_02432	Hypothetical protein
Q97N44	GCCANGDB_02433	DNA recombination and repair protein RecF
Q8DMX2	GCCANGDB_02434	Inosine-5'-monophosphate dehydrogenase
A0A0E8T3I3	GCCANGDB_02435	Tryptophanyl-tRNA synthetase
Q8DMX1	GCCANGDB_02436	ABC transporter%2C ATP-binding protein
A0A4G1UPE8	GCCANGDB_02437	ABC transporter%2C permease protein
A0A0T8RNI9	GCCANGDB_02438	hypothetical protein
Q8DMW6	GCCANGDB_02439	Transcriptional regulator%2C AcrR family
	GCCANGDB_02440	tRNA-Asn(gtt)
	GCCANGDB_02440	
	GCCANGDB_02441	tRNA-Glu(ttc)
	GCCANGDB_02441	
Q8DMW5	GCCANGDB_02442	Two-component system response regulator ComE
Q8DMW4	GCCANGDB_02443	Two-component system sensor histidine kinase ComD
Q5QIA8	GCCANGDB_02444	Competence-stimulating peptide precursor ComC
	GCCANGDB_02445	tRNA-Arg(tct)
	GCCANGDB_02445	
Q04HU2	GCCANGDB_02446	23S rRNA (pseudouridine(1915)-N(3))-methyltransferase
Q8DMW2	GCCANGDB_02447	Serine protease%2C DegP/HtrA
A0AA86XYX7	GCCANGDB_02448	Chromosome partitioning protein ParB
Q8DRQ4	GCCANGDB_02449	Chromosomal replication initiator protein DnaA
A0A0B7L3E5	GCCANGDB_02450	DNA polymerase III beta subunit
A0AA86Y265	GCCANGDB_02451	Hypothetical protein
A0A0T8CVQ3	GCCANGDB_02452	hypothetical protein
A0A098APC6	GCCANGDB_02453	hypothetical protein
A0A098APK5	GCCANGDB_02454	hypothetical protein
A0A098APJ2	GCCANGDB_02455	hypothetical protein
A0A098AQB5	GCCANGDB_02456	hypothetical protein
A0A098APE4	GCCANGDB_02457	hypothetical protein
A0A098APE3	GCCANGDB_02458	hypothetical protein
A0A098APJ9	GCCANGDB_02459	hypothetical protein
A0A0T7KCW0	GCCANGDB_02460	hypothetical protein
A0A064BWT4	GCCANGDB_02461	hypothetical protein
A0A098AQB4	GCCANGDB_02462	hypothetical protein
A0A098AN35	GCCANGDB_02463	hypothetical protein
A0A098APD9	GCCANGDB_02464	hypothetical protein
A0A098APJ4	GCCANGDB_02465	hypothetical protein
A0A0U0LD16	GCCANGDB_02466	hypothetical protein
A0A098AQB3	GCCANGDB_02467	hypothetical protein
A0A0T7SUE4	GCCANGDB_02468	hypothetical protein
A0A098APD5	GCCANGDB_02469	hypothetical protein
A0A098APD4	GCCANGDB_02470	hypothetical protein
A0A098APJ0	GCCANGDB_02471	hypothetical protein
A0A098APH7	GCCANGDB_02472	hypothetical protein
A0A098AQB2	GCCANGDB_02473	hypothetical protein
A0A0T8T0N1	GCCANGDB_02474	hypothetical protein
A0A098APC9	GCCANGDB_02475	HTH-type transcriptional activator BcrR
A0A098API4	GCCANGDB_02476	LexA repressor
A0A098APH2	GCCANGDB_02477	hypothetical protein
A0A0T7TAY9	GCCANGDB_02478	hypothetical protein
A0A098APL0	GCCANGDB_02479	hypothetical protein
A0A654UCL8	GCCANGDB_02480	hypothetical protein
A0A4J1Z106	GCCANGDB_02481	ABC transporter%2C ATP-binding protein
C1CA51	GCCANGDB_02482	Hypothetical protein
	GCCANGDB_02483	tRNA-Pro(tgg)
	GCCANGDB_02483	
	GCCANGDB_02484	tRNA-Arg(acg)
	GCCANGDB_02484	
	GCCANGDB_02485	tRNA-Leu(taa)
	GCCANGDB_02485	
	GCCANGDB_02486	tRNA-Gly(gcc)
	GCCANGDB_02486	
	GCCANGDB_02487	tRNA-Lys(ttt)
	GCCANGDB_02487	
	GCCANGDB_02488	tRNA-Asp(gtc)
	GCCANGDB_02488	
	GCCANGDB_02489	tRNA-Val(tac)
	GCCANGDB_02489	
	GCCANGDB_02490	23S ribosomal RNA
	GCCANGDB_02490	
	GCCANGDB_02491	tRNA-Ala(tgc)
	GCCANGDB_02491	
	GCCANGDB_02492	16S ribosomal RNA
	GCCANGDB_02492	
	GCCANGDB_02493	tRNA-Glu(ttc)
	GCCANGDB_02493	
A0A4G1WR53	GCCANGDB_02494	Competence-specific sigma factor ComX
Q9S461	GCCANGDB_02495	Cell division protein FtsH
A0A916L592	GCCANGDB_02496	Cell division protein FtsH
A0A0T7ZEY5	GCCANGDB_02497	Cell division protein FtsH
C1CH93	GCCANGDB_02498	Cell division protein FtsH
C1C993	GCCANGDB_02499	Hypoxanthine-guanine phosphoribosyltransferase
A0A916L5H6	GCCANGDB_02500	hypothetical protein
B5E578	GCCANGDB_02501	tRNA(Ile)-lysidine synthetase TilS
A0A0T8Q8H1	GCCANGDB_02502	tRNA(Ile)-lysidine synthetase TilS
A0A916L5W2	GCCANGDB_02503	Hypothetical protein
A0A654UC38	GCCANGDB_02504	Hypothetical protein
A0A0E8ADH2	GCCANGDB_02505	Hypothetical protein
P64406	GCCANGDB_02506	Ribosome-associated heat shock protein
A0A4J1SWQ8	GCCANGDB_02507	Transcription-repair coupling factor
A0A4J1SWQ8	GCCANGDB_02508	Transcription-repair coupling factor
A0A559GZ89	GCCANGDB_02509	Transcription-repair coupling factor
A0A559GZ89	GCCANGDB_02510	Transcription-repair coupling factor
A0A559H6F7	GCCANGDB_02511	Transcription-repair coupling factor
A0A6G2DDF0	GCCANGDB_02512	Glutamyl-tRNA synthetase
B1I9D7	GCCANGDB_02513	Glutamyl-tRNA synthetase
A0A4J1UM49	GCCANGDB_02514	Cytidine/deoxycytidylate deaminase family protein
	GCCANGDB_02515	tRNA-Glu(ttc)
	GCCANGDB_02515	
	GCCANGDB_02516	16S ribosomal RNA
	GCCANGDB_02516	
	GCCANGDB_02517	tRNA-Ala(tgc)
	GCCANGDB_02517	
	GCCANGDB_02518	23S ribosomal RNA
	GCCANGDB_02518	
	GCCANGDB_02519	5S ribosomal RNA
	GCCANGDB_02519	
	GCCANGDB_02520	tRNA-Val(tac)
	GCCANGDB_02520	
A0AA87C713	GCCANGDB_02521	hypothetical protein
A0A0B7LFH8	GCCANGDB_02522	Adenylosuccinate synthetase
A0A654UB38	GCCANGDB_02523	Adenylosuccinate synthetase
